0,Control_1,Control_2,Control_3,Control_4,Control_5,Control_6,Control_7,Control_8,Control_9,Control_10,Control_11,Control_12,Control_13,Control_14,Control_15,Control_16,Control_17,Control_18,Control_19,Control_20,Control_51,C9-Patient_66,C9-Patient_67,C9-Patient_68,C9-Patient_69,C9-Patient_70,C9-Patient_71,C9-Patient_72,C9-Patient_73,C9-Patient_74,C9-Patient_75
chr3_15953047,0.72,0.53,0.47,0.57,0.55,0.8,0.84,0.8,0.76,0.75,0.7,0.8,0.77,0.69,0.84,0.66,0.71,0.75,0.64,0.84,0.76,0.25,0.3,0.32,0.23,0.29,0.38,0.34,0.25,0.42,0.25
chr17_62154452,0.81,0.64,0.57,0.72,0.6,0.64,0.82,0.68,0.51,0.76,0.73,0.63,0.75,0.54,0.81,0.5,0.78,0.68,0.56,0.7,0.68,0.26,0.32,0.37,0.34,0.26,0.35,0.37,0.23,0.3,0.23
chr1_160404688,0.82,0.82,0.92,1.0,0.83,0.7,0.78,0.78,0.73,0.68,0.8,0.89,0.88,0.82,0.88,0.84,0.64,0.73,1.0,0.84,0.95,0.47,0.48,0.33,0.35,0.39,0.37,0.45,0.67,0.5,0.4
chr10_68430551,0.88,0.84,0.83,0.83,0.88,0.76,0.9,0.75,0.85,0.77,0.83,0.92,0.96,0.67,0.91,0.87,0.92,0.76,0.76,0.83,0.85,0.52,0.53,0.56,0.45,0.53,0.48,0.59,0.43,0.54,0.44
chr15_61181219,0.84,0.8,0.79,0.75,0.57,0.76,0.82,0.93,0.66,0.83,0.79,0.83,0.8,0.9,0.85,0.92,0.75,0.66,0.81,0.92,0.7,0.4,0.53,0.39,0.44,0.46,0.54,0.55,0.46,0.52,0.46
chr5_113483137,0.8,0.8,0.8,0.88,0.86,0.9,0.95,0.95,0.86,0.83,0.89,0.82,0.96,0.81,0.74,0.95,0.85,0.76,0.83,0.86,0.76,0.56,0.62,0.46,0.55,0.55,0.6,0.45,0.67,0.48,0.39
chr2_27640458,0.63,0.76,0.71,0.73,0.54,0.65,0.75,0.71,0.64,0.85,0.65,0.64,0.81,0.78,0.75,0.77,0.66,0.87,0.75,0.8,0.65,0.49,0.29,0.33,0.46,0.36,0.35,0.4,0.51,0.47,0.37
chr1_218775985,0.68,0.7,0.75,0.66,0.69,0.62,0.86,0.75,0.51,0.76,0.6,0.68,0.76,0.83,0.66,0.62,0.64,0.63,0.63,0.73,0.57,0.41,0.43,0.37,0.32,0.47,0.34,0.46,0.34,0.35,0.19
chr8_47430497,0.89,0.82,0.84,0.83,0.66,0.86,0.75,0.88,0.76,0.89,0.74,0.91,0.9,0.81,0.91,0.87,0.86,0.96,0.85,0.9,0.75,0.54,0.47,0.56,0.51,0.48,0.63,0.54,0.57,0.65,0.39
chr10_98338642,0.78,0.86,0.86,0.89,0.88,0.8,0.84,0.81,0.88,0.79,0.88,0.88,0.94,0.89,0.86,0.91,0.92,0.87,0.77,0.91,0.87,0.63,0.52,0.63,0.47,0.56,0.51,0.61,0.59,0.56,0.48
chr12_9402444,0.61,0.7,0.85,0.82,0.74,0.88,0.86,0.78,0.86,0.86,0.9,0.84,0.83,0.85,0.78,0.75,0.6893333333333335,0.75,0.88,0.87,0.73,0.28,0.31,0.6,0.44,0.41,0.42,0.41,0.61,0.45,0.61
chr3_113216048,0.66,0.53,0.44,0.53,0.48,0.58,0.57,0.62,0.53,0.51,0.55,0.69,0.63,0.53,0.33,0.55,0.64,0.41,0.55,0.67,0.65,0.26,0.28,0.17,0.32,0.24,0.22,0.32,0.27,0.21,0.23
chr21_42105789,0.85,0.68,0.77,0.9,0.78,0.7,0.78,0.92,0.91,0.81,0.65,0.72,0.82,0.84,0.66,1.0,0.8,0.7036666666666668,0.72,0.95,0.8,0.55,0.59,0.5,0.59,0.55,0.5,0.23,0.57,0.45,0.52
chr11_7519844,0.76,0.78,0.61,0.67,0.6,0.68,0.81,0.73,0.86,0.84,0.61,0.88,0.74,0.78,0.63,0.83,0.68,0.69,0.73,0.73,0.65,0.42,0.37,0.47,0.5,0.42,0.49,0.45,0.42,0.43,0.34
chr4_73944956,0.8,0.64,0.76,0.8,0.64,0.61,0.73,0.69,0.78,0.62,0.68,0.85,0.83,0.76,0.53,0.65,0.64,0.66,0.8,0.88,0.72,0.38,0.4,0.47,0.45,0.44,0.45,0.41,0.34,0.44,0.43
chr6_16149146,0.88,0.9,0.93,0.89,0.95,0.81,0.94,0.79,0.95,0.87,0.78,0.88,0.95,0.95,0.91,0.94,0.77,0.88,0.92,0.92,0.8,0.64,0.68,0.53,0.58,0.58,0.54,0.6,0.64,0.66,0.46
chr17_76328763,0.74,0.76,0.64,0.57,0.47,0.62,0.55,0.82,0.5562068965517242,0.75,0.61,0.66,0.66,0.75,0.79,0.87,0.56,0.5562068965517242,0.76,0.56,0.68,0.51,0.3,0.31,0.33,0.28,0.31,0.34,0.35,0.31,0.27
chr8_47430495,0.9,0.89,0.95,0.77,0.75,0.79,0.81,0.9,0.79,0.87,0.82,0.95,0.91,0.75,0.86,0.92,0.93,0.96,0.88,0.9,0.78,0.58,0.62,0.55,0.56,0.6,0.56,0.59,0.65,0.59,0.39
chr11_58904472,0.81,0.87,0.75,0.84,0.7,0.9,1.0,0.8,0.84,1.0,0.95,0.9,1.0,0.95,0.88,0.89,1.0,0.84,0.9,0.91,0.72,0.61,0.59,0.58,0.51,0.69,0.66,0.59,0.56,0.65,0.43
chr3_158683326,0.85,0.89,0.76,0.91,0.83,0.82,0.83,0.81,0.88,0.84,0.84,1.0,0.96,0.86,0.94,0.9,0.9,0.75,0.79,0.9,0.84,0.7,0.7,0.53,0.45,0.61,0.54,0.33,0.62,0.6,0.67
chr11_59835826,0.84,0.8,0.73,0.89,0.77,0.88,0.81,0.94,0.63,0.77,0.78,0.9,0.8,0.79,0.54,0.6,0.673666666666667,0.73,0.94,0.72,0.83,0.42,0.35,0.36,0.55,0.55,0.48,0.51,0.48,0.42,0.4
chr2_63982724,0.75,0.82,0.8,0.88,0.77,0.75,0.91,0.85,0.84,0.78,0.79,0.82,0.81,0.85,0.8,0.86,0.89,0.74,0.83,0.81,0.78,0.53,0.59,0.47,0.51,0.55,0.6,0.63,0.48,0.54,0.42
chr6_163765049,0.8,0.73,0.69,0.68,0.84,0.68,0.85,0.74,0.87,0.86,0.85,0.68,0.91,0.84,0.92,0.87,0.85,0.8,0.72,0.79,0.76,0.54,0.56,0.47,0.66,0.53,0.55,0.51,0.5,0.51,0.31
chr1_117340287,0.75,0.88,0.66,0.58,0.63,0.73,0.69,0.68,0.52,0.66,0.81,0.82,0.82,0.53,0.46,0.9,0.5650000000000001,0.5,0.66,0.63,0.58,0.37,0.39,0.42,0.29,0.46,0.3,0.36,0.27,0.43,0.17
chr14_69809601,0.83,0.86,0.75,0.82,0.96,0.83,0.81,0.82,0.75,0.85,0.83,0.89,0.91,0.83,0.77,0.84,0.82,0.7,0.85,0.96,0.75,0.36,0.53,0.52,0.65,0.5,0.47,0.56,0.65,0.64,0.62
chr20_45547307,0.69,0.83,0.72,0.89,0.84,0.75,0.8,0.81,0.68,0.93,0.65,0.83,0.8,0.77,0.71,0.77,0.7,0.62,0.68,0.92,0.75,0.5,0.43,0.48,0.54,0.48,0.53,0.53,0.51,0.5,0.44
chr3_128080819,0.88,0.85,0.83,0.81,0.87,0.81,0.73,0.88,0.93,0.87,0.84,0.86,0.85,0.92,0.96,0.86,0.93,0.78,0.86,0.9,0.88,0.5,0.6,0.55,0.69,0.66,0.56,0.59,0.59,0.57,0.66
chr15_42458233,0.84,0.71,0.75,0.91,0.84,0.81,0.83,0.8,0.92,1.0,0.88,0.96,0.9,0.88,0.76,0.88,0.84,0.75,1.0,0.9,0.85,0.59,0.65,0.61,0.66,0.64,0.53,0.69,0.43,0.61,0.53
chr2_37744014,0.7,0.66,0.62,0.61,0.43,0.63,0.69,0.5,0.38,0.47,0.75,0.79,0.78,0.66,0.72,0.65,0.57,0.55,0.53,0.63,0.45,0.23,0.34,0.33,0.29,0.36,0.37,0.36,0.41,0.19,0.2
chr1_9582359,0.82,0.8,0.77,0.93,0.9,0.82,0.82,0.79,0.86,0.89,0.83,0.91,0.9,0.83,0.78,0.87,0.83,0.76,0.81,0.9,0.85,0.61,0.61,0.65,0.53,0.59,0.56,0.61,0.68,0.55,0.48
chr1_247286766,0.71,0.59,0.66,0.64,0.66,0.56,0.6,0.68,0.63,0.57,0.78,0.74,0.71,0.64,0.7,0.67,0.72,0.66,0.62,0.75,0.52,0.37,0.37,0.43,0.32,0.44,0.37,0.41,0.45,0.48,0.42
chr12_31953569,0.89,0.84,0.85,0.95,0.95,0.94,0.93,0.96,0.91,0.93,0.9,0.95,0.81,0.92,0.91,0.94,1.0,0.89,0.87,0.97,1.0,0.66,0.73,0.62,0.66,0.68,0.66,0.73,0.68,0.69,0.57
chr7_83160057,0.86,0.59,0.59,0.55,0.51,0.66,0.45,0.62,0.52,0.68,0.53,0.77,0.45,0.59,0.62,0.5,0.72,0.48,0.54,0.69,0.74,0.44,0.43,0.29,0.4,0.4,0.31,0.41,0.32,0.35,0.19
chr18_76923224,0.87,0.84,0.91,0.73,0.78,0.8,0.85,0.85,0.94,1.0,0.8,0.85,0.88,0.66,0.83,0.92,0.83,0.56,0.75,0.85,0.73,0.53,0.44,0.48,0.51,0.57,0.56,0.65,0.47,0.57,0.53
chr9_97900682,0.63,0.73,0.61,0.87,0.64,0.84,0.66,0.7,0.66,0.82,0.71,0.76,0.76,0.6,0.71,0.73,0.63,0.71,0.74,0.69,0.63,0.41,0.51,0.5,0.33,0.55,0.43,0.45,0.51,0.49,0.41
chr7_74386428,0.65,0.59,0.72,0.7,0.73,0.7,0.64,0.59,0.72,0.74,0.61,0.84,0.78,0.66,0.7,0.85,0.68,0.77,0.76,0.7,0.57,0.48,0.43,0.4,0.51,0.53,0.47,0.46,0.55,0.33,0.39
chr4_75047983,0.8,0.81,0.69,0.74,0.8,0.94,0.68,0.67,0.68,0.66,0.78,0.81,0.85,0.66,0.8,0.68,0.6299999999999998,0.61,0.53,0.76,0.55,0.45,0.44,0.54,0.4,0.45,0.53,0.46,0.36,0.34,0.43
chr7_156921914,0.8,0.78,0.77,0.77,0.9,0.85,0.73,0.91,0.86,0.78,0.82,0.73,0.87,0.78,0.89,0.73,0.84,0.77,0.9,0.95,0.89,0.63,0.55,0.63,0.51,0.59,0.53,0.61,0.6,0.56,0.6
chr2_136200576,0.9,0.79,0.83,0.79,0.92,0.76,0.81,0.75,0.81,0.8,0.91,0.77,0.88,0.75,0.88,0.75,1.0,0.8,0.82,0.86,0.86,0.55,0.62,0.53,0.62,0.48,0.65,0.63,0.7,0.61,0.48
chr2_33600208,0.77,0.78,0.6,0.74,0.84,0.6,0.6,0.42,0.66,0.71,0.66,0.85,0.61,0.3,0.73,0.7,0.62,0.73,0.5589999999999999,0.64,0.76,0.25,0.35,0.44,0.39,0.18,0.46,0.33,0.23,0.3,0.52
chr4_186556054,0.74,0.8,0.88,0.66,0.57,0.85,0.9,0.8,0.69,0.78,1.0,0.72,0.9,0.72,0.76,0.65,0.87,0.81,0.93,0.94,0.85,0.5,0.6,0.46,0.61,0.46,0.48,0.54,0.53,0.53,0.49
chr2_74174456,0.79,0.69,0.52,0.9,0.77,0.85,0.92,0.85,0.93,0.9,0.87,0.73,0.95,1.0,0.8,0.81,0.88,0.82,0.8,0.88,0.82,0.56,0.38,0.47,0.65,0.55,0.61,0.62,0.63,0.59,0.48
chr7_38746523,0.62,0.58,0.28,0.6,0.41,0.47,0.59,0.62,0.42,0.65,0.51,0.64,0.59,0.48,0.67,0.53,0.61,0.51,0.46,0.75,0.58,0.29,0.26,0.15,0.25,0.39,0.29,0.3,0.38,0.22,0.23
chr20_45547318,0.8,0.8,0.77,0.82,0.79,0.72,0.88,0.63,0.8,0.92,0.74,0.8,0.82,0.71,0.75,0.74,0.81,0.64,0.71,0.86,0.81,0.48,0.51,0.47,0.62,0.61,0.53,0.61,0.59,0.5,0.5
chr3_170912835,0.9,0.73,0.7,0.85,0.82,0.79,0.87,0.81,0.83,0.75,0.94,0.8,0.83,0.84,0.89,0.84,0.8,0.82,0.87,0.87,0.96,0.65,0.63,0.55,0.62,0.63,0.49,0.56,0.61,0.67,0.61
chr5_112879098,0.65,0.51,0.61,0.51,0.37,0.42,0.4,0.53,0.33,0.69,0.5,0.72,0.71,0.46,0.44,0.53,0.56,0.48,0.4,0.74,0.5,0.25,0.21,0.26,0.31,0.36,0.28,0.29,0.24,0.25,0.15
chr2_237122538,0.52,0.36,0.32,0.43,0.3,0.34,0.45,0.57,0.4,0.48,0.33,0.42,0.76,0.38,0.42,0.39,0.38,0.31,0.42,0.51,0.45,0.14,0.23,0.19,0.29,0.29,0.18,0.17,0.2,0.14,0.14
chr17_21573948,0.76,0.66,0.78,0.53,0.58,0.61,0.6,0.61,0.55,0.75,0.5,0.69,0.56,0.61,0.56,0.64,0.53,0.86,0.72,0.78,0.63,0.35,0.32,0.32,0.48,0.39,0.51,0.29,0.28,0.4,0.43
chr6_16149144,0.83,0.9,0.86,0.89,0.95,0.77,0.9,0.73,0.95,0.83,0.94,0.92,0.95,1.0,0.88,1.0,0.82,0.92,0.96,0.92,0.76,0.51,0.7,0.59,0.64,0.6,0.58,0.75,0.58,0.68,0.62
chr21_42105803,0.9,0.78,0.9,0.92,0.93,0.74,0.85,0.91,0.8,0.84,0.75,0.8,0.88,0.85,0.75,0.71,0.7389655172413794,0.7389655172413794,0.75,0.96,0.75,0.57,0.48,0.52,0.61,0.71,0.55,0.63,0.5,0.62,0.47
chr3_22544404,0.76,0.81,0.75,0.71,0.69,0.82,0.8,0.73,0.8,0.45,0.76,0.93,0.7,0.87,0.5,0.6396666666666666,0.78,0.73,0.62,0.84,0.73,0.34,0.45,0.44,0.5,0.55,0.43,0.46,0.5,0.33,0.41
chr1_68381828,0.9,0.82,0.74,0.89,0.69,0.73,0.74,0.74,0.8,0.78,0.84,0.88,0.86,0.75,0.86,0.87,0.92,0.85,0.7,0.88,0.9,0.51,0.65,0.51,0.59,0.62,0.63,0.65,0.67,0.65,0.45
chr1_221988686,0.59,0.59,0.77,0.0,0.0,0.57,0.65,0.0,0.0,0.58,0.0,0.54,0.3303571428571429,0.64,0.3303571428571429,0.73,0.3303571428571429,0.81,0.86,0.76,0.65,0.0,0.0,0.0,0.0,0.0,0.0,0.0,0.0,0.0,0.51
chr16_56047721,0.76,0.72,0.51,0.6,0.44,0.42,0.41,0.68,0.52,0.6,0.6,0.79,0.71,0.5,0.61,0.63,0.4,0.68,0.46,0.82,0.5,0.24,0.28,0.24,0.28,0.46,0.32,0.32,0.32,0.28,0.16
chr1_11983536,0.75,0.43,0.47,0.68,0.58,0.67,0.39,0.67,0.55,0.66,0.48,0.73,0.66,0.55,0.6,0.67,0.44,0.65,0.62,0.69,0.6,0.36,0.34,0.39,0.32,0.42,0.29,0.42,0.28,0.35,0.27
chr16_10085967,0.43,0.44,0.36,0.51,0.45,0.53,0.56,0.57,0.71,0.61,0.57,0.55,0.34,0.54,0.57,0.53,0.5,0.55,0.39,0.54,0.57,0.3,0.32,0.22,0.26,0.34,0.26,0.24,0.25,0.22,0.22
chr8_569051,0.7,0.68,0.6,0.7,0.7,0.72,0.8,0.72,0.69,0.6,0.64,0.8,0.7,0.7,0.8,0.77,0.75,0.54,0.65,0.77,0.71,0.5,0.53,0.52,0.45,0.5,0.47,0.46,0.49,0.53,0.42
chr10_64365667,0.73,0.83,0.66,0.83,0.82,0.53,0.75,0.64,0.81,0.9,0.76,0.85,0.83,0.69,0.74,0.8,0.78,0.73,0.83,0.66,0.71,0.6,0.47,0.56,0.56,0.54,0.41,0.56,0.5,0.5,0.4
chr2_234406285,0.9,0.84,0.62,0.8,0.76,0.8,0.84,0.86,0.86,0.85,0.76,0.88,0.84,0.91,0.76,0.86,0.81,0.88,0.88,0.87,0.85,0.54,0.58,0.54,0.57,0.7,0.6,0.65,0.51,0.61,0.54
chr22_17733384,0.83,0.8,0.78,0.86,0.86,0.84,0.93,0.9,0.83,0.83,0.92,0.8,0.75,0.84,0.79,0.9,0.94,0.66,0.87,0.92,0.91,0.57,0.57,0.63,0.67,0.64,0.56,0.67,0.65,0.54,0.5
chr10_133095100,0.88,0.84,0.76,0.85,0.83,0.83,0.91,0.77,0.8,0.9,0.77,0.91,0.74,0.82,0.84,0.83,0.85,0.84,1.0,0.94,0.87,0.72,0.67,0.63,0.65,0.65,0.66,0.64,0.65,0.59,0.51
chr3_101673342,0.74,0.87,0.75,0.75,0.73,0.92,0.89,0.72,0.94,0.8,0.9,0.82,0.89,0.86,0.89,0.95,0.86,0.93,0.92,0.91,0.78,0.56,0.54,0.63,0.61,0.61,0.5,0.72,0.62,0.68,0.6
chr3_113216022,0.86,0.82,0.7,0.8,0.77,0.77,0.72,0.84,0.85,0.66,0.79,0.78,0.84,0.81,0.67,0.9,0.85,0.76,0.82,0.87,0.77,0.54,0.59,0.52,0.66,0.61,0.52,0.53,0.59,0.46,0.5
chr16_911924,0.75,0.61,0.94,0.81,0.58,0.63,0.87,0.8,0.93,0.61,0.81,0.77,0.7,0.8,0.4,0.75,0.619655172413793,0.7,0.619655172413793,0.43,0.68,0.44,0.56,0.4,0.23,0.54,0.25,0.56,0.43,0.54,0.45
chr20_23656844,0.78,0.77,0.82,0.91,0.77,0.78,0.83,0.72,0.73,0.73,0.72,0.84,0.88,0.81,0.7,0.81,0.78,0.75,0.8,0.88,0.79,0.54,0.64,0.59,0.58,0.66,0.54,0.55,0.61,0.53,0.62
chr1_113887966,0.69,0.62,0.73,0.65,0.61,0.72,0.67,0.65,0.63,0.66,0.75,0.76,0.66,0.48,0.82,0.5,0.73,0.88,0.9,0.8,0.44,0.47,0.44,0.38,0.34,0.42,0.39,0.41,0.49,0.35,0.48
chr17_81478419,0.78,0.82,0.76,0.79,0.84,0.87,0.73,0.78,0.9,0.92,0.82,0.82,0.89,0.87,0.93,0.85,0.79,0.77,0.74,0.89,0.73,0.6,0.69,0.53,0.6,0.69,0.69,0.62,0.63,0.62,0.56
chr3_128080853,0.8,0.92,0.81,0.87,0.8,0.88,0.75,0.85,0.87,0.85,0.9,0.8,0.82,0.87,0.82,0.83,1.0,0.93,0.95,0.83,0.86,0.61,0.58,0.69,0.66,0.7,0.65,0.66,0.68,0.69,0.66
chr3_49089931,0.82,0.83,0.7,0.78,0.84,0.54,0.89,0.7,0.75,0.91,0.72,0.9,0.75,0.64,0.83,0.92,0.68,0.5,0.86,0.86,0.75,0.61,0.58,0.47,0.51,0.5,0.51,0.48,0.55,0.44,0.4
chr13_32416398,0.88,0.83,0.71,0.91,0.87,0.96,0.88,0.76,0.89,0.77,0.91,0.92,0.78,0.82,0.91,0.8,0.84,0.64,0.85,0.88,0.85,0.58,0.53,0.7,0.63,0.55,0.5,0.63,0.67,0.69,0.61
chr2_54662023,0.75,0.81,0.79,0.79,0.7,0.74,0.64,0.7,0.75,0.75,0.82,0.86,0.84,0.75,0.81,0.92,0.68,0.66,0.71,0.63,0.74,0.47,0.49,0.39,0.56,0.65,0.52,0.49,0.42,0.45,0.47
chr7_121575555,0.66,0.75,0.83,0.68,0.75,0.7,0.7,0.75,0.79,0.83,0.71,0.79,0.71,0.74,0.73,0.92,0.66,0.94,0.68,0.82,0.74,0.44,0.55,0.59,0.56,0.58,0.62,0.59,0.56,0.65,0.45
chr3_15873471,0.83,0.82,0.9,0.89,0.94,0.9,0.9,0.88,0.86,0.88,0.88,0.96,0.9,0.82,1.0,0.88,0.88,0.87,0.84,0.88,0.88,0.7,0.67,0.67,0.64,0.73,0.72,0.8,0.64,0.7,0.62
chr17_81855631,0.65,0.58,0.64,0.8,0.65,0.71,0.75,0.66,0.68,0.53,0.82,0.78,0.73,0.74,0.78,0.83,0.8,0.56,0.82,0.78,0.58,0.24,0.35,0.17,0.18,0.32,0.33,0.33,0.76,0.64,0.18
chr5_127966591,0.8462962962962962,0.84,0.87,0.92,0.9,1.0,0.9,0.9,0.91,1.0,0.91,0.95,0.89,0.94,0.87,0.9,0.8462962962962962,0.8462962962962962,0.92,1.0,0.8462962962962962,0.7,0.76,0.74,0.7,0.73,0.72,0.73,0.77,0.74,0.64
chr2_40209350,0.75,0.81,0.71,0.81,0.8,0.83,0.81,0.76,0.71,0.82,0.91,0.88,0.83,0.69,0.76,0.86,0.73,0.66,0.91,0.85,0.9,0.58,0.59,0.49,0.52,0.6,0.46,0.63,0.7,0.38,0.48
chr3_47007769,0.84,0.84,0.91,0.84,0.83,0.7,0.77,0.74,0.85,0.88,0.75,0.95,0.95,0.76,0.78,0.8,0.9,0.72,0.7,0.88,0.76,0.51,0.48,0.44,0.46,0.58,0.49,0.6,0.78,0.69,0.52
chr10_116524432,0.65,0.72,0.65,0.63,0.55,0.71,0.58,0.59,0.53,0.69,0.67,0.67,0.58,0.51,0.73,0.8,0.57,0.33,0.62,0.68,0.51,0.33,0.44,0.34,0.41,0.33,0.43,0.45,0.43,0.4,0.38
chr8_129353902,0.8,0.76,0.83,0.95,0.92,0.9,0.78,0.86,0.82,0.95,0.9,0.94,0.91,0.82,0.89,0.88,1.0,0.92,0.83,0.95,0.93,0.75,0.75,0.69,0.71,0.66,0.67,0.7,0.65,0.75,0.58
chr11_7519874,0.88,0.8,0.72,0.8,0.96,0.82,0.81,0.96,0.9,0.95,0.86,0.9,0.91,0.84,0.95,0.88,0.8,0.77,0.87,0.92,0.85,0.51,0.6,0.64,0.66,0.6,0.72,0.71,0.74,0.71,0.52
chr7_6051121,0.82,0.73,0.62,0.78,0.57,0.68,0.69,0.57,0.56,0.57,0.8,0.68,0.94,0.72,0.62,0.62,0.68,0.5,0.5,0.61,0.58,0.28,0.43,0.28,0.54,0.45,0.39,0.54,0.5,0.34,0.31
chr7_25327055,0.78,0.8,0.87,0.85,0.84,0.89,0.89,0.86,0.88,0.92,0.73,0.91,0.84,0.88,0.76,0.78,0.75,0.85,0.76,0.91,0.9,0.64,0.64,0.68,0.59,0.66,0.67,0.7,0.7,0.63,0.6
chr6_131013915,0.78,0.66,0.43,0.56,0.46,0.65,0.75,0.61,0.67,0.76,0.66,0.66,0.7,0.62,0.7,0.65,0.57,0.7,0.77,0.72,0.74,0.37,0.42,0.36,0.49,0.37,0.36,0.54,0.33,0.38,0.45
chr11_112167467,0.62,0.5,0.44,0.76,0.56,0.64,0.47,0.54,0.53,0.85,0.73,0.77,0.63,0.41,0.75,0.52,0.5,0.68,0.66,0.71,0.47,0.37,0.29,0.41,0.38,0.39,0.33,0.37,0.45,0.32,0.27
chr6_163231492,0.79,0.61,0.43,0.6,0.53,0.6,0.62,0.66,0.5,0.56,0.65,0.64,0.76,0.57,0.78,0.68,0.5,0.75,0.51,0.75,0.61,0.34,0.45,0.43,0.38,0.45,0.35,0.42,0.48,0.43,0.33
chr3_139576265,0.81,0.86,0.5,0.76,0.81,0.88,0.82,0.75,0.85,0.75,0.75,0.87,0.88,0.86,0.88,0.72,0.6,0.7103333333333334,0.7,0.89,0.92,0.38,0.53,0.5,0.6,0.55,0.52,0.67,0.6,0.52,0.58
chr9_84517276,0.84,0.88,0.82,0.73,0.82,0.85,0.81,0.79,0.78,0.77,0.83,0.9,0.89,0.87,0.83,0.88,0.75,0.72,0.89,0.9,0.82,0.63,0.7,0.69,0.6,0.65,0.68,0.65,0.64,0.58,0.6
chr16_68697691,1.0,0.89,0.84,0.92,0.88,0.88,0.9,0.91,0.96,0.91,0.88,0.97,0.97,0.89,0.91,0.96,0.86,0.94,0.95,0.92,0.78,0.64,0.73,0.73,0.71,0.65,0.64,0.78,0.82,0.7,0.56
chr14_96307598,0.76,0.84,0.8,0.86,0.86,0.84,0.88,0.8,0.9,0.82,0.8,0.78,0.87,0.74,0.83,0.85,0.94,0.81,0.85,0.9,0.82,0.66,0.67,0.71,0.59,0.72,0.68,0.63,0.62,0.68,0.56
chr7_2240469,0.91,0.23,0.84,0.0,0.5,0.5,0.37,1.0,0.33,0.0,0.21,0.83,1.0,0.45,0.54,0.5,0.6658620689655173,0.6658620689655173,0.69,0.63,0.78,0.94,0.89,0.85,0.88,0.97,0.86,0.88,0.95,0.88,0.9
chr5_15118270,0.8,0.82,0.66,0.77,0.75,0.81,0.84,0.8,0.82,0.65,0.82,0.83,0.87,0.85,0.81,0.88,0.78,0.82,0.85,0.83,0.86,0.49,0.53,0.48,0.59,0.53,0.56,0.64,0.66,0.6,0.57
chr11_109320643,0.79,0.82,0.76,0.65,0.79,0.7,0.78,0.6,0.75,0.79,0.75,0.78,0.86,0.8,0.75,0.7,0.7,0.68,0.83,0.77,0.64,0.44,0.62,0.59,0.38,0.61,0.63,0.54,0.56,0.46,0.54
chr16_911956,0.75,0.52,0.85,0.64,0.77,0.74,0.86,0.75,0.73,0.66,0.72,0.75,0.85,0.7,0.83,0.76,0.647,0.66,0.66,0.78,0.55,0.5,0.47,0.37,0.4,0.55,0.56,0.62,0.48,0.41,0.52
chr22_30341012,0.85,0.75,0.76,0.88,0.78,0.89,0.85,0.92,0.85,0.41,0.49,0.44,0.79,0.84,0.78,0.89,0.0,0.76,0.81,0.64,0.85,0.28,0.0,0.39,0.33,0.4,0.4,0.0,0.81,0.32,0.52
chr9_115084435,0.72,0.52,0.55,0.7,0.52,0.66,0.48,0.66,0.55,0.68,0.65,0.82,0.88,0.66,0.73,0.62,0.55,0.61,0.61,0.65,0.6,0.39,0.44,0.48,0.5,0.43,0.42,0.49,0.5,0.31,0.36
chr12_100503116,0.82,0.86,0.9,0.9,0.86,0.85,0.91,0.91,0.89,0.9,0.91,0.93,0.96,0.85,0.82,0.93,0.89,0.74,0.92,0.87,0.74,0.46,0.68,0.6,0.68,0.69,0.63,0.78,0.6,0.64,0.63
chr1_1392653,0.9,0.94,0.86,0.89,0.9,0.87,0.91,0.89,0.87,0.86,0.93,0.94,0.98,0.94,0.91,0.94,0.85,0.84,0.9,0.94,0.88,0.64,0.81,0.8,0.77,0.75,0.75,0.77,0.7,0.63,0.63
chr2_188395337,0.83,0.81,0.84,0.73,0.86,0.8,0.88,0.73,0.74,0.84,0.84,0.91,0.81,0.86,0.93,0.97,0.78,0.82,0.81,0.73,0.85,0.7,0.63,0.64,0.54,0.65,0.69,0.72,0.67,0.67,0.6
chr21_37062742,0.76,0.52,0.53,0.67,0.44,0.62,0.44,0.48,0.3,0.53,0.44,0.77,0.76,0.56,0.65,0.64,0.59,0.52,0.63,0.79,0.39,0.31,0.33,0.34,0.28,0.39,0.32,0.43,0.28,0.34,0.38
chr1_9607262,0.7,0.61,0.5,0.58,0.56,0.58,0.47,0.62,0.59,0.72,0.39,0.64,0.74,0.6,0.63,0.65,0.6,0.58,0.65,0.84,0.59,0.28,0.39,0.46,0.4,0.47,0.38,0.44,0.35,0.41,0.21
chr2_27640487,0.9,0.84,0.7,0.76,0.76,0.84,0.88,0.84,0.75,0.9,0.72,0.86,0.77,0.82,0.74,0.81,0.66,0.82,0.81,0.86,0.71,0.61,0.54,0.55,0.67,0.56,0.56,0.68,0.6,0.54,0.63
chr7_6020989,0.87,0.77,0.7,0.78,0.91,0.8,0.95,0.9,0.79,0.85,0.76,0.77,0.84,0.9,0.87,0.8,0.85,0.8,0.72,0.78,0.9,0.63,0.77,0.4,0.66,0.64,0.58,0.61,0.66,0.42,0.52
chr9_81539287,0.83,0.8,0.73,0.84,0.81,0.86,0.85,0.74,0.56,0.8,0.77,0.78,0.88,0.78,0.82,0.8,0.83,0.86,0.8,0.91,0.82,0.52,0.7,0.57,0.6,0.6,0.62,0.66,0.56,0.65,0.56
chr10_67839149,0.78,0.79,0.88,0.67,0.9,0.85,0.86,0.88,0.82,0.93,0.85,0.87,0.95,0.9,0.77,0.88,1.0,0.7906666666666667,0.83,0.92,0.8,0.62,0.67,0.61,0.71,0.7,0.68,0.69,0.68,0.65,0.58
chr22_30349232,0.76,0.84,0.78,0.8,0.9,0.89,0.93,0.91,0.75,0.61,0.37,0.44,1.0,0.83,0.78,0.94,0.0,0.72,0.76,0.5,0.75,0.46,0.0,0.4,0.34,0.44,0.36,0.0,0.81,0.46,0.47
chr3_184686041,0.68,0.53,0.52,0.85,0.81,0.76,0.87,0.53,0.0,0.56,0.88,0.85,0.9,1.0,0.0,0.0,0.92,0.64,0.86,0.88,0.535,0.47,0.25,0.3,0.36,0.42,0.0,0.87,0.02,0.32,0.0
chr14_69916300,0.76,0.2,0.84,0.83,0.75,0.72,0.71,0.72,0.66,0.68,0.75,0.84,0.82,0.76,0.87,0.83,0.41,0.4,0.83,0.46,0.62,0.23,0.22,0.5,0.45,0.0,0.62,0.27,0.26,0.55,0.48
chr6_88276542,0.8,0.63,0.6,0.7,0.61,0.6,0.52,0.62,0.5,0.62,0.67,0.82,0.7,0.63,0.63,0.81,0.69,0.7,0.66,0.8,0.77,0.4,0.42,0.45,0.59,0.52,0.42,0.41,0.56,0.37,0.33
chr14_68937909,0.63,0.47,0.77,0.54,0.6,0.66,0.8,0.61,0.44,0.52,0.6,0.8,0.4806896551724138,0.4806896551724138,0.82,0.68,0.54,0.43,0.68,0.55,0.63,0.0,0.53,0.0,0.0,0.0,0.74,0.0,0.04,0.53,0.33
chr1_202728401,0.85,0.9,1.0,0.85,0.66,0.83,0.92,0.96,0.91,0.9,0.82,0.95,0.96,1.0,0.88,0.95,0.84,0.85,0.89,0.96,0.88,0.65,0.75,0.71,0.8,0.72,0.72,0.8,0.59,0.67,0.59
chr13_51979221,0.69,1.0,0.6055555555555556,0.8,0.71,0.93,0.6055555555555556,0.91,0.87,0.6055555555555556,0.75,0.75,0.92,0.63,0.73,0.6055555555555556,0.42,0.85,0.85,0.9,0.64,0.57,0.88,0.0,0.0,0.0,0.67,0.0,0.0,0.88,0.0
chr18_46069220,0.68,0.65,0.76,0.86,0.96,0.64,0.9,0.0,0.5889655172413791,0.94,1.0,0.0,0.93,0.78,0.73,0.96,0.78,0.7,0.5889655172413791,0.76,0.86,0.62,0.69,0.0,0.0,0.63,0.0,0.0,0.73,0.52,0.0
chr12_1871634,0.69,0.77,0.78,0.78,0.93,0.89,0.82,0.84,0.92,0.86,0.86,0.81,1.0,0.8,0.84,0.9,0.92,0.68,0.9,0.84,0.83,0.68,0.65,0.76,0.5,0.46,0.62,0.64,0.69,0.7,0.52
chr3_126961475,0.93,0.88,0.84,0.68,0.92,0.58,0.87,0.75,0.83,0.717037037037037,0.717037037037037,0.9,0.84,0.81,0.81,0.91,0.717037037037037,0.717037037037037,0.92,0.94,0.56,0.51,0.35,0.44,0.46,0.5,0.52,0.68,0.72,0.79,0.42
chr12_26964849,0.94,0.86,0.95,0.86,1.0,0.89,0.81,1.0,0.92,1.0,0.92,0.91,1.0,0.94,0.84,0.94,0.81,0.6,0.86,1.0,0.83,0.68,0.72,0.68,0.68,0.76,0.77,0.67,0.73,0.72,0.68
chr6_166455550,0.8,0.87,0.77,0.84,0.76,0.95,0.93,0.91,0.88,0.88,0.77,0.9,0.87,0.8,0.89,0.77,0.7,0.92,0.89,0.87,0.94,0.65,0.74,0.73,0.65,0.66,0.67,0.69,0.6,0.64,0.61
chr11_12673522,0.61,0.43275862068965526,0.46,0.47,0.43,0.54,0.83,0.52,0.43275862068965526,0.45,0.37,0.57,0.7,0.61,0.7,0.63,0.38,0.46,0.36,0.64,0.16,0.25,0.27,0.27,0.29,0.41,0.29,0.21,0.33,0.21,0.13
chr16_2361050,0.76,0.5,0.5,0.66,0.71,0.76,0.6,0.71,0.69,0.66,0.68,0.84,0.57,0.84,0.59,0.59,0.58,0.7,0.6,0.81,0.54,0.48,0.45,0.48,0.5,0.49,0.38,0.36,0.48,0.45,0.39
chr20_58710602,0.93,0.88,0.81,0.88,0.91,0.82,0.89,0.89,0.87,1.0,0.84,0.81,0.88,0.9,0.88,0.83,0.94,0.86,0.87,0.9,0.88,0.66,0.7,0.76,0.73,0.68,0.67,0.76,0.74,0.73,0.75
chr1_244617375,0.66,0.85,0.88,0.84,0.85,0.89,0.78,0.92,0.7,0.73,0.73,0.9,0.9,0.77,1.0,0.85,0.75,0.87,0.85,0.94,0.76,0.71,0.53,0.59,0.56,0.61,0.65,0.6,0.64,0.63,0.63
chr6_116110248,0.95,0.81,0.79,0.93,0.9,0.8,0.97,0.84,0.96,0.9,0.88,0.93,0.94,0.87,0.82,0.9,0.92,0.92,0.79,0.89,0.85,0.72,0.7,0.66,0.71,0.73,0.75,0.75,0.74,0.73,0.74
chr11_5470337,0.0,0.0,0.38,0.0,0.0,0.03,0.57,0.0,0.0,0.0,0.0,0.47,0.0,0.0,0.0,0.51,0.0,0.68,0.52,0.36,0.0,0.46,0.45,0.54,0.45,0.41,0.84,0.88,0.48,0.43,0.38
chr16_47584641,0.7758620689655171,0.84,0.9,0.86,0.85,0.92,0.85,0.8,0.85,1.0,0.76,0.9,0.87,0.88,0.87,0.66,0.7758620689655171,0.8,0.9,1.0,0.63,0.56,0.61,0.73,0.58,0.68,0.68,0.69,0.59,0.63,0.61
chr6_73525816,1.0,0.87,0.8703703703703702,0.92,0.8703703703703702,0.92,0.8703703703703702,0.87,0.8703703703703702,0.91,0.91,0.93,0.95,1.0,1.0,0.92,0.9,0.86,1.0,0.94,0.9,0.81,0.78,0.73,0.7,0.83,0.73,0.84,0.7,0.79,0.79
chr10_99791886,0.57,0.55,0.46,0.6,0.57,0.5,0.57,0.48,0.6,0.73,0.59,0.83,0.79,0.31,0.81,0.68,0.69,0.47,0.72,0.4,0.5,0.37,0.26,0.44,0.36,0.45,0.43,0.42,0.31,0.33,0.43
chr12_103273928,0.74,0.79,0.75,0.8,0.85,0.71,0.77,0.77,0.81,0.88,0.92,0.82,0.81,0.82,0.85,0.84,0.72,0.75,0.76,0.89,0.78,0.66,0.68,0.58,0.61,0.68,0.65,0.66,0.69,0.66,0.56
chr15_69072880,0.73,0.61,0.61,0.9,0.45,0.7,0.72,0.6,0.47,0.64,0.54,0.85,0.75,0.67,0.76,0.85,0.86,0.6083333333333331,0.63,0.82,0.6,0.55,0.43,0.44,0.44,0.5,0.45,0.58,0.4,0.32,0.38
chr12_49133114,0.9,0.88,0.78,0.82,0.94,0.94,0.9,0.81,1.0,0.82,0.71,0.79,0.81,0.9,0.85,0.84,0.92,0.84,0.73,0.95,0.71,0.51,0.66,0.76,0.7,0.61,0.7,0.62,0.65,0.53,0.61
chr13_111683902,0.78,0.89,0.53,0.92,0.96,0.88,0.91,0.88,0.95,0.87,0.78,0.92,0.9,0.83,0.76,0.95,0.87,0.85,0.79,0.96,0.86,0.7,0.71,0.72,0.67,0.65,0.74,0.65,0.71,0.64,0.56
chr7_2715176,0.75,0.36,0.52,0.53,0.34,0.56,0.6,0.48,0.48,0.58,0.55,0.73,0.65,0.44,0.52,0.51,0.66,0.54,0.59,0.69,0.37,0.36,0.3,0.26,0.34,0.42,0.25,0.28,0.34,0.29,0.25
chr8_22439837,0.6,0.83,0.8,0.66,0.7,0.84,0.92,0.84,0.84,0.5,0.58,0.81,0.93,0.6,0.84,0.71,0.63,1.0,0.71,0.71,1.0,0.6,0.49,0.5,0.53,0.47,0.58,0.47,0.35,0.52,0.45
chr3_37620210,0.71,0.38,0.52,0.54,0.28,0.53,0.62,0.6,0.44,0.43,0.45,0.73,0.69,0.43,0.62,0.43,0.46,0.48,0.58,0.74,0.4,0.28,0.28,0.35,0.33,0.37,0.41,0.25,0.25,0.18,0.21
chr7_136116466,0.0,0.85,0.86,0.62,0.83,0.83,0.9,0.9,0.93,0.7,0.8,0.0,0.45,0.93,0.5803333333333333,0.84,0.0,0.66,0.83,0.78,0.94,0.51,0.02,0.49,0.46,0.0,0.51,0.58,0.0,0.54,0.65
chr11_134639827,0.75,0.75,0.58,0.58,0.57,0.51,0.71,0.4,0.68,0.72,0.52,0.76,0.75,0.71,0.66,0.52,0.73,0.61,0.72,0.69,0.64,0.29,0.31,0.39,0.36,0.5,0.35,0.66,0.47,0.29,0.41
chr6_167159382,0.9,0.82,0.86,0.86,0.82,0.87,1.0,0.88,0.86,0.84,0.77,1.0,0.87,0.88,0.86,0.92,0.61,0.84,0.92,1.0,0.7,0.62,0.69,0.71,0.66,0.68,0.69,0.64,0.61,0.62,0.64
chr4_25748064,0.87,0.74,0.79,0.88,0.84,0.89,0.84,0.81,0.84,0.86,0.89,0.88,0.87,0.79,0.83,0.78,0.8,0.62,0.87,0.73,0.67,0.63,0.65,0.62,0.64,0.57,0.59,0.68,0.61,0.55,0.55
chr1_56536070,0.76,0.66,0.68,0.68,0.45,0.5,0.76,0.59,0.69,0.62,0.59,0.72,0.77,0.58,0.68,0.75,0.58,0.62,0.6,0.7,0.57,0.41,0.42,0.4,0.45,0.54,0.53,0.53,0.43,0.41,0.29
chr11_71207802,0.72,0.58,0.64,0.8,0.64,0.74,0.68,0.7,0.63,0.75,0.58,0.72,0.75,0.71,0.72,0.75,0.72,0.65,0.65,0.85,0.78,0.37,0.59,0.59,0.47,0.52,0.55,0.48,0.53,0.45,0.44
chr19_1168467,0.7,0.0,0.42,0.02,0.81,0.0,0.42,0.74,0.66,0.68,0.43,0.82,0.0,0.15,0.65,0.88,0.0,0.36,0.33,0.15,0.72,0.85,0.8,0.53,0.73,0.88,0.83,0.85,0.82,0.85,0.81
chr8_27480264,0.89,0.84,0.65,0.82,0.91,0.94,0.85,0.82,0.8,0.9,0.96,0.96,0.95,0.96,0.96,0.85,0.73,0.92,0.85,1.0,0.8,0.57,0.73,0.69,0.72,0.63,0.71,0.75,0.58,0.69,0.64
chr19_5061041,0.8,0.47,0.46,0.49,0.9,0.98,0.92,0.86,0.92,0.33,0.89,0.58,0.9,0.9,0.9,0.96,0.88,0.72,0.42,0.94,0.44,0.36,0.0,0.4,0.46,0.42,0.87,0.38,0.44,0.45,0.0
chr13_31202107,0.66,0.5,0.24,0.64,0.31,0.33,0.48,0.29,0.36,0.41,0.26,0.52,0.6,0.42,0.47,0.56,0.37,0.31,0.39,0.79,0.41,0.22,0.2,0.15,0.17,0.36,0.17,0.22,0.24,0.16,0.16
chr13_62320949,0.88,0.78,0.8,0.85,0.84,0.82,0.93,0.75,0.78,0.86,0.8,0.88,0.9,0.88,0.8,0.87,0.85,0.89,0.86,0.88,0.8,0.67,0.69,0.72,0.68,0.68,0.7,0.73,0.65,0.7,0.69
chr8_94793859,0.88,0.76,0.77,0.77,0.7559259259259261,0.7559259259259261,0.9,0.71,0.9,0.91,0.92,0.8,0.7559259259259261,0.91,0.84,0.8,0.83,0.7,0.81,0.91,0.7559259259259261,0.67,0.55,0.59,0.63,0.64,0.62,0.54,0.64,0.75,0.66
chr5_52859945,0.82,0.77,0.73,0.84,0.78,0.8,0.76,0.94,0.76,0.92,0.93,0.77,0.91,0.78,0.8,0.96,0.7756666666666667,0.77,0.9,0.94,1.0,0.61,0.7,0.67,0.6,0.78,0.64,0.58,0.6,0.62,0.59
chr20_63282601,0.81,0.77,0.74,0.81,0.75,0.73,0.89,0.87,0.86,0.66,0.79,0.76,0.79,0.87,0.82,0.89,0.82,0.79,0.65,0.87,0.89,0.64,0.65,0.61,0.6,0.56,0.51,0.68,0.64,0.55,0.57
chr4_73868977,0.21,0.25,0.07,0.08,0.19,0.21,0.25,0.19,0.22,0.11,0.4,0.25,0.21,0.23,0.16,0.23,0.16,0.25,0.22,0.27,0.22,0.39,0.33,0.28,0.34,0.49,0.41,0.43,0.39,0.38,0.4
chr1_19816373,0.72,0.84,0.63,0.46,0.85,0.88,0.93,0.9,1.0,0.6718518518518517,0.9,0.93,0.8,0.91,0.6718518518518517,0.93,0.6718518518518517,0.6718518518518517,1.0,0.83,0.28,0.36,0.82,0.0,0.46,0.84,0.55,0.33,0.25,0.36,0.38
chr3_189974909,0.64,0.5,0.76,0.76,0.87,0.92,0.96,0.44,0.91,0.68,0.52,0.52,0.94,0.46,0.56,0.83,1.0,0.9,0.88,0.43,0.84,0.4,0.45,0.0,0.36,0.0,0.86,0.0,0.3,0.41,0.76
chr3_176209066,0.69,0.6,0.54,0.53,0.25,0.54,0.44,0.52,0.42,0.41,0.47,0.63,0.58,0.51,0.53,0.56,0.41,0.54,0.52,0.79,0.56,0.29,0.29,0.22,0.25,0.45,0.29,0.33,0.26,0.29,0.23
chr22_49613076,0.71,0.84,0.88,0.82,0.87,0.79,0.79,0.9,0.82,0.8,0.9,0.84,0.91,0.84,0.83,0.82,0.88,0.8,0.87,0.96,0.72,0.61,0.53,0.63,0.66,0.72,0.58,0.69,0.68,0.71,0.58
chr18_79941857,0.82,0.89,0.88,0.87,0.88,0.89,0.88,0.82,0.85,0.85,0.83,0.87,0.86,0.84,0.87,0.91,0.83,0.87,0.77,0.92,0.82,0.62,0.77,0.7,0.67,0.67,0.71,0.75,0.69,0.63,0.63
chr7_71495966,0.83,0.75,0.7,0.77,0.84,0.8,0.76,0.76,0.75,0.78,0.77,0.82,0.95,0.72,0.87,0.9,0.69,0.75,0.88,0.92,0.57,0.55,0.5,0.49,0.49,0.62,0.5,0.54,0.76,0.58,0.52
chr11_61130060,0.11,0.08,0.06,0.14,0.08,0.21,0.14,0.1,0.1,0.1,0.13,0.13,0.09,0.11,0.14,0.09,0.12,0.07,0.07,0.18,0.06,0.36,0.24,0.27,0.13,0.38,0.34,0.28,0.37,0.39,0.36
chr18_23149949,0.89,0.92,0.88,0.82,0.9,0.86,0.9,0.92,0.81,0.86,1.0,0.96,0.96,0.93,0.9,0.83,0.6,0.83,0.95,0.92,0.77,0.68,0.79,0.58,0.71,0.67,0.65,0.67,0.69,0.66,0.69
chr2_3973349,0.93,0.53,0.83,0.52,0.7,0.72,0.84,0.81,0.86,0.6777777777777778,0.6777777777777778,0.83,0.76,0.78,0.75,0.91,0.6777777777777778,0.92,0.6777777777777778,0.66,0.78,0.69,0.41,0.47,0.28,0.71,0.56,0.52,0.6,0.51,0.42
chr11_46796904,0.84,0.77,0.82,0.85,0.89,0.84,0.82,0.83,0.76,0.85,0.9,0.9,0.96,0.9,0.93,0.91,0.87,0.85,0.74,0.92,0.78,0.6,0.68,0.72,0.61,0.65,0.71,0.74,0.74,0.71,0.65
chr4_1262425,0.89,0.81,0.82,0.85,0.89,0.84,0.82,0.87,0.86,0.93,0.8,0.93,0.81,0.86,0.82,0.88,0.79,0.81,0.86,0.91,0.66,0.73,0.74,0.68,0.62,0.61,0.66,0.71,0.68,0.72,0.56
chr17_69084946,0.81,0.87,0.75,0.76,0.85,0.8,0.93,0.78,0.78,0.76,0.87,0.92,1.0,0.9,0.94,0.76,0.9,0.7753333333333333,0.8,0.9,0.76,0.69,0.63,0.64,0.65,0.66,0.58,0.76,0.63,0.6,0.58
chr10_52950229,0.83,0.76,0.7,0.84,0.76,0.8,0.69,0.82,0.67,0.55,0.77,0.79,0.77,0.68,0.83,0.73,0.7,0.61,0.76,0.78,0.64,0.39,0.58,0.63,0.52,0.49,0.59,0.53,0.55,0.52,0.62
chr1_16042397,0.76,0.56,0.4996296296296294,0.61,0.7,0.62,0.35,0.78,0.66,0.62,0.4996296296296294,0.62,0.55,0.68,0.58,0.61,0.4996296296296294,0.4996296296296294,0.45,0.48,0.79,0.49,0.62,0.52,0.0,0.54,0.0,0.0,0.53,0.37,0.0
chr11_43548292,0.77,0.82,0.8,0.86,0.75,0.78,0.8,0.78,0.85,0.91,0.8,0.86,0.83,0.75,0.8,0.88,0.86,0.77,0.9,0.78,0.6,0.6,0.5,0.5,0.47,0.48,0.57,0.72,0.76,0.75,0.51
chr4_148527052,0.75,0.75,0.655,0.96,0.88,0.82,0.85,0.72,0.61,0.81,0.77,0.84,0.93,0.23,0.69,0.85,0.655,0.655,0.71,0.81,0.77,0.47,0.85,0.4,0.34,0.37,0.69,0.38,0.41,0.37,0.31
chr10_22247802,0.76,0.84,0.82,0.91,0.86,0.93,0.89,0.91,0.85,0.83,1.0,0.93,0.95,0.89,0.87,0.88,0.9,0.84,0.88,0.89,0.83,0.64,0.75,0.68,0.69,0.68,0.78,0.71,0.7,0.77,0.69
chr14_54945231,0.78,0.91,0.84,0.93,0.92,0.93,0.97,0.93,0.9,0.82,0.91,0.9,0.97,0.97,0.87,0.93,0.9,0.78,1.0,0.88,0.81,0.42,0.76,0.69,0.67,0.76,0.76,0.78,0.72,0.72,0.76
chr19_39372241,0.48,0.88,0.78,0.4,0.97,0.47,0.65,0.42,0.44,0.0,0.55,0.91,0.47,0.0,0.76,0.48,0.57,0.47,0.37,0.47,0.45,0.84,0.43,0.9,0.79,0.86,0.93,0.91,0.84,0.89,0.88
chr6_47633586,0.41,0.0,0.27,0.0,0.0,0.0,0.48,0.0,0.0,0.52,0.0,0.0,0.0,0.36,0.0,0.0,0.0,0.38,0.25,0.51,0.77,0.39,0.43,0.47,0.43,0.38,0.85,0.5,0.44,0.53,0.76
chr2_74148419,0.13,0.06,0.1,0.2,0.27,0.22,0.23,0.25,0.24,0.17,0.37,0.23,0.13,0.25,0.37,0.23,0.24,0.14,0.4,0.25,0.09,0.58,0.44,0.45,0.25,0.39,0.49,0.4,0.53,0.52,0.41
chr11_73343424,0.78,0.76,0.78,0.87,0.9,0.81,0.84,0.89,0.7,0.76,0.83,0.95,0.7199999999999999,0.95,0.97,0.87,0.7,0.72,0.92,0.96,0.88,0.66,0.56,0.84,0.42,0.9,0.0,0.0,0.64,0.74,0.0
chr7_101498909,0.39,0.69,0.24,0.28,0.72,0.0,0.79,0.48,0.85,0.74,0.33,0.38,0.86,0.85,0.41,0.77,0.4,0.62,0.73,0.36,0.39,0.85,0.83,0.83,0.83,0.87,0.76,0.85,0.82,0.81,0.77
chr15_60917883,0.69,0.56,0.6,0.57,0.42,0.6,0.4,0.63,0.53,0.44,0.54,0.64,0.57,0.55,0.6,0.87,0.5,0.5,0.59,0.8,0.7,0.34,0.46,0.35,0.32,0.42,0.42,0.48,0.4,0.3,0.18
chr22_30340569,0.79,0.77,0.8,0.89,0.9,0.89,0.88,0.91,0.88,0.41,0.5,0.6,0.96,0.9,0.86,0.93,0.0,0.8,0.83,0.41,0.89,0.39,0.0,0.53,0.48,0.47,0.43,0.0,0.94,0.41,0.38
chr13_113799666,0.63,0.78,0.7,0.72,0.83,0.8,0.79,0.73,0.7,0.72,0.81,0.78,0.78,0.73,0.82,0.76,0.77,0.75,0.77,0.84,0.78,0.57,0.44,0.56,0.67,0.46,0.69,0.66,0.64,0.63,0.61
chr7_51045927,0.92,0.9,0.82,0.87,0.94,0.86,0.95,0.84,0.88,0.83,0.97,0.93,0.95,0.9,0.88,0.82,0.9,0.88,0.86,0.88,0.89,0.58,0.71,0.64,0.71,0.68,0.69,0.77,0.82,0.72,0.65
chr16_55731993,0.29,0.38,0.74,0.46,0.48,0.7,0.8,0.83,0.5,0.38,0.85,0.44,0.74,0.3,0.37,0.96,0.81,0.39,0.4,0.36,0.87,0.35,0.3,0.27,0.42,0.0,0.0,0.45,0.34,0.0,0.0
chr10_386030,0.53,0.36,0.64,0.43,0.5,0.8,0.85,0.91,0.39,0.38,0.52,0.88,0.89,0.82,0.87,0.52,0.83,0.32,0.43,0.93,0.45,0.39,0.0,0.39,0.38,0.39,0.88,0.0,0.0,0.4,0.0
chr16_31819909,0.8,0.62,0.48,0.59,0.53,0.44,0.72,0.65,0.37,0.68,0.51,0.58,0.74,0.55,0.76,0.51,0.56,0.54,0.23,0.57,0.48,0.34,0.23,0.3,0.53,0.4,0.3,0.21,0.26,0.28,0.22
chr2_174558415,0.68,0.82,0.74,0.79,0.76,0.76,0.72,0.71,0.74,0.7,0.74,0.88,0.75,0.75,0.75,0.71,0.67,0.76,0.62,0.77,0.57,0.48,0.53,0.5,0.54,0.52,0.54,0.6,0.65,0.51,0.55
chr12_130953544,0.77,0.9,0.8,0.76,1.0,0.79,0.9,0.93,0.89,0.58,0.93,0.73,0.8,0.74,0.83,0.93,0.86,0.9,0.75,0.83,0.75,0.54,0.73,0.6,0.63,0.64,0.6,0.73,0.73,0.66,0.51
chr11_118076913,0.77,0.63,0.65,0.82,0.66,0.75,0.66,0.74,0.62,0.81,0.6,0.71,0.79,0.66,0.69,0.65,0.61,0.65,0.58,0.78,0.63,0.45,0.46,0.49,0.48,0.53,0.53,0.54,0.6,0.54,0.37
chr3_120842323,0.83,0.91,0.8,0.87,0.9,0.79,0.92,1.0,0.81,0.81,0.72,0.94,0.88,0.87,0.94,0.9,0.86,0.8,0.89,0.85,0.82,0.75,0.72,0.64,0.62,0.75,0.71,0.78,0.67,0.68,0.65
chr19_45905360,0.92,0.8,0.81,0.79,0.61,0.88,0.82,0.8,0.79,0.7276666666666666,0.8,0.94,0.71,0.94,0.52,0.72,0.73,0.84,0.76,0.85,0.78,0.68,0.68,0.61,0.6,0.56,0.65,0.61,0.51,0.65,0.47
chr4_141486801,0.8,0.69,0.59,0.81,0.76,0.81,0.64,0.81,0.6682142857142859,1.0,0.66,0.83,0.93,0.8,0.66,0.6682142857142859,0.72,0.42,0.9,0.84,0.6682142857142859,0.43,0.47,0.38,0.56,0.48,0.37,0.62,0.75,0.52,0.46
chr1_1313806,0.0,0.27,0.0,0.0,0.85,0.0,0.0,0.0,0.0,0.0,0.48,0.87,0.43,0.0,0.48,0.0,0.0,0.0,0.0,0.0,0.0,0.43,0.41,0.46,0.46,0.42,0.45,0.42,0.49,0.44,0.38
chr6_152704964,0.74,0.54,0.56,0.57,0.73,0.58,0.7,0.8,0.05,0.54,0.0,0.76,0.65,0.0,0.55,0.5,0.35,0.76,0.57,0.0,0.25,0.0,0.0,0.0,0.0,0.27,0.34,0.31,0.4,0.0,0.37
chr5_150541688,0.7,0.86,0.6926666666666667,0.86,0.63,1.0,0.73,0.86,0.68,0.8,0.9,0.92,0.91,0.69,0.75,0.96,0.88,0.8,0.94,0.85,0.92,0.0,0.74,0.0,0.87,0.75,0.0,0.53,0.58,0.67,0.0
chr3_101673371,0.81,0.93,0.87,0.86,0.95,0.89,0.96,0.92,0.87,0.9,0.9,0.9,0.9,0.9,0.92,0.95,0.92,0.88,0.93,0.94,0.94,0.73,0.83,0.8,0.65,0.73,0.68,0.8,0.81,0.71,0.7
chr1_231986176,0.0,0.0,0.8,0.84,0.97,0.9,0.93,0.97,0.5,0.4,0.0,0.97,0.64,0.86,0.0,0.9,0.26,0.87,0.96,1.0,1.0,0.57,0.0,0.0,0.0,0.5,0.37,0.0,0.48,0.43,0.52
chr6_10555819,0.56,0.56,0.46,0.51,0.4,0.56,0.56,0.39,0.41,0.6,0.5,0.71,0.59,0.45,0.52,0.34,0.53,0.57,0.51,0.67,0.72,0.24,0.36,0.38,0.41,0.29,0.26,0.32,0.29,0.25,0.31
chr7_2715166,0.77,0.62,0.58,0.61,0.48,0.77,0.62,0.66,0.62,0.8,0.64,0.71,0.71,0.58,0.53,0.76,0.79,0.58,0.6,0.71,0.55,0.53,0.47,0.52,0.48,0.5,0.4,0.44,0.49,0.44,0.4
chr11_9813179,0.24,1.0,0.86,0.61,0.91,0.85,0.84,0.55,0.36,0.95,0.91,1.0,0.82,0.75,0.63,0.76,0.86,0.29,0.58,0.95,0.31,0.48,0.0,0.43,0.85,0.42,0.35,0.0,0.5,0.46,0.32
chr1_158184019,0.88,0.77,0.92,0.92,0.83,0.78,0.76,0.87,0.8,0.95,0.8,0.84,0.79,0.84,0.84,0.88,0.78,0.68,0.87,0.78,0.83,0.48,0.66,0.63,0.5,0.44,0.6,0.65,0.85,0.7,0.61
chr10_30693291,0.0,0.26,0.53,0.0,0.43,0.0,0.87,0.0,0.75,0.86,0.44,0.0,0.9,0.29,0.87,0.0,0.54,0.92,0.54,0.66,0.23,0.85,0.89,0.92,0.81,0.81,0.85,0.89,0.53,0.86,0.81
chr1_24831142,1.0,0.76,0.73,0.86,0.7933333333333334,0.7933333333333334,0.92,0.7933333333333334,0.81,0.85,0.7933333333333334,1.0,0.78,0.91,0.94,1.0,1.0,0.9,0.71,0.88,0.75,0.64,0.74,0.64,0.69,0.71,0.52,0.74,0.6,0.59,0.75
chr14_77297026,0.77,0.61,0.42,0.48,0.35,0.5,0.53,0.69,0.55,0.6,0.5,0.6,0.82,0.61,0.57,0.66,0.52,0.52,0.44,0.59,0.37,0.33,0.31,0.25,0.27,0.4,0.45,0.31,0.29,0.29,0.3
chr1_208941978,0.85,0.85,0.82,0.67,0.8,0.69,0.83,0.77,0.62,0.8,0.78,0.82,0.8,0.83,0.7,0.83,0.84,0.75,0.96,0.82,0.81,0.54,0.58,0.58,0.52,0.71,0.49,0.65,0.53,0.6,0.56
chr2_5886740,0.78,0.74,0.67,0.63,0.76,0.7,0.78,0.7,0.81,0.77,0.75,0.76,0.86,0.71,0.77,0.78,0.61,0.7,0.7,0.67,0.8,0.42,0.56,0.51,0.56,0.59,0.56,0.68,0.54,0.52,0.55
chr16_911950,0.76,0.71,0.86,0.64,0.76,0.85,0.83,0.91,0.88,0.81,0.84,0.91,0.84,0.85,0.92,0.92,1.0,0.72,0.7,0.84,0.6,0.53,0.62,0.62,0.45,0.63,0.64,0.71,0.54,0.59,0.48
chr5_66511677,0.8,0.63,0.59,0.65,0.64,0.63,0.82,0.81,0.64,0.87,0.61,0.9,0.87,0.73,0.52,0.78,0.75,0.57,0.68,0.75,0.8,0.48,0.51,0.5,0.54,0.66,0.51,0.56,0.4,0.53,0.32
chr12_132803709,0.81,0.57,0.46,0.7,0.4,0.56,0.6,0.86,0.63,0.56,0.5,0.85,0.75,0.52,0.73,0.55,0.59,0.76,0.58,0.77,0.5,0.33,0.45,0.4,0.4,0.51,0.39,0.47,0.44,0.36,0.21
chr18_10900615,0.8,0.46,0.75,0.8,1.0,0.9,0.88,0.86,0.71,0.74,0.88,0.96,0.87,0.87,0.57,0.93,0.81,0.0,0.55,0.87,0.76,0.0,0.0,0.8,0.5,0.47,0.4,0.38,0.47,0.78,0.4
chr3_32856712,0.43592592592592605,0.55,0.7,0.53,0.46,0.73,0.85,0.4,0.43592592592592605,0.25,0.43592592592592605,0.0,0.93,0.9,0.29,0.63,0.66,0.8,1.0,0.43592592592592605,0.0,0.34,0.0,0.0,0.48,0.54,0.0,0.0,0.4,0.0,0.33
chr4_77019755,0.85,0.55,0.68,0.64,0.51,0.65,0.7,0.58,0.7,0.75,0.5,0.78,0.68,0.68,0.75,0.69,0.78,0.72,0.66,0.69,0.53,0.36,0.45,0.43,0.53,0.57,0.44,0.47,0.42,0.39,0.31
chr13_32416373,0.89,0.89,0.83,0.93,0.88,0.84,0.95,0.89,0.87,0.87,0.93,0.9,0.84,0.9,0.8,0.92,0.89,0.75,0.88,0.95,0.88,0.76,0.73,0.78,0.71,0.69,0.63,0.72,0.78,0.69,0.73
chr14_85867717,0.78,0.47,0.72,0.47,0.6,0.6,0.47,0.54,0.56,0.86,0.8,0.5,0.86,0.51,0.84,0.83,0.84,0.77,0.87,0.42,0.0,0.01,0.0,0.39,0.9,0.0,0.01,0.44,0.0,0.37,0.83
chr1_209936168,0.95,0.97,0.92,0.93,0.92,0.81,0.93,0.9,0.95,0.84,0.95,0.93,0.86,0.85,0.87,0.88,0.83,0.76,0.92,1.0,0.86,0.74,0.8,0.7,0.65,0.79,0.76,0.76,0.77,0.72,0.7
chr21_42105795,0.86,0.9,0.84,0.95,1.0,0.8,0.89,1.0,0.92,0.91,0.83,0.86,0.88,0.94,0.87,0.83,0.8,0.8263333333333335,0.81,1.0,0.86,0.68,0.7,0.69,0.64,0.84,0.69,0.69,0.79,0.69,0.63
chr16_51817927,0.75,0.76,0.78,0.81,0.87,0.74,0.92,0.88,0.88,0.9,0.74,0.88,1.0,0.85,0.81,0.75,0.89,0.87,0.88,0.85,0.76,0.6,0.69,0.69,0.69,0.76,0.6,0.68,0.62,0.65,0.56
chr21_44552642,0.88,0.83,0.63,0.78,0.78,0.87,0.85,0.89,0.85,0.84,0.86,0.87,0.82,0.9,0.89,0.77,0.69,0.83,0.86,0.87,0.75,0.63,0.7,0.7,0.54,0.63,0.68,0.66,0.66,0.59,0.67
chr8_76987516,0.92,0.43,0.73,0.94,0.9,0.86,0.43,0.94,0.93,0.95,0.37,0.91,0.6,0.53,0.47,0.91,0.38,0.78,0.97,0.52,0.85,0.0,0.0,0.0,0.0,0.0,0.41,0.0,0.46,0.91,0.84
chr2_230995807,0.62,0.41,0.54,0.44,0.3,0.51,0.49,0.52,0.5,0.48,0.41,0.75,0.7,0.69,0.57,0.51,0.57,0.45,0.38,0.72,0.41,0.27,0.31,0.35,0.36,0.41,0.32,0.36,0.31,0.24,0.19
chr7_2409074,0.86,0.88,0.5,0.76,0.77,0.7375862068965515,0.83,0.75,0.81,0.78,0.7375862068965515,0.9,0.92,0.75,0.75,0.83,0.8,0.85,0.91,0.71,0.82,0.61,0.56,0.63,0.5,0.65,0.61,0.74,0.65,0.7,0.56
chr6_6971520,0.34,0.67,0.75,0.4,0.77,0.34,0.71,0.8,0.29,0.42,0.6,0.85,0.45,0.82,0.0,0.62,0.71,0.75,0.3,0.34,0.0,0.28,0.29,0.0,0.26,0.27,0.0,0.34,0.31,0.0,0.25
chr3_194617694,0.88,0.8,0.52,0.9,0.32,0.89,0.91,0.5,0.88,0.9,0.93,0.5,0.89,0.96,0.84,0.61,0.89,0.75,0.83,0.89,0.86,0.51,0.47,0.47,0.0,0.85,0.37,0.45,0.43,0.54,0.54
chr17_7241290,0.24,0.14,0.37,0.33,0.3,0.5,0.16,0.43,0.11,0.31,0.36,0.33,0.1,0.17,0.41,0.28,0.39,0.13,0.37,0.12,0.23,0.46,0.43,0.61,0.52,0.48,0.57,0.26,0.52,0.63,0.67
chr19_46655074,0.4,0.36,0.44,0.43,0.3,0.48,0.47,0.47,0.3,0.34,0.45,0.51,0.46,0.51,0.36,0.52,0.48,0.34,0.47,0.5,0.39,0.26,0.21,0.23,0.26,0.36,0.26,0.21,0.23,0.26,0.2
chr1_1457071,0.9,0.87,0.71,0.86,1.0,0.89,0.93,0.48,0.95,0.83,0.85,0.0,0.91,0.88,0.81,0.9,0.88,0.8,0.96,0.88,0.87,0.36,0.44,0.36,0.48,0.31,0.47,0.82,0.4,0.37,0.86
chr5_1871485,0.83,0.9,0.7,0.63,0.88,0.0,0.54,0.81,0.0,0.77,0.93,0.7,0.93,0.52,0.37,0.86,0.57,0.51,0.9,0.81,0.85,0.43,0.39,0.32,0.29,0.35,0.84,0.01,0.36,0.46,0.47
chr13_99968167,0.11,0.15,0.04,0.07,0.16,0.31,0.09,0.09,0.09,0.0,0.16,0.25,0.09,0.0,0.0,0.15,0.04,0.06,0.13,0.05,0.14,0.39,0.24,0.32,0.3,0.3,0.22,0.3,0.19,0.26,0.27
chr5_114691154,0.8,0.72,0.67,0.78,0.72,0.79,0.69,0.76,0.62,0.7,0.81,0.72,0.74,0.78,0.85,0.82,0.68,0.59,0.84,0.75,0.56,0.29,0.48,0.61,0.56,0.55,0.62,0.56,0.6,0.66,0.41
chr5_4580921,0.83,0.85,0.78,0.85,0.9,0.94,0.86,0.87,0.85,0.88,0.84,0.94,0.84,0.88,0.96,0.92,0.86,0.88,0.83,0.95,0.8,0.41,0.88,0.81,0.8,0.46,0.82,0.3,0.72,0.35,0.8
chr20_750969,0.83,0.74,0.63,0.72,0.55,0.61,0.62,0.72,0.56,0.47,0.65,0.7,0.87,0.6,0.65,0.69,0.69,0.57,0.68,0.81,0.43,0.44,0.45,0.54,0.46,0.55,0.41,0.48,0.53,0.39,0.34
chr2_216316275,0.66,0.46,0.52,0.47,0.33,0.46,0.75,0.47,0.5,0.72,0.63,0.68,0.4603703703703702,0.5,0.4603703703703702,0.61,0.4603703703703702,0.4603703703703702,0.36,0.45,0.5,0.42,0.27,0.45,0.38,0.44,0.34,0.36,0.15,0.27,0.28
chr10_49678819,0.6,0.78,0.64,0.65,0.82,0.81,0.7,0.81,0.72,0.9,0.68,0.69,0.72,0.66,0.73,0.66,0.77,0.85,1.0,0.81,0.55,0.51,0.58,0.46,0.52,0.58,0.59,0.6,0.63,0.6,0.6
chr7_74094395,0.05,0.05,0.0,0.0,0.0,0.03,0.03,0.1,0.0,0.08,0.0,0.08,0.04,0.08,0.13,0.0,0.0,0.0,0.0,0.0,0.07,0.3,0.25,0.11,0.14,0.22,0.17,0.12,0.16,0.24,0.16
chr13_98948513,0.79,0.71,0.66,0.66,0.75,0.8,0.72,0.54,0.55,0.46,0.6193103448275863,0.93,0.71,0.72,0.72,0.76,0.6193103448275863,0.58,0.54,0.8,0.83,0.52,0.5,0.45,0.54,0.39,0.46,0.49,0.43,0.4,0.55
chr20_61768416,0.91,0.78,0.76,0.82,0.69,0.8,0.76,0.92,0.83,0.8,0.83,0.91,0.84,0.88,0.75,0.88,0.88,0.76,0.88,0.84,0.59,0.64,0.67,0.66,0.56,0.69,0.61,0.67,0.68,0.66,0.58
chr5_99899815,0.8,0.87,0.72,0.89,0.88,0.82,0.85,0.92,0.9,0.9,0.84,0.91,0.92,0.83,0.86,0.84,0.61,0.9,0.81,0.91,0.82,0.71,0.72,0.64,0.6,0.71,0.7,0.62,0.72,0.67,0.66
chr10_30697771,0.54,0.4,0.5,0.0,0.34,0.0,0.91,0.0,0.79,0.96,0.51,0.0,0.93,0.48,0.89,0.0,0.35,0.89,0.41,0.51,0.52,0.93,0.91,0.87,0.81,0.9,0.91,0.93,0.43,0.84,0.85
chr5_1871519,0.79,0.81,0.75,0.41,0.87,0.0,0.41,0.63,0.0,0.79,0.86,0.71,0.8,0.35,0.34,0.7,0.59,0.44,0.91,0.62,0.78,0.32,0.34,0.25,0.21,0.34,0.6,0.0,0.22,0.25,0.35
chr1_239774140,0.92,0.87,0.92,0.82,0.83,0.81,0.89,0.94,0.81,0.93,0.89,0.96,0.84,0.79,0.88,0.83,0.83,0.73,0.8,0.94,0.74,0.63,0.73,0.73,0.72,0.7,0.67,0.73,0.78,0.67,0.49
chr14_36224078,0.53,0.0,0.03,0.0,0.41,0.0,0.41,0.45,0.79,0.28,0.47,0.83,0.82,0.0,0.4,0.46,0.84,0.25,0.5,0.85,0.41,0.83,0.8,0.88,0.8,0.8,0.47,0.76,0.81,0.8,0.82
chr7_43481211,0.88,0.0,0.38,0.95,0.52,0.55,1.0,0.87,0.0,0.45,0.84,0.5,0.33,0.56,0.88,0.64,0.95,0.64,0.96,0.0,0.9,0.0,0.0,0.42,0.32,0.4,0.0,0.42,0.0,0.54,0.4
chr10_109238519,0.78,0.8,0.88,0.91,0.89,0.82,0.81,0.91,0.83,0.37,0.92,0.86,0.9,0.92,0.9,0.82,0.96,0.81,0.84,0.78,0.71,0.62,0.68,0.62,0.75,0.63,0.75,0.65,0.63,0.68,0.59
chr1_37805822,0.34,0.0,0.34,0.38,0.44,0.0,0.0,0.0,1.0,0.31,0.96,0.0,0.46,0.0,0.0,0.0,0.0,0.5,0.47,0.0,0.0,0.46,0.45,0.48,0.82,0.5,0.46,0.43,0.45,0.9,0.4
chr5_15118304,0.81,0.91,0.82,0.85,0.82,0.73,0.89,0.88,0.95,0.95,0.78,0.94,0.85,0.88,0.88,0.87,0.85,0.8,0.77,0.87,0.9,0.63,0.65,0.67,0.67,0.74,0.73,0.75,0.76,0.75,0.75
chr15_60917891,0.63,0.58,0.57,0.63,0.5,0.53,0.5,0.55,0.58,0.6,0.67,0.73,0.55,0.51,0.64,0.76,0.61,0.55,0.66,0.87,0.72,0.45,0.5,0.52,0.3,0.45,0.44,0.47,0.44,0.38,0.31
chr10_30692341,0.0,0.54,0.36,0.0,0.47,0.0,0.81,0.0,0.54,1.0,0.29,0.0,0.85,0.4,0.91,0.0,0.36,0.8,0.52,0.52,0.29,0.81,0.85,0.91,0.76,0.82,0.83,0.8,0.37,0.72,0.8
chr16_23390958,0.8,0.9,0.88,0.9,0.82,0.92,0.91,0.93,0.92,0.95,0.89,0.95,0.96,0.95,0.89,0.88,0.8,0.85,0.87,0.9,0.86,0.69,0.8,0.72,0.78,0.75,0.72,0.72,0.71,0.67,0.69
chr19_46655070,0.4,0.37,0.33,0.48,0.28,0.43,0.44,0.38,0.3,0.31,0.35,0.41,0.4,0.43,0.39,0.42,0.41,0.3,0.41,0.51,0.34,0.24,0.17,0.23,0.25,0.3,0.23,0.16,0.15,0.22,0.2
chr13_52655599,0.58,0.6,0.83,0.68,0.72,0.72,0.83,0.6,0.81,0.72,0.75,0.63,0.88,0.76,0.8,0.68,0.64,0.63,0.73,0.74,0.68,0.53,0.59,0.54,0.66,0.55,0.44,0.43,0.56,0.5,0.38
chr17_50075433,0.74,0.78,0.76,0.8,0.72,0.87,0.68,0.83,0.75,0.84,0.71,0.86,0.82,0.66,0.8,0.54,0.6,0.59,0.72,0.81,0.76,0.54,0.48,0.59,0.6,0.53,0.56,0.65,0.59,0.52,0.5
chr1_235648940,0.03,0.2,0.06,0.04,0.03,0.03,0.05,0.06,0.03,0.12,0.16,0.09,0.0,0.12,0.03,0.13,0.04,0.2,0.18,0.0,0.1,0.22,0.3,0.3,0.22,0.2,0.21,0.28,0.3,0.2,0.24
chr3_6865183,0.77,0.65,0.55,0.73,0.65,0.61,0.71,0.78,0.81,0.92,0.68,0.73,0.79,0.78,0.73,0.7,0.7,0.55,0.77,0.81,0.69,0.48,0.6,0.61,0.49,0.55,0.58,0.52,0.52,0.46,0.5
chr16_9758310,0.76,0.87,0.76,0.82,0.82,0.9,0.63,0.82,0.87,0.8,0.91,1.0,0.92,0.88,0.96,0.86,0.77,0.94,0.89,1.0,0.6,0.64,0.72,0.73,0.72,0.5,0.71,0.73,0.68,0.68,0.7
chr8_124840111,0.0,0.0,0.0,0.0,0.0,0.0,1.0,0.0,0.29,0.0,0.35,0.0,0.0,0.276,0.0,0.0,0.16,0.0,0.78,0.0,0.6,0.35,0.0,0.5,0.72,0.49,0.84,0.37,0.59,0.4,0.84
chr22_30507371,0.96,0.88,0.85,0.86,0.77,0.5,0.89,0.9,0.88,0.91,0.47,0.96,0.86,0.9,0.54,0.0,0.57,0.8,0.54,0.57,0.81,0.35,0.4,0.46,0.46,0.41,0.01,0.85,0.47,0.83,0.0
chr5_152689740,0.63,0.8,0.74,0.58,0.86,0.87,0.82,0.82,0.93,0.84,0.82,0.86,0.81,0.92,0.9,0.81,0.91,0.85,0.79,0.83,0.81,0.58,0.61,0.71,0.66,0.69,0.63,0.7,0.65,0.65,0.66
chr10_99141268,0.82,0.71,0.77,0.7,0.65,0.86,0.87,0.61,0.7,0.68,0.76,0.72,0.73,0.65,0.68,0.75,0.88,0.77,0.71,0.89,0.65,0.44,0.61,0.53,0.65,0.53,0.53,0.61,0.49,0.6,0.47
chr2_74365575,0.86,0.85,0.74,0.91,0.91,0.86,0.76,0.82,0.78,0.74,0.67,0.9,0.84,0.92,0.82,0.9,0.74,0.8,0.8,0.9,0.72,0.68,0.64,0.57,0.68,0.64,0.63,0.66,0.65,0.68,0.73
chr8_122783941,0.8,0.91,0.48,0.34,0.78,0.47,0.74,0.78,0.77,0.83,0.82,0.47,0.8,0.0,0.79,0.84,0.76,0.74,0.73,0.93,0.69,0.38,0.88,0.42,0.4,0.87,0.01,0.42,0.01,0.0,0.4
chr1_227787050,0.51,0.31,0.35,0.65,0.59,0.29,0.4,0.27,0.64,0.42,0.44,0.44,0.6,0.36,0.33,0.44,0.35,0.33,0.25,0.46,0.45,0.32,0.22,0.22,0.14,0.17,0.15,0.2,0.2,0.28,0.2
chr7_138680000,0.89,0.92,0.83,0.41,0.95,0.82,0.92,0.85,1.0,0.89,0.96,0.93,0.44,0.93,0.0,0.55,0.96,0.83,0.84,0.93,0.36,0.0,0.0,0.36,0.79,0.89,0.46,0.44,0.49,0.34,0.46
chr19_5043764,0.73,0.38,0.35,0.82,0.92,0.82,0.79,0.93,0.89,0.61,0.82,0.91,0.83,0.9,0.88,0.92,0.78,0.84,0.66,0.8,0.42,0.4,0.01,0.77,0.43,0.4,0.72,0.53,0.72,0.38,0.45
chr10_94645572,0.74,0.51,0.48,0.67,0.89,0.84,0.91,0.47,0.47,0.75,0.83,0.86,0.91,0.79,0.51,0.82,0.0,0.51,0.75,0.89,0.7,0.47,0.49,0.42,0.43,0.0,0.0,0.38,0.42,0.79,0.42
chr17_2366475,0.0,0.3,0.84,0.52,0.0,0.0,0.39,0.37,0.34,0.97,0.0,0.0,0.0,0.39,0.54,0.0,0.38,0.62,0.0,0.44,0.46,0.92,0.98,0.91,0.57,0.47,0.5,0.89,0.02,0.84,0.51
chr7_25327024,0.77,0.84,0.86,0.85,0.9,0.84,0.87,0.92,0.82,0.94,0.66,0.92,0.83,0.86,0.89,0.79,0.82,0.74,0.9,0.87,0.88,0.7,0.74,0.69,0.65,0.64,0.72,0.73,0.69,0.63,0.63
chr3_187013960,0.64,0.63,0.77,0.55,0.61,0.84,0.0,0.75,0.72,0.78,0.83,0.0,0.0,0.41000000000000003,0.41000000000000003,0.82,0.7,0.41000000000000003,0.0,0.89,0.62,0.64,0.0,0.0,0.0,0.0,0.0,0.0,0.0,0.0,0.69
chr4_143977180,0.66,0.42,0.56,0.61,0.59,0.7,0.35,0.58,0.7,0.6,0.53,0.74,0.8,0.5,0.62,0.75,0.73,0.7,0.64,0.7,0.53,0.39,0.43,0.52,0.48,0.5,0.45,0.45,0.38,0.45,0.28
chr7_156921930,0.76,0.8,0.79,0.78,0.82,0.9,0.84,0.86,0.88,0.82,0.71,0.77,0.79,0.8,0.95,0.82,0.87,0.78,0.77,0.91,0.88,0.63,0.67,0.75,0.66,0.67,0.67,0.72,0.73,0.75,0.55
chr3_55061730,0.53,0.36,0.35321428571428576,0.57,0.36,0.46,0.42,0.52,0.33,0.5,0.5,0.46,0.42,0.55,0.4,0.33,0.35321428571428576,0.35321428571428576,0.69,0.26,0.06,0.14,0.34,0.23,0.16,0.15,0.24,0.19,0.05,0.32,0.35
chr6_75175212,0.66,0.44,0.42,0.62,0.28,0.35,0.46,0.3,0.5,0.53,0.42,0.63,0.43,0.43,0.53,0.29,0.45,0.59,0.42,0.57,0.5,0.2,0.27,0.21,0.29,0.29,0.23,0.39,0.2,0.24,0.24
chr15_70053287,0.38,0.4310344827586208,0.38,0.0,0.4,0.0,0.56,0.0,0.3,0.0,0.0,0.46,0.83,0.37,0.0,0.0,0.4310344827586208,0.25,0.3,1.0,0.44,0.75,0.4,0.87,0.76,0.54,0.89,0.44,0.86,0.42,0.9
chr12_49805886,0.73,0.93,0.8,0.84,0.92,0.87,0.87,0.81,0.96,0.96,0.94,0.93,0.81,0.93,0.82,0.85,0.9,0.8,1.0,0.8,0.85,0.75,0.74,0.64,0.58,0.65,0.66,0.67,0.86,0.61,0.64
chr3_19888796,0.92,0.89,0.84,0.8,0.78,0.78,0.78,0.96,0.85,0.85,0.93,1.0,0.88,0.96,0.88,0.95,0.84,0.77,0.91,0.96,0.92,0.75,0.74,0.7,0.69,0.69,0.72,0.72,0.88,0.69,0.55
chr13_112521028,0.86,0.88,0.78,0.97,0.92,0.86,0.82,0.91,0.89,0.87,1.0,0.94,0.92,0.88,0.88,0.85,0.9,0.9,0.96,0.9,0.84,0.8,0.75,0.75,0.75,0.76,0.77,0.76,0.78,0.69,0.69
chr2_218668180,0.57,0.0,0.35,0.55,0.46,0.8,0.87,0.9,0.46,0.43,0.63,0.69,0.86,0.94,1.0,0.16,0.45066666666666666,0.4,0.5,0.38,0.45,0.94,0.0,0.0,0.37,0.0,0.0,0.35,0.0,0.0,0.46
chr7_56606466,0.71,0.92,0.81,0.82,0.91,0.65,0.89,0.87,0.79,0.81,0.86,0.82,0.76,0.77,0.57,0.85,0.9,0.78,0.78,0.66,0.76,0.66,0.7,0.68,0.61,0.52,0.61,0.61,0.6,0.47,0.65
chr15_77613747,0.45,0.56,0.61,0.42,0.61,0.45,0.3,0.6,0.44,0.36,0.3,0.75,0.58,0.41,0.44821428571428573,0.72,0.44821428571428573,0.44821428571428573,0.64,0.71,0.5,0.32,0.28,0.29,0.41,0.32,0.37,0.3,0.25,0.3,0.3
chr1_241677457,0.69,0.69,0.67,0.75,0.48,0.64,0.64,0.73,0.63,0.75,0.71,0.7,0.6,0.64,0.67,0.71,0.87,0.68,0.69,0.67,0.66,0.56,0.51,0.51,0.57,0.54,0.52,0.52,0.56,0.53,0.56
chr12_122166871,0.0,0.3,0.0,0.35,0.31,0.0,0.28,0.28,0.33,0.0,0.5,0.35,0.53,0.51,0.35,0.51,0.2,0.77,0.53,0.53,0.42,0.39,0.84,0.42,0.47,0.79,0.81,0.8,0.73,0.81,0.92
chr7_138665354,0.43,0.48,0.63,0.42,0.82,0.72,0.81,0.69,0.66,0.42,0.75,0.8,0.65,0.71,0.5359999999999999,0.42,0.66,0.5,0.7,0.72,0.76,0.02,0.32,0.0,0.61,0.3,0.63,0.42,0.33,0.3,0.4
chr2_70895823,0.41,0.45,0.0,0.36,0.49,0.0,0.32,0.24,0.33,0.37,0.33,0.36,0.36,0.35,0.51,0.67,0.54,0.04,0.34,0.41,0.25,0.0,0.0,0.0,0.0,0.28,0.0,0.23,0.26,0.0,0.25
chr10_87974887,0.78,0.81,0.68,0.81,0.79,0.76,0.87,0.77,0.75,0.75,0.81,0.96,0.79,0.63,0.88,0.84,0.78,0.73,0.82,0.95,0.87,0.7,0.6,0.56,0.47,0.54,0.59,0.67,0.8,0.49,0.41
chr18_21315752,0.68,0.78,0.68,0.78,0.89,0.81,0.79,0.92,0.94,0.85,0.84,0.78,0.82,0.82,0.8,0.89,0.86,0.66,0.9,0.9,0.75,0.7,0.63,0.7,0.53,0.68,0.63,0.63,0.64,0.52,0.68
chr3_43583657,0.73,0.71,0.79,0.7,0.68,0.89,0.82,0.87,0.65,0.8,0.82,0.82,0.87,0.79,0.78,0.79,0.82,0.89,0.78,0.89,0.74,0.61,0.68,0.57,0.7,0.53,0.59,0.7,0.54,0.55,0.63
chr7_22146332,0.89,0.88,0.86,0.8,0.94,0.9,0.81,0.76,0.66,0.8,0.84,1.0,0.8,0.76,0.85,0.91,0.53,0.61,0.68,1.0,0.87,0.64,0.6,0.54,0.59,0.65,0.68,0.61,0.6,0.59,0.6
chr5_88603115,0.95,0.89,0.72,0.85,0.91,0.92,0.82,0.81,0.83,0.86,0.91,0.95,0.92,0.83,0.9,0.76,0.96,0.94,0.8243333333333333,0.96,0.86,0.73,0.69,0.79,0.79,0.68,0.66,0.79,0.75,0.66,0.64
chr8_123183430,0.77,0.84,0.72,0.78,0.84,0.66,0.74,0.75,0.68,0.78,0.77,0.82,0.94,0.76,0.87,0.79,0.66,0.83,0.83,0.88,0.78,0.54,0.6,0.43,0.42,0.53,0.52,0.65,0.78,0.74,0.45
chr3_57309920,0.86,0.8,0.82,0.85,0.97,0.84,0.95,0.84,1.0,1.0,0.81,0.97,0.97,0.92,0.96,1.0,0.87,0.9,0.76,0.94,0.69,0.65,0.76,0.71,0.75,0.75,0.76,0.78,0.7,0.7,0.76
chr6_3165651,0.45,0.65,0.92,0.93,0.81,0.7166666666666669,0.7166666666666669,0.76,0.83,0.93,1.0,0.88,0.57,0.81,0.57,0.81,0.7166666666666669,0.7166666666666669,1.0,0.75,0.81,0.54,0.62,0.63,0.71,0.71,0.51,0.57,0.61,0.45,0.52
chr14_24267710,0.92,0.92,0.82,0.92,0.81,0.97,0.86,0.94,0.94,0.9,0.91,0.91,0.87,0.87,0.86,1.0,0.82,0.78,0.87,0.95,0.82,0.76,0.75,0.69,0.65,0.79,0.76,0.78,0.78,0.78,0.75
chr17_4809018,0.91,0.86,0.61,0.77,0.82,0.9,0.3,0.85,0.91,0.51,0.91,0.28,0.5,0.0,0.91,0.58,0.26,0.69,1.0,1.0,0.43,0.43,0.37,0.31,0.0,0.96,0.47,0.33,0.01,0.42,0.0
chr13_21054686,0.84,0.91,0.92,0.86,0.91,0.89,0.97,0.88,0.89,1.0,0.92,0.97,0.93,0.86,0.81,0.97,0.78,0.83,0.92,0.89,0.91,0.68,0.77,0.75,0.71,0.72,0.73,0.85,0.7,0.75,0.7
chr11_58292412,0.7,0.37,0.38,0.57,0.31,0.66,0.92,0.57,0.62,0.2,0.68,0.33,0.62,0.05,0.4,0.31,0.0,0.5376666666666666,0.27,0.5,0.37,0.84,0.89,0.71,0.68,0.34,0.72,0.75,0.7,0.92,0.75
chr9_27526049,0.95,0.77,0.65,0.44,0.92,0.6,0.95,0.84,0.86,0.96,0.57,0.4,1.0,0.36,0.34,0.85,0.0,0.0,0.88,0.96,0.0,0.36,0.0,0.41,0.0,0.44,0.47,0.53,0.42,0.0,0.54
chr7_151164536,0.71,0.52,0.65,0.57,0.54,0.65,0.63,0.72,0.62,0.71,0.7,0.58,0.75,0.71,0.66,0.56,0.64,0.58,0.55,0.75,0.71,0.49,0.46,0.46,0.39,0.52,0.39,0.49,0.52,0.55,0.36
chr2_99254906,0.0,0.5,0.71,0.57,0.9,0.91,0.87,0.83,0.93,0.52,0.66,0.59,0.56,0.54,0.0,0.92,0.44,0.62,0.0,0.51,0.83,0.91,0.0,0.0,0.0,0.0,0.49,0.4,0.41,0.43,0.39
chr7_26244197,0.73,0.57,0.73,0.84,0.82,0.82,0.86,0.81,0.8,0.83,0.74,0.86,0.75,0.77,0.75,0.57,0.75,0.68,0.58,0.92,0.72,0.52,0.66,0.62,0.59,0.56,0.54,0.58,0.54,0.63,0.53
chr10_5546377,0.76,0.7526666666666666,0.82,0.83,0.94,0.75,0.92,0.7,0.77,0.88,0.77,0.92,0.95,0.78,0.72,0.86,0.77,0.86,0.66,0.83,0.76,0.68,0.64,0.74,0.66,0.52,0.59,0.52,0.57,0.72,0.69
chr1_240468517,0.62,0.55,0.55,0.83,0.73,0.32,0.8,0.84,0.62,0.85,0.45,0.65,0.7,0.72,0.67,0.62,0.76,0.0,0.57,0.61,0.6,0.0,0.81,0.3,0.24,0.39,0.28,0.25,0.0,0.35,0.64
chr5_150558176,0.5,0.78,0.08,0.87,0.42,0.62,0.5,0.83,0.5,0.25,0.91,0.55,0.4571428571428572,0.41,0.18,0.61,0.75,0.4571428571428572,0.8,0.81,0.4571428571428572,0.02,0.48,0.0,0.57,0.3,0.0,0.45,0.26,0.35,0.0
chr6_20717304,0.88,0.83,0.95,0.92,0.92,0.91,0.95,0.92,0.92,0.9,0.83,0.92,0.94,1.0,0.9,1.0,1.0,1.0,0.83,0.85,0.93,0.79,0.83,0.82,0.68,0.8,0.75,0.8,0.79,0.71,0.62
chr3_72210980,0.44333333333333336,0.84,0.18,0.68,0.0,0.0,0.61,0.73,0.44333333333333336,0.0,0.68,0.0,1.0,0.66,0.44333333333333336,0.73,0.71,0.9,0.44333333333333336,0.72,0.78,0.61,0.5,0.0,0.0,0.46,0.6,0.0,0.03,0.55,0.0
chr1_240457033,0.86,0.78,0.75,0.71,0.78,0.4,0.8,0.77,0.87,0.72,0.46,0.84,0.8,0.64,0.76,0.74,0.85,0.0,0.52,0.86,0.73,0.0,0.84,0.44,0.41,0.4,0.39,0.43,0.02,0.41,0.69
chr9_132771056,0.91,0.94,0.93,0.9,0.89,0.94,0.87,0.9,0.8,0.86,0.88,0.9,0.97,0.88,0.84,0.92,0.93,0.87,0.91,0.91,0.79,0.67,0.7,0.67,0.8,0.8,0.79,0.77,0.7,0.7,0.76
chr5_167817083,0.85,0.9,0.78,0.9,0.75,0.88,0.79,0.81,0.7,0.78,0.82,0.9,0.9,0.83,0.7,0.88,0.93,0.78,0.82,0.94,0.8,0.76,0.6,0.69,0.65,0.71,0.67,0.69,0.56,0.61,0.59
chr15_78339170,0.96,0.78,0.96,0.81,0.88,0.92,0.94,0.89,0.94,1.0,0.96,0.85,0.92,0.91,1.0,0.96,0.91,0.95,0.95,0.84,0.95,0.78,0.79,0.77,0.7,0.77,0.76,0.77,0.81,0.73,0.74
chr22_49613119,0.86,0.87,0.87,0.82,0.93,0.9,0.91,0.88,0.84,0.86,0.85,0.89,0.91,0.85,0.9,0.88,0.83,0.78,0.9,0.93,0.79,0.7,0.64,0.66,0.71,0.75,0.72,0.79,0.75,0.7,0.71
chr11_5968062,0.83,0.92,0.4,0.47,0.95,0.82,0.86,0.81,0.94,0.87,0.88,0.9,0.83,0.85,0.41,0.92,0.87,0.82,0.9,0.91,0.85,0.42,0.88,0.0,0.45,0.0,0.43,0.0,0.0,0.87,0.84
chr5_73119643,0.68,0.59,0.8,0.62,0.64,0.64,0.66,0.67,0.64,0.84,0.71,0.52,0.67,0.57,0.6,0.62,0.83,0.56,0.82,0.64,0.83,0.52,0.5,0.51,0.38,0.33,0.53,0.5,0.7,0.47,0.46
chr5_90056161,0.64,0.45,0.58,0.6,0.44,0.6,0.55,0.59,0.5,0.55,0.38,0.65,0.69,0.52,0.67,0.57,0.34,0.37,0.63,0.52,0.56,0.23,0.33,0.28,0.34,0.46,0.38,0.29,0.33,0.24,0.25
chr2_132603713,0.9,0.75,0.87,0.86,0.91,0.9,0.87,0.96,0.9,0.84,0.88,0.9,0.93,0.9,0.77,0.94,0.87,0.84,0.75,0.86,0.92,0.79,0.71,0.78,0.67,0.69,0.65,0.72,0.72,0.62,0.61
chr22_30379685,0.83,0.9,0.77,0.9,0.95,0.92,0.91,0.91,0.94,0.37,0.33,0.51,0.95,0.92,0.88,0.96,0.0,0.88,0.86,0.44,0.8,0.53,0.0,0.47,0.53,0.5,0.35,0.0,0.87,0.57,0.48
chr8_29218347,0.89,0.85,0.67,0.82,0.84,0.73,0.87,0.87,0.78,0.88,0.85,0.93,0.92,0.78,0.93,0.78,0.83,0.75,0.9,0.86,0.83,0.69,0.76,0.68,0.64,0.6,0.62,0.75,0.61,0.61,0.64
chr13_111683899,0.78,0.9,0.56,0.93,0.96,0.94,0.94,0.9,0.94,0.91,0.79,0.96,0.9,0.86,0.84,0.94,0.87,0.84,0.82,1.0,0.87,0.7,0.81,0.74,0.57,0.65,0.73,0.7,0.76,0.75,0.62
chr13_24638251,0.66,0.65,0.54,0.5,0.81,0.62,0.84,0.72,0.7,0.59,0.3,0.57,0.72,0.57,0.56,0.53,0.53,0.61,0.77,0.63,0.43,0.49,0.37,0.43,0.4,0.28,0.41,0.48,0.14,0.48,0.54
chr12_12016286,0.37,0.82,0.66,0.92,0.42,0.0,0.0,0.0,0.2,0.0,0.0,0.36,0.4,1.0,0.0,0.0,0.0,0.0,0.0,0.63,0.41000000000000003,0.81,0.5,0.52,0.84,0.49,0.88,0.43,0.84,0.38,0.83
chr12_49668842,0.75,0.71,0.84,0.9,0.72,0.72,0.73,0.66,0.43,0.75,0.7035714285714285,0.93,1.0,0.86,0.81,0.7035714285714285,0.73,0.7035714285714285,0.83,0.73,0.69,0.61,0.69,0.61,0.58,0.57,0.45,0.56,0.6,0.62,0.62
chr1_148329338,0.63,0.5258620689655171,0.56,0.69,0.64,0.73,0.75,0.78,0.5,0.42,0.23,0.8,0.55,0.15,0.47,0.6,0.58,0.85,0.5258620689655171,0.86,0.69,0.25,0.4,0.39,0.51,0.33,0.42,0.44,0.34,0.28,0.41
chr10_71344513,0.64,0.56,0.62,0.66,0.58,0.65,0.58,0.6,0.62,0.57,0.66,0.72,0.72,0.63,0.54,0.6,0.61,0.74,0.59,0.88,0.68,0.5,0.44,0.56,0.54,0.5,0.38,0.49,0.54,0.48,0.44
chr15_41836959,0.45,0.91,0.4,0.33,0.0,0.34,0.0,0.78,0.33,0.45,0.41,0.42,0.0,0.35,0.83,0.46,0.83,0.41,0.0,0.5,0.42,0.81,0.91,0.83,0.84,0.46,0.81,0.86,0.81,0.37,0.8
chr9_2933833,0.78,0.72,0.64,0.79,0.66,0.71,0.84,0.66,0.74,0.8,0.64,0.66,0.79,0.7,0.77,0.72,0.72,0.6,0.76,0.76,0.56,0.53,0.56,0.55,0.55,0.55,0.56,0.61,0.59,0.62,0.5
chr1_200863667,0.84,0.76,0.7,0.78,0.6,0.73,0.63,0.62,0.85,0.81,0.75,0.63,0.76,0.77,0.78,0.5,0.61,0.52,0.9,0.75,0.57,0.45,0.62,0.53,0.48,0.52,0.44,0.5,0.55,0.54,0.36
chr2_215999758,0.61,0.72,0.45,0.76,0.5971428571428572,0.66,0.61,0.54,0.63,0.92,0.62,0.75,0.76,0.7,0.8,0.66,0.6,0.5971428571428572,0.6,0.5971428571428572,0.63,0.48,0.51,0.4,0.34,0.46,0.37,0.54,0.57,0.43,0.6
chr9_134338081,0.71,0.61,0.51,0.73,0.65,0.58,0.7,0.44,0.59,0.82,0.66,0.81,0.75,0.78,0.63,0.43,0.59,0.65,0.64,0.72,0.73,0.32,0.56,0.57,0.5,0.57,0.47,0.5,0.46,0.42,0.43
chr11_5059711,0.75,0.84,0.85,0.81,0.82,0.88,0.86,0.85,0.84,0.96,0.75,0.86,0.84,0.89,0.83,0.85,0.84,0.72,0.77,0.9,0.91,0.62,0.69,0.71,0.69,0.68,0.75,0.66,0.7,0.65,0.68
chr20_20017078,0.07,0.0,0.09,0.08,0.06,0.07,0.05,0.06,0.1,0.12,0.09,0.02,0.08,0.02,0.07,0.03,0.03,0.0,0.08,0.11,0.05,0.29,0.26,0.18,0.18,0.19,0.14,0.23,0.12,0.22,0.14
chr8_22226875,0.85,0.69,0.76,0.84,0.82,0.82,0.85,0.9,0.84,0.87,0.78,0.88,0.9,0.77,0.83,0.85,0.9,0.94,0.82,0.9,0.83,0.65,0.68,0.72,0.72,0.72,0.74,0.73,0.71,0.69,0.7
chr4_48602753,0.79,0.8,0.83,0.78,0.66,0.94,0.94,0.76,0.7,0.76,0.81,0.7616666666666668,0.78,0.8,0.66,0.85,0.92,0.9,0.85,1.0,0.86,0.51,0.73,0.6,0.69,0.71,0.72,0.69,0.63,0.72,0.46
chr17_52861610,0.77,0.7,0.55,0.46,0.88,0.78,0.86,0.76,0.83,0.56,0.65,0.45,0.32,0.0,0.29,0.82,0.81,0.87,0.89,0.8,0.35,0.41,0.31,0.0,0.43,0.38,0.44,0.43,0.01,0.77,0.43
chr1_158176034,0.8,0.72,0.8,0.79,0.6892857142857142,0.84,0.4,0.7,0.6892857142857142,0.8,0.6892857142857142,1.0,0.78,0.77,0.46,0.84,0.83,0.72,0.76,0.68,0.83,0.68,0.53,0.45,0.53,0.6,0.58,0.64,0.65,0.5,0.62
chr19_4912424,0.82,0.73,0.8,0.82,0.73,0.73,0.83,0.8,0.58,0.79,0.82,0.8,0.85,0.72,0.7,0.84,0.87,0.72,0.67,0.87,0.72,0.49,0.53,0.54,0.56,0.57,0.58,0.68,0.7,0.7,0.64
chr19_1954459,0.78,0.92,0.75,0.87,0.92,0.87,0.88,0.89,0.92,0.92,0.89,0.85,0.89,0.96,0.93,0.97,0.72,0.94,0.87,0.97,0.81,0.78,0.71,0.68,0.68,0.71,0.67,0.75,0.72,0.72,0.67
chr14_102761426,0.58,0.32,0.4,0.4,0.46,0.51,0.66,0.48,0.39,0.64,0.5,0.68,0.6,0.41,0.58,0.47,0.39,0.4,0.59,0.6,0.42,0.36,0.32,0.24,0.44,0.35,0.35,0.31,0.36,0.28,0.19
chr21_37062733,0.76,0.59,0.66,0.69,0.51,0.62,0.66,0.65,0.31,0.62,0.6,0.82,0.79,0.55,0.72,0.7,0.85,0.68,0.75,0.85,0.46,0.45,0.42,0.54,0.36,0.53,0.5,0.56,0.33,0.5,0.45
chr1_170545087,0.91,0.82,0.5851851851851854,0.41,0.93,0.77,0.31,1.0,0.85,0.5851851851851854,0.75,0.36,0.84,0.93,0.5851851851851854,0.4,0.9,0.5851851851851854,0.84,0.0,0.82,0.47,0.38,0.33,0.0,0.47,0.81,0.46,0.47,0.55,0.02
chr18_79941832,0.82,0.91,0.85,0.9,0.94,0.86,0.9,0.84,0.86,0.92,0.85,0.93,0.92,0.86,0.82,0.85,0.88,0.85,0.77,0.95,0.87,0.56,0.76,0.77,0.77,0.78,0.74,0.81,0.76,0.74,0.73
chr3_72995662,0.7,0.72,0.7,0.76,0.74,0.62,0.94,0.69,0.82,0.66,0.69,0.75,0.63,0.72,0.6,0.8,0.82,0.64,0.88,0.73,0.74,0.88,0.87,0.89,0.91,0.86,0.87,0.88,0.92,0.85,0.88
chr13_111683856,0.71,0.86,0.66,0.9,0.91,0.89,0.87,0.83,0.96,0.97,0.83,0.8,0.9,0.81,0.85,0.88,0.82,0.82,0.8,0.93,0.85,0.66,0.69,0.75,0.7,0.67,0.74,0.72,0.7,0.72,0.65
chr16_87982466,0.0,0.7,0.25,0.66,0.75,0.94,0.5492857142857143,0.0,0.69,0.96,0.5492857142857143,0.74,0.8,0.94,0.88,0.95,0.5492857142857143,0.66,0.0,0.71,0.9,0.0,0.63,0.0,0.0,0.0,0.64,0.67,0.62,0.63,0.66
chr7_80884916,0.92,0.79,0.91,0.87,0.86,0.9,0.81,0.8,0.93,1.0,0.9,0.86,0.92,0.88,0.8,0.9,0.85,0.9,0.8,0.86,0.9,0.78,0.72,0.79,0.76,0.73,0.74,0.74,0.78,0.74,0.65
chr13_21054665,0.77,0.84,0.85,0.78,0.81,0.82,0.93,0.84,0.85,0.89,0.81,0.9,0.91,0.79,0.8,0.9,0.72,0.8,0.77,0.93,0.87,0.61,0.75,0.65,0.72,0.71,0.76,0.7,0.76,0.71,0.69
chr8_52194316,0.53,0.59,0.58,0.54,0.46,0.57,0.52,0.45,0.58,0.6,0.61,0.56,0.71,0.47,0.75,0.69,0.4,0.72,0.59,0.78,0.57,0.3,0.38,0.47,0.47,0.46,0.3,0.41,0.45,0.39,0.28
chr3_196140154,0.74,0.69,0.57,0.77,0.76,0.82,0.88,0.68,0.8,0.72,0.92,0.8,0.61,0.81,0.78,0.83,0.92,0.82,0.68,0.86,0.66,0.54,0.67,0.59,0.52,0.7,0.53,0.43,0.46,0.52,0.37
chr13_46462526,0.82,0.8,0.73,0.88,0.9,0.91,0.9,0.96,0.8506896551724136,0.94,1.0,1.0,1.0,0.94,0.8506896551724136,1.0,0.94,0.8,1.0,1.0,0.8,0.74,0.75,0.7,0.58,0.75,0.7,0.77,0.76,0.83,0.77
chr10_104252987,0.85,0.79,0.79,0.96,1.0,0.66,0.77,0.95,0.84,0.84,0.8,0.95,0.9,0.82,1.0,0.91,0.71,0.75,0.72,0.92,0.7,0.69,0.61,0.51,0.58,0.69,0.69,0.69,0.83,0.68,0.66
chr7_147098364,0.82,0.65,0.73,0.72,0.81,0.8,0.87,0.9,0.73,0.83,0.89,0.87,1.0,0.82,0.81,0.96,0.69,0.89,0.64,0.96,0.84,0.57,0.67,0.61,0.61,0.72,0.58,0.61,0.68,0.66,0.57
chr11_56613648,0.84,0.95,0.82,0.78,0.86,0.81,0.68,0.61,0.85,0.72,0.77,0.81,0.73,0.83,0.76,0.76,0.8,0.9,0.95,0.77,0.59,0.52,0.59,0.67,0.6,0.64,0.61,0.6,0.63,0.67,0.68
chr11_61202818,0.35,0.47,0.39,0.6,0.5,0.4,0.47,0.39,0.38,0.74,0.32,0.37,0.5,0.31,0.36,0.48,0.41,0.43,0.37,0.4,0.36,0.24,0.25,0.26,0.4,0.12,0.31,0.27,0.19,0.18,0.31
chr10_124008516,0.78,0.89,0.36,0.8,0.8,0.96,0.28,0.85,0.51,0.75,0.81,0.86,0.4,0.87,0.81,0.0,0.75,0.31,0.32,0.51,0.79,0.88,0.9,0.85,0.82,0.87,0.86,0.88,0.82,0.84,0.86
chr10_365721,0.65,0.84,0.73,0.83,0.85,0.93,0.95,0.9,0.77,0.92,0.84,0.87,0.85,0.92,0.86,0.87,0.75,0.81,0.81,1.0,0.8,0.56,0.67,0.7,0.73,0.75,0.67,0.64,0.71,0.64,0.7
chr10_627989,0.78,0.84,0.82,0.9,0.86,0.91,0.82,0.93,0.8,0.92,0.76,0.91,1.0,0.91,0.83,0.91,0.8,0.79,0.89,0.91,0.87,0.76,0.73,0.76,0.72,0.76,0.7,0.75,0.71,0.73,0.73
chr1_22864632,0.96,0.87,0.95,0.96,0.95,0.88,0.84,0.87,0.9,0.73,0.88,0.86,0.91,0.76,0.84,0.85,0.89,0.75,0.79,0.88,0.84,0.72,0.75,0.75,0.73,0.74,0.69,0.69,0.71,0.7,0.69
chr16_3938837,0.43,0.57,0.08,0.5,0.47,0.26,0.52,0.54,0.42,0.33,0.36,0.43,0.5,0.47,0.41,0.64,0.3,0.66,0.08,0.23,0.4,0.13,0.22,0.28,0.21,0.08,0.18,0.22,0.09,0.3,0.2
chr17_21512319,0.4,0.39,0.47,0.47,0.33,0.4,0.45,0.38,0.48,0.55,0.51,0.25,0.42,0.48,0.31,0.52,0.37,0.53,0.54,0.44,0.38,0.35,0.17,0.25,0.3,0.18,0.25,0.35,0.27,0.18,0.34
chr3_186080285,0.71,0.64,0.47,0.6,0.39,0.45,0.55,0.43,0.4,0.54,0.55,0.6,0.69,0.39,0.5,0.54,0.55,0.51,0.51,0.69,0.57,0.32,0.36,0.41,0.44,0.46,0.29,0.39,0.22,0.15,0.15
chr17_82268406,0.87,0.72,0.77,0.78,0.69,0.87,0.73,0.73,0.72,0.83,0.69,0.81,0.85,0.67,0.86,0.7,0.68,0.74,0.87,0.8,0.82,0.6,0.61,0.6,0.73,0.62,0.61,0.65,0.61,0.54,0.64
chr2_119433777,0.85,0.91,0.73,0.94,0.86,0.76,0.81,0.81,0.82,0.9,0.75,0.81,0.86,0.75,0.86,0.84,0.85,0.95,0.8,0.93,0.71,0.56,0.64,0.75,0.74,0.57,0.61,0.68,0.6,0.68,0.6
chr3_52835247,0.57,0.68,0.75,0.81,0.73,0.82,0.69,0.1,0.65,0.48,0.0,0.62,0.84,0.64,0.0,0.81,0.66,0.76,0.47566666666666674,0.6,0.88,0.0,0.02,0.0,0.0,0.85,0.02,0.0,0.0,0.48,0.81
chr11_59617160,0.68,0.79,0.72,0.86,0.9,1.0,0.78,0.91,0.8142857142857143,0.92,0.93,1.0,1.0,0.8142857142857143,0.85,0.92,1.0,0.71,0.8142857142857143,1.0,0.91,0.78,0.67,0.74,0.64,0.72,0.62,0.69,0.72,0.75,0.59
chr6_106303549,0.95,0.88,0.82,0.94,0.9,1.0,0.73,0.73,0.7886206896551724,1.0,0.83,0.88,0.95,0.66,0.95,0.7886206896551724,0.85,0.84,0.78,0.82,0.72,0.73,0.5,0.68,0.66,0.75,0.74,0.73,0.7,0.44,0.71
chr2_36919681,1.0,0.93,0.92,0.96,1.0,0.94,0.94,0.83,1.0,1.0,0.94,0.8825000000000001,0.92,0.86,0.95,0.8825000000000001,0.8825000000000001,0.85,1.0,1.0,0.92,0.87,0.87,0.9,0.38,0.82,0.9,0.89,0.85,0.41,0.86
chr9_136459975,0.83,0.75,0.83,0.67,0.58,0.79,0.71,0.8,0.6,0.6,0.63,0.64,0.75,0.72,0.82,0.73,0.66,0.7,0.5,0.87,0.73,0.59,0.52,0.44,0.5,0.54,0.6,0.62,0.52,0.5,0.37
chr2_132603719,0.82,0.74,0.7,0.8,0.71,0.9,0.71,0.93,0.75,0.83,0.77,0.92,0.83,0.82,0.7,0.82,0.75,0.84,0.6,0.81,0.87,0.63,0.69,0.63,0.58,0.66,0.6,0.71,0.67,0.58,0.43
chr14_83318583,0.78,0.78,0.86,0.87,0.85,0.9,0.84,0.75,0.86,0.82,0.85,1.0,0.81,0.89,0.95,0.8,0.91,0.81,0.76,0.94,0.69,0.7,0.68,0.71,0.74,0.77,0.65,0.7,0.68,0.57,0.57
chr16_17804197,0.86,0.56,0.56,0.74,0.57,0.53,0.56,0.5,0.78,0.83,0.58,0.65,0.6,0.5,0.69,0.64,0.73,0.63,0.57,0.63,0.6,0.53,0.54,0.54,0.43,0.55,0.44,0.51,0.46,0.42,0.25
chr8_20789811,0.85,0.58,0.56,0.64,0.14,0.84,0.62,0.0,0.47,0.46,0.61,0.47,0.46,0.85,0.41925925925925916,0.7,0.41925925925925916,0.41925925925925916,0.41925925925925916,0.42,0.5,0.56,0.02,0.0,0.4,0.02,0.42,0.04,0.0,0.65,0.04
chr14_102761422,0.46,0.19,0.32,0.29,0.41,0.41,0.46,0.34,0.4,0.41,0.43,0.65,0.52,0.23,0.48,0.34,0.32,0.45,0.36,0.47,0.41,0.2,0.27,0.14,0.25,0.36,0.2,0.13,0.22,0.13,0.08
chr5_168763810,0.82,0.78,0.79,0.81,0.84,0.78,0.9,0.88,0.9,0.86,0.88,0.92,0.82,0.79,0.84,0.8,0.9,0.94,0.8,0.83,0.87,0.7,0.78,0.68,0.69,0.72,0.7,0.7,0.68,0.64,0.7
chr10_566483,0.72,0.9,0.86,0.79,0.96,0.83,0.92,0.93,0.84,0.82,0.94,0.92,1.0,0.84,0.84,0.97,0.75,0.76,0.92,0.93,0.91,0.7,0.69,0.75,0.71,0.78,0.73,0.73,0.74,0.7,0.55
chr5_115995162,0.77,0.7,0.65,0.91,0.75,0.6,0.86,0.62,0.71,0.77,0.76,0.73,0.86,0.73,0.68,1.0,0.6956666666666668,0.92,0.76,0.85,0.54,0.59,0.51,0.55,0.67,0.62,0.45,0.61,0.6,0.66,0.44
chr5_64206982,0.7,0.78,0.7,0.6,0.76,0.59,0.73,0.84,0.7,0.73,0.66,0.62,0.88,0.6,0.86,0.88,0.73,0.78,0.65,0.83,0.55,0.61,0.6,0.6,0.56,0.52,0.48,0.52,0.47,0.5,0.48
chr3_48632540,0.94,0.95,0.78,0.8,0.89,0.82,0.92,0.91,0.75,0.89,0.92,0.93,0.93,0.88,0.75,0.92,0.83,0.82,0.75,0.8,0.87,0.73,0.72,0.69,0.72,0.68,0.73,0.7,0.72,0.66,0.76
chr14_56178547,0.9,0.72,0.72,0.85,0.54,0.86,0.82,0.9,0.8,0.72,0.7,0.72,0.93,0.72,0.81,1.0,0.84,0.7210000000000002,0.93,1.0,0.76,0.35,0.37,0.51,0.71,0.46,0.52,0.37,0.86,0.86,0.38
chr12_122661317,0.84,0.5,0.53,0.46,0.44629629629629625,0.84,0.94,0.87,0.44629629629629625,0.92,0.27,0.31,0.91,0.66,1.0,0.41,0.41,0.0,0.0,0.44629629629629625,0.44629629629629625,0.0,0.0,0.43,0.4,0.0,0.8,0.0,0.27,0.0,0.28
chr10_112836102,0.8,0.9,0.82,0.75,0.72,0.82,0.85,0.76,0.9,0.86,0.78,0.91,0.88,0.83,0.84,0.86,0.95,0.75,0.8,0.87,0.91,0.42,0.76,0.55,0.57,0.75,0.74,0.67,0.57,0.74,0.72
chr10_121690863,0.83,0.61,0.8,0.71,0.55,0.93,0.69,0.8,0.66,1.0,0.75,0.73,0.81,0.87,0.91,0.7000000000000001,0.7000000000000001,0.8,0.92,0.7,0.72,0.53,0.53,0.5,0.62,0.62,0.41,0.37,0.68,0.54,0.71
chr6_167212381,0.77,0.53,0.5,0.47,0.35,0.95,0.76,0.51,0.66,0.0,0.9,0.44,0.88,0.0,0.81,0.0,0.0,0.84,0.57,0.73,0.53,0.37,0.0,0.41,0.0,0.4,0.48,0.0,0.48,0.0,0.31
chr7_1045325,0.65,0.68,0.55,0.73,0.8,0.73,0.8,0.75,0.69,0.76,0.64,0.81,0.81,0.85,0.81,0.73,0.69,0.81,0.73,0.82,0.85,0.43,0.67,0.64,0.5,0.64,0.65,0.63,0.54,0.55,0.58
chr10_50242787,0.87,0.95,0.7,0.76,0.94,0.92,0.92,0.8,1.0,0.9,0.94,0.58,0.96,0.96,0.92,1.0,0.93,0.93,0.91,0.97,0.95,0.9,0.49,0.0,0.88,0.4,0.82,0.88,0.04,0.91,0.76
chr1_91751415,0.84,0.86,0.78,0.9,0.9,0.89,0.84,0.96,0.88,1.0,0.87,0.87,1.0,0.85,0.95,0.86,0.88,0.83,0.86,0.87,0.84,0.73,0.65,0.45,0.0,0.85,0.85,0.83,0.72,0.51,0.77
chr20_61544541,0.49,0.92,0.45,0.89,0.27,0.93,0.87,0.87,0.56,0.44,0.87,0.89,0.95,0.9,0.0,0.9,0.53,0.85,0.81,0.5,0.92,0.41,0.43,0.44,0.39,0.92,0.44,0.83,0.0,0.0,0.0
chr1_167923397,0.6,0.6,0.65,0.74,0.61,0.74,0.5,0.82,0.6,0.62,0.5,0.8,0.79,0.75,0.5,0.63,0.5,0.62,0.52,0.77,0.5,0.38,0.51,0.4,0.42,0.66,0.42,0.44,0.41,0.37,0.37
chr16_85152053,0.72,0.78,0.8,0.81,0.0,0.64,0.86,0.72,0.86,0.9,0.65,0.82,0.84,0.74,0.67,0.82,0.88,0.59,0.78,0.75,0.7,0.45,0.58,0.51,0.45,0.48,0.0,0.51,0.52,0.71,0.78
chr13_112520990,0.89,0.86,0.75,0.89,0.93,0.95,0.88,0.9,0.83,0.88,0.95,0.89,0.9,0.89,1.0,0.83,0.96,0.84,0.87,0.97,0.91,0.73,0.65,0.7,0.75,0.73,0.85,0.8,0.71,0.74,0.58
chr16_68697720,0.96,0.94,0.75,0.85,0.92,0.95,0.88,0.81,0.95,0.88,0.89,1.0,1.0,0.88,0.87,0.88,0.89,0.79,0.9,0.95,0.92,0.67,0.8,0.77,0.69,0.73,0.66,0.82,0.79,0.79,0.63
chr3_81713309,0.88,0.78,0.91,0.89,0.87,0.91,0.9,0.9,0.97,0.91,0.93,0.87,0.88,0.88,0.87,0.91,0.92,0.7,0.92,0.91,0.88,0.69,0.77,0.75,0.68,0.75,0.79,0.76,0.82,0.79,0.62
chr9_42806998,0.41,0.5,0.53,0.41,0.66,0.35,0.76,0.55,0.2,0.38214285714285706,0.0,0.35,0.54,0.66,0.5,0.46,0.38214285714285706,0.38214285714285706,0.6,0.66,0.1,0.36,0.37,0.17,0.35,0.07,0.17,0.35,0.32,0.16,0.14
chr12_122837868,0.93,0.96,0.89,0.87,0.9,0.95,0.94,0.93,0.92,0.91,0.92,0.97,0.81,1.0,0.86,0.94,0.84,0.76,0.88,0.91,0.76,0.0,0.58,0.85,0.76,0.85,0.88,0.81,0.78,0.04,0.83
chr8_25384125,0.52,0.0,0.75,0.34,0.61,0.0,0.76,0.31,0.47,0.28,0.73,0.5,0.75,0.31,0.46,0.45,0.61,0.37799999999999995,0.23,0.76,0.45,0.0,0.27,0.19,0.12,0.29,0.18,0.14,0.36,0.22,0.28
chr6_167221742,0.63,0.0,0.45,0.61,0.61,0.9,0.92,0.53,0.71,0.4825,0.92,0.57,0.76,0.0,0.94,0.0,0.4825,0.4825,0.5,0.86,0.6,0.56,0.0,0.57,0.03,0.4,0.46,0.0,0.45,0.0,0.53
chr19_48499174,0.8,0.8,0.58,0.3,0.89,0.51,0.78,0.33,0.5,0.5203333333333334,0.53,0.8,0.5,0.6,0.5,0.59,0.47,0.75,0.7,0.85,0.41,0.23,0.27,0.06,0.35,0.06,0.36,0.36,0.8,0.63,0.3
chr11_67285336,0.34,0.11,0.24,0.13,0.3,0.26,0.19,0.41,0.1,0.23,0.24,0.11,0.23,0.23,0.2,0.28,0.26,0.28,0.32,0.06,0.16,0.59,0.33,0.48,0.45,0.32,0.5,0.2,0.53,0.63,0.43
chr1_5757085,0.5,0.5,0.56,0.5,0.57,0.54,0.63,0.57,0.64,0.5,0.55,0.61,0.55,0.53,0.54,0.69,0.5176666666666667,0.54,0.66,0.64,0.5,0.4,0.49,0.46,0.32,0.41,0.43,0.52,0.45,0.35,0.38
chr3_15257055,0.84,0.88,0.81,0.89,0.84,0.89,0.89,0.91,0.89,0.9,0.85,0.87,0.91,0.89,0.94,0.87,0.81,0.82,0.96,0.89,0.84,0.72,0.83,0.68,0.64,0.76,0.75,0.71,0.75,0.74,0.73
chr4_82946021,0.91,0.8,0.85,0.82,0.91,0.75,0.91,1.0,0.8,0.93,0.82,1.0,0.94,1.0,0.86,0.816551724137931,0.84,0.816551724137931,0.78,0.92,0.73,0.73,0.71,0.76,0.78,0.7,0.68,0.79,0.63,0.66,0.67
chr1_11479791,0.0,0.0,0.0,0.05,0.04,0.03,0.0,0.2,0.0,0.0,0.0,0.02,0.0,0.0,0.0,0.0,0.04,0.0,0.0,0.04,0.0,0.18,0.18,0.15,0.09,0.19,0.15,0.13,0.11,0.07,0.19
chr18_79941892,0.85,0.85,0.87,0.85,0.9,0.89,0.85,0.86,0.92,0.87,0.85,0.88,0.87,0.84,0.88,0.83,0.78,0.82,0.85,0.93,0.78,0.54,0.79,0.72,0.72,0.71,0.76,0.75,0.77,0.73,0.68
chr8_144506620,0.8,0.69,0.76,0.81,1.0,0.82,0.77,0.85,0.75,0.7220000000000001,0.91,0.61,0.8,0.68,0.76,0.82,0.7,0.8,0.7,0.72,0.8,0.64,0.67,0.64,0.52,0.56,0.71,0.65,0.51,0.62,0.59
chr11_5928939,1.0,0.9,0.45,0.53,0.85,0.86,0.85,1.0,0.81,0.93,0.92,0.86,0.7074999999999999,0.94,0.45,0.94,0.9,0.7074999999999999,0.92,1.0,0.7074999999999999,0.9,0.86,0.0,0.43,0.14,0.57,0.0,0.12,0.84,0.84
chr13_46462501,0.83,0.78,0.66,0.94,1.0,1.0,0.94,0.88,0.8275862068965516,0.9,0.83,0.92,0.93,0.92,0.8275862068965516,0.96,0.85,0.8,0.94,0.96,0.77,0.73,0.72,0.72,0.8,0.69,0.63,0.74,0.75,0.71,0.7
chr1_2970423,0.77,1.0,0.35,0.78,0.83,0.85,0.9,0.5,0.82,0.8,0.79,0.45,0.89,0.86,0.85,0.03,0.83,0.57,0.61,0.46,0.79,0.45,0.0,0.44,0.32,0.38,0.81,0.78,0.0,0.41,0.33
chr12_108811283,0.9,0.91,0.8003448275862067,0.94,0.72,0.85,0.76,0.92,0.95,0.77,0.92,0.88,0.87,0.89,1.0,0.86,0.8003448275862067,0.92,0.83,0.7,0.8,0.57,0.71,0.65,0.71,0.75,0.77,0.63,0.68,0.63,0.72
chr12_52661922,0.79,0.95,0.86,0.91,0.85,0.92,0.9,0.77,0.85,0.88,0.64,0.94,0.78,0.84,0.76,0.93,1.0,0.82,0.8,0.75,0.71,0.6,0.61,0.62,0.75,0.73,0.63,0.76,0.64,0.62,0.64
chr16_3938833,0.41,0.42,0.08,0.42,0.42,0.19,0.52,0.45,0.44,0.45,0.48,0.37,0.41,0.4,0.48,0.53,0.17,0.61,0.13,0.28,0.5,0.14,0.18,0.13,0.21,0.04,0.2,0.22,0.05,0.3,0.35
chr1_10456281,0.8,0.9,0.7496296296296298,0.82,1.0,0.83,1.0,0.73,0.9,0.8,0.7496296296296298,0.87,0.7496296296296298,0.78,0.75,0.78,0.7496296296296298,0.53,0.82,0.83,0.8,0.73,0.6,0.78,0.59,0.63,0.68,0.62,0.52,0.53,0.62
chr16_19177259,0.84,0.7,0.59,0.91,0.8,0.72,0.82,0.75,0.91,0.82,0.76,0.77,0.87,0.86,0.84,0.88,0.8,0.9,0.75,0.75,0.95,0.69,0.7,0.68,0.64,0.69,0.62,0.67,0.69,0.65,0.67
chr10_14478297,0.4,0.87,0.55,0.75,0.72,0.55,0.42,0.92,1.0,0.85,0.34,0.95,0.73,0.5,0.72,0.5,0.5446666666666666,0.0,0.88,0.96,0.6,0.45,0.9,0.46,0.54,0.0,0.0,0.0,0.41,0.37,0.0
chr12_34342908,0.44,0.48,0.63,0.87,0.51,0.67,0.74,0.61,0.52,0.51,0.65,0.59,0.63,0.47,0.36,0.56,0.44,0.31,0.8,0.67,0.6,0.39,0.36,0.46,0.37,0.19,0.41,0.41,0.22,0.47,0.41
chr11_12093477,0.87,0.86,0.82,0.84,0.82,0.95,0.85,0.97,0.93,0.92,0.88,0.93,0.95,0.83,0.76,1.0,0.93,1.0,0.88,0.97,0.61,0.71,0.77,0.72,0.82,0.7,0.67,0.66,0.75,0.59,0.66
chr7_16399363,0.84,0.81,0.37,0.78,0.83,0.66,0.71,0.6927586206896552,0.56,0.83,0.65,0.66,0.91,0.87,0.75,0.89,0.75,0.6927586206896552,1.0,0.89,0.64,0.57,0.61,0.6,0.4,0.56,0.56,0.71,0.63,0.61,0.44
chr9_76572670,0.83,0.93,0.92,0.91,1.0,0.86,0.94,0.8,0.96,0.89,0.95,0.88,0.96,0.92,0.89,0.86,0.94,0.89,0.82,0.88,1.0,0.76,0.75,0.75,0.78,0.81,0.74,0.83,0.71,0.68,0.68
chr17_47189891,0.35,0.54,0.29,0.26,0.57,0.4,0.43,0.42,0.33,0.32821428571428574,0.33,0.25,0.54,0.32821428571428574,0.47,0.69,0.18,0.25,0.38,0.54,0.32821428571428574,0.32,0.28,0.27,0.14,0.17,0.18,0.2,0.13,0.14,0.14
chr1_37605970,0.66,0.5,0.58,0.73,0.64,0.64,0.5,0.51,0.64,0.69,0.7,0.62,0.68,0.72,0.68,0.66,0.55,0.63,0.46,0.7,0.62,0.5,0.41,0.44,0.38,0.51,0.44,0.53,0.41,0.46,0.38
chr2_11802767,0.88,0.92,0.83,0.86,0.88,0.87,0.88,0.85,0.92,0.85,0.86,0.95,0.84,0.89,0.91,0.91,0.88,0.9,0.75,0.94,0.72,0.64,0.71,0.8,0.75,0.77,0.75,0.7,0.74,0.75,0.72
chr1_1451968,0.93,0.83,0.9,0.68,0.92,0.87,0.76,0.36,0.8,0.93,0.87,0.0,0.9,0.91,0.88,0.9,0.84,0.73,0.9,0.77,0.72,0.53,0.5,0.44,0.42,0.4,0.48,0.89,0.37,0.37,0.82
chr1_8061873,0.68,0.53,0.55,0.63,0.42,0.55,0.51,0.6,0.62,0.58,0.66,0.74,0.69,0.52,0.78,0.51,0.59,0.57,0.57,0.79,0.65,0.49,0.43,0.39,0.48,0.52,0.31,0.41,0.5,0.5,0.41
chr17_40303487,0.7,0.54,0.6,0.34,0.56,0.64,0.74,0.47,0.63,0.61,0.3,0.66,0.61,0.58,0.46,0.68,0.68,0.71,0.66,0.6,0.63,0.27,0.49,0.5,0.31,0.39,0.52,0.4,0.31,0.51,0.43
chr11_67657732,0.87,0.7,0.73,0.75,0.88,0.7,0.68,0.8,0.8,0.61,0.75,0.87,0.75,0.59,0.8,0.7,0.76,0.57,0.52,0.7,0.76,0.67,0.61,0.6,0.45,0.58,0.12,0.69,0.52,0.53,0.48
chr22_19726004,0.73,0.83,0.77,0.8,0.86,0.86,0.86,0.81,0.94,0.89,0.85,0.89,0.88,0.7,0.81,0.78,0.88,0.81,0.85,0.8,0.73,0.64,0.71,0.72,0.47,0.71,0.66,0.62,0.72,0.54,0.84
chr19_6455469,0.84,1.0,0.8442857142857142,0.83,0.9,1.0,1.0,0.91,0.76,0.95,0.9,0.91,0.9,0.85,0.8442857142857142,0.92,0.94,0.9,0.8442857142857142,0.9,0.83,0.81,0.7,0.68,0.67,0.73,0.82,0.73,0.75,0.93,0.58
chr1_159140946,0.81,0.76,0.76,0.87,0.75,0.84,0.83,0.8,0.92,0.78,0.87,0.79,0.82,0.74,0.84,0.63,0.92,0.68,0.76,0.66,0.78,0.62,0.68,0.61,0.61,0.68,0.69,0.63,0.65,0.65,0.53
chr1_24515635,0.6728571428571429,0.0,0.87,0.88,0.91,0.83,1.0,0.88,0.9,0.95,0.6,0.82,0.56,0.81,0.73,0.6728571428571429,0.6,0.93,0.6728571428571429,0.8,0.91,0.0,0.91,0.78,0.61,0.0,0.69,0.0,0.55,0.62,0.7
chr7_16399381,0.96,0.73,0.78,0.82,0.76,0.56,0.82,0.6762068965517243,0.38,0.82,0.73,0.84,0.82,0.73,0.64,0.63,0.8,0.6762068965517243,0.69,0.78,0.78,0.52,0.55,0.7,0.55,0.53,0.6,0.6,0.58,0.51,0.4
chr3_28327922,0.84,0.85,0.81,0.86,0.88,0.93,0.81,0.72,0.76,0.95,0.93,0.72,0.88,0.75,0.85,0.92,0.76,1.0,0.86,0.81,0.76,0.64,0.67,0.74,0.65,0.69,0.57,0.75,0.73,0.75,0.66
chr18_79457454,0.9,0.84,0.89,0.6,0.85,0.88,0.0,0.86,1.0,0.93,1.0,0.34,0.45,0.92,0.52,0.33,0.93,0.77,0.82,0.95,0.9,0.38,0.42,0.43,0.42,0.82,0.4,0.87,0.01,0.42,0.27
chr8_124907533,0.85,0.8,0.57,0.69,0.73,0.7,0.71,0.5,0.66,0.75,0.69,0.69,0.65,0.84,0.76,0.76,0.82,0.83,0.77,0.71,0.6,0.53,0.46,0.64,0.54,0.59,0.55,0.58,0.64,0.55,0.55
chr17_34252499,0.74,0.42,0.57,0.42,0.54,0.6,0.56,0.57,0.55,0.58,0.47,0.68,0.76,0.53,0.51,0.57,0.4,0.57,0.53,0.8,0.52,0.14,0.25,0.18,0.6,0.25,0.08,0.2,0.55,0.52,0.31
chr12_124722990,0.67,0.66,0.5,0.5,0.55,0.3,0.65,0.61,0.32,0.65,0.41,0.81,0.56,0.57,0.42,0.58,0.61,0.31,0.44,0.67,0.5,0.43,0.29,0.38,0.3,0.45,0.28,0.24,0.27,0.26,0.15
chr1_213605852,0.36,0.0,0.23,0.9,0.77,0.35,0.0,0.8,0.77,0.44,0.41,0.4,0.78,0.0,0.0,0.48,0.33,0.0,0.0,0.91,0.36,0.84,0.9,0.87,0.43,0.71,0.89,0.37,0.87,0.87,0.88
chr7_78040283,0.44,0.4,0.4,0.78,0.66,0.54,0.14,0.2,0.41,0.27,0.2,0.5,0.57,0.4,0.54,0.14,0.32137931034482764,0.32137931034482764,0.5,0.41,0.13,0.32,0.13,0.26,0.11,0.04,0.09,0.14,0.13,0.23,0.24
chr7_135282889,1.0,0.78,0.85,0.82,1.0,0.91,0.78,1.0,0.8,0.8,0.9,0.83,0.82,0.86,0.92,0.84,0.91,0.88,0.86,0.93,0.78,0.75,0.74,0.75,0.7,0.64,0.75,0.74,0.82,0.7,0.72
chr5_72574917,0.68,0.5,0.74,0.59,0.62,0.66,0.45,0.58,0.53,0.48,0.59,0.69,0.61,0.52,0.72,0.5,0.68,0.33,0.48,0.75,0.52,0.39,0.44,0.24,0.41,0.47,0.45,0.45,0.48,0.39,0.34
chr19_10336120,0.64,0.51,0.7,0.58,0.79,0.56,0.65,0.73,0.64,0.51,0.62,0.6,0.6,0.77,0.41,0.58,0.5,0.55,0.64,0.7,0.71,0.34,0.47,0.44,0.46,0.52,0.38,0.52,0.47,0.44,0.39
chr1_1330124,0.0,0.42,0.0,0.0,0.93,0.0,0.0,0.0,0.0,0.02,0.44,0.86,0.53,0.0,0.46,0.02,0.0,0.0,0.0,0.0,0.0,0.44,0.37,0.45,0.42,0.34,0.39,0.37,0.43,0.39,0.47
chr21_44574712,0.73,0.45,0.64,0.84,0.85,0.7,0.53,0.73,0.66,0.68,0.76,0.7,0.93,0.69,0.65,0.69,0.65,0.8,0.78,0.72,0.68,0.48,0.56,0.4,0.5,0.21,0.62,0.58,0.55,0.78,0.61
chr1_45260548,0.9,0.75,0.95,0.78,0.93,0.88,0.9,0.93,0.85,0.9,0.88,0.91,1.0,0.91,0.7,0.96,0.84,0.8,0.71,0.96,0.85,0.43,0.78,0.76,0.69,0.7,0.75,0.78,0.78,0.72,0.57
chr2_145769097,0.8218518518518517,0.91,0.93,0.86,0.8218518518518517,0.78,0.9,0.87,0.84,1.0,0.95,0.84,0.94,0.92,0.81,0.84,0.8218518518518517,0.8218518518518517,0.86,0.91,0.78,0.8,0.71,0.72,0.75,0.81,0.79,0.78,0.66,0.5,0.73
chr2_133765992,0.96,0.94,0.79,0.83,0.75,0.94,0.9,0.71,0.84,0.77,0.91,0.86,0.93,0.84,0.81,0.93,0.77,0.82,0.84,0.87,0.97,0.66,0.65,0.62,0.56,0.82,0.72,0.73,0.76,0.66,0.54
chr1_27957383,1.0,0.87,0.87,0.89,1.0,0.9,0.92,0.95,0.84,0.86,0.85,1.0,1.0,0.95,0.92,1.0,0.84,0.8780000000000001,1.0,0.93,0.89,0.8,0.81,0.88,0.82,0.78,0.75,0.8,0.8,0.78,0.64
chr16_22166934,0.83,0.47,0.76,0.46,0.52,0.86,0.87,0.46,0.4,0.94,0.9,0.5,0.88,0.91,0.57,1.0,0.82,0.77,0.4,1.0,0.42,0.46,0.48,0.0,0.0,0.46,0.47,0.41,0.91,0.0,0.45
chr17_62705231,0.58,0.44,0.41,0.31,0.62,0.54,0.62,0.65,0.45,0.77,0.66,0.71,0.55,0.61,0.55,0.77,0.57,0.43,0.85,0.56,0.57,0.39,0.41,0.4,0.41,0.4,0.45,0.46,0.3,0.27,0.33
chr7_33034764,0.71,0.55,0.6,0.64,0.78,0.52,0.61,0.73,0.83,0.41,0.66,0.56,0.9,0.76,0.66,0.93,0.6213333333333334,0.63,0.78,0.76,0.57,0.51,0.54,0.46,0.47,0.53,0.51,0.52,0.56,0.5,0.45
chr1_94463928,0.5210714285714285,0.74,0.56,0.68,0.73,0.57,0.47,0.79,0.5210714285714285,0.72,0.57,0.66,0.88,0.42,0.65,0.77,0.5210714285714285,0.84,0.83,0.45,0.41,0.0,0.64,0.59,0.0,0.66,0.0,0.82,0.04,0.0,0.1
chr4_1235968,0.8,0.88,0.76,0.83,0.92,0.9,0.84,0.82,0.9,0.76,0.89,0.86,0.93,0.79,0.93,0.93,0.77,0.88,0.83,0.89,0.86,0.68,0.73,0.82,0.65,0.64,0.71,0.75,0.74,0.74,0.72
chr15_78740926,0.0,0.8,0.36,0.93,0.58,0.44,0.9,0.88,0.45,0.83,0.88,0.92,0.46,0.95,0.46,0.55,0.55,0.82,1.0,0.35,0.34,0.31,0.05,0.36,0.05,0.75,0.36,0.0,0.93,0.01,0.05
chr5_161684181,0.94,0.73,0.7,0.93,0.9,0.91,0.81,0.91,1.0,0.84,0.8253571428571428,0.9,0.9,0.86,0.8253571428571428,1.0,0.8,0.8253571428571428,0.81,1.0,0.9,0.63,0.75,0.75,0.58,0.72,0.79,0.8,0.72,0.76,0.77
chr9_84517282,0.86,0.9,0.86,0.83,0.96,0.92,0.82,0.89,0.9,0.84,0.87,0.94,0.92,0.92,0.85,0.85,0.84,0.76,0.94,0.92,0.82,0.69,0.77,0.78,0.78,0.73,0.8,0.78,0.77,0.74,0.75
chr16_24845453,0.86,0.89,0.86,0.86,0.93,0.26,0.82,0.39,0.56,0.84,0.83,0.8,0.86,0.95,0.79,0.91,0.87,0.44,0.31,0.91,0.84,0.38,0.36,0.78,0.89,0.44,0.45,0.41,0.52,0.0,0.44
chr22_17189544,0.8,0.83,0.82,0.82,0.92,0.95,0.85,0.85,0.86,0.86,0.85,0.96,0.85,0.84,0.87,0.85,0.87,0.72,0.95,0.93,0.77,0.73,0.72,0.76,0.74,0.7,0.76,0.77,0.77,0.68,0.61
chr10_131669114,0.0,0.37,0.03,0.0,0.0,0.0,0.0,0.0,0.48,0.0,0.23,0.0,0.0,0.0,0.0,0.36,0.45,0.0,0.0,0.0,0.0,0.41,0.39,0.4,0.46,0.53,0.0,0.87,0.0,0.45,0.37
chr16_85932352,0.9,0.81,0.94,0.95,0.93,0.92,1.0,0.95,0.95,0.94,0.83,0.7,0.4,0.79,0.89,1.0,0.85,0.7737931034482759,0.8,0.9,0.7737931034482759,0.81,0.5,0.87,0.8,0.85,0.46,0.0,0.71,0.47,0.52
chr14_29736340,0.64,0.72,0.66,0.71,0.75,0.68,0.83,0.78,0.7,0.6,0.92,0.72,0.95,0.9,0.8,0.86,0.85,0.56,0.68,0.84,0.75,0.47,0.56,0.65,0.54,0.64,0.56,0.56,0.46,0.68,0.35
chr13_21338547,0.65,0.62,0.6,0.69,0.6,0.68,0.53,0.66,0.75,0.58,0.7,0.77,0.72,0.67,0.68,0.62,0.6,0.52,0.57,0.81,0.57,0.48,0.42,0.51,0.55,0.5,0.42,0.62,0.46,0.42,0.27
chr1_44248310,0.86,0.77,0.74,0.77,0.85,0.8,0.95,0.93,0.8,0.95,0.85,0.93,0.86,0.82,0.95,0.88,0.88,0.81,0.76,0.92,0.81,0.62,0.61,0.58,0.72,0.57,0.64,0.68,0.87,0.87,0.52
chr8_144506616,0.9,0.81,0.81,0.71,1.0,0.82,0.85,0.9,0.75,0.7355172413793102,0.83,0.72,0.81,0.71,0.78,0.72,0.7355172413793102,0.52,0.76,0.75,0.86,0.62,0.69,0.64,0.63,0.62,0.72,0.58,0.58,0.66,0.58
chr2_1818662,0.88,0.36,0.73,0.75,0.86,0.9,0.74,0.76,0.66,0.81,0.73,0.85,0.8,0.37,0.29,0.89,0.88,0.85,0.37,0.89,0.77,0.37,0.4,0.36,0.0,0.89,0.43,0.45,0.02,0.0,0.78
chr4_139511417,0.88,0.79,0.79,0.82,0.94,0.88,0.9,0.87,0.8,0.79,0.81,0.9,0.94,0.78,0.83,0.9,0.79,0.88,0.7,0.94,0.81,0.74,0.7,0.6,0.73,0.79,0.65,0.68,0.65,0.64,0.69
chr12_10090214,0.78,0.78,0.72,0.61,0.79,0.82,0.83,0.9,0.38,0.73,1.0,0.64,0.88,0.85,0.3,0.75,0.84,0.36,0.89,0.0,0.87,0.58,0.0,0.4,0.77,0.55,0.48,0.41,0.31,0.52,0.57
chr10_86228484,0.86,0.58,0.54,0.51,0.95,0.91,0.9,0.84,0.0,0.93,0.46,0.42,0.94,0.36,0.0,0.88,0.85,0.82,1.0,0.9,0.55,0.43,0.0,0.47,0.49,0.0,0.83,0.41,0.49,0.44,0.38
chr5_72223648,0.82,0.78,0.64,0.73,0.66,0.95,0.73,0.89,0.85,0.77,0.61,0.92,0.95,0.85,0.85,0.72,0.7358620689655171,0.7358620689655171,0.77,1.0,0.86,0.62,0.56,0.56,0.77,0.59,0.55,0.67,0.5,0.63,0.54
chr1_41097892,0.81,0.83,0.8014285714285714,0.75,1.0,0.8014285714285714,0.82,1.0,0.95,0.81,0.8014285714285714,0.95,0.94,0.94,0.92,0.96,0.66,0.71,0.84,0.92,0.72,0.7,0.75,0.63,0.66,0.8,0.72,0.8,0.61,0.63,0.61
chr20_24444381,0.69,0.0,0.3088888888888889,0.4,0.3088888888888889,1.0,0.58,0.31,0.2,0.0,0.75,0.0,0.71,0.0,0.63,0.57,0.3088888888888889,0.84,0.0,0.54,0.3088888888888889,0.0,0.0,0.25,0.0,0.0,0.0,0.0,0.0,0.51,0.36
chr19_36091075,0.82,0.52,0.88,0.35,0.43,1.0,0.86,0.58,0.0,0.6,0.59,0.02,0.66,0.51,0.8,0.52,0.83,0.0,0.47,0.21,0.78,0.47,0.35,0.49,0.0,0.0,0.42,0.34,0.37,0.0,0.36
chr11_134358109,0.78,0.93,0.87,0.75,0.81,0.82,0.79,0.86,0.89,0.75,0.91,0.95,0.93,0.76,0.87,0.92,0.7,0.9,0.92,0.86,0.78,0.65,0.71,0.67,0.69,0.68,0.69,0.71,0.75,0.75,0.65
chr17_9955896,0.84,0.5623333333333334,0.62,0.95,0.72,0.79,0.71,0.67,0.62,0.0,0.5,0.64,0.6,0.59,0.51,0.88,0.55,0.66,0.9,0.91,0.57,0.0,0.64,0.45,0.0,0.82,0.0,0.44,0.0,0.83,0.46
chr13_110712412,0.0,0.0,0.0,0.0,0.0,0.0,0.03,0.04,0.0,0.0,0.0,0.0,0.0,0.0,0.0,0.0,0.0,0.0,0.0,0.0,0.0,0.05,0.22,0.06,0.0,0.14,0.23,0.21,0.2,0.09,0.18
chr11_62602145,0.1,0.1,0.0,0.12,0.24,0.08,0.09,0.14,0.23,0.15,0.08,0.14,0.04,0.15,0.15,0.05,0.1,0.15,0.1,0.1,0.09,0.19,0.24,0.32,0.25,0.21,0.3,0.21,0.31,0.25,0.18
chr12_66372015,0.87,0.83,0.75,0.73,0.86,0.85,0.84,0.81,0.75,0.88,1.0,0.78,0.9,0.85,0.86,1.0,0.91,0.83,0.86,0.91,0.76,0.6,0.66,0.62,0.76,0.67,0.66,0.8,0.66,0.71,0.54
chr19_12450937,0.43,0.91,0.38,0.9,0.55,0.0,0.66,0.57,0.9,0.88,0.0,0.96,0.75,0.41,1.0,0.71,0.46928571428571436,0.46928571428571436,0.46928571428571436,0.0,0.43,0.55,0.47,0.45,0.0,0.42,0.47,0.0,0.0,0.0,0.34
chr1_24415388,0.02,0.08,0.08,0.03,0.09,0.17,0.09,0.12,0.04,0.06,0.1,0.13,0.09,0.1,0.08,0.12,0.05,0.04,0.21,0.21,0.17,0.32,0.3,0.23,0.14,0.35,0.22,0.2,0.25,0.31,0.37
chr5_133429265,0.0,0.35,0.8,0.0,0.46,0.66,0.81,0.71,0.28,0.31,0.76,0.23,0.21,0.46,0.33,0.92,0.6120689655172415,0.6120689655172415,0.8,0.71,0.8,0.72,0.8,0.86,0.92,0.85,0.85,0.81,0.75,0.77,0.82
chr7_24918950,0.44,0.44,0.73,0.43,0.0,0.36,0.61,0.96,0.0,0.56,0.35,0.59,0.86,0.68,0.48,0.88,0.35,0.47,0.47,0.89,0.73,0.0,0.93,0.44,0.0,0.0,0.0,0.0,0.0,0.0,0.45
chr11_33927124,0.67,0.65,0.65,0.71,0.84,0.85,0.82,0.87,0.68,0.8,0.8,0.85,0.69,0.88,0.78,0.92,0.71,0.75,0.7,0.87,0.7,0.64,0.75,0.56,0.53,0.62,0.51,0.64,0.66,0.47,0.54
chr5_169304855,0.52,0.0,0.72,0.44,0.45,0.65,0.27,0.68,0.32,0.36,0.45,0.33,0.5,0.27,0.0,0.0,0.0,0.3,0.4,0.0,0.0,0.71,0.72,0.77,0.71,0.8,0.28,0.75,0.38,0.69,0.32
chr2_169427355,0.88,0.92,0.9,0.9,0.89,0.87,0.9,0.85,0.84,0.91,0.86,0.92,0.97,0.9,0.86,0.97,0.76,0.87,0.97,0.85,0.9,0.73,0.75,0.78,0.74,0.82,0.83,0.8,0.83,0.79,0.68
chr2_10571855,0.83,0.9,0.77,0.91,0.94,0.97,0.94,0.9,0.95,0.93,0.96,0.97,0.9,1.0,0.96,0.92,0.51,0.88,0.97,0.64,0.85,0.79,0.0,0.88,0.87,0.85,0.52,0.89,0.55,0.44,0.84
chr3_23550531,0.83,0.9,0.9,0.89,0.89,0.9,0.9,0.96,1.0,0.9,0.81,0.96,0.91,0.92,0.92,0.92,1.0,0.81,0.93,0.97,0.8,0.77,0.81,0.79,0.67,0.74,0.78,0.82,0.82,0.71,0.67
chr2_237582073,0.8,0.75,0.8,0.65,0.7,0.82,0.77,0.58,0.65,0.72,0.8,0.94,0.83,0.82,0.9,0.68,0.72,0.64,0.88,0.8,0.7,0.56,0.6,0.6,0.6,0.53,0.59,0.61,0.74,0.6,0.63
chr4_6295490,0.5,0.56,0.66,0.85,0.81,0.63,0.76,0.64,1.0,0.69,0.57,0.75,0.91,0.84,0.84,0.76,0.6575862068965519,0.6575862068965519,0.72,0.8,0.57,0.53,0.62,0.78,0.48,0.53,0.42,0.55,0.43,0.42,0.45
chr11_130408525,0.77,0.82,0.7,0.83,0.65,0.85,0.69,0.9,0.71,0.83,0.64,0.95,0.78,0.66,0.73,0.6,0.81,0.7,0.89,0.83,0.76,0.57,0.6,0.6,0.55,0.56,0.67,0.57,0.63,0.68,0.56
chr2_27356638,0.07,0.05,0.06,0.08,0.06,0.13,0.05,0.12,0.04,0.09,0.04,0.04,0.12,0.08,0.02,0.06,0.07,0.09,0.06,0.07,0.08,0.17,0.21,0.15,0.17,0.19,0.21,0.15,0.14,0.14,0.15
chr19_12784222,0.78,0.91,0.78,0.85,0.87,0.66,0.85,0.86,0.83,0.86,0.76,0.68,0.86,0.68,0.86,0.8,0.8,0.68,0.93,0.88,0.84,0.37,0.66,0.6,0.61,0.64,0.73,0.75,0.72,0.71,0.64
chr2_218629313,0.5,0.72,0.32,0.43,0.4,0.01,0.02,0.0,0.44,0.45,0.42,0.41,0.0,0.0,0.0,0.42,0.46,0.33,0.5,0.61,0.47,0.0,0.89,0.84,0.57,0.9,0.96,0.46,0.88,0.89,0.4
chr22_39959993,0.62,0.71,0.57,0.52,0.61,0.61,0.68,0.53,0.61,0.6,0.71,0.68,0.57,0.66,0.56,0.61,0.68,0.64,0.59,0.73,0.73,0.55,0.47,0.39,0.39,0.55,0.55,0.51,0.55,0.49,0.55
chr7_26244171,0.78,0.66,0.59,0.71,0.72,0.8,0.73,0.85,0.78,0.78,0.85,0.84,0.75,0.82,0.7,0.72,0.65,0.93,0.61,0.75,0.67,0.58,0.67,0.61,0.54,0.61,0.54,0.5,0.64,0.6,0.42
chr22_30933068,0.91,0.75,0.85,0.89,0.7,0.76,0.95,0.73,0.96,1.0,0.78,0.0,0.94,0.97,0.73,0.698965517241379,0.71,0.72,0.698965517241379,0.95,0.57,0.61,0.64,0.0,0.45,0.9,0.63,0.88,0.61,0.68,0.0
chr11_60800060,0.67,0.82,0.8,0.81,0.66,0.76,0.82,0.8,0.68,0.68,0.6575,0.68,0.78,0.87,0.56,0.86,0.6575,0.6575,0.64,0.88,0.9,0.6,0.82,0.59,0.65,0.0,0.66,0.0,0.64,0.78,0.0
chr20_1803768,0.04,0.04,0.0,0.05,0.15,0.04,0.05,0.06,0.11,0.18,0.1,0.06,0.09,0.02,0.02,0.12,0.0,0.0,0.03,0.07,0.0,0.27,0.19,0.19,0.15,0.12,0.23,0.2,0.25,0.2,0.25
chr10_123102067,0.63,0.3,0.35,0.47,0.38,0.34,0.55,0.45,0.44,0.21,0.54,0.56,0.45,0.36,0.64,0.38,0.45,0.41,0.62,0.64,0.5,0.24,0.29,0.22,0.24,0.37,0.21,0.26,0.34,0.22,0.31
chr2_212035675,0.78,0.72,0.8,0.76,0.81,0.74,0.71,0.74,0.7,0.77,0.65,0.89,0.75,0.75,0.78,0.82,0.75,0.73,0.76,0.75,0.76,0.6,0.56,0.59,0.52,0.55,0.63,0.58,0.68,0.72,0.63
chr19_5016388,0.76,0.6960714285714283,0.36,0.88,0.93,0.93,0.85,0.94,0.91,0.6,0.6960714285714283,0.64,0.87,0.76,0.73,0.94,0.91,0.78,0.66,0.94,0.6960714285714283,0.7,0.0,0.78,0.53,0.53,0.54,0.0,0.86,0.58,0.58
chr5_160199120,0.61,0.68,0.47,0.63,0.72,0.55,0.65,0.52,0.56,0.57,0.36,0.62,0.53,0.61,0.67,0.69,0.5,0.57,0.46,0.82,0.43,0.34,0.47,0.46,0.34,0.47,0.48,0.37,0.39,0.38,0.46
chr6_13172914,0.92,0.33,0.38,0.96,1.0,0.92,0.94,1.0,0.93,1.0,1.0,0.65,0.88,0.55,1.0,0.86,0.46,0.6623333333333334,0.89,0.64,0.5,0.53,0.0,0.0,0.44,0.55,0.89,0.51,0.33,0.81,0.0
chr1_11450943,0.75,0.7,0.82,0.82,0.89,0.7,0.84,0.69,0.81,0.94,0.76,0.76,0.68,0.51,0.7,0.8,0.57,0.66,0.81,0.88,0.65,0.51,0.7,0.64,0.4,0.21,0.71,0.57,0.25,0.48,0.62
chr16_79580563,0.4,0.82,0.23,0.36,0.46,0.39,0.37,0.37,0.0,0.0,0.34,0.54,0.0,0.82,0.35,0.37,0.46,0.0,0.0,0.41,0.41,0.87,0.88,0.43,0.4,0.84,0.85,0.88,0.46,0.89,0.36
chr11_5244036,0.79,0.51,0.76,0.6,0.54,0.76,0.54,0.58,0.67,0.85,0.61,0.75,0.62,0.51,0.71,0.53,0.53,0.5,0.52,0.71,0.72,0.46,0.47,0.49,0.61,0.53,0.36,0.36,0.48,0.45,0.37
chr5_135544884,0.06,0.1,0.06,0.04,0.07,0.06,0.08,0.03,0.03,0.03,0.04,0.06,0.03,0.0,0.08,0.07,0.03,0.03,0.12,0.0,0.03,0.2,0.15,0.14,0.11,0.29,0.14,0.13,0.12,0.13,0.21
chr3_15257042,0.84,0.77,0.8,0.87,0.84,0.92,0.86,0.85,0.88,0.84,0.91,0.84,0.92,0.88,0.88,0.82,0.75,0.8,0.9,0.88,0.9,0.72,0.75,0.79,0.74,0.73,0.77,0.66,0.69,0.69,0.73
chr7_103729359,0.77,0.8,0.76,0.8,0.8,0.79,0.79,0.87,0.84,0.71,0.83,0.91,0.86,0.88,0.78,0.86,0.88,0.69,0.82,1.0,0.9,0.68,0.69,0.74,0.75,0.62,0.73,0.73,0.73,0.68,0.63
chr8_94896370,0.0,0.0,0.0,0.0,0.0,0.0,0.0,0.05,0.0,0.12,0.03,0.04,0.0,0.0,0.0,0.0,0.0,0.07,0.0,0.05,0.0,0.23,0.18,0.14,0.15,0.11,0.23,0.22,0.05,0.17,0.2
chr21_43612205,0.73,0.77,0.7,0.76,0.59,0.69,0.71,0.68,0.88,0.87,0.7,0.78,0.68,0.76,0.68,0.66,0.7,0.73,0.57,0.6,0.86,0.33,0.52,0.53,0.49,0.39,0.69,0.73,0.36,0.57,0.53
chr20_46615365,0.85,0.75,0.88,0.84,0.83,0.72,0.88,0.84,0.81,0.84,0.79,0.77,0.86,0.85,0.76,0.92,0.71,0.76,0.82,0.82,0.85,0.65,0.74,0.65,0.62,0.7,0.69,0.7,0.73,0.69,0.72
chr19_56541511,0.84,0.55,0.47,0.6,0.5,0.63,0.6,0.53,0.57,0.6,0.68,0.83,0.86,0.63,0.82,0.72,0.58,0.71,0.65,0.83,0.7,0.45,0.51,0.56,0.5,0.52,0.52,0.56,0.44,0.47,0.44
chr1_94396548,0.5511111111111111,0.61,0.26,0.6,0.66,0.6,0.75,0.81,0.69,0.57,0.5,0.52,0.61,0.66,0.77,0.58,0.5511111111111111,0.58,0.5511111111111111,0.86,0.5511111111111111,0.6,0.4,0.37,0.35,0.43,0.34,0.53,0.39,0.51,0.33
chr13_24638278,0.82,0.8,0.77,0.65,0.86,0.84,0.87,0.85,0.84,0.53,0.6,0.82,0.91,0.88,0.75,0.83,0.8,0.83,0.76,0.83,0.77,0.66,0.66,0.67,0.66,0.67,0.62,0.62,0.43,0.73,0.74
chr17_72654752,0.93,0.88,0.5,0.78,0.41,0.9,0.95,0.87,0.88,0.9,0.97,0.54,0.88,0.91,0.87,0.91,1.0,0.94,0.84,0.9,0.9,0.36,0.91,0.38,0.4,0.46,0.36,0.83,0.48,0.9,0.46
chr6_47684880,0.83,0.0,0.41,0.0,0.0,0.61,0.7,0.0,0.0,0.41,0.0,0.0,0.0,0.0,0.0,0.42714285714285705,0.42714285714285705,0.42714285714285705,0.66,0.95,0.8,0.54,0.62,0.63,0.6,0.7,0.84,0.84,0.53,0.53,0.76
chr2_85326063,0.94,0.73,0.58,0.78,0.8,0.81,0.88,0.69,0.7,0.89,0.84,0.89,0.76,0.86,0.66,0.76,0.75,0.75,0.42,0.86,0.66,0.48,0.63,0.59,0.65,0.67,0.53,0.67,0.49,0.64,0.63
chr13_114115784,0.71,0.93,0.73,0.86,0.74,0.69,0.86,0.8,0.91,0.82,0.92,0.89,0.87,0.77,0.06,0.9,0.75,0.83,0.75,0.91,0.83,0.82,0.83,0.48,0.67,0.38,0.42,0.36,0.35,0.47,0.7
chr11_3380759,0.95,0.85,0.83,0.92,0.94,0.85,0.79,0.93,0.92,0.89,0.76,0.86,0.91,0.82,0.91,0.93,0.9,0.95,0.82,0.88,0.83,0.73,0.75,0.7,0.78,0.7,0.81,0.79,0.76,0.69,0.8
chr2_209209442,0.69,0.88,0.16,0.73,0.91,0.69,0.84,0.89,0.73,0.6,0.52,0.41,0.6,0.9,0.37,0.48,0.75,0.56,0.94,0.93,0.65,0.0,0.73,0.51,0.51,0.02,0.88,0.25,0.5,0.02,0.02
chr16_87292122,0.0,0.48,0.55,0.35,0.42,0.0,0.0,0.34,0.0,0.4,0.94,0.34,0.93,0.43,0.97,0.33,0.52,0.84,0.58,0.51,0.76,0.47,0.93,0.9,0.88,0.87,0.44,0.9,0.85,0.82,0.89
chr8_17957053,0.82,0.8,0.86,0.83,0.9,0.86,0.83,0.93,0.77,0.89,0.95,0.89,0.97,1.0,0.86,0.91,1.0,0.8,0.85,0.88,0.88,0.71,0.7,0.78,0.68,0.75,0.82,0.75,0.76,0.77,0.58
chr6_16149126,0.94,0.96,0.82,0.88,0.94,0.81,0.88,0.88,0.89,0.84,0.94,0.84,1.0,1.0,0.93,1.0,0.81,1.0,1.0,0.95,0.83,0.7,0.76,0.7,0.79,0.76,0.71,0.84,0.83,0.74,0.54
chr10_78448962,0.74,0.76,0.79,0.92,0.75,0.7,0.71,0.8,0.84,0.93,0.81,0.85,0.84,0.89,0.85,0.8,0.77,0.84,0.77,0.84,0.76,0.63,0.71,0.69,0.52,0.6,0.51,0.8,0.72,0.62,0.55
chr5_150052503,0.0,0.0,0.43,0.0,0.0,0.6,0.0,0.0,0.61,0.0,0.0,0.0,0.0,0.0,0.0,0.0,0.0,0.29,0.31,0.0,0.0,0.6,0.03,0.51,0.44,0.0,0.58,0.61,0.93,0.0,0.79
chr12_6926497,0.65,0.46,0.64,0.63,0.47,0.63,0.43,0.58,0.52,0.5516666666666666,0.64,0.56,0.75,0.75,0.58,0.58,0.41,0.87,0.72,0.73,0.68,0.29,0.52,0.54,0.4,0.46,0.45,0.33,0.55,0.28,0.45
chr9_66267901,0.54,0.58,0.73,0.43,0.75,0.55,0.63,0.36,0.57,0.57,0.25,0.39,0.4,0.35,0.41,0.42999999999999994,0.47,0.4,0.5,0.6,0.44,0.27,0.26,0.38,0.16,0.2,0.35,0.41,0.34,0.29,0.32
chr2_241650446,0.83,0.94,0.67,0.26,0.29,0.86,0.94,0.91,0.0,0.56,0.74,0.51,0.89,0.46,0.44,0.36,0.37,0.73,0.89,0.39,0.89,0.46,0.49,0.42,0.0,0.0,0.51,0.34,0.37,0.0,0.0
chr3_142890056,0.84,0.54,0.78,0.71,0.74,0.73,0.8,0.8,0.63,0.7,0.68,0.78,0.78,0.74,0.54,0.75,0.64,0.88,0.64,0.76,0.65,0.64,0.6,0.61,0.56,0.55,0.62,0.53,0.5,0.27,0.6
chr18_12271866,0.0,0.11,0.0,0.0,0.06,0.03,0.02,0.0,0.05,0.0,0.0,0.06,0.02,0.02,0.06,0.05,0.04,0.06,0.0,0.02,0.0,0.1,0.11,0.15,0.09,0.07,0.16,0.17,0.16,0.2,0.18
chr11_5938790,0.82,0.65,0.56,0.68,0.85,0.73,0.83,0.86,0.76,0.96,0.55,0.74,0.77,0.75,0.72,0.86,0.71,0.76,0.86,0.85,0.52,0.66,0.89,0.4,0.68,0.45,0.47,0.25,0.26,0.25,0.54
chr15_39668658,0.77,0.79,0.75,0.68,0.58,0.73,0.84,0.6,0.75,0.82,0.62,0.82,0.84,0.79,0.75,0.88,0.79,0.7,0.76,0.8,0.7,0.48,0.6,0.61,0.68,0.64,0.63,0.64,0.69,0.55,0.36
chr11_124747568,0.55,0.73,0.68,0.7,0.61,0.62,0.6,0.59,0.74,0.75,0.44,0.73,0.63,0.64,0.69,0.7,0.66,0.78,0.89,0.67,0.71,0.45,0.59,0.59,0.55,0.5,0.58,0.51,0.5,0.51,0.51
chr11_126583968,0.58,0.88,0.85,0.7,0.84,0.75,0.95,0.93,0.45,0.85,0.81,0.6,0.95,0.66,0.84,0.94,0.6860714285714286,0.6860714285714286,0.6860714285714286,0.73,0.86,0.44,0.85,0.57,0.0,0.51,0.0,0.51,0.8,0.8,0.56
chr20_47000683,0.6,0.47,0.48,0.62,0.46,0.45,0.61,0.62,0.5,0.66,0.55,0.79,0.53,0.57,0.64,0.67,0.67,0.5,0.43,0.7,0.52,0.43,0.32,0.35,0.35,0.54,0.54,0.42,0.21,0.26,0.3
chr13_25932174,0.89,0.8,0.8,0.9,0.77,0.85,0.79,0.86,0.76,0.85,0.75,0.82,0.84,0.89,0.81,1.0,0.77,0.73,0.88,0.86,0.88,0.7,0.75,0.68,0.59,0.75,0.71,0.73,0.74,0.69,0.74
chr2_224239379,0.6953333333333334,0.56,0.84,0.95,0.64,0.87,0.8,0.87,0.69,0.75,0.53,0.73,0.81,0.83,0.9,0.42,0.7,0.64,0.92,1.0,0.69,0.58,0.6,0.6,0.58,0.63,0.65,0.64,0.61,0.37,0.46
chr22_45804979,0.96,0.9,0.93,0.94,1.0,0.82,0.88,0.9,0.91,1.0,0.88,0.93,0.92,0.96,0.9,0.92,0.95,0.86,0.94,0.87,0.91,0.85,0.35,0.85,0.76,0.75,0.85,0.82,0.87,0.82,0.84
chr17_19240637,0.91,0.8,0.93,0.85,0.84,0.8,0.91,0.72,0.88,0.94,0.88,0.96,0.88,0.9,0.81,0.97,0.83,0.75,0.9,0.89,0.88,0.54,0.7,0.73,0.73,0.64,0.76,0.68,0.68,0.82,0.7
chr7_80241528,0.84,0.84,0.8,0.84,0.88,0.86,0.94,0.9,0.95,0.86,0.95,1.0,0.92,0.93,0.87,0.72,0.91,0.84,0.9,0.8,0.84,0.67,0.78,0.81,0.68,0.74,0.71,0.75,0.76,0.75,0.69
chr11_119368395,0.83,0.75,0.79,0.9,0.76,0.87,0.77,0.85,0.71,0.76,0.87,0.86,0.87,0.82,0.78,0.82,0.86,0.72,0.84,0.87,0.83,0.45,0.64,0.69,0.65,0.68,0.58,0.67,0.79,0.73,0.58
chr19_16067385,0.53,0.47,0.6,0.6,0.51,0.39,0.64,0.37,0.56,0.8,0.54,0.51,0.64,0.51,0.53,0.65,0.37,0.45,0.61,0.56,0.5,0.4,0.39,0.43,0.37,0.3,0.45,0.34,0.43,0.28,0.4
chr7_130010290,0.5,0.76,0.7,0.87,0.81,0.72,0.91,0.7196296296296297,0.81,0.7,0.77,0.8,0.7196296296296297,0.85,0.75,0.7,0.7196296296296297,0.87,0.7196296296296297,0.83,0.81,0.56,0.66,0.62,0.62,0.74,0.6,0.6,0.61,0.69,0.57
chr19_52585251,0.89,0.82,0.82,0.82,0.79,0.73,0.84,0.71,0.76,0.69,0.67,0.82,0.73,0.84,0.82,0.88,0.97,0.88,0.86,0.86,0.63,0.43,0.53,0.72,0.55,0.55,0.56,0.6,0.73,0.75,0.47
chr17_78361151,0.7,0.6259259259259261,0.81,0.6259259259259261,0.6259259259259261,0.72,0.66,0.71,0.5,0.75,0.73,0.52,0.46,0.72,0.83,1.0,0.57,0.61,0.75,0.6259259259259261,0.76,0.3,0.65,0.47,0.54,0.48,0.43,0.57,0.46,0.6,0.6
chr9_134375435,0.8,0.8,0.74,0.7,0.75,0.74,0.8,0.74,0.95,0.84,0.75,0.92,0.83,0.77,0.78,0.68,0.78,0.77,0.75,0.95,0.76,0.53,0.72,0.65,0.57,0.73,0.73,0.73,0.69,0.66,0.65
chr11_67285327,0.25,0.21,0.25,0.17,0.28,0.28,0.18,0.53,0.1,0.27,0.21,0.15,0.1,0.08,0.22,0.15,0.22,0.2,0.34,0.02,0.14,0.61,0.34,0.48,0.33,0.27,0.57,0.18,0.53,0.6,0.5
chr20_61768398,0.84,0.84,0.84,0.79,0.84,0.8,0.72,0.88,0.7,0.78,0.8,0.91,0.86,0.82,0.85,0.87,0.86,0.81,0.87,0.92,0.71,0.72,0.71,0.69,0.68,0.76,0.59,0.73,0.72,0.63,0.6
chr10_96672690,0.7,0.58,0.66,0.5,0.66,0.62,0.5,0.67,0.61,0.5599999999999999,0.64,0.5599999999999999,0.68,0.69,0.6,0.62,0.5,0.5,0.52,0.71,0.8,0.4,0.46,0.5,0.44,0.52,0.45,0.4,0.4,0.46,0.45
chr11_124745568,0.27,0.5124137931034484,0.53,0.31,0.55,0.61,0.66,0.7,0.57,0.82,0.77,0.75,0.5124137931034484,0.5,0.53,0.6,0.57,0.75,0.69,0.3,0.46,0.31,0.45,0.38,0.36,0.35,0.5,0.34,0.39,0.44,0.4
chr3_46408943,0.84,0.79,0.84,0.78,0.75,0.72,0.78,0.85,0.93,0.75,0.93,0.92,0.88,0.82,0.83,0.94,0.82,0.81,0.89,0.86,0.82,0.77,0.65,0.7,0.7,0.7,0.67,0.66,0.74,0.72,0.64
chr8_138152327,0.88,0.0,0.8,0.51,0.95,0.88,0.88,0.93,0.93,0.82,0.92,0.91,0.92,0.84,0.78,0.94,0.47,0.0,0.93,0.97,0.88,0.41,0.0,0.44,0.83,0.85,0.44,0.87,0.0,0.45,0.48
chr4_78136446,0.76,0.78,0.8,0.92,0.94,0.4,0.89,0.88,0.67,0.52,0.92,0.95,0.78,0.83,0.47,0.89,0.64,0.46,0.94,0.55,0.85,0.35,0.88,0.32,0.39,0.0,0.45,0.29,0.41,0.82,0.85
chr1_9582311,0.89,0.8,0.76,0.94,0.97,0.89,0.87,0.91,0.93,0.93,0.87,0.97,0.87,0.9,0.96,0.9,1.0,0.64,0.88,0.92,0.85,0.69,0.8,0.77,0.79,0.74,0.68,0.78,0.75,0.71,0.77
chr5_150524296,0.59,0.91,0.62,0.89,0.67,0.95,0.52,0.89,0.72,0.64,0.91,0.88,0.66,0.58,0.88,0.97,0.97,0.8,0.9,0.87,0.8,0.0,0.62,0.0,0.89,0.63,0.0,0.6,0.56,0.45,0.93
chr15_41834527,0.44,0.89,0.28,0.48,0.0,0.38,0.0,0.95,0.45,0.42,0.51,0.49,0.0,0.52,0.93,0.51,0.94,0.42,0.0,0.48,0.48,0.81,0.89,0.87,0.8,0.49,0.91,0.84,0.85,0.44,0.89
chr13_46321480,0.82,0.75,0.7,0.75,0.7,0.66,0.78,0.6,0.8,0.68,0.69,0.94,0.75,0.7,0.67,0.8,0.77,0.59,0.58,0.75,0.71,0.35,0.56,0.56,0.48,0.69,0.52,0.5,0.44,0.61,0.59
chr11_128926603,0.61,0.75,0.72,0.85,0.7,0.83,0.72,0.73,0.74,0.84,0.82,0.92,0.75,0.7,0.62,0.84,0.81,0.77,0.79,0.79,0.87,0.61,0.66,0.68,0.66,0.7,0.56,0.68,0.25,0.69,0.62
chr15_41496207,0.62,0.65,0.46,0.77,0.82,0.6,0.71,0.74,0.55,0.84,0.76,0.78,0.75,0.67,0.65,0.88,0.63,0.65,0.72,0.88,0.78,0.54,0.63,0.54,0.46,0.57,0.59,0.63,0.4,0.42,0.5
chr16_2250586,0.81,0.78,0.8,0.78,0.73,0.84,0.73,0.79,0.81,0.94,0.73,0.85,0.9,1.0,0.75,0.8,0.64,0.8,0.66,0.85,0.71,0.38,0.69,0.64,0.68,0.51,0.66,0.77,0.7,0.65,0.6
chr12_132320674,0.82,0.71,0.77,0.85,0.91,1.0,0.91,0.88,0.75,0.69,0.83,0.73,0.72,0.82,0.86,0.83,0.77,0.87,0.91,0.8,0.93,0.66,0.76,0.59,0.58,0.71,0.76,0.68,0.62,0.45,0.7
chr12_131833817,0.84,0.8,0.32,0.78,0.88,0.73,0.65,0.86,0.73,0.85,0.81,0.72,0.88,0.8,0.83,0.92,0.75,0.7,0.79,0.85,0.77,0.3,0.59,0.62,0.47,0.61,0.62,0.52,0.79,0.71,0.59
chr9_69749076,0.81,0.3,0.5,0.87,0.4,0.94,1.0,0.46,0.57,0.94,0.93,1.0,0.66,0.86,0.8,0.33,0.41,0.92,1.0,0.47,0.54,0.37,0.45,0.41,0.38,0.0,0.37,0.48,0.87,0.32,0.3
chr16_1239007,0.66,0.78,0.84,0.76,0.83,0.44,0.7,0.68,0.75,0.62,0.9,0.68,0.81,0.75,0.5,0.77,0.69,0.6593103448275862,0.6593103448275862,0.76,0.64,0.65,0.62,0.56,0.42,0.55,0.6,0.52,0.5,0.5,0.64
chr10_23918599,0.4,0.8,0.85,0.73,0.9,0.91,0.78,0.86,0.83,0.82,0.3,0.85,0.9,0.83,0.81,0.38,0.82,0.82,0.33,0.79,0.38,0.57,0.0,0.45,0.52,0.39,0.45,0.85,0.52,0.4,0.45
chr2_96508858,0.75,0.73,0.8,0.85,0.8,0.79,0.81,0.75,0.76,0.75,0.76,0.84,0.91,0.78,0.81,0.84,0.76,0.76,0.82,0.91,0.61,0.67,0.73,0.55,0.67,0.67,0.7,0.72,0.67,0.69,0.61
chr1_223629657,0.31,0.54,0.37,0.46,0.24,0.28,0.62,0.62,0.35,0.66,0.42,0.38,0.26,0.0,0.66,0.34,0.46,0.42,0.59,0.43,0.0,0.01,0.2,0.0,0.18,0.26,0.13,0.49,0.27,0.16,0.09
chr9_135734716,0.84,0.78,0.61,0.94,0.88,0.72,0.88,0.86,0.84,0.83,0.87,0.85,0.92,0.89,0.9,0.92,0.85,0.77,0.9,0.88,0.77,0.63,0.59,0.48,0.71,0.6,0.57,0.65,0.87,0.8,0.57
chr16_88602326,0.83,0.96,0.75,0.65,0.83,0.88,0.95,0.87,0.76,0.79,0.84,0.88,0.84,0.9,0.73,0.79,0.85,0.84,0.82,0.9,0.78,0.48,0.69,0.69,0.71,0.72,0.77,0.62,0.74,0.7,0.61
chr21_38391546,0.9,1.0,0.68,0.94,0.88,1.0,0.9,0.9,0.8566666666666666,0.94,1.0,0.88,0.9,0.84,0.88,0.91,0.8566666666666666,0.8566666666666666,0.8566666666666666,1.0,0.92,0.64,0.75,0.72,0.72,0.8,0.81,0.8,0.8,0.9,0.72
chr3_184855767,0.0,0.0,0.42,0.0,0.0,0.0,0.87,0.92,0.0,0.5,0.47,0.6,0.44,0.46,0.95,0.96,0.44,0.0,0.91,0.45,0.4,0.5,0.45,0.91,0.88,0.54,0.92,0.92,0.93,0.92,0.86
chr10_131410842,0.27,0.94,0.76,0.43,1.0,0.82,0.85,0.47,0.88,0.52,0.7,0.92,0.85,0.95,0.86,1.0,0.44,0.6273333333333333,1.0,0.91,0.0,0.0,0.39,0.88,0.0,0.5,0.54,0.42,0.45,0.42,0.65
chr17_78751637,0.77,0.84,0.88,0.87,1.0,0.85,0.83,0.91,0.86,0.88,0.69,0.84,0.79,0.94,0.84,1.0,0.86,0.86,0.9,1.0,0.71,0.52,0.77,0.78,0.79,0.62,0.76,0.76,0.74,0.67,0.65
chr11_58068902,0.89,0.78,0.82,0.86,0.73,0.81,0.91,0.8,0.7,0.81,0.8,0.81,0.84,0.82,0.8,0.8,0.8,0.84,0.85,0.79,0.8,0.54,0.77,0.66,0.69,0.67,0.69,0.74,0.76,0.73,0.66
chr15_98625641,0.72,0.88,0.72,0.82,0.94,0.96,0.85,0.84,0.87,0.92,0.95,0.96,0.9,0.78,0.9,0.94,0.87,0.93,0.78,0.87,0.8,0.67,0.74,0.76,0.67,0.71,0.79,0.67,0.72,0.75,0.62
chr11_102685852,0.75,0.71,0.59,0.6,0.59,0.67,0.69,0.64,0.57,0.51,0.53,0.76,0.75,0.59,0.6,0.67,0.66,0.56,0.63,0.68,0.6,0.53,0.54,0.26,0.52,0.53,0.41,0.6,0.55,0.44,0.33
chr6_167908596,0.62,0.83,0.65,0.58,0.0,0.75,0.66,0.6,0.47,0.85,0.72,0.47,0.54,0.55,0.76,0.0,0.76,0.38,0.47,0.81,0.53,0.85,0.88,0.88,0.86,0.0,0.85,0.88,0.81,0.8,0.8
chr5_150389334,0.8274074074074073,0.75,0.9,1.0,0.91,1.0,0.92,0.91,0.92,0.91,0.8,1.0,0.94,0.85,0.92,0.9,0.8274074074074073,0.8274074074074073,0.8274074074074073,0.73,0.83,0.78,0.82,0.62,0.61,0.73,0.64,0.74,0.88,0.65,0.68
chr14_100603380,0.82,0.52,0.82,0.52,0.84,0.87,0.4,0.87,0.48,0.88,0.91,0.87,0.85,0.94,0.85,0.41,0.85,0.53,0.52,1.0,0.22,0.78,0.5,0.49,0.25,0.47,0.01,0.58,0.47,0.02,0.72
chr1_67830924,0.86,0.81,0.7,0.86,0.81,0.94,0.84,0.89,0.82,0.94,0.82,0.9,0.85,0.72,0.9,0.83,0.8,0.75,0.87,0.89,0.88,0.63,0.65,0.73,0.6,0.79,0.72,0.77,0.77,0.73,0.66
chr3_306319,0.5,0.6,0.45,0.76,0.4544444444444445,0.5,0.5,0.5,0.46,0.78,0.3,0.5,0.59,0.4544444444444445,0.4544444444444445,0.7,0.66,0.4544444444444445,0.5,0.35,0.5,0.28,0.39,0.38,0.0,0.0,0.36,0.27,0.3,0.63,0.51
chr17_79206548,0.75,0.76,0.7859259259259259,0.84,0.81,0.83,0.83,0.81,0.88,0.85,1.0,0.85,1.0,0.86,0.7859259259259259,0.88,0.88,0.7859259259259259,0.7,0.86,0.89,0.68,0.76,0.65,0.6,0.66,0.62,0.7859259259259259,0.65,0.75,0.57
chr7_138679907,0.73,0.9,0.84,0.37,0.92,0.89,0.94,0.85,0.86,0.9,0.91,0.93,0.36,0.87,0.0,0.55,0.9,0.78,0.8,1.0,0.46,0.0,0.0,0.51,0.74,0.96,0.38,0.49,0.39,0.43,0.6
chr3_170559186,0.85,0.65,0.78,0.75,0.81,0.83,0.87,0.85,0.87,0.7,0.83,0.9,0.9,0.81,0.88,0.77,0.81,0.9,0.71,0.76,1.0,0.56,0.61,0.71,0.62,0.67,0.56,0.65,0.77,0.57,0.6
chr6_167220185,0.86,0.06,0.67,0.55,0.56,0.89,0.92,0.66,0.94,0.5977777777777779,0.86,0.71,0.91,0.5977777777777779,0.76,0.5977777777777779,0.5977777777777779,0.75,0.4,0.84,0.71,0.62,0.0,0.65,0.0,0.65,0.7,0.0,0.8,0.0,0.67
chr20_3221423,0.0,0.91,0.6,0.0,0.5,0.4,0.9,0.89,0.87,0.94,0.87,0.88,0.9,0.93,0.9,0.87,0.92,0.7,0.48,0.89,0.92,0.9,0.0,0.0,0.5,0.86,0.0,0.43,0.48,0.51,0.0
chr17_21512046,0.11,0.35,0.29,0.41,0.26,0.37,0.39,0.38,0.48,0.64,0.37,0.46,0.22,0.18,0.12,0.52,0.28,0.5,0.53,0.3,0.09,0.16,0.12,0.13,0.21,0.14,0.22,0.25,0.11,0.14,0.2
chr11_49433614,0.76,0.79,0.66,0.73,0.84,0.78,0.89,0.68,0.65,0.69,0.82,0.84,0.93,0.83,0.86,0.85,0.84,0.59,0.68,0.85,0.84,0.59,0.66,0.7,0.62,0.48,0.63,0.6,0.57,0.58,0.5
chr2_239275255,0.13,0.03,0.07,0.03,0.03,0.16,0.04,0.17,0.08,0.05,0.09,0.03,0.03,0.1,0.14,0.04,0.09,0.1,0.04,0.05,0.02,0.46,0.2,0.24,0.25,0.07,0.26,0.04,0.31,0.24,0.3
chr16_10942995,0.5,0.42,0.54,0.5644444444444445,0.9,0.7,0.7,0.71,0.81,0.75,0.83,0.5644444444444445,0.53,0.5,0.53,0.83,0.5644444444444445,0.46,0.56,0.5644444444444445,0.69,0.25,0.41,0.43,0.3,0.42,0.52,0.5,0.44,0.47,0.54
chr7_29947155,0.83,0.71,0.5,0.66,0.55,0.73,0.67,0.66,0.7,0.81,0.72,0.72,0.8,0.75,0.69,0.7,0.77,0.57,0.68,0.86,0.8,0.63,0.63,0.63,0.53,0.57,0.6,0.59,0.48,0.6,0.47
chr16_66322464,0.87,0.88,0.95,0.91,0.52,0.95,0.83,0.96,0.96,0.86,0.95,0.88,1.0,0.9,1.0,0.88,0.9,0.76,0.88,0.9,0.93,0.46,0.89,0.78,0.45,0.89,0.45,0.52,0.82,0.6,0.79
chr5_170615393,0.9,1.0,0.75,0.82,0.45,0.83,0.91,0.85,0.76,0.94,0.0,0.62,1.0,0.88,0.84,0.92,0.74,0.86,0.87,0.97,0.78,0.38,0.0,0.39,0.46,0.86,0.0,0.83,0.48,0.89,0.44
chr5_35954041,0.77,0.33,0.0,0.84,0.53,0.72,0.65,0.77,0.85,0.33,0.45,0.65,0.28,0.78,0.68,0.37,0.66,0.15,0.77,0.84,0.75,0.85,0.89,0.86,0.69,0.83,0.77,0.94,0.88,0.89,0.83
chr19_48498593,0.82,0.9,0.65,0.18,1.0,0.78,0.68,0.39,0.64,0.5975862068965516,0.66,0.84,0.8,0.54,0.63,0.5975862068965516,0.52,0.85,0.9,0.89,0.41,0.47,0.3,0.07,0.42,0.26,0.51,0.33,0.74,0.81,0.34
chr17_21512034,0.2,0.31,0.12,0.48,0.29,0.27,0.41,0.3,0.4,0.46,0.35,0.45,0.41,0.15,0.15,0.4,0.38,0.26,0.52,0.28,0.13,0.18,0.16,0.2,0.0,0.12,0.17,0.23,0.16,0.17,0.05
chr16_87311568,0.0,0.0,0.5,0.46,0.52,0.0,0.0,0.47,0.0,0.32,0.82,0.52,0.9,0.57,0.85,0.54,0.54,0.83,0.47,0.48,0.78,0.39,0.9,0.86,0.86,0.86,0.37,0.86,0.81,0.85,0.92
chr2_144131310,0.94,0.79,0.86,0.85,0.81,0.93,0.9,0.86,0.83,0.94,0.84,1.0,0.94,0.82,0.83,0.86,0.87,0.83,0.84,0.89,0.69,0.69,0.79,0.79,0.74,0.77,0.77,0.71,0.71,0.76,0.71
chr8_75894363,0.81,0.76,0.76,0.82,0.85,0.74,0.7,0.72,0.82,0.79,0.86,0.87,0.85,0.58,0.8,0.72,0.72,0.66,0.61,0.82,0.77,0.62,0.56,0.62,0.64,0.65,0.47,0.67,0.63,0.7,0.54
chr2_158935983,0.86,0.89,0.45,0.47,0.51,0.59,0.92,0.86,0.91,0.92,0.94,0.62,0.62,0.43,0.9,0.97,0.81,0.5,0.96,0.88,0.92,0.41,0.0,0.47,0.84,0.42,0.92,0.88,0.0,0.0,0.42
chr11_73957474,0.66,0.61,0.71,0.19,0.33,0.66,0.46,0.25,0.52,0.44,0.0,0.23,0.72,0.25,0.2,0.21,0.35600000000000004,0.76,0.84,0.65,0.21,0.27,0.14,0.13,0.42,0.01,0.1,0.04,0.12,0.13,0.42
chr1_225915598,0.93,0.84,0.85,0.84,0.85,0.83,0.8,0.84,0.86,0.85,0.94,0.83,0.91,0.88,0.75,0.91,0.83,0.76,1.0,0.83,0.72,0.74,0.78,0.69,0.6,0.64,0.81,0.8,0.76,0.78,0.37
chr9_135590793,0.85,0.85,0.75,0.78,0.73,0.77,0.88,0.8,0.72,0.7,0.8,0.72,0.89,0.84,0.71,0.8,0.8,0.71,0.73,0.8,0.64,0.56,0.61,0.6,0.64,0.67,0.68,0.68,0.63,0.71,0.57
chr1_239994376,0.64,0.77,0.71,0.85,0.7,0.76,0.72,0.7,0.65,0.8,0.64,0.73,0.74,0.68,0.79,0.9,0.76,0.5,0.62,0.78,0.76,0.47,0.66,0.57,0.21,0.69,0.57,0.57,0.54,0.5,0.56
chr3_32191289,0.85,0.68,0.9,0.52,0.95,0.82,1.0,0.63,0.87,0.7031034482758621,0.91,1.0,0.94,0.61,0.88,0.75,0.81,0.45,0.7031034482758621,0.94,0.94,0.0,0.02,0.57,0.89,1.0,0.03,0.87,0.58,0.56,0.42
chr11_70711973,0.85,0.64,0.7207407407407409,0.85,0.66,0.88,0.62,0.92,0.83,0.7207407407407409,0.72,0.81,0.81,0.9,0.8,0.69,0.7207407407407409,0.7207407407407409,0.91,0.81,0.72,0.56,0.62,0.65,0.66,0.86,0.64,0.55,0.47,0.48,0.55
chr2_234823705,0.82,0.0,0.51,0.83,0.84,0.8,0.97,0.86,0.91,0.91,0.34,0.93,0.92,0.44,0.75,0.9,0.3,0.77,0.83,0.89,0.81,0.69,0.46,0.42,0.37,0.44,0.44,0.39,0.89,0.38,0.32
chr8_28621514,0.78,0.73,0.71,0.95,0.89,0.76,0.85,0.68,0.77,0.88,0.84,0.88,0.79,0.76,0.84,0.92,0.75,0.68,0.71,0.88,0.93,0.64,0.48,0.65,0.67,0.68,0.69,0.69,0.68,0.77,0.53
chr12_118775355,0.78,0.85,0.88,0.88,0.9,0.87,0.91,0.76,0.82,0.85,0.9,0.9,0.84,0.84,0.89,0.82,0.86,0.73,0.9,0.88,0.85,0.76,0.77,0.69,0.72,0.78,0.7,0.73,0.66,0.75,0.63
chr6_7890300,0.71,0.81,0.71,0.85,0.9,0.88,0.85,0.89,0.87,0.81,0.74,0.9,0.93,0.8,0.92,0.84,0.88,0.8,0.82,0.94,0.85,0.68,0.76,0.69,0.63,0.74,0.65,0.74,0.79,0.76,0.65
chr14_105364051,0.76,0.68,0.82,0.86,1.0,0.8,0.7,0.76,0.86,0.85,0.84,0.92,0.88,0.8,0.72,0.73,0.7460714285714287,0.7460714285714287,0.7460714285714287,0.82,0.66,0.62,0.68,0.62,0.61,0.66,0.64,0.66,0.62,0.75,0.57
chr2_28583939,0.56,0.4,0.58,0.5,0.66,0.66,0.47,0.58,0.65,0.78,0.64,0.65,0.6,0.69,0.5686206896551724,0.63,0.5686206896551724,0.54,0.7,0.66,0.73,0.47,0.51,0.44,0.51,0.51,0.47,0.5,0.51,0.39,0.5
chr17_34623977,0.59,0.61,0.71,0.85,0.47,0.42,0.48,0.8,0.56,0.56,0.8,0.57,0.5,0.57,0.5523333333333333,0.53,0.75,0.61,0.56,0.75,0.78,0.46,0.46,0.41,0.31,0.51,0.59,0.51,0.21,0.32,0.32
chr2_1841688,0.75,0.0,0.42,0.0,0.85,0.82,0.0,0.55,0.78,0.78,0.44,0.89,0.77,0.5,0.38,0.8,0.72,0.67,0.55,0.41,0.42,0.28,0.49,0.41,0.32,0.44,0.38,0.0,0.0,0.0,0.39
chr2_175183221,0.84,0.9,0.81,0.97,0.81,0.82,0.83,0.81,0.88,0.87,0.86,0.86,0.97,0.79,0.86,0.76,0.9,0.86,0.89,0.82,0.84,0.64,0.76,0.74,0.61,0.77,0.71,0.81,0.71,0.7,0.71
chr3_10372236,0.93,0.93,0.85,0.96,0.96,0.86,0.86,0.96,0.86,1.0,0.82,0.92,1.0,0.88,0.95,0.9,1.0,0.88,1.0,1.0,0.52,0.88,0.68,0.82,0.37,0.7,0.67,0.88,0.54,0.53,0.79
chr13_112645850,0.59,0.7,0.8,0.65,0.67,0.72,0.77,0.78,0.58,0.5,0.94,0.84,0.76,0.78,0.74,0.81,0.78,0.6,0.7,0.86,0.71,0.58,0.59,0.57,0.6,0.63,0.61,0.56,0.6,0.52,0.5
chr3_15859707,0.0,0.057241379310344835,0.0,0.0,0.0,0.0,0.04,0.0,0.05,0.05,0.02,0.03,0.0,0.03,0.05,0.05,0.0,0.057241379310344835,0.0,0.0,0.0,0.12,0.17,0.18,0.07,0.06,0.07,0.2,0.11,0.18,0.18
chr17_59847832,0.58,0.71,0.48,0.81,0.63,0.8,0.68,0.62,0.59,0.91,0.59,0.66,0.76,0.66,0.69,0.82,0.52,0.65,0.81,0.63,0.6,0.45,0.43,0.29,0.65,0.57,0.51,0.73,0.31,0.15,0.47
chr1_106960536,0.0,0.4,0.0,0.0,0.53,0.0,0.0,0.69,0.0,0.0,0.0,0.68,0.0,0.56,0.0,0.0,0.0,0.0,0.0,0.0,0.8,0.72,0.0,0.36,0.34,0.42,0.38,0.79,0.53,0.43,0.7
chr16_1024290,0.76,0.76,0.68,0.81,0.78,0.65,0.75,0.73,0.64,0.8,0.69,0.77,0.82,0.74,0.7,0.83,0.67,0.69,0.8,0.91,0.69,0.57,0.53,0.58,0.62,0.68,0.59,0.66,0.56,0.59,0.57
chr2_202508843,0.95,0.94,0.79,0.91,0.96,0.86,1.0,0.8720689655172412,0.86,1.0,0.95,0.94,0.94,1.0,0.78,1.0,0.83,0.92,0.93,0.88,0.8720689655172412,0.81,0.83,0.78,0.83,0.78,0.82,0.78,0.78,0.74,0.7
chr16_69482687,0.66,0.53,0.4,0.2,0.75,0.5100000000000001,0.6,0.81,0.69,0.53,0.57,0.54,0.61,0.66,0.5100000000000001,0.33,0.3,0.5100000000000001,0.71,0.72,0.54,0.51,0.41,0.52,0.4,0.37,0.52,0.22,0.41,0.38,0.39
chr5_688646,0.81,0.94,0.6,0.57,0.76,0.7133333333333333,0.76,0.77,0.84,0.85,0.3,0.84,0.8,0.85,0.78,0.78,0.83,0.66,0.84,0.88,0.81,0.69,0.56,0.7,0.6,0.72,0.71,0.65,0.03,0.73,0.74
chr22_33756666,0.3672413793103448,0.0,0.3672413793103448,0.66,0.0,0.0,0.52,0.53,0.73,0.84,0.4,0.63,0.54,0.56,0.54,0.48,0.61,0.46,0.7,0.35,0.43,0.0,0.66,0.0,0.39,0.0,0.0,0.0,0.0,0.62,0.0
chr19_52585264,0.8,0.5,0.86,0.76,0.47,0.68,0.71,0.61,0.68,0.75,0.59,0.78,0.78,0.78,0.75,0.62,0.84,0.8,0.75,0.87,0.59,0.46,0.38,0.44,0.61,0.41,0.44,0.47,0.75,0.56,0.42
chr16_88735257,0.58,0.46,0.46,0.69,0.47,0.44,0.51,0.48,0.41,0.64,0.54,0.74,0.75,0.44,0.48,0.71,0.45,0.6,0.4,0.62,0.42,0.39,0.33,0.42,0.24,0.39,0.3,0.43,0.46,0.42,0.17
chr3_57737224,0.8,0.87,0.92,0.79,0.87,0.9,0.87,0.82,0.9,0.73,0.92,0.96,0.91,0.94,0.82,0.84,0.82,0.83,0.75,0.92,0.8,0.71,0.78,0.75,0.65,0.79,0.75,0.73,0.7,0.7,0.68
chr11_128926575,0.85,0.75,0.79,0.78,0.73,0.77,0.82,0.64,0.8,0.82,0.76,0.86,0.92,0.84,0.69,0.91,0.83,0.83,0.71,0.79,0.83,0.67,0.71,0.67,0.7,0.71,0.55,0.74,0.43,0.66,0.62
chr21_33602570,0.82,0.57,0.68,0.66,0.71,0.71,0.62,0.43,0.65,0.67,0.52,0.69,0.79,0.7,0.8,0.7,0.65,0.58,0.75,0.86,0.64,0.49,0.6,0.49,0.49,0.48,0.53,0.6,0.53,0.6,0.45
chr12_29661072,0.44,0.97,0.9,0.87,0.93,0.0,0.92,0.62,0.88,0.0,0.82,0.95,0.95,0.94,0.45,0.5,0.84,0.78,0.9,0.97,0.75,0.86,0.91,0.0,0.39,0.51,0.42,0.4,0.37,0.32,0.01
chr14_91147213,0.86,0.96,0.8,0.82,0.96,0.94,0.83,0.77,0.76,0.85,0.97,0.89,0.93,0.85,0.82,0.93,0.8,0.93,0.91,0.96,0.83,0.81,0.72,0.8,0.71,0.76,0.75,0.73,0.76,0.61,0.6
chr12_53718306,0.93,0.86,0.88,0.41,0.92,0.91,1.0,0.83,0.97,0.93,0.96,1.0,1.0,0.51,0.97,1.0,0.96,0.58,1.0,0.94,0.93,0.51,0.41,0.88,0.39,0.0,0.52,0.48,0.96,0.86,0.9
chr6_167179087,0.02,0.4,0.0,0.48,0.46,0.51,0.44,0.81,0.38,0.08,0.22,0.55,0.46,0.0,0.48,0.0,0.55,0.78,0.3,0.45,0.75,0.28,0.21,0.22,0.0,0.2,0.34,0.02,0.0,0.15,0.14
chr18_58149413,0.76,0.7,0.72,0.74,0.69,0.62,0.62,0.62,0.6,0.78,0.71,0.82,0.81,0.72,0.73,0.82,0.6,0.47,0.58,0.87,0.73,0.52,0.58,0.52,0.51,0.6,0.48,0.6,0.59,0.6,0.51
chr11_67991973,0.76,0.54,0.84,0.63,0.63,0.5,0.66,0.66,0.51,0.44,0.55,0.68,0.45,0.56,0.89,0.52,0.72,0.55,0.57,0.72,0.67,0.49,0.49,0.46,0.42,0.47,0.51,0.47,0.45,0.45,0.51
chr2_239187845,0.7,0.51,0.6,0.66,0.79,0.65,0.71,0.6,0.48,0.8,0.69,0.82,0.74,0.7,0.66,0.73,0.75,0.75,0.65,0.73,0.51,0.52,0.5,0.48,0.38,0.55,0.47,0.6,0.52,0.6,0.45
chr1_148329021,0.75,0.53,0.52,0.4706666666666667,0.76,0.61,0.64,0.58,0.61,0.21,0.4,0.52,0.56,0.25,0.5,0.4,0.42,0.42,0.76,0.76,0.61,0.24,0.34,0.41,0.63,0.28,0.41,0.33,0.2,0.16,0.31
chr3_64151131,0.73,0.72,0.75,0.6,0.75,0.75,0.73,0.67,0.65,0.74,0.67,0.75,0.81,0.71,0.65,0.81,0.58,0.62,0.77,0.65,0.68,0.77,0.88,0.79,0.82,0.83,0.82,0.83,0.91,0.82,0.88
chr4_165008519,0.68,0.73,0.8,0.65,0.52,0.71,0.73,0.6,0.65,0.42,0.75,0.91,0.69,0.57,0.78,0.76,0.71,0.55,0.79,0.67,0.8,0.64,0.46,0.39,0.45,0.49,0.64,0.54,0.46,0.6,0.52
chr10_132668346,0.71,0.47,0.33,0.35,0.39,0.47,0.67,0.68,0.41,0.68,0.5,0.6,0.74,0.57,0.71,0.72,0.4993333333333334,0.5,0.46,0.55,0.61,0.44,0.41,0.39,0.39,0.33,0.35,0.4,0.46,0.36,0.33
chr22_46353709,0.61,0.44,0.45,0.62,0.46,0.59,0.59,0.51,0.52,0.52,0.65,0.69,0.72,0.6,0.58,0.57,0.48,0.76,0.78,0.8,0.48,0.34,0.43,0.39,0.52,0.45,0.37,0.46,0.44,0.4,0.31
chr5_180014081,0.86,0.93,0.88,0.9,0.84,0.7,0.84,0.88,0.79,0.9,0.83,0.82,0.85,0.84,0.82,1.0,0.87,0.75,0.9,0.98,0.87,0.72,0.78,0.7,0.74,0.81,0.71,0.8,0.69,0.7,0.64
chr14_94869167,0.85,0.0,0.64,0.0,0.66,0.3455555555555555,0.4,0.93,0.0,0.3455555555555555,0.62,0.0,0.65,0.65,0.3455555555555555,0.63,0.81,0.66,0.0,0.3455555555555555,0.54,0.0,0.7,0.56,0.0,0.03,0.0,0.0,0.0,0.0,0.0
chr16_17932582,0.63,0.87,0.67,0.48,0.52,0.3,0.86,0.43,1.0,0.92,0.0,0.86,0.4,0.36,0.85,0.96,0.41,0.92,0.85,0.91,0.53,0.38,0.45,0.43,0.45,0.44,0.0,0.34,0.41,0.0,0.77
chr3_72406115,0.5,0.34,0.39,0.55,0.38,0.52,0.31,0.33,0.2,0.31,0.45,0.34,0.37,0.41,0.4,0.37,0.29,0.43,0.38,0.47,0.29,0.27,0.28,0.23,0.29,0.23,0.27,0.29,0.28,0.21,0.17
chr22_32204325,0.53,0.38,0.53,0.45,0.65,0.65,0.47,0.56,0.22,0.02,0.6,0.6,0.68,0.44,0.42,0.5,0.19,0.71,0.4,0.29,0.65,0.24,0.13,0.31,0.19,0.07,0.27,0.19,0.66,0.37,0.22
chr20_58710573,0.9,0.84,0.81,0.81,0.92,0.87,0.87,0.85,0.93,0.95,0.86,0.91,0.86,0.85,0.91,0.97,0.97,0.88,0.89,0.89,0.86,0.71,0.77,0.74,0.81,0.81,0.74,0.82,0.77,0.77,0.77
chr7_99141873,0.89,0.64,0.86,0.8,0.77,0.7,0.95,0.8,0.84,1.0,0.76,0.82,0.72,0.91,0.71,0.9,0.95,0.76,0.81,0.8,0.77,0.53,0.61,0.63,0.58,0.8,0.57,0.76,0.65,0.63,0.57
chr17_21573933,0.7,0.84,0.8,0.59,0.58,0.81,0.54,0.73,0.5,1.0,0.76,0.68,0.55,0.65,0.62,0.88,0.5,0.8,1.0,0.76,0.78,0.6,0.59,0.52,0.59,0.5,0.48,0.54,0.24,0.61,0.55
chr19_48498534,0.64,0.6110344827586205,0.94,0.23,0.6110344827586205,0.76,0.78,0.37,0.66,0.81,0.69,0.72,0.62,0.76,0.7,0.7,0.61,0.94,0.9,0.95,0.42,0.5,0.31,0.22,0.71,0.4,0.52,0.39,0.63,0.6,0.24
chr17_21573962,0.57,0.78,0.47,0.29,0.3,0.38,0.52,0.31,0.44,0.53,0.43,0.52,0.21,0.43,0.47,0.46,0.45,0.53,0.7,0.61,0.52,0.36,0.42,0.24,0.36,0.26,0.36,0.26,0.09,0.28,0.4
chr3_145808202,0.64,0.64,0.52,0.77,0.06,0.0,0.82,0.26,0.3,0.36,0.5,0.41,0.34,1.0,0.78,0.85,0.6,0.78,0.0,0.47,0.0,0.33,0.0,0.42,0.0,0.4,0.0,0.41,0.01,0.0,0.0
chr2_132603709,0.88,0.4,0.8,0.88,0.5,0.85,0.79,0.9,0.82,0.36,0.82,0.9,0.93,0.7,0.77,0.84,0.73,0.28,0.77,0.81,0.96,0.71,0.7,0.7,0.66,0.32,0.64,0.36,0.57,0.61,0.51
chr15_41834580,0.5,0.96,0.3,0.48,0.0,0.56,0.0,0.88,0.41,0.65,0.56,0.52,0.0,0.41,0.91,0.55,0.9,0.44,0.0,0.54,0.55,0.83,0.92,0.83,0.87,0.49,0.89,0.85,0.82,0.48,0.84
chr20_53594315,0.18,0.17074074074074078,0.0,0.17074074074074078,0.1,0.3,0.17,0.09,0.1,0.07,0.07,0.25,0.07,0.1,0.15,0.11,0.11,0.06,0.17074074074074078,0.13,0.0,0.19,0.59,0.23,0.17074074074074078,0.2,0.36,0.25,0.26,0.19,0.28
chr5_62041689,0.86,0.88,0.87,0.86,0.88,0.82,0.84,0.89,0.84,0.8,0.85,1.0,0.97,0.85,0.89,0.85,0.95,1.0,0.92,0.96,0.62,0.65,0.79,0.78,0.77,0.72,0.8,0.81,0.78,0.73,0.79
chr17_21512326,0.56,0.54,0.45,0.66,0.61,0.54,0.52,0.52,0.65,0.78,0.63,0.43,0.75,0.58,0.44,0.76,0.55,0.54,0.62,0.65,0.5,0.48,0.36,0.45,0.5,0.33,0.2,0.52,0.36,0.25,0.45
chr19_45882770,0.53,0.76,0.52,0.31,0.66,0.67,0.44,0.79,0.61,0.84,0.75,0.73,0.65,0.62,0.61,0.6,0.54,0.63,0.86,0.63,0.8,0.39,0.53,0.56,0.44,0.46,0.5,0.59,0.35,0.5,0.45
chr10_50024960,0.26,0.18,0.52,0.42,0.36,0.2,0.29,0.31,0.09,0.48,0.28,0.27,0.54,0.14,0.21,0.21,0.11,0.42,0.03,0.21,0.27,0.17,0.11,0.03,0.07,0.07,0.12,0.12,0.05,0.15,0.19
chr19_15250056,0.76,0.86,0.69,0.89,0.81,0.91,0.84,0.89,0.77,0.8,0.68,0.96,0.88,0.77,0.88,0.96,0.59,0.79,0.94,0.91,0.86,0.73,0.63,0.79,0.64,0.61,0.59,0.68,0.66,0.59,0.6
chr22_19722513,0.8,0.89,0.74,0.88,0.94,0.81,0.78,0.75,0.85,0.85,0.7,0.88,0.93,0.76,0.82,0.91,0.75,0.87,0.96,0.95,0.81,0.42,0.9,0.59,0.64,0.76,0.62,0.73,0.71,0.6,0.6
chr22_15689327,0.36,0.3,0.28,0.25,0.28,0.33,0.25,0.47,0.4,0.23,0.23,0.28,0.36,0.4,0.16,0.35,0.22,0.33,0.3,0.1,0.37,0.35,0.46,0.56,0.53,0.49,0.57,0.49,0.43,0.4,0.48
chr16_87295321,0.0,0.0,0.05,0.51,0.37,0.0,0.0,0.44,0.0,0.53,0.33,0.0,1.0,0.5,0.84,0.0,0.0,0.88,0.42,0.0,0.0,0.37,0.48,0.4,0.82,0.9,0.45,0.41,0.8,0.46,0.92
chr5_40765501,0.91,0.86,0.9,0.89,1.0,1.0,0.92,0.97,0.96,0.96,0.96,0.88,1.0,0.96,0.89,0.95,0.96,0.89,1.0,0.97,0.87,0.77,0.79,0.9,0.79,0.75,0.76,0.83,0.86,0.78,0.81
chr2_159057806,0.91,0.8,0.54,0.44,0.51,0.32,0.51,0.88,0.85,0.71,0.38,0.48,0.36,0.0,0.95,0.47,0.83,0.0,0.3,0.85,0.84,0.44,0.0,0.0,0.37,0.0,0.57,0.45,0.0,0.0,0.45
chr5_177431703,0.0,0.0,0.05,0.08,0.0,0.12,0.06,0.11,0.03,0.0,0.03,0.02,0.0,0.06,0.21,0.05,0.08,0.0,0.0,0.0,0.0,0.37,0.19,0.29,0.11,0.11,0.29,0.0,0.37,0.23,0.25
chr2_240464548,0.0,0.71,0.18,0.0,0.9,0.78,0.74,0.98,0.66,0.72,0.82,0.88,0.5882758620689656,0.5882758620689656,0.76,0.91,0.87,0.9,0.87,0.91,0.81,0.0,0.0,0.73,0.0,0.0,0.75,0.84,0.65,0.0,0.69
chr15_76261338,0.66,0.2,0.21,0.29,0.11,0.2,0.83,0.48000000000000015,0.19,0.81,0.23,0.27,0.87,0.7,0.15,0.48000000000000015,0.25,0.23,0.05,0.48000000000000015,0.33,0.75,0.78,0.4,0.71,0.81,0.8,0.88,0.53,0.3,0.9
chr19_5076766,0.83,0.47,0.47,0.51,0.91,0.87,0.72,0.84,0.81,0.58,0.83,0.46,0.88,1.0,0.74,0.83,0.87,0.88,0.36,0.92,0.19,0.45,0.11,0.42,0.54,0.4,0.87,0.54,0.52,0.44,0.01
chr18_39801392,1.0,1.0,0.8,1.0,0.9085714285714286,1.0,0.83,0.92,1.0,1.0,1.0,0.91,0.86,0.91,1.0,1.0,0.9085714285714286,0.9085714285714286,1.0,1.0,0.95,0.8,0.71,0.8,0.89,0.88,0.9,0.85,0.8,0.81,0.82
chr2_73614320,0.23,0.14,0.27,0.09,0.13,0.25,0.29,0.35,0.31,0.1,0.4,0.08,0.1,0.16,0.28,0.27,0.42,0.26,0.28,0.12,0.19,0.4,0.53,0.37,0.3,0.45,0.56,0.22,0.52,0.47,0.48
chr3_145808128,0.4786666666666665,0.7,0.66,0.73,0.33,0.2,0.69,0.38,0.75,0.47,0.35,0.45,0.43,0.75,0.76,1.0,0.62,0.75,0.35,0.53,0.37,0.39,0.26,0.55,0.16,0.24,0.27,0.5,0.28,0.17,0.27
chr4_18935945,0.77,0.73,0.81,0.69,0.88,0.75,0.36,0.42,0.37,0.84,0.32,0.51,0.86,0.39,0.69,0.7,0.48,0.74,0.0,0.48,0.48,0.57,0.36,0.0,0.01,0.0,0.42,0.41,0.39,0.46,0.4
chr11_128709526,0.84,0.7,0.71,0.78,0.75,0.61,0.85,0.76,0.7,0.78,0.7124137931034484,0.84,0.71,0.87,0.78,0.71,0.7,0.7124137931034484,0.75,0.86,0.71,0.65,0.62,0.57,0.76,0.65,0.61,0.67,0.48,0.57,0.67
chr5_172456582,0.82,0.5,0.75,0.57,0.38,0.63,0.9,0.63,0.5,0.76,0.85,0.78,0.9,0.63,0.6443333333333334,0.86,0.72,0.63,0.87,0.6,0.72,0.56,0.62,0.62,0.54,0.59,0.62,0.59,0.5,0.35,0.34
chr20_46308430,0.5,0.4082142857142857,0.62,0.76,0.36,0.45,0.44,0.54,0.4082142857142857,0.45,0.42,0.44,0.26,0.33,0.35,0.5,0.35,0.4082142857142857,0.69,0.41,0.55,0.31,0.39,0.32,0.19,0.33,0.33,0.2,0.35,0.29,0.3
chr5_95891131,0.73,0.89,0.8,0.75,0.69,0.86,1.0,0.73,0.78,0.77,0.57,0.71,0.84,0.69,0.75,0.71,0.5,0.7033333333333331,0.61,0.81,0.73,0.61,0.65,0.61,0.64,0.63,0.65,0.61,0.58,0.62,0.58
chr1_150973360,0.72,0.61,0.78,0.64,0.6,0.46,0.65,0.79,0.58,0.84,0.54,0.69,0.6,0.73,0.58,0.51,0.48,0.48,0.68,0.77,0.76,0.33,0.52,0.5,0.5,0.54,0.49,0.57,0.4,0.5,0.41
chr1_1361678,0.0,0.54,0.0,0.0,0.0,0.0,0.02,0.0,0.0,0.0,0.32,0.81,0.34,0.0,0.38,0.0,0.0,0.0,0.0,0.0,0.0,0.32,0.43,0.4,0.35,0.0,0.43,0.44,0.15,0.5,0.51
chr7_78040427,0.37,0.47,0.29,0.47,0.5,0.27,0.0,0.15,0.16,0.0,0.15,0.55,0.44,0.42,0.46,0.04,0.16,0.2,0.22,0.33,0.08,0.19,0.04,0.11,0.0,0.0,0.02,0.09,0.02,0.1,0.12
chr5_135049935,1.0,0.8,0.94,0.78,1.0,0.87,0.69,1.0,0.88,0.82,0.8386666666666667,0.93,0.9,0.83,1.0,1.0,0.85,0.83,0.9,1.0,0.72,0.77,0.78,0.55,0.8,0.8,0.79,0.69,0.74,0.75,0.75
chr2_239816464,0.7789285714285714,0.5,1.0,0.94,0.93,0.95,0.7,0.95,0.38,0.94,0.77,0.91,0.92,0.9,0.9,0.83,0.7789285714285714,0.7789285714285714,0.95,0.92,0.86,0.64,0.55,0.66,0.88,0.83,0.48,0.8,0.75,0.57,0.4
chr11_7519868,0.88,0.76,0.73,0.82,0.96,0.83,0.9,0.96,0.94,0.95,0.86,0.96,0.89,0.87,1.0,0.88,0.86,0.88,0.87,0.92,0.81,0.72,0.75,0.68,0.77,0.64,0.85,0.77,0.77,0.67,0.68
chr12_57670883,0.79,0.93,0.56,0.9,0.81,0.73,0.93,1.0,0.73,0.95,0.84,0.95,0.72,0.93,0.85,0.84,0.84,0.73,0.84,1.0,0.7883333333333333,0.63,0.78,0.6,0.65,0.68,0.72,0.75,0.71,0.64,0.62
chr9_686786,0.83,0.89,0.72,0.83,0.92,0.79,0.82,0.83,0.86,0.8,0.86,0.84,0.96,0.86,0.71,0.86,0.87,0.72,0.7,0.89,0.84,0.49,0.71,0.68,0.68,0.74,0.75,0.73,0.7,0.7,0.66
chr7_151037212,0.78,0.54,0.73,0.63,0.76,0.63,0.6,0.6,0.66,0.67,0.76,0.86,0.68,0.51,0.62,0.6,0.73,0.46,0.68,0.81,0.77,0.48,0.52,0.52,0.47,0.46,0.51,0.56,0.67,0.5,0.26
chr5_77785660,0.76,0.79,0.0,0.53,0.38,0.38,0.6,0.0,0.48,0.0,0.6,0.25,0.95,0.6,0.6,0.87,0.61,0.61,0.63,0.0,0.42,0.78,0.86,0.86,0.0,0.83,0.82,0.89,0.55,0.84,0.83
chr1_18199742,0.5,0.59,0.52,0.68,0.64,0.65,0.64,0.61,0.57,0.62,0.52,0.37,0.66,0.75,0.36,0.4,0.68,0.8,0.86,0.64,0.61,0.3,0.38,0.51,0.4,0.52,0.51,0.48,0.24,0.34,0.45
chr11_8776149,0.46,0.5,0.61,0.8,0.76,0.53,0.8,0.91,0.9,0.23,0.34,0.14,0.81,0.63,0.61,0.61,0.6362068965517242,0.33,0.25,0.15,0.6362068965517242,0.81,0.83,0.88,0.64,0.86,0.76,0.88,1.0,0.78,0.64
chr1_148294460,0.82,0.0,0.53,0.0,0.71,0.68,0.56,0.48,0.48,0.92,0.85,0.0,0.31,1.0,0.61,0.76,0.54,0.48,0.48,0.68,0.84,0.0,0.0,0.66,0.55,0.0,0.6,0.67,0.05,0.62,0.0
chr14_24267682,0.95,0.91,0.79,0.87,0.8,0.97,0.89,0.88,0.86,0.97,0.88,0.85,0.85,0.89,0.92,0.76,0.86,0.83,0.91,0.91,0.82,0.79,0.75,0.66,0.68,0.76,0.72,0.74,0.82,0.75,0.64
chr18_79548470,0.85,0.96,0.68,0.84,0.89,0.93,0.88,0.85,0.87,0.91,0.84,0.94,0.83,0.44,0.9,0.96,0.89,0.86,0.92,0.89,0.93,0.81,0.38,0.37,0.83,0.91,0.9,0.4,0.39,0.83,0.32
chr17_30920696,0.86,0.87,0.4,0.34,0.0,0.44,0.0,0.55,0.0,0.96,0.45,0.0,0.0,1.0,0.59,0.5,0.33,0.71,0.32,0.38,0.0,0.87,0.52,0.46,0.82,0.51,0.88,0.86,0.86,0.46,0.52
chr1_39567633,0.94,0.9,0.85,0.96,0.75,0.87,0.77,0.85,0.94,0.93,0.95,0.96,0.87,0.94,0.87,0.86,0.73,0.9,0.66,0.89,0.85,0.68,0.73,0.75,0.64,0.8,0.78,0.83,0.79,0.69,0.56
chr9_133954165,0.5,0.65,0.0,0.7,0.81,0.0,0.9,0.4,0.77,0.0,0.79,0.76,0.0,0.23,0.4,0.81,0.77,0.64,0.77,0.85,0.77,0.45,0.86,0.84,0.79,0.82,0.8,0.81,0.84,0.83,0.8
chr7_16399946,0.77,0.8,0.78,0.79,0.56,0.73,0.65,0.72,0.7,0.71,0.63,0.8,0.77,0.66,0.76,0.68,0.66,0.58,0.68,0.68,0.58,0.61,0.59,0.54,0.46,0.64,0.6,0.55,0.6,0.55,0.42
chr16_87412638,0.84,0.93,0.88,0.94,0.81,0.8155172413793104,0.85,0.86,0.76,0.92,0.86,0.85,0.93,0.75,0.93,0.93,0.8155172413793104,0.66,0.81,0.96,0.85,0.72,0.79,0.69,0.71,0.78,0.78,0.74,0.66,0.68,0.78
chr3_63992869,0.83,0.7,0.62,0.62,0.48,0.64,0.45,0.52,0.62,0.51,0.62,0.9,0.87,0.78,0.8,0.75,0.67,0.58,0.65,0.82,0.41,0.39,0.31,0.42,0.25,0.21,0.38,0.5,0.73,0.61,0.34
chr12_34343271,0.37,0.14,0.54,0.68,0.66,0.75,0.78,0.5,0.6,0.5,0.31,0.5,0.44,0.72,0.58,0.56,0.48407407407407405,0.48407407407407405,0.48407407407407405,0.5,0.48407407407407405,0.44,0.45,0.44,0.4,0.43,0.43,0.42,0.22,0.23,0.48
chr21_45283823,0.42,0.88,0.62,0.55,0.58,0.88,0.91,0.93,0.57,0.89,0.86,0.88,0.0,0.94,0.93,0.9,0.51,0.81,0.92,0.9,0.47,0.86,0.47,0.01,0.35,0.44,0.48,0.46,0.46,0.46,0.87
chr4_144117165,0.84,0.73,0.6,0.35,0.85,0.75,0.82,0.0,0.53,0.5,0.69,0.47,0.67,0.26,0.48,0.42,0.9,0.75,0.37,0.03,0.85,0.69,0.02,0.47,0.3,0.01,0.06,0.02,0.06,0.3,0.4
chr16_88735532,0.91,0.96,0.8,0.78,0.92,0.81,0.93,0.93,1.0,0.85,0.9,0.94,0.83,0.81,0.8,0.91,0.95,0.88,1.0,0.97,0.94,0.74,0.8,0.74,0.67,0.77,0.75,0.77,0.75,0.81,0.64
chr3_142889670,0.3,0.16,0.23,0.21,0.36,0.21,0.23,0.38,0.38,0.23,0.19,0.21,0.46,0.35,0.39,0.37,0.43,0.28,0.44,0.34,0.5,0.18,0.13,0.22,0.17,0.18,0.19,0.13,0.17,0.1,0.19
chr20_59074730,0.0,0.46,0.4,0.55,0.73,0.23,0.87,0.0,0.86,0.43,0.0,0.62,0.66,0.88,0.0,0.0,0.35,0.66,0.17,0.52,0.52,0.31,0.0,0.0,0.0,0.0,0.41,0.0,0.01,0.0,0.38
chr18_76274702,0.75,0.76,0.62,0.62,0.78,0.7,0.66,0.84,0.7,0.91,0.65,0.88,0.71,0.88,0.8,0.86,0.69,0.68,0.72,0.84,0.63,0.52,0.6,0.59,0.45,0.55,0.49,0.64,0.64,0.76,0.49
chr7_132758242,0.8,0.75,0.67,0.72,0.62,0.69,0.67,0.72,0.84,0.73,0.71,0.88,0.85,0.73,0.59,0.76,0.72,0.44,0.7,0.78,0.66,0.65,0.56,0.63,0.56,0.59,0.61,0.64,0.55,0.56,0.55
chr15_79673853,0.63,0.6,0.66,0.95,0.62,0.78,0.83,0.86,0.66,0.86,0.8,0.94,0.63,0.82,0.8,0.78,0.88,0.84,0.64,0.8,0.84,0.62,0.4,0.67,0.62,0.43,0.77,0.57,0.23,0.46,0.75
chr1_26322050,0.55,0.3599999999999999,0.23,0.0,0.3599999999999999,0.5,0.5,0.38,0.55,0.46,0.37,0.5,0.31,0.78,0.38,0.5,0.57,0.51,0.06,0.3599999999999999,0.3599999999999999,0.21,0.1,0.35,0.26,0.15,0.34,0.37,0.27,0.32,0.2
chr2_61460299,0.82,0.83,0.59,0.73,0.82,0.65,0.74,0.67,0.7,0.89,0.84,0.91,0.82,0.68,0.92,0.91,0.62,0.77,0.74,0.8,0.75,0.59,0.71,0.65,0.63,0.59,0.56,0.64,0.56,0.56,0.49
chr5_170197291,0.5,0.83,0.92,0.86,0.94,0.97,0.0,0.95,0.0,0.96,0.95,0.97,0.92,0.53,0.86,1.0,0.5,0.3,0.54,0.0,0.0,0.41,0.0,0.42,0.45,0.43,0.86,0.33,0.45,0.4,0.34
chr8_118112584,0.0,0.0,0.45,0.0,0.0,0.0,0.0,0.0,0.0,0.45,0.0,0.0,0.36,0.47,0.0,0.0,0.22,0.85,0.36,0.74,0.43,0.0,0.42,0.48,0.51,0.65,0.87,0.43,0.47,0.44,0.55
chr2_113128161,0.89,0.53,0.77,0.81,0.75,0.61,0.71,0.65,0.75,0.75,0.8,0.8,0.69,0.76,0.71,0.64,0.62,0.47,0.75,0.6,0.77,0.41,0.57,0.58,0.46,0.57,0.6,0.62,0.56,0.47,0.59
chr3_74712314,0.7,0.41448275862068956,0.31,0.75,0.9,0.06,0.0,0.57,0.41448275862068956,0.84,0.66,0.63,0.73,0.47,0.0,0.68,0.91,0.0,0.53,0.6,0.7,0.0,0.0,0.55,0.93,0.0,0.0,0.5,0.0,0.0,0.0
chr11_58318227,0.84,0.81,0.81,0.84,0.9,0.79,0.63,0.8,0.63,0.96,0.9,0.88,1.0,0.71,0.85,0.86,0.84,0.7543333333333334,0.7,0.87,0.62,0.54,0.6,0.55,0.6,0.64,0.68,0.67,0.88,0.66,0.57
chr12_30980108,0.74,0.44,0.87,0.84,0.91,0.74,0.52,0.77,0.77,0.46,0.46,0.55,0.64,0.45,0.71,0.77,0.29,0.57,0.8,0.43,0.69,0.0,0.45,0.0,0.0,0.81,0.0,0.39,0.46,0.46,0.52
chr16_23142442,0.77,0.77,0.82,0.85,0.83,0.78,0.85,0.85,0.83,0.85,0.83,0.87,0.87,0.8,0.72,0.78,0.93,0.9,0.86,0.83,0.8,0.6,0.75,0.79,0.75,0.63,0.74,0.76,0.6,0.72,0.64
chr1_97119332,0.9,0.72,0.85,0.9,0.8,0.87,0.82,0.9,0.89,0.9,0.92,0.88,0.91,0.96,0.97,0.92,0.96,0.81,0.83,0.92,0.96,0.82,0.81,0.74,0.65,0.7,0.77,0.76,0.8,0.71,0.67
chr1_9321445,0.72,0.8,0.5,0.89,0.83,0.88,0.48,0.76,0.42,1.0,0.78,0.87,0.0,0.97,0.81,0.94,0.61,0.5,0.71,0.95,0.7,0.0,0.89,0.47,0.84,0.37,0.41,0.01,0.87,0.37,0.0
chr12_34335688,0.33,0.4,0.46,0.35,0.42,0.42,0.45,0.39,0.38,0.52,0.53,0.31,0.36,0.35,0.26,0.52,0.32,0.22,0.58,0.16,0.43,0.25,0.34,0.26,0.06,0.2,0.3,0.28,0.11,0.12,0.24
chr5_134080056,0.58,0.79,0.76,0.92,0.44,0.9,0.89,0.71,0.65,0.58,0.94,0.63,0.68,0.77,0.6,0.93,0.53,0.54,0.56,0.66,0.55,0.0,0.62,0.0,0.03,0.5,0.91,0.62,0.02,0.02,0.57
chr6_28479017,0.44,0.71,0.37,0.44,0.53,0.58,0.57,0.4,0.33,0.69,0.11,0.66,0.56,0.4,0.23,0.44,0.48,0.36,0.77,0.22,0.31,0.24,0.18,0.39,0.42,0.16,0.17,0.12,0.12,0.14,0.2
chr17_29125918,0.48,0.4,0.71,0.38,0.33,0.39,0.87,0.82,0.66,0.55,0.0,0.7,0.81,0.66,0.81,0.0,0.69,0.75,0.43,0.81,0.4,0.35,0.38,0.0,0.31,0.36,0.35,0.36,0.0,0.39,0.72
chr6_1515332,0.03,0.0,0.07,0.55,0.0,0.58,0.0,0.0,0.0,0.0,0.65,0.42,0.55,0.08,0.0,0.88,0.336,0.08,0.0,0.91,0.0,0.71,0.0,0.0,0.63,0.62,0.59,0.62,0.81,0.64,0.66
chr2_127559212,0.72,0.59,0.76,0.78,0.59,0.58,0.74,0.8,0.63,0.82,0.64,0.86,0.85,0.71,0.81,0.75,0.71,0.59,0.73,0.88,0.5,0.45,0.5,0.48,0.51,0.41,0.46,0.53,0.79,0.73,0.54
chr5_34500775,0.82,0.27,0.42,0.75,0.37,0.8,0.63,0.82,0.23,0.76,0.83,0.4,0.69,0.47,0.33,0.85,0.3,0.38,0.5,0.84,0.61,0.36,0.0,0.0,0.0,0.32,0.34,0.45,0.3,0.75,0.35
chr17_79773924,0.81,0.7,0.75,0.6,0.85,0.73,0.8,0.92,0.92,0.83,1.0,0.81,0.9,0.93,0.66,0.88,0.7586666666666666,0.76,0.91,0.81,0.85,0.52,0.78,0.58,0.68,0.74,0.6,0.59,0.66,0.61,0.58
chr12_108811288,0.92,0.86,0.8327586206896552,0.85,0.75,0.93,0.8,0.93,0.91,0.89,0.93,0.96,0.86,0.89,0.92,0.96,0.8327586206896552,0.78,1.0,0.8,0.81,0.71,0.66,0.78,0.8,0.76,0.79,0.74,0.73,0.8,0.63
chr10_89583849,1.0,0.83,0.64,0.9,0.41,0.29,1.0,0.81,0.6696296296296297,0.76,1.0,0.84,0.93,0.76,0.72,0.6696296296296297,0.6696296296296297,0.42,0.6696296296296297,1.0,0.6,0.47,0.89,0.52,0.52,0.51,0.51,0.87,0.47,0.0,0.41
chr4_81204968,0.7,0.55,0.35,0.41,0.51,0.48,0.78,0.51,0.5,0.53,0.7,0.51,0.61,0.68,0.69,0.55,0.52,0.34,0.52,0.73,0.61,0.43,0.3,0.54,0.41,0.34,0.41,0.36,0.41,0.32,0.37
chr10_117126285,0.78,0.68,0.8,0.8,0.78,0.85,0.68,0.81,0.76,0.74,0.76,0.74,0.82,0.81,0.74,0.83,0.87,0.76,0.63,0.8,0.8,0.7,0.66,0.7,0.67,0.51,0.67,0.68,0.57,0.62,0.71
chr22_46632009,0.3,0.0,0.04,0.45,0.87,0.93,0.57,0.93,0.93,0.64,0.42,0.94,1.0,0.03,0.81,0.0,0.5,0.5,0.4,0.05,0.0,0.47,0.9,0.98,0.42,0.95,0.94,0.89,0.94,0.91,0.96
chr20_36154077,0.78,0.64,0.6,0.61,0.59,0.54,0.75,0.55,0.72,0.56,0.71,0.67,0.6,0.65,0.62,0.75,0.67,0.54,0.41,0.76,0.71,0.56,0.49,0.47,0.49,0.5,0.45,0.56,0.44,0.41,0.41
chr14_80475974,0.9,0.67,0.45,0.87,0.69,0.61,0.97,0.71,0.0,0.0,0.95,0.81,0.87,0.91,0.0,0.0,0.9,0.0,0.0,0.76,0.63,0.59,0.0,0.5,0.0,0.67,0.0,0.0,0.0,0.54,0.0
chr1_148329782,0.57,0.31,0.38,0.5,0.56,0.67,0.45,0.56,0.52,0.25,0.19,0.42,0.68,0.0,0.45,0.48,0.33,0.65,0.76,0.71,0.56,0.32,0.26,0.35,0.39,0.2,0.31,0.23,0.35,0.11,0.38
chr10_118016108,0.86,0.8,0.85,0.85,0.82,0.93,0.93,0.89,0.77,0.91,0.94,0.97,0.9,0.84,0.85,0.87,0.93,0.86,0.91,0.93,0.87,0.83,0.77,0.83,0.78,0.69,0.7,0.7,0.74,0.76,0.76
chr1_55039185,0.85,0.81,0.8,0.92,0.88,0.85,0.88,0.86,0.84,0.88,0.85,0.84,0.82,0.93,0.8,0.84,0.86,0.65,0.85,0.86,0.83,0.62,0.76,0.65,0.74,0.64,0.73,0.78,0.69,0.78,0.8
chr14_101024877,0.85,0.86,0.72,0.88,0.97,0.76,0.91,0.87,0.83,0.89,0.92,0.91,0.91,0.65,0.85,0.96,1.0,0.82,0.95,0.91,0.91,0.79,0.8,0.76,0.76,0.67,0.74,0.8,0.78,0.62,0.77
chr11_4770966,0.96,0.9,0.92,0.54,0.92,0.0,0.78,0.43,0.38,0.95,0.4,0.93,0.96,0.93,0.0,0.92,0.84,0.88,0.8,0.9,0.77,0.47,0.43,0.0,0.76,0.0,0.83,0.4,0.42,0.0,0.8
chr1_21239719,0.7,0.6444444444444444,0.68,0.47,0.6444444444444444,0.6444444444444444,0.75,0.53,0.68,0.86,0.75,0.73,0.65,0.92,0.54,0.69,0.44,0.91,0.73,0.94,0.6444444444444444,0.65,0.45,0.6,0.36,0.58,0.48,0.61,0.51,0.61,0.58
chr8_95229120,0.9,1.0,0.5675000000000001,0.63,0.75,0.66,0.0,0.9,0.84,0.75,0.73,0.58,0.0,0.97,0.5675000000000001,0.5675000000000001,0.86,0.8,0.77,0.9,0.47,0.0,0.67,0.57,0.0,0.0,0.79,0.0,0.0,0.55,0.8
chr4_190041186,0.5924137931034481,0.81,0.8,0.21,0.79,0.9,0.84,0.7,0.63,0.76,0.73,0.7,0.57,0.69,0.69,0.75,0.36,0.5924137931034481,0.08,0.78,0.52,0.47,0.62,0.54,0.45,0.5,0.58,0.54,0.34,0.58,0.25
chr11_45045991,0.65,0.8,0.72,0.76,0.85,0.64,0.93,0.63,0.78,0.84,0.81,0.8,0.71,0.74,0.73,0.76,0.75,0.63,0.72,0.75,0.82,0.51,0.64,0.56,0.47,0.6,0.65,0.58,0.66,0.71,0.55
chr10_125774067,0.65,0.55,0.61,0.33,0.87,0.75,0.55,0.44,0.59,0.71,0.56,0.55,0.84,0.61,0.25,0.52,0.07,0.53,0.27,0.65,0.55,0.44,0.48,0.22,0.5,0.45,0.28,0.16,0.45,0.5,0.37
chr16_87295864,0.85,0.71,0.55,0.82,0.82,0.86,0.94,0.66,0.9,0.84,0.58,0.78,0.69,0.77,0.51,0.75,0.7,0.65,0.79,0.77,0.47,0.68,0.66,0.51,0.43,0.66,0.68,0.49,0.43,0.46,0.49
chr3_164730918,0.56,0.58,0.51,0.58,0.44,0.58,0.56,0.5,0.43,0.78,0.36,0.55,0.55,0.56,0.36,0.8,0.47,0.5,0.76,0.75,0.52,0.19,0.38,0.45,0.48,0.44,0.24,0.45,0.46,0.46,0.42
chr22_17769964,0.5,0.47,0.57,0.76,0.8,0.69,0.66,0.69,0.54,0.75,0.75,0.62,0.69,0.65,0.56,0.67,0.39,0.69,0.75,0.75,0.69,0.32,0.6,0.54,0.56,0.5,0.51,0.5,0.4,0.25,0.47
chr10_33036252,0.86,0.76,1.0,1.0,0.9,0.84,0.94,0.88,0.8,1.0,1.0,0.95,0.9,0.86,0.88,0.85,0.83,0.75,0.8,1.0,0.83,0.69,0.76,0.85,0.72,0.6,0.77,0.76,0.73,0.79,0.73
chr6_152671278,0.66,0.66,0.51,0.57,0.68,0.64,0.78,0.68,0.57,0.76,0.42,0.61,0.6,0.55,0.68,0.5,0.62,0.59,0.84,0.62,0.66,0.51,0.49,0.48,0.47,0.52,0.56,0.49,0.48,0.44,0.45
chr6_159235222,0.71,0.71,0.61,0.8,0.8,0.64,0.78,0.78,0.75,0.73,0.78,0.84,0.8,0.72,0.7,0.74,0.72,0.64,0.7,0.75,0.73,0.67,0.68,0.6,0.64,0.61,0.56,0.61,0.57,0.56,0.62
chr11_71521764,0.0,0.4,0.2371428571428571,0.0,0.08,0.61,0.69,0.68,0.05,0.93,0.46,0.04,0.0,0.0,0.05,0.66,0.5,0.2371428571428571,0.2371428571428571,0.59,0.0,0.02,0.8,0.01,0.0,0.0,0.03,0.01,0.03,0.0,0.0
chr11_67285324,0.31,0.26,0.32,0.3,0.27,0.3,0.21,0.5,0.2,0.18,0.25,0.1,0.1,0.26,0.19,0.15,0.22,0.29,0.43,0.16,0.1,0.63,0.34,0.53,0.33,0.31,0.61,0.18,0.5,0.52,0.44
chr7_101117662,0.72,0.72,0.69,0.67,0.68,0.6,0.53,0.51,0.8,0.72,0.6,0.74,0.8,0.71,0.7,0.8,0.6,0.63,0.62,0.62,0.61,0.37,0.52,0.64,0.4,0.55,0.17,0.66,0.45,0.38,0.53
chr2_20233060,0.78,0.86,0.78,0.92,0.97,0.86,0.9,0.86,0.93,0.85,0.83,0.9,0.92,0.89,0.9,0.83,0.95,0.86,0.68,0.88,0.91,0.73,0.81,0.73,0.77,0.73,0.73,0.77,0.75,0.75,0.7
chr8_20789834,0.77,0.61,0.5,0.5,0.0,0.89,0.52,0.05,0.5,0.5,0.64,0.42,0.55,0.87,0.43137931034482757,0.92,0.7,0.43137931034482757,0.0,0.5,0.61,0.55,0.02,0.06,0.47,0.01,0.45,0.05,0.07,0.76,0.02
chr1_54807906,0.87,0.61,0.71,0.56,0.46499999999999997,0.66,0.0,0.55,0.46499999999999997,0.55,0.0,0.0,0.93,0.56,0.71,0.96,0.66,0.46499999999999997,0.81,0.6,0.9,0.0,0.0,0.0,0.67,0.0,0.0,0.86,0.04,0.81,0.0
chr13_110813179,0.19,0.42333333333333323,0.64,0.72,0.67,0.57,0.4,0.5,0.52,0.46,0.21,0.57,0.65,0.5,0.52,0.46,0.48,0.28,0.52,0.55,0.36,0.28,0.36,0.35,0.29,0.12,0.34,0.03,0.38,0.31,0.47
chr16_31819914,0.76,0.76,0.61,0.6,0.67,0.64,0.65,0.61,0.62,0.8,0.54,0.64,0.76,0.67,0.72,0.62,0.56,0.46,0.21,0.7,0.51,0.41,0.68,0.42,0.5,0.56,0.36,0.33,0.37,0.34,0.25
chr5_135179345,0.73,0.31,0.55,0.89,0.47,0.52,0.93,0.85,0.93,0.52,0.75,0.48,0.33,0.76,0.3,0.94,0.54,0.5816666666666667,0.76,0.88,0.78,0.0,0.46,0.87,0.25,0.83,0.39,0.36,0.32,0.29,0.46
chr5_56497009,0.46,0.48,0.6,0.36,0.43,0.59,0.59,0.73,0.4,0.5,0.85,0.69,0.68,0.45,0.5,0.47,0.31,0.47,0.61,0.9,0.68,0.45,0.32,0.44,0.41,0.31,0.32,0.36,0.38,0.46,0.31
chr19_2622534,0.26,0.2,0.31,0.15,0.07,0.2,0.2,0.52,0.41,0.2,0.29,0.26,0.28,0.3276666666666667,0.29,0.38,0.4,0.27,0.13,0.25,0.26,0.54,0.35,0.55,0.5,0.45,0.37,0.3,0.46,0.5,0.48
chr9_127535935,0.79,0.58,0.77,0.76,0.63,0.8,0.57,0.68,0.75,0.51,0.59,0.81,0.72,0.7,0.72,0.65,0.68,0.68,0.75,0.82,0.6,0.5,0.49,0.42,0.53,0.51,0.48,0.57,0.84,0.57,0.56
chr17_28984587,0.85,0.92,0.71,0.86,0.87,0.69,0.89,0.76,0.6,0.84,0.76,0.86,0.79,0.8,0.8,0.65,0.65,0.58,0.95,0.83,0.74,0.61,0.7,0.59,0.69,0.59,0.63,0.66,0.55,0.65,0.55
chr22_19722524,0.77,0.82,0.69,0.88,0.94,0.76,0.79,0.77,0.82,0.87,0.64,0.93,0.93,0.77,0.79,0.88,0.71,0.9,0.93,0.95,0.84,0.42,0.88,0.64,0.73,0.72,0.59,0.75,0.6,0.61,0.65
chr6_34234915,0.85,0.83,0.94,0.85,0.9,0.32,0.88,0.89,0.9,0.86,0.93,0.77,0.85,0.83,0.89,0.85,0.89,0.82,0.7583333333333336,0.8,0.44,0.43,0.78,0.85,0.78,0.77,0.44,0.78,0.77,0.42,0.44
chr21_45292384,0.4,0.59,0.34,0.29,0.25,0.56,0.58,0.53,0.44,0.48,0.54,0.58,0.0,0.56,0.54,0.61,0.48,0.56,0.47,0.51,0.22,0.27,0.19,0.0,0.25,0.38,0.27,0.0,0.25,0.34,0.45
chr2_2791433,0.78,0.82,0.75,0.26,0.75,0.47,0.32,0.33,0.61,0.74,0.87,0.6,0.85,0.37,0.41,0.89,0.83,0.59,0.0,0.57,0.76,0.81,0.86,0.87,0.76,0.8,0.83,0.8,0.82,0.8,0.77
chr15_43017342,0.87,0.55,0.53,0.67,0.62,0.57,0.64,0.65,0.62,0.79,0.51,0.88,0.65,0.79,0.6,0.67,0.66,0.66,0.72,0.72,0.75,0.47,0.47,0.5,0.53,0.5,0.56,0.6,0.54,0.47,0.5
chr21_36399327,0.94,0.95,0.68,0.91,0.94,0.62,0.86,0.88,0.84,0.93,0.83,0.5,0.9,0.84,0.85,0.9,0.7531034482758621,0.7531034482758621,0.93,0.91,0.94,0.82,0.3,0.0,0.79,0.51,0.83,0.4,0.88,0.86,0.3
chr11_5422830,0.76,0.85,0.53,0.58,0.33,0.81,0.53,0.57,0.5132142857142858,0.7,0.5132142857142858,0.76,0.72,0.75,0.46,0.47,0.5132142857142858,0.0,0.4,0.9,0.64,0.41,0.39,0.71,0.2,0.18,0.35,0.0,0.25,0.32,0.8
chr6_110105618,0.8,0.92,0.77,1.0,0.9,0.77,0.94,0.87,0.94,0.78,0.91,0.85,0.92,0.81,0.88,0.8,0.85,0.93,0.88,1.0,0.92,0.75,0.79,0.72,0.7,0.76,0.69,0.83,0.67,0.68,0.72
chr11_915027,0.8,0.86,0.75,0.76,0.8,0.76,0.76,0.71,0.8,0.91,0.86,0.8,0.73,0.82,0.69,0.81,0.64,0.85,0.91,0.85,0.76,0.21,0.81,0.63,0.63,0.71,0.66,0.7,0.65,0.64,0.6
chr9_137352913,0.8,0.57,0.7,0.87,0.9,0.9,0.92,0.0,0.39,0.88,0.92,0.92,0.0,0.25,0.54,0.5,0.9,0.85,0.91,0.5,0.25,0.39,0.0,0.47,0.51,0.9,0.0,0.0,0.44,0.5,0.0
chr3_167895337,0.8,0.76,0.83,0.86,0.93,0.79,0.88,0.82,0.82,0.87,0.92,0.9,1.0,0.83,0.87,0.83,0.82,0.84,0.81,0.87,0.78,0.66,0.78,0.72,0.71,0.7,0.74,0.8,0.68,0.69,0.63
chr2_84624550,0.71,0.84,0.72,0.7,0.74,0.88,0.73,0.81,0.75,0.78,0.79,0.93,0.9,0.83,0.87,0.86,0.8,0.74,0.75,0.85,0.86,0.52,0.68,0.69,0.63,0.64,0.66,0.66,0.72,0.61,0.74
chr14_95356367,0.0,0.0,0.47,0.86,0.72,0.0,0.0,0.0,0.0,0.52,0.0,0.0,0.0,0.37,0.0,0.64,0.52,0.47,0.0,0.61,0.0,0.85,0.0,0.54,0.81,0.61,0.57,0.0,0.67,0.56,0.66
chr10_11320353,0.32,0.0,0.0,0.43,0.0,0.0,0.0,0.0,0.0,0.0,0.0,0.0,0.36,0.0,0.0,0.45,0.0,0.0,0.0,0.54,0.0,0.34,0.0,0.01,0.44,0.4,0.44,0.38,0.49,0.41,0.35
chr2_46269015,0.83,0.8,0.75,0.78,0.76,0.77,0.81,0.8,0.86,0.83,0.75,0.86,0.91,0.79,0.71,0.82,1.0,0.71,0.66,0.86,0.91,0.7,0.67,0.71,0.66,0.68,0.73,0.68,0.7,0.67,0.67
chr18_69957204,0.6,0.48,0.57,0.5,0.61,0.59,0.72,0.57,0.74,0.66,0.8,0.59,0.77,0.59,0.55,0.68,0.8,0.57,0.7,0.63,0.46,0.52,0.56,0.48,0.5,0.26,0.45,0.53,0.48,0.56,0.56
chr8_13515451,0.78,0.73,0.77,0.78,0.82,0.74,0.77,0.7,0.71,0.56,0.75,0.83,0.73,0.68,0.67,0.72,0.61,0.64,0.76,0.8,0.78,0.47,0.6,0.51,0.49,0.66,0.7,0.53,0.6,0.56,0.51
chr17_80948677,0.0,0.51,0.55,0.0,0.37,0.39,0.0,0.56,0.93,0.39,0.0,0.51,0.0,0.87,0.52,0.37,0.79,0.46,0.0,0.41,0.39,0.58,0.0,0.93,0.86,0.92,0.92,0.36,0.91,0.56,0.57
chr20_47819136,0.65,0.88,0.52,0.63,0.72,0.55,0.61,0.64,0.8,0.67,0.65,0.69,0.71,0.5,0.58,0.72,0.64,0.76,0.76,0.78,0.67,0.46,0.57,0.49,0.49,0.45,0.45,0.77,0.51,0.46,0.41
chr6_44477650,0.85,0.92,0.87,0.92,0.87,0.81,0.85,0.84,0.84,0.81,0.82,0.89,0.94,0.86,0.86,0.88,0.87,0.85,0.76,0.87,0.76,0.72,0.63,0.8,0.79,0.79,0.77,0.8,0.76,0.74,0.68
chr21_37757811,0.57,0.96,0.47,0.75,0.5,0.74,0.92,0.51,0.8,0.63,0.83,0.0,0.65,0.0,0.0,0.96,0.37,0.75,0.45,0.91,0.82,0.0,0.45,0.0,0.31,0.48,0.37,0.46,0.85,0.0,0.42
chr2_74895826,0.84,0.9,0.92,0.96,0.96,0.9,0.9,0.94,1.0,0.94,0.92,0.96,0.53,1.0,0.84,0.66,0.92,0.92,0.84,0.84,0.78,0.82,0.75,0.67,0.81,0.72,0.8,0.74,0.77,0.72,0.79
chr19_5038774,0.0,0.41,0.44,0.4,0.0,0.02,0.0,0.0,0.0,0.38,0.0,0.28,0.0,0.0,0.0,0.0,0.0,0.03,0.37,0.0,0.34,0.4,0.72,0.38,0.38,0.29,0.01,0.34,0.39,0.34,0.67
chr10_124682052,0.97,0.81,0.86,0.81,0.84,0.9,0.87,0.77,0.93,0.91,0.92,0.96,0.88,0.9,0.85,0.95,0.86,0.73,0.92,0.86,0.85,0.74,0.76,0.66,0.8,0.68,0.74,0.77,0.81,0.76,0.65
chr16_12573885,0.34,0.21,0.33,0.38,0.7,0.5,0.26,0.57,0.58,0.56,0.39,0.38,0.38,0.33,0.38,0.73,0.57,0.22,0.16,0.42,0.35,0.13,0.14,0.16,0.18,0.26,0.02,0.32,0.23,0.53,0.27
chr8_100326028,0.88,0.88,0.66,0.0,0.69,0.62,0.85,0.57,0.88,0.72,0.77,0.93,0.9,0.86,0.83,0.77,0.85,0.72,0.71,0.92,0.91,0.65,0.62,0.0,0.63,0.66,0.86,0.62,0.57,0.03,0.7
chr1_52356470,0.9,0.86,0.93,0.91,0.95,0.91,0.76,0.89,0.87,0.97,0.91,0.95,0.93,0.91,0.92,0.9,0.83,0.8,0.9,0.92,0.82,0.57,0.75,0.67,0.63,0.71,0.71,0.82,0.86,0.86,0.78
chr2_241270881,0.86,0.68,0.74,0.63,0.73,0.72,0.75,0.72,0.66,0.52,0.57,0.8,0.78,0.64,0.8,0.7,0.8,0.86,0.92,0.66,0.76,0.52,0.65,0.64,0.57,0.61,0.61,0.55,0.48,0.64,0.65
chr22_19505169,0.8,0.93,0.6059259259259259,0.82,0.6,0.75,0.84,0.68,0.64,0.86,0.92,0.66,0.7,0.6059259259259259,0.8,0.6059259259259259,0.6059259259259259,0.81,0.0,0.7,0.78,0.0,0.0,0.03,0.0,0.65,0.48,0.83,0.72,0.67,0.69
chr19_7919820,0.33,0.2522222222222222,0.26,0.41,0.18,0.25,0.18,0.25,0.26,0.16,0.66,0.2522222222222222,0.5,0.26,0.36,0.14,0.46,0.35,0.2522222222222222,0.41,0.2522222222222222,0.17,0.17,0.03,0.12,0.1,0.25,0.13,0.0,0.24,0.18
chr7_55345075,0.42,0.41,0.46,0.78,0.4422222222222223,0.71,0.63,0.61,0.57,0.72,0.09,0.9,0.73,0.28,0.37,0.4422222222222223,0.4422222222222223,0.4422222222222223,0.46,0.35,0.16,0.37,0.25,0.28,0.4,0.34,0.34,0.36,0.32,0.22,0.41
chr5_168712650,0.76,0.73,0.46,0.56,0.4,0.64,0.68,0.71,0.58,0.8,0.48,0.6,0.66,0.6,0.68,0.64,0.68,0.63,0.62,0.68,0.53,0.56,0.4,0.47,0.57,0.53,0.38,0.47,0.48,0.48,0.35
chr10_83774041,0.71,0.56,0.82,0.59,0.74,0.78,0.71,0.79,0.66,0.8,0.66,0.76,0.82,0.73,0.63,0.71,0.73,0.67,0.68,0.83,0.69,0.59,0.65,0.58,0.63,0.54,0.6,0.6,0.6,0.58,0.61
chr2_241670139,0.72,0.89,0.81,0.41,0.41,0.84,0.81,0.88,0.5,0.61,0.87,0.5,0.83,0.79,0.94,0.94,0.95,0.46,0.59,0.84,0.82,0.36,0.51,0.77,0.46,0.44,0.4,0.73,0.78,0.41,0.0
chr1_183938408,0.83,0.65,0.71,0.72,0.59,0.74,0.7,0.78,0.78,0.85,0.73,0.83,0.68,0.67,0.78,0.76,0.68,0.63,0.69,0.85,0.67,0.63,0.64,0.54,0.63,0.65,0.61,0.65,0.64,0.58,0.53
chr16_21797174,0.92,0.81,0.88,0.81,0.96,0.96,0.86,0.95,0.95,1.0,0.93,0.87,0.79,0.93,0.87,0.84,0.8346666666666666,0.82,0.85,0.93,0.8,0.61,0.8,0.68,0.78,0.73,0.64,0.79,0.83,0.83,0.62
chr7_6051116,0.86,1.0,0.8,0.86,0.71,0.94,0.76,0.68,0.78,0.77,0.8,0.88,0.94,0.77,0.79,0.83,0.88,0.53,0.6,0.84,0.81,0.52,0.68,0.67,0.7,0.76,0.76,0.62,0.61,0.6,0.54
chr19_50232083,0.68,0.76,0.47,0.41,0.65,0.78,0.9,0.88,0.5,0.41,0.44,0.81,0.0,0.0,0.21,0.35,0.36,0.35,0.37,0.43,0.27,0.33,0.0,0.44,0.0,0.32,0.38,0.29,0.0,0.0,0.26
chr19_10316382,0.43,0.5,0.38,0.36,0.52,0.52,0.3,0.31,0.37862068965517237,0.61,0.5,0.41,0.37862068965517237,0.38,0.56,0.5,0.46,0.45,0.11,0.58,0.33,0.2,0.37,0.32,0.17,0.26,0.27,0.34,0.21,0.33,0.3
chr5_42953522,0.68,0.5430769230769231,0.5430769230769231,0.66,0.7,0.81,0.66,0.0,0.66,0.69,0.54,0.63,0.85,0.75,0.5430769230769231,0.7,0.6,0.9,0.63,0.5430769230769231,0.72,0.0,0.65,0.0,0.52,0.0,0.41,0.5430769230769231,0.0,0.73,0.63
chr14_56205205,0.85,0.9,0.65,0.84,0.3,0.88,0.81,0.89,0.83,1.0,0.33,0.88,0.92,0.92,0.91,0.9,0.89,0.71,0.82,0.96,0.82,0.49,0.43,0.27,0.74,0.44,0.44,0.4,0.88,0.86,0.4
chr20_31570876,0.68,0.6917241379310346,0.61,0.46,0.57,0.7,0.69,0.69,0.63,0.69,0.5,0.61,0.6917241379310346,0.65,0.53,0.64,0.6,0.68,0.76,0.72,0.72,0.86,0.77,0.74,0.8,0.78,0.85,0.72,0.86,0.78,0.77
chr4_150546459,0.5,0.55,0.57,0.48,0.48,0.39,0.5,0.58,0.53,0.51,0.41,0.5,0.6,0.62,0.57,0.57,0.46,0.35,0.43,0.46,0.41,0.28,0.38,0.29,0.37,0.35,0.41,0.33,0.38,0.45,0.2
chr5_766471,0.33,0.62,0.6,0.45,0.5,0.92,0.62,0.0,0.0,0.0,0.63,0.6,0.21,0.31,0.75,0.30666666666666664,0.30666666666666664,0.30666666666666664,0.0,0.30666666666666664,0.4,0.0,0.0,0.16,0.0,0.0,0.0,0.4,0.78,0.0,0.0
chr22_32204447,0.59,0.55,0.33,0.6,0.66,0.71,0.42,0.48,0.21,0.11,0.53,0.61,0.51,0.43,0.5,0.6,0.18,0.67,0.61,0.14,0.6,0.26,0.1,0.29,0.2,0.09,0.26,0.32,0.3,0.44,0.44
chr8_467924,0.88,0.88,0.92,0.76,0.83,0.8,0.86,0.92,0.82,0.84,0.86,0.86,0.87,0.84,0.77,0.81,0.79,0.88,0.83,0.84,0.81,0.77,0.74,0.68,0.75,0.71,0.77,0.72,0.78,0.71,0.74
chr2_45259265,0.8,0.9,0.81,0.93,1.0,0.81,1.0,0.91,0.76,0.92,0.94,0.93,1.0,0.9,0.8522222222222223,1.0,0.8522222222222223,0.8522222222222223,0.85,0.8522222222222223,1.0,0.59,0.84,0.8,0.88,0.89,0.79,0.3,0.85,0.86,0.75
chr19_3073247,0.87,0.9,0.81,0.89,0.82,0.87,0.82,0.75,0.7,0.7932142857142858,0.88,0.94,0.93,0.87,0.7932142857142858,0.95,1.0,0.7932142857142858,0.94,0.86,0.9,0.34,0.83,0.8,0.85,0.39,0.28,0.83,0.85,0.89,0.45
chr7_154060687,0.6114814814814815,0.66,0.5,0.6114814814814815,0.84,0.6114814814814815,0.75,0.62,0.54,0.6114814814814815,0.65,0.54,0.53,0.81,0.5,0.92,0.76,0.71,0.9,0.81,0.9,0.37,0.43,0.18,0.5,0.27,0.54,0.39,0.5,0.69,0.7
chr20_37746575,0.85,0.91,0.77,0.86,0.93,0.87,0.9,0.9,0.95,0.88,0.84,0.88,0.93,0.86,0.9,0.91,0.93,0.94,0.86,0.94,0.8,0.75,0.8,0.83,0.77,0.81,0.78,0.77,0.82,0.75,0.74
chr13_46588302,0.33,0.64,0.2,0.5,0.66,0.64,0.58,0.46,0.57,0.4166666666666668,0.36,0.33,0.62,0.52,0.37,0.9,0.36,0.4166666666666668,0.35,0.4166666666666668,0.4166666666666668,0.21,0.39,0.34,0.36,0.38,0.4,0.2,0.2,0.16,0.22
chr13_108779016,0.72,0.73,0.73,0.54,0.04,0.63,0.73,0.3,0.81,0.63,0.78,0.4,0.46,0.76,0.5,0.71,0.34,0.5,0.4,0.42,0.55,0.01,0.3,0.33,0.77,0.0,0.28,0.42,0.61,0.02,0.01
chr19_31960650,0.86,0.9,0.66,0.86,0.95,0.94,0.8406666666666668,0.88,0.82,0.77,0.94,0.9,0.94,0.91,1.0,0.91,0.9,0.9,0.9,0.77,1.0,0.55,0.84,0.78,0.84,0.81,0.8,0.81,0.8,0.52,0.76
chr6_159165778,0.6,0.63,0.65,0.55,0.8,0.47,0.64,0.64,0.65,0.56,0.65,0.58,0.9,0.69,0.42,0.76,0.57,0.78,0.7,0.67,0.59,0.56,0.51,0.49,0.48,0.54,0.57,0.56,0.37,0.4,0.41
chr5_159259784,0.32,0.38,0.67,0.81,0.52,0.93,0.0,0.0,0.0,0.4,0.33,0.36,0.03,0.96,0.48,0.38,0.5,0.96,0.0,0.0,0.81,0.91,0.92,0.89,0.86,0.97,0.9,0.3,0.45,0.5,0.92
chr7_55345064,0.31,0.47,0.47,0.87,0.54,0.35,0.6,0.48,0.35,0.3,0.2,0.6,0.57,0.46,0.31,0.5,0.45,0.38533333333333325,0.33,0.36,0.3,0.17,0.24,0.5,0.41,0.17,0.28,0.28,0.29,0.15,0.25
chr17_21512206,0.59,0.73,0.75,0.68,0.68,0.75,0.74,0.82,0.81,0.84,0.94,0.84,0.57,0.65,0.48,0.79,0.9,0.74,0.9,0.6,0.58,0.66,0.49,0.5,0.6,0.5,0.57,0.67,0.42,0.54,0.6
chr13_25932166,0.92,0.82,0.86,0.97,0.85,0.83,0.92,0.9,0.75,0.93,0.83,0.83,0.83,0.89,0.87,0.96,0.88,0.87,0.92,0.97,0.96,0.78,0.81,0.73,0.73,0.75,0.65,0.81,0.79,0.83,0.73
chr7_1015828,0.92,0.85,0.81,0.82,0.76,0.87,0.82,0.92,1.0,0.92,0.86,0.83,0.94,0.84,0.83,0.87,0.84,0.8093333333333332,0.91,0.8,0.72,0.76,0.73,0.74,0.66,0.69,0.65,0.71,0.65,0.84,0.72
chr2_240959819,0.92,0.67,0.0,0.0,0.73,0.79,0.96,0.92,0.5572413793103448,0.88,0.83,0.0,0.78,0.75,0.7,0.72,0.5572413793103448,0.7,0.0,0.88,0.8,0.67,0.0,0.65,0.0,0.68,0.0,0.0,0.64,0.86,0.63
chr9_134057069,0.65,0.38,0.68,0.53,0.5,0.58,0.54,0.55,0.58,0.61,0.47,0.12,0.64,0.8,0.5,0.53,0.5,0.83,0.6063333333333333,0.5,0.38,0.93,0.67,0.76,0.79,0.71,0.68,0.53,0.73,0.8,0.72
chr10_132736265,0.53,0.4,0.56,0.63,0.51,0.57,0.61,0.51,0.58,0.62,0.53,0.7,0.66,0.69,0.54,0.71,0.52,0.53,0.6,0.72,0.62,0.43,0.5,0.45,0.52,0.49,0.43,0.47,0.48,0.43,0.45
chr20_25369595,0.5,0.4,0.35,0.44,0.45,0.44,0.45,0.5,0.46,0.52,0.47,0.47,0.5,0.39,0.34,0.53,0.53,0.44,0.5,0.72,0.47,0.39,0.34,0.33,0.31,0.35,0.41,0.29,0.39,0.27,0.28
chr18_12306808,0.38,0.52,0.65,0.53,0.52,0.61,0.76,0.64,0.66,0.95,0.65,0.58,0.58,0.59,0.45,0.45,0.64,0.68,0.7,0.54,0.64,0.46,0.49,0.37,0.5,0.43,0.61,0.44,0.28,0.5,0.35
chr7_17374818,0.82,0.81,0.76,0.81,0.77,0.86,0.86,0.88,0.88,0.83,0.85,0.79,0.92,0.88,0.94,0.86,0.82,0.81,0.71,0.91,0.84,0.74,0.76,0.73,0.67,0.76,0.76,0.69,0.72,0.76,0.76
chr17_72058282,0.56,0.41,0.16,0.9,0.89,0.24,0.45,0.37,0.59,0.73,0.51,0.03,0.85,0.41,0.86,0.52,0.33,0.28,0.85,0.84,0.52,0.36,0.46,0.38,0.0,0.0,0.37,0.0,0.0,0.48,0.4
chr18_37273677,0.82,0.83,0.74,0.85,0.89,0.75,0.86,0.38,0.26,0.92,0.4,0.0,0.88,0.84,0.86,0.82,0.76,0.86,0.9,0.77,0.45,0.4,0.41,0.38,0.26,0.0,0.83,0.44,0.87,0.42,0.34
chr19_1465844,0.28,0.07,0.12,0.0,0.11,0.14,0.21,0.28,0.05,0.0,0.04,0.09,0.52,0.04,0.0,0.04,0.16,0.34,0.05,0.0,0.08,0.24,0.58,0.17,0.7,0.4,0.46,0.37,0.0,0.24,0.28
chr13_114079117,0.58,0.59,0.55,0.68,0.65,0.24,0.69,0.7,0.68,0.78,0.7,0.69,0.64,0.63,0.0,0.23,0.5,0.73,0.6,0.73,0.65,0.64,0.31,0.47,0.5,0.24,0.4,0.33,0.46,0.27,0.33
chr21_42070144,0.0,0.0,0.0,0.26,0.0,0.0,0.0,1.0,0.41,0.0,0.55,0.0,0.0,0.0,0.0,0.0,0.0,0.52,0.0,0.0,0.0,0.0,0.55,0.79,0.48,0.34,0.4,0.47,0.52,0.47,0.0
chr12_116599448,0.76,0.92,0.7,0.92,0.76,0.86,0.85,0.77,0.92,0.66,0.76,0.761,0.77,0.92,0.86,0.88,0.71,0.78,0.63,0.92,0.76,0.72,0.75,0.73,0.5,0.73,0.71,0.64,0.62,0.65,0.67
chr1_55366503,0.47,0.39,0.28,0.52,0.0,0.0,0.6,0.0,0.0,0.58,0.45,0.52,0.0,0.41,0.41,0.0,0.37,0.36,0.48,0.46,0.0,0.81,0.88,0.0,0.41,0.85,0.81,0.85,0.78,0.42,0.0
chr2_201700073,0.65,0.65,0.6,0.68,0.68,0.92,0.75,0.53,0.61,0.69,0.58,0.84,0.66,0.57,0.78,0.65,0.5,0.82,0.71,0.67,0.63,0.41,0.51,0.51,0.5,0.51,0.45,0.58,0.6,0.56,0.59
chr7_22353481,0.52,0.68,0.33,0.91,0.53,0.87,0.94,0.88,0.56,0.47966666666666674,0.83,0.33,0.9,0.37,0.44,0.71,0.78,0.36,0.38,0.66,0.0,0.0,0.59,0.46,0.55,0.0,0.0,0.0,0.43,0.38,0.0
chr6_167758548,0.0,0.0,0.47,0.85,0.61,0.34,0.66,0.52,0.0,0.78,0.0,0.53,0.91,0.46,0.5,0.31,0.58,0.0,0.8,0.0,0.0,0.01,0.0,0.33,0.32,0.0,0.0,0.0,0.38,0.0,0.0
chr14_69190624,0.65,0.44,0.31,0.38,0.52,0.54,0.43,0.5,0.5,0.52,0.75,0.57,0.65,0.47,0.6,0.66,0.66,0.3,0.47,0.5,0.47,0.33,0.34,0.37,0.32,0.31,0.45,0.42,0.34,0.42,0.36
chr10_16815394,0.57,1.0,0.81,0.95,1.0,0.8,1.0,0.76,1.0,0.78,0.31,0.4,0.85,0.84,0.84,0.83,0.27,0.707,0.69,0.87,0.94,0.72,0.79,0.4,0.44,0.53,0.41,0.48,0.68,0.7,0.55
chr5_79817160,0.8,0.96,0.76,0.8,0.84,0.66,0.66,0.82,0.53,0.66,0.8,0.71,0.94,0.6,0.76,0.72,0.66,0.7,0.88,0.93,0.81,0.58,0.56,0.66,0.57,0.6,0.59,0.6,0.43,0.58,0.69
chr1_107472537,0.85,0.82,0.91,1.0,1.0,0.91,1.0,1.0,0.92,0.84,1.0,0.85,0.8835714285714286,0.95,1.0,0.9,0.8835714285714286,0.8835714285714286,1.0,0.91,0.9,0.82,0.85,0.83,0.81,0.84,0.71,0.77,0.74,0.85,0.76
chr16_3938715,0.3,0.4,0.16,0.48,0.51,0.25,0.35,0.47,0.19,0.26,0.31,0.32,0.55,0.4,0.32,0.28,0.1,0.34,0.04,0.06,0.28,0.2,0.2,0.18,0.23,0.04,0.16,0.12,0.05,0.15,0.18
chr16_3938797,0.45,0.64,0.21,0.42,0.41,0.26,0.58,0.58,0.39,0.32,0.48,0.45,0.57,0.45,0.46,0.48,0.2,0.47,0.13,0.28,0.52,0.19,0.36,0.29,0.3,0.14,0.22,0.17,0.09,0.29,0.36
chr12_108532634,0.93,0.74,0.83,0.81,0.85,0.82,0.85,0.8,0.89,0.79,0.85,0.89,0.92,0.73,0.79,0.95,0.9,1.0,0.91,0.91,0.88,0.71,0.72,0.7,0.6,0.64,0.7,0.76,0.95,0.76,0.65
chr12_125219993,0.76,0.76,0.9,0.92,0.8,0.79,0.88,0.8,0.88,0.63,0.88,0.93,0.78,0.88,0.75,0.9,0.78,0.9,0.9,0.84,0.7863333333333336,0.71,0.8,0.75,0.54,0.73,0.67,0.75,0.6,0.67,0.71
chr4_6171793,0.34,0.85,0.95,0.0,0.52,0.8,0.85,0.86,0.53,0.94,1.0,0.9,0.0,0.94,0.63,1.0,0.42,0.8,0.95,0.57,0.89,0.41,0.4,0.25,0.32,0.38,0.41,0.0,0.45,0.87,0.83
chr11_688494,0.85,0.65,0.73,0.67,0.69,0.78,0.69,0.78,0.73,0.72,0.7,0.89,0.82,0.75,0.84,0.73,0.72,0.71,0.7,0.75,0.72,0.66,0.65,0.67,0.64,0.66,0.68,0.62,0.62,0.61,0.6
chr5_172789351,0.56,0.65,0.72,0.78,0.4,0.65,0.68,0.66,0.75,0.85,0.72,0.76,0.95,0.64,0.75,0.65,0.73,0.6,0.82,0.65,0.88,0.47,0.81,0.3,0.45,0.48,0.48,0.57,0.58,0.64,0.52
chr1_9738041,0.93,0.9,0.75,0.65,0.89,0.88,0.84,0.9,1.0,0.8075862068965516,0.8075862068965516,0.94,0.76,0.93,0.88,0.93,0.73,0.91,0.94,0.92,0.66,0.7,0.7,0.72,0.77,0.77,0.72,0.73,0.62,0.7,0.65
chr7_151174500,0.0,0.78,0.35,0.84,0.78,0.92,0.42,0.71,0.42,0.37,0.53,0.79,0.34,0.82,0.32,0.48,0.66,0.62,0.22,0.2,0.77,0.79,0.83,0.72,0.83,0.85,0.79,0.68,0.78,0.72,0.83
chr19_48498629,0.75,0.4975862068965516,0.64,0.13,0.82,0.73,0.64,0.35,0.57,0.4975862068965516,0.6,0.8,0.64,0.54,0.47,0.72,0.36,0.73,0.9,0.75,0.08,0.2,0.26,0.07,0.16,0.18,0.42,0.26,0.69,0.68,0.29
chr19_49856789,0.5,0.6049999999999999,0.82,0.38,0.9,0.38,0.36,0.78,0.63,0.68,0.8,0.88,0.86,0.9,0.82,0.68,0.54,0.6,0.73,0.7,0.87,0.47,0.45,0.42,0.82,0.61,0.54,0.47,0.0,0.0,0.56
chr16_932456,0.86,1.0,0.65,0.91,0.95,0.53,0.0,0.45,0.91,0.91,0.77,0.92,0.93,0.9,0.93,0.91,0.91,0.94,0.85,0.91,0.9,0.0,0.87,0.0,0.88,0.39,0.87,0.88,0.8,0.6,0.78
chr6_150026650,0.31,0.0,0.08,0.22,0.32,0.16,0.85,0.42,0.44,0.4,0.42,0.0,0.32,0.0,0.28,0.56,0.36,0.1,0.42,0.64,0.44,0.42,0.61,0.67,0.68,0.68,0.72,0.36,0.74,0.4,0.7
chr17_50949995,0.46,0.69,0.44,0.41,0.66,0.5,0.5,0.41,0.54,0.42566666666666664,0.4,0.51,0.45,0.36,0.36,0.66,0.14,0.46,0.58,0.63,0.52,0.22,0.42,0.41,0.36,0.13,0.4,0.26,0.28,0.29,0.32
chr3_44118065,0.94,0.86,0.9,0.83,0.92,0.87,0.9,0.78,0.87,0.91,0.9,0.91,0.87,0.84,0.77,0.96,1.0,1.0,1.0,0.76,0.92,0.55,0.87,0.69,0.68,0.74,0.79,0.78,0.72,0.79,0.69
chr3_71176556,0.82,0.68,0.78,0.76,0.72,0.74,0.9,0.8,0.64,0.69,0.77,0.82,0.88,0.73,0.86,0.86,0.89,0.58,0.68,0.73,0.68,0.67,0.58,0.65,0.51,0.59,0.59,0.78,0.63,0.6,0.63
chr5_150431974,0.7,0.85,0.81,0.87,0.8,0.77,0.6896428571428572,0.65,0.76,0.86,0.64,0.7,0.81,0.77,0.84,0.71,0.6896428571428572,0.6896428571428572,0.7,0.66,0.57,0.63,0.62,0.67,0.56,0.78,0.5,0.6,0.55,0.45,0.48
chr1_18689704,0.87,0.57,0.78,0.81,0.84,0.68,0.76,0.76,0.84,0.81,0.62,0.84,0.75,0.84,0.57,0.76,0.7255172413793102,0.7255172413793102,0.81,0.93,0.81,0.69,0.69,0.55,0.63,0.68,0.61,0.7,0.72,0.46,0.66
chr2_36708017,0.51,0.62,0.46,0.84,0.87,0.66,0.72,0.71,0.75,0.51,0.52,0.68,0.74,0.75,0.48,0.86,0.72,0.6,0.75,0.73,0.75,0.64,0.31,0.58,0.35,0.43,0.65,0.58,0.56,0.3,0.34
chr19_1465856,0.12,0.0,0.07,0.0,0.16,0.07,0.33,0.24,0.09,0.0,0.0,0.09,0.61,0.08,0.0,0.07,0.16,0.3,0.05,0.0,0.11,0.22,0.55,0.17,0.6,0.24,0.52,0.33,0.0,0.17,0.27
chr11_281888,0.52,0.85,0.47,0.8,0.5,0.76,0.8,0.58,0.47,0.52,0.79,0.66,0.61,0.52,0.57,0.59,0.61,0.55,0.42,0.45,0.26,0.83,0.77,0.66,0.84,0.88,0.73,0.7,0.69,0.82,0.68
chr1_115975224,0.81,1.0,0.9,0.92,0.95,0.94,0.84,0.9,0.96,0.92,0.82,0.96,0.83,0.83,0.87,0.94,0.9,0.92,0.89,1.0,0.89,0.63,0.72,0.66,0.68,0.73,0.68,0.87,0.83,0.86,0.64
chr16_84197333,0.88,0.82,0.6,0.61,0.69,0.76,0.9,0.54,0.8,0.6166666666666666,0.63,0.75,0.6166666666666666,0.66,0.5,0.89,0.7,0.7,0.6166666666666666,0.79,0.6166666666666666,0.72,0.58,0.0,0.7,0.5,0.75,0.0,0.03,0.58,0.57
chr17_21702953,0.83,0.82,0.73,0.77,0.6819230769230769,0.82,0.81,0.6819230769230769,0.85,0.81,0.6819230769230769,0.8,0.87,0.0,0.91,0.6819230769230769,0.8,0.79,0.86,0.87,0.83,0.79,0.6819230769230769,0.0,0.62,0.0,0.73,0.77,0.89,0.04,0.72
chr11_67657717,0.88,0.89,0.7,0.62,0.85,0.65,0.89,0.8,0.86,0.72,0.84,0.8,0.84,0.62,0.78,0.72,0.76,0.65,0.52,0.7,0.73,0.66,0.58,0.7,0.43,0.7,0.09,0.69,0.42,0.6,0.63
chr7_34139627,0.93,0.47,0.53,0.97,0.0,0.94,0.61,0.43,0.51,0.87,0.0,0.64,0.0,0.0,0.0,0.0,0.0,0.0,0.0,0.0,0.55,0.0,0.0,0.0,0.0,0.0,0.01,0.0,0.0,0.0,0.0
chr4_124530861,0.84,0.91,0.82,0.89,0.92,0.88,0.88,0.71,0.78,0.87,0.88,0.89,0.9,0.81,0.9,0.93,0.86,0.87,0.77,0.93,0.86,0.76,0.74,0.77,0.76,0.78,0.74,0.78,0.76,0.8,0.57
chr9_659801,0.66,0.73,0.61,0.09,0.69,0.46,0.61,0.5,0.86,0.36,0.6,0.52,0.64,0.06,0.44703703703703707,0.44703703703703707,0.44703703703703707,0.44703703703703707,0.37,0.57,0.63,0.15,0.18,0.13,0.3,0.37,0.05,0.37,0.68,0.49,0.39
chr11_47395342,0.11,0.09,0.07,0.0,0.08,0.33,0.0,0.05,0.16142857142857145,0.16142857142857145,0.0,0.0,0.05,0.16142857142857145,0.14,0.13,0.14,0.09,0.16,0.07,0.09,0.54,0.14,0.34,0.3,0.2,0.33,0.15,0.3,0.38,0.24
chr16_66926347,0.43,0.37,0.59,0.58,0.57,0.39,0.42,0.54,0.6,0.66,0.43,0.65,0.54,0.53,0.64,0.76,0.52,0.49233333333333346,0.56,0.52,0.55,0.3,0.47,0.42,0.44,0.49,0.43,0.46,0.26,0.32,0.33
chr2_181318645,0.81,0.92,0.85,0.95,0.92,0.89,0.94,0.92,0.91,0.94,0.93,0.96,0.96,0.95,0.98,0.95,0.9,0.84,0.92,0.95,0.88,0.85,0.83,0.8,0.81,0.81,0.8,0.8,0.77,0.79,0.76
chr20_61501876,0.85,0.77,0.74,0.77,0.72,0.77,0.69,0.81,0.85,0.79,0.75,0.83,0.92,0.66,0.82,0.9,0.73,0.74,0.86,0.83,0.86,0.71,0.75,0.58,0.61,0.63,0.65,0.68,0.58,0.66,0.7
chr19_1465949,0.23,0.0,0.09,0.0,0.07,0.24,0.13,0.13,0.04,0.0,0.02,0.07,0.46,0.0,0.02,0.02,0.1,0.35,0.0,0.02,0.07,0.25,0.48,0.11,0.44,0.27,0.3,0.46,0.02,0.27,0.29
chr11_68029409,0.1,0.05,0.2,0.0,0.15,0.18,0.26,0.34,0.2,0.08,0.3,0.11,0.07,0.25,0.23,0.25,0.19,0.4,0.26,0.09,0.0,0.46,0.4,0.3,0.31,0.35,0.42,0.07,0.35,0.38,0.32
chr19_56038227,0.82,0.91,0.83,0.8,0.92,0.78,0.82,0.86,0.78,0.88,0.78,0.88,0.9,0.83,0.85,0.81,0.73,0.46,0.8,0.77,0.78,0.6,0.61,0.69,0.68,0.78,0.73,0.64,0.75,0.6,0.63
chr18_57146958,0.84,0.5832142857142857,0.5,0.72,0.86,0.68,0.71,0.65,0.5832142857142857,0.79,0.79,0.69,0.5832142857142857,0.52,0.58,0.36,0.7,0.79,0.75,0.75,0.77,0.58,0.6,0.53,0.0,0.0,0.0,0.0,0.69,0.69,0.79
chr1_205628179,0.82,0.89,0.9,0.89,0.94,0.92,0.9,0.92,0.87,0.86,0.82,0.92,0.93,0.93,0.91,0.95,0.94,0.94,0.93,0.92,0.93,0.83,0.83,0.82,0.84,0.81,0.83,0.83,0.83,0.72,0.71
chr2_239274495,0.35,0.38,0.47,0.33,0.47,0.31,0.39,0.47,0.43,0.52,0.45,0.23,0.3,0.5,0.37,0.32,0.46,0.25,0.48,0.41,0.2,0.55,0.54,0.53,0.5,0.52,0.56,0.47,0.52,0.53,0.51
chr10_11154944,0.91,0.7,0.83,0.81,0.7614285714285717,0.71,1.0,1.0,0.9,0.88,0.78,0.81,0.58,0.75,0.78,0.84,0.7614285714285717,0.7614285714285717,0.81,0.84,0.82,0.63,0.84,0.67,0.75,0.69,0.66,0.67,0.63,0.57,0.46
chr16_87686972,0.43,0.71,0.38,0.23,0.86,0.87,0.63,0.0,0.39,0.45,0.73,0.64,0.32,0.0,0.52,0.89,0.68,0.7,0.15,0.25,0.76,0.8,0.0,0.79,0.88,0.92,0.85,0.89,0.85,0.42,0.88
chr6_166455523,0.8,0.8,0.67,0.75,0.86,0.87,0.81,0.92,0.73,0.81,0.84,0.92,1.0,0.85,0.78,0.9,0.89,0.9,0.93,0.88,0.89,0.65,0.75,0.78,0.72,0.69,0.7,0.76,0.7,0.74,0.68
chr17_48603873,0.14,0.4,0.31407407407407417,0.42,0.33,0.42,0.6,0.55,0.33,0.33,0.41,0.73,0.3,0.46,0.54,0.31407407407407417,0.31407407407407417,0.0,0.07,0.25,0.31407407407407417,0.25,0.23,0.27,0.24,0.31,0.13,0.23,0.07,0.21,0.26
chr5_6633164,0.1,0.23,0.13,0.08,0.11,0.3,0.2,0.05,0.18,0.2,0.18,0.15,0.03,0.28,0.12,0.09,0.12,0.0,0.13,0.13,0.16,0.26,0.41,0.34,0.18,0.22,0.35,0.33,0.32,0.23,0.36
chr11_125607483,0.42,0.0,0.0,0.37,0.71,0.0,0.63,0.97,0.0,0.57,0.87,0.0,0.0,0.42,0.43,1.0,0.0,0.0,0.0,0.71,0.84,0.92,0.95,0.45,0.37,0.89,0.89,0.87,0.9,0.46,0.78
chr7_116440235,0.85,0.93,0.93,1.0,0.94,0.94,1.0,1.0,0.93,0.94,0.88,0.95,1.0,0.91,0.91,1.0,0.8736666666666664,0.66,0.93,0.93,0.9,0.78,0.88,0.94,0.43,0.83,0.88,0.83,0.83,0.88,0.4
chr11_5938550,0.91,0.81,0.82,0.9,0.88,0.79,0.87,0.78,0.87,0.83,0.66,0.87,0.93,0.87,0.81,0.87,0.69,0.76,0.86,0.76,0.71,0.68,0.92,0.59,0.69,0.5,0.69,0.61,0.63,0.59,0.73
chr14_101365119,0.52,0.32,0.27,0.52,0.64,0.7,0.55,0.52,0.53,0.54,0.54,0.52,0.59,0.37,0.37,0.57,0.51,0.35,0.58,0.55,0.36,0.34,0.32,0.2,0.2,0.33,0.45,0.41,0.44,0.25,0.3
chr6_47656379,0.36,0.0,0.41,0.0,0.0,0.0,0.47,0.0,0.0,0.43,0.0,0.01,0.0,0.0,0.0,0.0,0.0,0.33,0.45,0.37,0.75,0.3,0.33,0.3,0.29,0.35,0.7,0.37,0.38,0.47,0.59
chr17_48156904,0.83,0.66,0.75,0.85,0.76,0.76,0.91,0.72,0.69,0.86,0.85,0.83,0.78,0.72,0.88,0.9,0.6,0.81,0.81,0.93,0.88,0.68,0.68,0.72,0.71,0.61,0.69,0.6,0.67,0.53,0.61
chr6_10405506,0.55,0.33,0.29,0.38,0.6,0.37,0.38,0.56,0.5,0.66,0.28,0.32,0.33,0.59,0.33,0.4,0.71,0.3,0.52,0.44,0.42,0.32,0.29,0.27,0.3,0.17,0.42,0.26,0.22,0.18,0.15
chr6_22061410,0.0,0.64,0.7,0.45,0.0,0.92,0.91,0.52,0.5,0.0,0.02,0.55,0.42,0.48,0.44,1.0,0.57,0.0,0.0,0.45,0.5,0.43,0.0,0.0,0.01,0.0,0.0,0.47,0.0,0.0,0.39
chr16_87555715,0.72,0.54,0.35,0.39,0.78,0.51,0.67,0.87,0.81,0.66,0.38,0.81,0.0,0.78,0.0,0.8,0.56,0.0,0.46,0.87,0.51,0.52,0.47,0.4,0.0,0.0,0.36,0.38,0.47,0.0,0.01
chr8_144107887,0.84,0.85,0.8435714285714287,0.85,1.0,0.86,0.78,0.93,0.87,1.0,0.82,0.8435714285714287,0.93,0.81,0.8435714285714287,0.86,1.0,0.94,0.85,1.0,0.73,0.76,0.78,0.81,0.8,0.75,0.76,0.69,0.8,0.8,0.75
chr19_1465506,0.31,0.25,0.24,0.14,0.52,0.29,0.28,0.36,0.32,0.29,0.29,0.29,0.4,0.19,0.11,0.15,0.21,0.33,0.2,0.09,0.22,0.39,0.61,0.41,0.39,0.47,0.4,0.42,0.31,0.34,0.45
chr9_109039063,0.89,0.93,0.89,0.63,0.97,0.96,0.93,0.95,0.94,0.96,0.37,0.93,0.92,0.91,0.82,0.68,0.9,0.77,0.86,0.94,0.75,0.88,0.42,0.55,0.85,0.85,0.87,0.0,0.87,0.44,0.79
chr7_6884465,1.0,0.9107407407407406,0.94,1.0,1.0,1.0,0.94,1.0,0.94,0.9107407407407406,0.9,0.85,0.94,0.88,1.0,1.0,0.9107407407407406,0.9107407407407406,1.0,0.91,1.0,0.84,0.92,0.83,0.78,0.64,0.88,0.83,0.85,0.83,0.89
chr7_34139603,0.9,0.47,0.52,0.91,0.0,0.92,0.54,0.45,0.52,0.93,0.0,0.6,0.0,0.0,0.0,0.0,0.0,0.0,0.0,0.0,0.57,0.0,0.0,0.0,0.0,0.0,0.01,0.0,0.0,0.0,0.0
chr9_84075484,0.8,0.91,0.84,0.76,0.87,0.7,0.88,0.75,0.84,0.88,0.84,0.86,0.85,0.83,0.87,0.85,0.8,0.78,0.79,0.85,0.6,0.78,0.64,0.72,0.7,0.66,0.63,0.65,0.74,0.63,0.65
chr8_141250901,0.82,0.62,0.73,0.92,0.6,0.95,0.9,0.85,0.84,0.9,0.71,1.0,0.83,0.7803448275862072,0.81,0.91,0.81,0.7803448275862072,0.95,0.95,0.92,0.76,0.48,0.71,0.77,0.82,0.78,0.8,0.8,0.69,0.0
chr1_227887993,0.03,0.16,0.2,0.0,0.16,0.0,0.39,0.1,0.5,0.09,0.4,0.38,0.05,0.03,0.18,0.16,0.16,0.2333333333333333,0.15,0.06,0.05,0.38,0.29,0.34,0.35,0.49,0.52,0.6,0.08,0.45,0.25
chr2_235572960,0.85,0.92,0.89,0.88,0.97,0.94,0.84,0.85,0.87,0.74,0.85,0.92,0.91,1.0,0.97,0.83,0.88,0.83,0.93,0.93,0.86,0.78,0.84,0.72,0.7,0.84,0.73,0.79,0.75,0.76,0.68
chr7_25952102,0.77,0.41,0.67,0.71,0.72,0.65,0.77,0.79,0.57,0.74,0.77,0.88,0.82,0.74,0.54,0.76,0.7,0.75,0.72,0.68,0.84,0.54,0.57,0.6,0.6,0.67,0.61,0.44,0.52,0.56,0.55
chr13_94417025,0.7,0.57,0.66,0.39,0.86,0.65,0.17,0.7,0.81,0.92,0.94,0.84,0.78,0.65,0.63,0.73,0.7,0.66,0.6283333333333334,0.84,0.58,0.54,0.9,0.62,0.25,0.18,0.6,0.62,0.2,0.59,0.57
chr1_159440264,0.85,0.87,0.82,0.72,0.95,0.88,0.83,0.84,0.83,0.85,0.81,0.82,0.76,0.85,0.92,0.86,0.84,0.89,0.9,0.88,0.93,0.82,0.64,0.73,0.66,0.72,0.75,0.75,0.76,0.66,0.67
chr12_22415857,0.92,0.88,0.828214285714286,0.8,0.93,0.9,0.91,1.0,0.61,1.0,0.89,0.91,0.84,1.0,0.828214285714286,0.9,0.9,0.828214285714286,0.81,0.9,0.76,0.31,0.85,0.71,0.87,0.79,0.72,0.85,0.78,0.76,0.69
chr14_56310509,0.58,0.78,0.83,0.93,0.41,0.71,0.86,0.73,0.66,0.9,0.46,0.87,0.86,0.9,0.75,0.82,0.5,0.59,0.68,0.87,0.86,0.33,0.48,0.38,0.76,0.32,0.39,0.39,0.68,0.64,0.33
chr6_132666185,0.45,0.5,0.5833333333333334,0.54,0.72,0.94,0.9,0.66,0.94,0.64,0.53,0.92,0.0,0.55,0.5833333333333334,1.0,0.5833333333333334,0.5833333333333334,0.9,0.54,0.58,0.46,0.51,0.37,0.42,0.42,0.0,0.39,0.51,0.56,0.8
chr8_42171612,0.65,0.76,0.54,0.55,0.55,0.61,0.75,0.63,0.55,0.53,0.62,0.85,0.81,0.75,0.62,0.7,0.5,0.5996666666666665,0.76,0.7,0.61,0.62,0.54,0.43,0.51,0.44,0.52,0.5,0.5,0.43,0.46
chr12_69653972,0.83,0.69,0.7,0.43,0.41,0.51,0.8,0.82,0.8,0.5,0.85,0.8,0.74,0.5,0.76,0.79,0.67,0.62,0.56,0.8,0.87,0.36,0.42,0.44,0.63,0.41,0.66,0.47,0.51,0.66,0.33
chr6_148341870,0.58,0.39,0.47,0.56,0.1,0.45,0.54,0.45,0.58,0.47,0.25,0.6,0.45,0.5,0.44,0.61,0.52,0.5,0.55,0.46,0.31,0.19,0.37,0.32,0.36,0.45,0.3,0.35,0.24,0.34,0.17
chr11_134513572,0.82,0.85,0.64,0.6,0.87,0.64,0.76,0.82,0.75,0.92,0.86,0.72,0.81,0.73,0.7017241379310344,0.72,0.69,0.7017241379310344,0.6,0.75,0.75,0.52,0.62,0.67,0.57,0.56,0.65,0.56,0.69,0.7,0.51
chr5_1193088,0.53,0.44,0.78,0.69,0.66,0.67,0.62,0.69,0.48,0.69,0.79,0.75,0.73,0.61,0.15,0.65,0.77,0.66,0.65,0.67,0.72,0.37,0.49,0.28,0.4,0.49,0.6,0.8,0.26,0.51,0.37
chr7_47400766,0.82,0.85,0.84,0.82,0.83,0.9,0.94,0.88,0.92,0.95,0.86,0.97,0.94,0.88,0.76,0.85,0.82,0.93,0.81,0.92,0.86,0.8,0.77,0.78,0.76,0.71,0.8,0.82,0.71,0.76,0.65
chr2_1813491,0.68,0.8,0.54,0.5,0.5567857142857142,0.8,0.69,0.64,0.58,0.5567857142857142,0.75,0.4,0.64,0.42,0.69,0.66,0.69,0.5567857142857142,0.57,0.84,0.55,0.29,0.1,0.53,0.46,0.51,0.44,0.46,0.7,0.06,0.6
chr19_6334732,0.77,0.81,0.68,0.72,0.75,0.75,0.83,0.89,0.84,0.82,0.66,0.84,0.83,0.81,0.77,0.89,0.78,0.75,0.79,0.86,0.7,0.67,0.62,0.57,0.67,0.69,0.75,0.66,0.65,0.65,0.59
chr1_7954106,0.06,0.0,0.04,0.02,0.08,0.0,0.05,0.02,0.0,0.02,0.02,0.0,0.08,0.02,0.02,0.07,0.03,0.03,0.03,0.01,0.06,0.1,0.08,0.14,0.16,0.15,0.19,0.11,0.12,0.18,0.08
chr9_132771063,0.92,0.88,0.81,0.88,0.83,0.87,0.84,0.9,0.84,0.89,0.9,0.95,0.94,0.81,0.92,0.9,0.87,0.91,0.88,0.87,0.86,0.75,0.77,0.74,0.76,0.8,0.79,0.82,0.78,0.79,0.8
chr16_960461,0.89,0.92,0.72,0.84,0.96,0.62,0.7255172413793104,0.68,0.84,0.78,0.86,0.77,0.92,0.88,0.86,0.92,0.67,0.7255172413793104,0.9,0.95,0.65,0.05,0.84,0.08,0.0,0.66,0.76,0.78,0.85,0.66,0.73
chr20_5551267,0.8,0.71,0.78,0.87,0.92,0.92,1.0,0.93,0.95,0.88,0.96,0.9,0.9,0.92,1.0,0.85,0.83,0.8,0.72,0.84,0.96,0.75,0.73,0.76,0.64,0.75,0.75,0.78,0.74,0.8,0.61
chr3_171231183,0.78,0.4,0.3,0.57,0.51,0.42,0.51,0.6,0.6,0.61,0.19,0.78,0.58,0.48,0.17,0.5,0.25,0.2,0.53,0.46,0.58,0.28,0.15,0.39,0.3,0.44,0.25,0.2,0.33,0.1,0.35
chr2_215555250,0.41,0.45,0.62,0.0,0.0,0.48,0.61,0.92,0.47,0.4,0.33,0.35,0.85,0.5,0.5,0.53,0.91,0.93,0.8,0.59,0.48,0.84,0.85,0.82,0.49,0.5,0.92,0.92,0.84,0.85,0.88
chr11_1310232,0.43,0.6,0.45,0.63,0.4,0.37,0.42,0.57,0.4155555555555556,0.4155555555555556,0.41,0.63,0.4155555555555556,0.09,0.43,0.46,0.44,0.38,0.7,0.4155555555555556,0.58,0.29,0.32,0.31,0.41,0.3,0.3,0.31,0.41,0.37,0.21
chr17_8003330,0.84,0.76,0.82,0.88,0.76,0.84,0.89,0.81,0.72,0.76,0.67,0.8,0.82,0.78,0.66,0.8,0.82,0.57,0.61,0.76,0.8,0.48,0.69,0.65,0.5,0.73,0.69,0.63,0.68,0.58,0.6
chr7_56538202,0.3,0.29,0.77,0.52,0.83,0.65,0.63,0.65,0.5,0.85,0.69,0.63,0.72,0.66,0.64,0.36,0.89,0.68,0.77,0.6,0.6,0.38,0.57,0.5,0.5,0.27,0.49,0.59,0.44,0.58,0.51
chr19_29621327,0.58,0.27,0.21,0.23,0.07,0.09,0.33,0.1,0.07,0.2,0.06,0.25,0.23,0.2,0.41,0.5,0.16,0.271,0.07,0.21,0.2,0.29,0.39,0.38,0.37,0.3,0.3,0.52,0.3,0.37,0.47
chr6_168190576,0.86,0.8,0.751851851851852,0.86,0.79,0.85,0.9,0.88,0.65,0.8,0.76,0.65,0.8,0.66,0.83,0.81,0.751851851851852,0.751851851851852,0.84,0.85,0.751851851851852,0.63,0.63,0.65,0.76,0.62,0.62,0.74,0.77,0.68,0.61
chr2_1841385,0.84,0.0,0.38,0.0,0.82,0.83,0.0,0.54,0.88,0.93,0.41,0.95,1.0,0.56,0.4628571428571428,0.93,0.4628571428571428,0.4628571428571428,0.43,0.44,0.2,0.54,0.4,0.47,0.5,0.5,0.34,0.02,0.02,0.0,0.03
chr9_2933841,0.79,0.7,0.65,0.78,0.67,0.78,0.85,0.65,0.7,0.76,0.65,0.67,0.75,0.71,0.72,0.62,0.73,0.59,0.81,0.82,0.6,0.52,0.55,0.59,0.53,0.6,0.6,0.61,0.61,0.68,0.5
chr8_143912509,0.0,0.54,0.74,0.93,0.01,0.0,0.0,0.41,0.42,0.43,0.37,0.0,0.0,0.45,0.75,0.0,0.66,0.7,0.81,0.44,0.8,0.32,0.34,0.39,0.0,0.0,0.0,0.3,0.01,0.31,0.02
chr6_34066852,0.88,0.85,0.86,0.8,0.88,0.85,1.0,0.9,0.84,0.85,0.77,0.9,0.94,0.85,0.94,0.87,0.84,0.92,0.86,0.95,0.85,0.67,0.83,0.86,0.73,0.78,0.63,0.81,0.75,0.69,0.66
chr20_48212676,1.0,0.9,0.9,0.63,0.8296296296296295,0.88,0.92,0.89,1.0,0.8296296296296295,1.0,0.85,0.8296296296296295,0.92,0.93,0.82,1.0,0.81,0.8296296296296295,1.0,0.72,0.85,0.88,0.83,0.41,0.43,0.82,0.88,0.55,0.79,0.79
chr14_22699246,0.0,0.42,0.41,0.45,0.0,0.0,0.53,0.0,0.61,0.53,0.33,0.0,0.61,0.34,0.54,0.0,0.0,0.0,0.61,0.52,0.0,0.0,0.0,0.0,0.0,0.0,0.0,0.0,0.0,0.0,0.0
chr2_3523183,0.8,0.84,0.92,0.8,0.9,0.87,0.88,0.81,0.68,0.7579310344827587,0.73,0.88,0.83,0.83,0.7,1.0,0.5,0.7579310344827587,0.83,0.88,0.9,0.67,0.84,0.75,0.75,0.66,0.57,0.65,0.54,0.38,0.59
chr9_66267917,0.29,0.57,0.6,0.55,0.56,0.57,0.47,0.37,0.56,0.5,0.21,0.5,0.55,0.4,0.31,0.40800000000000003,0.41,0.46,0.5,0.55,0.43,0.32,0.19,0.32,0.14,0.17,0.36,0.46,0.36,0.18,0.38
chr14_34130139,0.39,0.92,0.16,0.45,0.54,0.95,0.0,0.93,0.91,0.56,0.27,0.95,0.54,0.36,0.9,1.0,1.0,0.5950000000000001,1.0,1.0,0.94,0.47,0.58,0.31,0.61,0.43,0.02,0.49,0.0,0.48,0.69
chr17_39905964,0.2,0.87,0.57,0.48,0.96,0.0,0.45,0.5,0.81,0.85,0.5,0.4,0.96,0.9,0.95,0.66,0.26,0.45,0.0,0.88,0.31,0.75,0.0,0.0,0.39,0.37,0.44,0.4,0.0,0.43,0.44
chr9_120715780,0.68,0.69,0.45,0.55,0.44,0.53,0.6,0.62,0.56,0.67,0.79,0.79,0.72,0.85,0.76,0.83,0.75,0.47,0.7,0.66,0.7,0.46,0.52,0.51,0.42,0.55,0.58,0.43,0.34,0.53,0.55
chr19_55368980,0.3,0.6,0.21,0.35,0.52,0.18,0.44,0.22,0.43,0.51,0.34,0.35,0.44,0.5,0.25,0.47,0.43,0.6,0.3443333333333334,0.4,0.47,0.26,0.22,0.2,0.22,0.14,0.33,0.23,0.16,0.22,0.34
chr3_190001617,0.37,0.36,0.71,0.53,0.59,0.61,0.61,0.37,0.54,0.72,0.39,0.32,0.63,0.31,0.11,0.61,0.72,0.4,0.68,0.39,0.69,0.28,0.38,0.0,0.22,0.0,0.47,0.0,0.2,0.31,0.55
chr4_185775924,0.93,0.84,0.9,0.86,0.87,0.82,0.83,0.87,0.9,0.89,0.78,0.94,0.86,0.89,0.93,0.96,0.84,0.83,0.88,0.9,0.93,0.65,0.78,0.79,0.75,0.76,0.8,0.85,0.8,0.75,0.69
chr4_131750051,0.05,0.24,0.9,0.57,0.33000000000000007,0.33000000000000007,0.5,0.41,0.69,0.37,0.27,0.0,0.33000000000000007,0.11,0.7,0.33000000000000007,0.85,0.57,0.3,0.0,0.71,0.03,0.0,0.15,0.0,0.0,0.01,0.11,0.31,0.85,0.21
chr10_131421284,0.0,0.62,0.4544827586206897,0.54,0.27,0.26,0.86,0.8,0.6,0.72,0.88,0.63,0.91,0.52,0.84,0.0,0.58,0.4544827586206897,0.87,0.35,0.0,0.0,0.0,0.5,0.0,0.39,0.46,0.47,0.61,0.0,0.5
chr21_18115934,0.76,0.9,0.86,0.88,0.85,0.88,0.89,0.9,0.83,0.92,0.76,0.93,0.96,0.92,0.84,0.83,0.88,0.87,0.85,0.86,0.87,0.69,0.74,0.78,0.81,0.74,0.79,0.79,0.78,0.78,0.8
chr17_22294627,0.85,0.53,0.558888888888889,1.0,0.558888888888889,0.78,0.35,0.94,0.0,0.6,0.92,0.95,0.0,0.2,0.66,0.94,0.72,0.558888888888889,0.558888888888889,0.81,0.88,0.31,0.0,0.32,0.44,0.38,0.0,0.77,0.89,0.45,0.4
chr1_148329312,0.54,0.3955172413793103,0.42,0.56,0.52,0.76,0.58,0.6,0.35,0.11,0.13,0.61,0.65,0.14,0.36,0.6,0.09,0.57,0.3955172413793103,0.68,0.53,0.27,0.26,0.32,0.43,0.15,0.14,0.37,0.18,0.18,0.37
chr17_39962451,0.84,0.93,0.76,0.77,0.94,0.95,0.88,0.86,0.91,0.81,0.86,0.92,0.9,0.9,0.9,0.96,0.91,0.86,0.94,0.88,0.9,0.8,0.47,0.83,0.78,0.84,0.43,0.79,0.4,0.85,0.87
chr8_142572003,0.0,0.36,0.56,0.4,0.48,0.5,0.73,0.0,0.9,1.0,0.85,0.38,0.53,0.0,0.36,0.6,0.94,0.9,0.78,0.0,0.75,0.87,0.9,0.86,0.86,0.88,0.9,0.9,0.01,0.9,0.75
chr10_71318012,0.0,0.74,0.69,0.82,0.5,1.0,0.6,0.72,0.6,0.79,0.84,0.52,0.04,0.91,0.73,0.46,0.83,0.0,0.59,0.69,0.76,0.59,0.59,0.54,0.58,0.0,0.47,0.41,0.0,0.52,0.45
chr5_119070166,0.26,0.36,0.29178571428571426,0.36,0.33,0.33,0.13,0.38,0.2,0.16,0.18,0.63,0.6,0.36,0.27,0.27,0.29178571428571426,0.29178571428571426,0.9,0.27,0.41,0.13,0.34,0.15,0.16,0.18,0.22,0.25,0.04,0.13,0.17
chr2_96934399,0.87,0.85,0.7,0.9,0.9,0.86,0.9,0.88,0.66,0.72,0.89,0.86,0.88,0.92,0.85,1.0,0.7946428571428573,0.7946428571428573,0.7946428571428573,0.84,0.64,0.65,0.68,0.83,0.67,0.68,0.8,0.75,0.75,0.71,0.61
chr7_65429968,0.91,0.81,0.81,0.8,0.75,0.75,0.73,0.87,0.72,0.84,0.73,0.9,0.87,0.83,0.87,0.87,0.75,0.75,0.83,0.75,0.81,0.67,0.63,0.66,0.69,0.7,0.75,0.67,0.76,0.69,0.5
chr11_70107493,0.77,0.0,0.76,0.83,0.8,0.77,0.88,0.81,0.66,0.0,0.74,0.0,0.4632142857142857,0.0,0.92,0.4632142857142857,0.0,0.86,0.4632142857142857,0.81,0.62,0.0,0.03,0.65,0.0,0.78,0.0,0.61,0.0,0.0,0.67
chr5_150517732,0.42,0.9,0.66,0.79,0.7,0.72,0.83,0.43,0.75,0.78,0.83,0.71,0.88,0.72,0.71,0.7,0.56,0.72,0.78,0.77,0.75,0.45,0.59,0.48,0.66,0.58,0.48,0.62,0.4,0.7,0.56
chr4_140609775,0.65,0.63,0.7,0.61,0.55,0.69,0.78,0.47,0.55,0.62,0.7,0.77,0.72,0.46,0.64,0.73,0.43,0.64,0.45,0.82,0.84,0.36,0.56,0.36,0.47,0.49,0.6,0.5,0.5,0.36,0.53
chr11_5362224,0.66,0.61,0.88,0.76,0.89,0.6760714285714284,0.6760714285714284,0.65,0.89,0.72,0.81,0.69,0.75,0.76,0.64,0.7,0.6,0.6760714285714284,0.75,0.92,0.91,0.48,0.81,0.6,0.57,0.0,0.57,0.72,0.35,0.72,0.52
chr16_33771087,0.31,0.23,0.45,0.52,0.46,0.47,0.62,0.78,0.54,0.3885714285714286,0.2,0.3,0.3885714285714286,0.63,0.3,0.33,0.3885714285714286,0.36,0.83,0.35,0.5,0.29,0.22,0.15,0.26,0.65,0.19,0.46,0.12,0.15,0.21
chr13_26223020,0.77,0.73,0.52,0.9,0.64,0.56,0.63,0.73,0.52,0.76,0.6,0.78,0.71,0.38,0.59,0.6066666666666666,0.61,0.57,0.78,0.7,0.68,0.5,0.54,0.4,0.46,0.52,0.48,0.41,0.52,0.69,0.52
chr17_67412168,0.68,0.8,0.84,0.73,0.7175862068965518,0.75,0.64,0.59,1.0,0.85,0.76,1.0,0.84,0.92,0.84,0.8,0.64,0.5,0.71,0.84,0.7175862068965518,0.5,0.71,0.67,0.66,0.7,0.6,0.7,0.5,0.48,0.56
chr14_29233411,0.61,0.28,0.77,0.14,0.74,0.45,0.48,0.61,0.57,0.73,0.42,0.23,0.5,0.53,0.42,0.5,0.36,0.6,0.8,0.45,0.27,0.14,0.32,0.4,0.42,0.16,0.36,0.37,0.27,0.18,0.41
chr6_158312385,0.42,0.76,0.52,0.65,0.92,0.75,0.65,0.65,0.64,0.7,0.94,0.72,0.8,0.66,0.7,0.55,0.6503333333333334,0.73,0.84,0.72,0.53,0.57,0.59,0.53,0.6,0.58,0.57,0.59,0.57,0.6,0.46
chr10_130200511,0.8,0.84,0.8448148148148147,0.86,0.93,0.8448148148148147,1.0,0.94,0.8448148148148147,1.0,0.72,0.85,1.0,0.87,0.94,0.94,0.8448148148148147,1.0,1.0,0.9,1.0,0.5,0.89,0.35,0.72,0.82,0.48,0.86,0.91,0.86,0.83
chr6_85114594,0.93,0.9,0.89,0.9,0.96,0.96,0.96,0.8,0.94,0.95,0.94,0.9,1.0,1.0,0.81,1.0,0.9,0.88,0.93,0.89,0.92,0.81,0.87,0.85,0.84,0.84,0.81,0.84,0.84,0.77,0.77
chr20_30922235,0.3,0.15,0.63,0.45,0.38,0.08,0.37,0.52,0.34607142857142853,0.34607142857142853,0.19,0.61,0.4,0.23,0.42,0.46,0.4,0.34607142857142853,0.72,0.4,0.45,0.23,0.25,0.35,0.25,0.2,0.28,0.2,0.25,0.29,0.23
chr18_48391782,0.28,0.36,0.2,0.42,0.33,0.33,0.81,0.77,0.77,0.62,0.18,0.0,0.35,0.42,0.55,0.74,0.7,0.36,0.39,0.79,0.28,0.77,0.8,0.84,0.68,0.81,0.71,0.67,0.38,0.67,0.71
chr14_91943916,0.81,0.0,0.84,0.47,0.0,0.0,0.55,0.55,0.51,0.77,0.43,0.0,0.68,0.0,0.57,0.51,0.91,0.48,0.62,0.5,0.0,0.93,0.83,0.85,0.52,0.43,0.87,0.66,0.88,0.67,0.83
chr2_145332725,0.87,0.81,0.85,0.89,0.89,0.87,0.9,0.93,0.96,0.92,0.9,0.97,0.89,0.88,0.96,1.0,0.83,0.66,0.83,0.93,0.88,0.84,0.86,0.41,0.38,0.8,0.84,0.8,0.84,0.8,0.85
chr7_116501775,0.88,0.79,1.0,0.81,1.0,0.7499999999999999,0.7499999999999999,0.62,0.94,0.84,0.8,0.8,0.93,0.9,0.7499999999999999,0.75,0.6,0.7499999999999999,0.9,0.8,0.84,0.6,0.77,0.79,0.81,0.52,0.55,0.0,0.47,0.73,0.81
chr8_25196867,0.77,0.82,0.68,0.71,0.88,0.72,0.88,0.5,0.81,0.82,0.62,0.85,0.62,0.88,0.76,0.59,0.76,0.78,0.8,0.73,0.77,0.42,0.32,0.71,0.34,0.35,0.85,0.68,0.76,0.41,0.0
chr9_134376407,0.53,0.62,0.35,0.52,0.47,0.51,0.45,0.23,0.42,0.39,0.5,0.45,0.55,0.44,0.58,0.52,0.3,0.37,0.46,0.61,0.59,0.27,0.44,0.33,0.27,0.35,0.32,0.28,0.32,0.26,0.32
chr11_128926586,0.8,0.79,0.68,0.9,0.7,0.86,0.79,0.71,0.7,0.88,0.87,0.9,0.88,0.82,0.66,0.91,0.8,0.84,0.7,0.86,0.85,0.61,0.7,0.76,0.62,0.7,0.55,0.68,0.4,0.69,0.67
chr19_2575906,0.83,1.0,0.92,0.69,1.0,0.55,0.95,0.87,0.68,0.51,1.0,0.87,0.96,0.7,0.52,0.61,0.94,0.47,0.92,0.91,0.84,0.51,0.79,0.23,0.56,0.53,0.57,0.54,0.54,0.62,0.78
chr1_24415391,0.03,0.08,0.09,0.03,0.06,0.19,0.09,0.12,0.07,0.08,0.1,0.11,0.06,0.1,0.16,0.08,0.13,0.04,0.2,0.27,0.21,0.33,0.29,0.21,0.16,0.29,0.18,0.26,0.27,0.25,0.3
chr12_15787834,0.78,0.84,0.86,0.84,0.9,0.87,0.8,0.85,0.86,0.91,0.92,0.94,0.96,0.82,0.91,0.92,0.96,0.83,0.83,0.87,0.74,0.7,0.75,0.72,0.72,0.73,0.82,0.82,0.78,0.75,0.62
chr21_42105800,0.82,0.81,0.73,0.84,1.0,0.73,0.9,0.9,0.88,0.75,0.77,0.76,0.83,0.97,0.83,0.83,0.7717241379310346,0.7717241379310346,0.76,0.88,0.7,0.63,0.66,0.69,0.64,0.75,0.69,0.77,0.63,0.72,0.51
chr10_128928559,0.8,0.93,1.0,1.0,0.92,0.87,0.88,0.91,1.0,0.8,0.86,0.86,0.96,0.95,0.95,0.89,0.9,0.78,0.96,0.93,0.71,0.81,0.68,0.71,0.75,0.84,0.76,0.82,0.78,0.73,0.84
chr19_48499166,0.8,0.4892857142857143,0.64,0.33,0.57,0.4,0.87,0.36,0.5,0.4892857142857143,0.52,0.66,0.4892857142857143,0.5,0.37,0.55,0.66,0.66,0.76,0.57,0.5,0.24,0.26,0.06,0.55,0.06,0.34,0.33,0.7,0.67,0.27
chr18_66044555,0.79,0.76,0.59,0.89,0.78,0.82,0.89,0.8,0.88,0.72,0.83,0.88,0.81,0.86,0.81,0.84,0.7,0.57,0.86,0.7,0.7,0.63,0.7,0.69,0.63,0.61,0.65,0.65,0.65,0.64,0.67
chr5_152689771,0.69,0.6,0.62,0.65,0.81,0.6,0.77,0.73,0.75,0.7,0.8,0.88,0.57,0.72,0.65,0.6530000000000001,0.66,0.9,0.75,0.69,0.7,0.45,0.63,0.55,0.63,0.32,0.53,0.75,0.4,0.51,0.58
chr8_46415302,0.31,0.87,0.66,0.31,0.38,0.76,0.03,0.76,0.4,0.31,0.36,0.41,0.0,0.28,0.74,0.45,0.52,0.36,0.25,0.42,0.0,0.22,0.0,0.0,0.0,0.0,0.86,0.0,0.0,0.85,0.0
chr10_38603129,0.62,0.7,0.6,0.33,0.53,0.66,0.3,0.18,0.4,0.88,0.41,0.77,0.75,0.66,0.4,0.78,0.71,0.4914285714285714,0.4914285714285714,0.4914285714285714,0.64,0.03,0.61,0.0,0.04,0.55,0.42,0.38,0.45,0.36,0.6
chr4_165259864,0.67,0.96,0.69,0.91,0.73,0.64,0.74,0.82,1.0,0.81,0.92,0.47,0.47,0.57,0.7,0.52,0.8,0.62,0.45,0.53,0.75,0.51,0.57,0.56,0.37,0.4,0.58,0.85,0.35,0.41,0.0
chr7_632871,0.9,0.0,0.18,0.55,0.48,0.0,0.56,0.0,0.72,0.0,0.31,0.47,0.0,0.5,0.62,0.63,0.97,0.93,0.46,0.61,0.27,0.0,0.89,0.4,0.0,0.0,0.0,0.0,0.0,0.0,0.0
chr11_60753570,0.77,0.48,0.29,0.43,0.39,0.5,0.48,0.56,0.42,0.69,0.51,0.45,0.53,0.55,0.46,0.43,0.43,0.46,0.48,0.51,0.25,0.36,0.39,0.35,0.39,0.33,0.35,0.39,0.4,0.36,0.37
chr2_240641193,0.58,0.23,0.19,0.31,0.35,0.19,0.32,0.37,0.25,0.5,0.46,0.2,0.42,0.36,0.3,0.39,0.42,0.34,0.35,0.33,0.55,0.25,0.26,0.13,0.04,0.3,0.17,0.19,0.21,0.14,0.18
chr20_1471026,0.76,0.7282758620689657,0.75,0.75,0.64,0.78,0.68,0.75,0.7,0.77,0.71,0.81,0.81,0.84,0.9,0.8,0.7282758620689657,0.77,0.75,0.82,0.87,0.46,0.71,0.67,0.54,0.66,0.71,0.7,0.62,0.73,0.66
chr1_908920,0.2651851851851852,0.2651851851851852,0.18,0.73,0.77,0.62,0.61,0.0,0.75,0.2651851851851852,0.0,0.0,0.0,0.72,0.63,0.9,0.33,0.0,0.2651851851851852,0.0,0.0,0.0,0.51,0.0,0.0,0.0,0.0,0.0,0.41,0.0,0.0
chr7_65430136,0.92,0.68,0.8,0.81,0.62,0.88,0.9,0.78,0.76,0.85,0.9,0.92,0.93,0.77,0.77,0.86,0.8,0.7696666666666666,0.9,0.81,0.75,0.68,0.62,0.7,0.62,0.63,0.81,0.65,0.75,0.61,0.61
chr6_127267586,0.03,0.06,0.06,0.13,0.06,0.13,0.11,0.07,0.1,0.07,0.06,0.12,0.1,0.07,0.11,0.07,0.06,0.0,0.12,0.11,0.08,0.17,0.15,0.11,0.15,0.17,0.25,0.25,0.19,0.22,0.15
chr11_93588152,0.82,0.96,0.76,0.86,0.92,0.96,0.96,0.84,0.88,0.89,0.82,0.9,0.85,0.87,0.84,0.85,0.85,0.68,0.79,0.85,0.73,0.64,0.78,0.76,0.78,0.63,0.79,0.74,0.72,0.69,0.73
chr16_28264933,0.13,0.2,0.13,0.05,0.52,0.19,0.73,0.24,0.09,0.13,0.59,0.06,0.53,0.58,0.2,0.51,0.34,0.42,0.17,0.08,0.0,0.35,0.25,0.53,0.53,0.5,0.54,0.78,0.5,0.84,0.27
chr22_25681088,0.78,0.86,0.73,0.83,0.86,0.82,0.86,0.94,1.0,0.94,0.66,0.9,1.0,0.8,0.8,0.85,0.71,0.8,0.95,1.0,0.75,0.68,0.78,0.58,0.69,0.66,0.79,0.78,0.72,0.67,0.71
chr7_82758831,0.8,0.76,0.6,0.81,0.95,0.88,0.77,0.85,0.9,0.91,0.83,0.9,0.95,0.86,0.86,0.92,0.9,0.76,0.93,0.9,0.88,0.64,0.72,0.72,0.64,0.81,0.75,0.74,0.76,0.64,0.59
chr11_45394270,0.48,0.47,0.63,0.41,0.64,0.6,0.5,0.76,0.64,0.77,0.6,0.55,0.61,0.57,0.47,0.7,0.54,0.5436666666666667,0.63,0.63,0.63,0.39,0.5,0.44,0.38,0.52,0.49,0.43,0.45,0.4,0.48
chr17_78140883,0.12,0.2526666666666667,0.14,0.12,0.15,0.39,0.31,0.42,0.21,0.28,0.24,0.17,0.16,0.08,0.22,0.23,0.11,0.19,0.14,0.12,0.15,0.45,0.25,0.27,0.46,0.25,0.38,0.24,0.56,0.45,0.32
chr16_57235851,0.75,0.82,0.9,0.78,0.9,0.88,0.81,0.88,0.82,0.89,0.95,0.71,0.79,0.84,0.89,0.72,0.83,0.81,0.88,0.92,0.69,0.74,0.78,0.7,0.61,0.69,0.75,0.7,0.63,0.73,0.55
chr19_19145751,0.5,0.5725925925925924,0.72,0.72,0.47,0.66,0.81,0.76,0.53,0.83,0.56,0.46,0.5725925925925924,0.64,0.37,0.62,0.7,0.85,0.5725925925925924,0.5725925925925924,0.75,0.27,0.63,0.34,0.53,0.42,0.6,0.37,0.43,0.47,0.45
chr17_62085853,0.82,0.74,0.82,0.9,0.84,0.82,0.95,0.8,0.78,0.84,0.85,0.78,0.81,0.88,0.76,0.82,0.8,0.67,0.84,0.76,0.79,0.61,0.72,0.68,0.7,0.68,0.69,0.74,0.58,0.78,0.63
chr11_1470282,0.68,0.79,0.86,0.8,0.72,0.9,0.9,0.75,0.87,0.92,0.78,0.8,0.96,0.79,0.82,0.85,0.8,0.8,0.91,0.88,0.85,0.62,0.73,0.65,0.72,0.66,0.67,0.82,0.65,0.76,0.5
chr11_5351880,0.85,0.86,0.85,0.87,0.93,0.48,0.4,0.76,0.92,0.96,0.86,0.97,0.95,0.88,0.78,0.54,0.742857142857143,0.742857142857143,0.742857142857143,0.95,0.88,0.38,0.92,0.84,0.51,0.41,0.67,0.52,0.56,0.57,0.73
chr13_21260956,0.8,0.78,0.48,0.27,0.3,0.41,0.81,0.81,0.85,0.84,0.8,0.55,0.9,0.36,0.35,0.86,0.78,0.67,0.42,0.96,0.27,0.84,0.87,0.87,0.89,0.85,0.96,0.88,0.88,0.48,0.85
chr7_143800682,0.73,0.64,0.7,0.74,0.64,0.67,0.76,0.5972413793103448,0.47,0.81,0.71,0.88,0.78,0.74,0.69,0.42,0.47,0.5972413793103448,0.88,0.93,0.69,0.0,0.69,0.64,0.0,0.41,0.55,0.0,0.75,0.65,0.28
chr2_20233050,0.79,0.8,0.8,0.93,0.88,0.83,0.93,0.89,0.87,0.89,0.82,0.88,0.88,0.87,0.76,0.9,1.0,0.8,0.68,0.9,0.85,0.69,0.81,0.74,0.68,0.73,0.75,0.77,0.64,0.69,0.73
chr4_8650149,0.4,0.3,0.37,0.0,0.0,0.41,0.02,0.0,0.0,0.0,0.0,0.0,0.0,0.38,0.0,0.32,0.0,0.0,0.0,0.91,0.0,0.38,0.47,0.68,0.43,0.38,0.0,0.38,0.0,0.76,0.54
chr10_384036,0.42,0.42,0.82,0.56,0.43,0.9,0.9,0.91,0.41,0.65,0.34,0.89,0.93,0.92,0.97,0.38,0.87,0.43,0.6,0.9,0.36,0.5,0.0,0.39,0.48,0.38,0.9,0.0,0.0,0.48,0.0
chr2_219278413,0.7,0.7370370370370369,0.7370370370370369,0.82,0.69,0.78,0.75,0.8,0.83,0.9,0.87,0.7370370370370369,0.7370370370370369,0.75,0.84,0.76,0.6,0.78,0.76,0.8,1.0,0.7,0.72,0.69,0.63,0.73,0.52,0.5,0.72,0.75,0.51
chr4_127470376,0.83,0.85,0.74,0.79,0.94,0.83,0.8,0.87,0.86,0.86,0.91,0.85,0.89,0.72,0.77,0.9,0.81,0.85,0.74,0.85,0.81,0.75,0.7,0.66,0.71,0.68,0.71,0.68,0.65,0.8,0.65
chr9_14869913,0.8,0.9,0.84,0.94,0.93,0.87,0.82,0.79,0.77,0.9,0.9,0.87,0.91,0.88,0.8,0.84,0.87,0.91,0.96,0.93,0.73,0.78,0.74,0.76,0.72,0.74,0.78,0.77,0.77,0.7,0.79
chr13_110455558,0.43,0.42,0.21,0.52,0.356,0.36,0.33,0.4,0.7,0.46,0.33,0.57,0.35,0.41,0.31,0.5,0.07,0.42,0.23,0.61,0.5,0.25,0.26,0.29,0.17,0.27,0.44,0.21,0.23,0.24,0.19
chr1_184937650,0.74,0.7,0.62,0.75,0.71,0.8,0.64,0.89,0.63,0.75,0.55,0.9,0.78,0.62,0.75,0.61,0.76,0.6579999999999999,0.65,0.72,0.6,0.55,0.53,0.57,0.65,0.61,0.57,0.57,0.44,0.56,0.52
chr5_5165756,0.79,0.5,0.36,0.83,0.93,0.9,0.73,0.9,0.56,0.5840740740740742,0.53,0.25,0.82,0.82,0.76,0.81,0.5840740740740742,0.5840740740740742,0.5840740740740742,0.58,0.68,0.35,0.0,0.0,0.0,0.31,0.41,0.72,0.83,0.69,0.71
chr2_96762104,0.88,0.73,0.66,0.8,0.94,0.83,0.67,0.85,0.77,0.63,0.97,0.93,0.88,0.87,0.89,1.0,0.75,0.92,0.8,0.91,0.76,0.67,0.66,0.58,0.72,0.69,0.61,0.72,0.91,0.63,0.6
chr1_244839462,0.66,0.88,0.66,0.76,0.76,0.8,0.78,0.8,0.8,0.8,0.64,0.84,0.94,0.85,0.76,0.75,0.76,0.84,0.82,0.9,0.72,0.71,0.71,0.64,0.64,0.74,0.68,0.6,0.63,0.72,0.55
chr15_96347668,0.2,0.0,0.04,0.0,0.09,0.1,0.08,0.2,0.17,0.13,0.13,0.13,0.05,0.05,0.15,0.0,0.12,0.04,0.03,0.12,0.11,0.35,0.18,0.24,0.17,0.36,0.14,0.17,0.19,0.21,0.16
chr17_78125130,0.15,0.17620689655172414,0.11,0.11,0.13,0.15,0.11,0.16,0.26,0.1,0.19,0.04,0.17620689655172414,0.09,0.22,0.25,0.15,0.0,0.0,0.0,0.05,0.44,0.2,0.24,0.5,0.28,0.26,0.2,0.26,0.28,0.18
chr5_170626710,0.73,0.78,0.78,0.87,0.84,0.89,1.0,0.81,0.82,0.87,0.0,0.58,0.87,0.95,0.83,0.96,1.0,0.86,0.96,0.91,0.43,0.47,0.0,0.59,0.28,0.89,0.01,0.83,0.44,0.82,0.48
