0,Control_1,Control_2,Control_3,Control_4,Control_5,Control_6,Control_7,Control_8,Control_9,Control_10,Control_11,Control_12,Control_13,Control_14,Control_15,Control_16,Control_17,Control_18,Control_19,Control_20,sALS_21,sALS_22,sALS_23,sALS_24,sALS_25,sALS_26,sALS_27,sALS_28,sALS_29,sALS_30,sALS_31,sALS_33,sALS_34,sALS_35,sALS_36,sALS_37,sALS_38,sALS_39,sALS_40,Control_51
chr17_81132479,0.72,0.56,0.05,0.31,0.7,0.0,0.56,0.43,0.47,0.42,0.33,0.51,0.83,0.9,0.37,0.55,0.9,0.8,0.0,0.43,0.39,0.0,0.42,0.4,0.53,0.49,0.01,0.43,0.0,0.46,0.0,0.02,0.42,0.0,0.42,0.5,0.0,0.0,0.48,0.42
chr9_135536798,0.38,0.41,0.75,0.55,0.0,0.0,0.55,0.0,0.52,0.0,0.83,0.0,0.32,0.82,0.53,0.5194871794871795,0.26,0.65,0.0,0.9,0.59,0.86,0.57,0.0,0.8,0.92,0.0,0.86,0.86,0.85,0.44,0.42,0.95,0.56,1.0,0.36,0.3,0.8,0.83,0.82
chr9_135536821,0.41,0.42,0.66,0.52,0.0,0.0,0.43,0.0,0.52,0.0,0.84,0.0,0.35,0.8,0.56,0.0,0.23,0.65,0.0,0.9,0.5,0.68,0.62,0.0,0.77,1.0,0.0,0.71,0.82,0.85,0.46,0.44,0.86,0.47,1.0,0.44,0.37,0.84,0.78,0.8
chr21_38893979,0.0,0.0,0.56,0.54,0.0,0.86,0.45,0.56,0.48,0.31,0.88,0.0,0.45,0.94,0.0,0.55,0.87,0.3,0.45,0.46,0.43,0.0,0.0,0.0,0.33,0.47,0.04,0.5,0.0,0.0,0.92,0.39,0.64,0.0,0.0,0.02,0.03,0.0,0.0,0.57
chr7_22612632,0.85,0.81,0.91,0.89,0.91,0.0,0.85,0.51,0.9,0.89,0.84,0.0,0.39,0.88,0.8,0.93,0.81,0.43,0.87,0.85,0.85,0.6,0.82,0.88,0.96,0.88,0.51,0.95,0.82,0.86,0.92,0.91,0.9,0.9,0.84,0.93,0.91,0.9,0.96,0.54
chr1_236543745,0.71,0.0,0.47,0.0,0.5,0.0,0.0,0.0,0.5,0.34,0.95,0.0,0.57,0.45,0.0,0.94,0.0,0.0,0.0,0.0,0.45,0.55,0.62,0.42,0.0,0.92,0.01,0.0,0.48,1.0,0.93,0.87,0.0,0.45,0.69,0.34,0.44,0.86,0.86,0.53
chr9_35860944,0.64,0.55,0.43,0.75,0.0,0.54,0.77,0.48,0.89,0.48,0.4,0.0,0.51,0.83,0.77,0.47,0.72,0.67,0.83,0.82,0.34,0.42,0.4,0.77,0.27,0.44,0.35,0.39,0.0,0.0,0.0,0.75,0.41,0.44,0.65,0.44,0.35,0.31,0.0,0.85
chr1_3800475,0.85,0.61,0.69,0.77,0.73,0.85,0.78,0.7,0.69,0.52,0.43,0.0,0.54,0.55,0.78,0.81,0.72,0.58,0.72,0.0,0.0,0.3,0.5,0.51,0.34,0.77,0.48,0.48,0.63,0.42,0.55,0.0,0.71,0.72,0.0,0.59,0.75,0.45,0.71,0.76
chr3_128991686,0.56,0.25,0.2,0.19,0.40108108108108126,0.4,0.3,0.38,0.15,0.33,0.42,0.0,0.12,0.18,0.57,0.28,0.53,0.27,0.62,0.21,0.4,0.5,0.42,0.68,0.31,0.46,0.6,0.5,0.40108108108108126,0.5,0.63,0.38,0.9,0.5,0.40108108108108126,0.47,0.55,0.64,0.31,0.13
chr12_30995726,0.78,0.33,0.19,0.9,0.83,0.91,0.93,0.4,0.82,0.76,0.93,0.9,0.0,1.0,0.78,0.91,0.25,0.26,0.86,0.3,0.84,0.31,0.0,0.26,0.71,0.58,0.84,0.78,0.0,0.0,0.43,0.52,0.46,0.33,0.34,0.0,0.46,0.33,0.81,0.82
chr20_49793980,0.11,0.04,0.09,0.05,0.08,0.12,0.17,0.17,0.0,0.08,0.04,0.03,0.06,0.09,0.09,0.0,0.19,0.12,0.13,0.04,0.18,0.0,0.23,0.31,0.12,0.0,0.54,0.0,0.17,0.0,0.4,0.0,0.53,0.18,0.28,0.26,0.27,0.39,0.09,0.0
chr2_202777431,0.87,0.91,0.81,0.0,0.93,0.51,0.7,0.42,0.46,0.93,0.0,0.52,0.0,0.84,0.91,0.38,0.82,0.6,0.47,0.21,0.0,0.4872972972972974,0.51,0.0,0.55,0.4872972972972974,0.42,0.47,0.48,0.42,0.0,0.52,0.4872972972972974,0.04,0.95,0.53,1.0,0.0,0.0,0.85
chr16_28264920,0.0,0.0,0.0,0.02,0.38,0.0,0.59,0.0,0.0,0.0,0.48,0.0,0.49,0.47,0.0,0.31,0.0,0.33,0.0,0.0,0.75,0.64,0.02,0.42,0.57,0.46,0.0,0.0,0.87,0.47,0.0,0.01,0.0,0.48,0.48,0.53,0.52,0.0,0.43,0.0
chr3_58355369,0.07,0.03,0.03,0.0,0.23,0.17,0.13,0.13,0.1,0.07,0.17,0.0,0.05,0.15,0.23,0.21,0.16,0.1,0.25,0.1,0.19,0.16,0.21,0.34,0.04,0.02,0.44,0.05,0.23,0.24,0.42,0.18,0.43,0.27,0.16,0.16,0.27,0.35,0.16,0.07
chr7_66377556,0.83,0.48,0.04,0.8,0.37,0.33,0.82,0.36,0.36,0.44,0.95,0.5,0.0,0.61,0.9,0.9,0.47,0.5,0.75,0.87,0.38,0.26,0.88,0.87,0.53,0.0,0.48,0.0,0.81,0.4841025641025642,0.34,0.0,0.38,0.85,0.45,0.48,0.39,0.0,0.0,0.5
chr11_113374325,0.86,0.51,0.18,0.46,0.0,0.0,0.0,0.0,0.91,0.0,0.45,0.34,0.0,0.0,0.8,0.0,0.62,0.47,0.0,0.44,0.0,0.93,0.93,0.52,0.0,0.7,0.95,0.51,0.88,0.37,0.48,0.95,0.0,0.0,0.93,0.35,0.42,0.8,0.64,0.0
chr1_236894307,0.44,0.0,0.47,0.0,0.0,0.0,0.0,0.38,0.42,0.0,0.0,0.41,0.45,0.0,0.0,0.38,0.47,0.43,0.9,0.42,0.0,0.0,0.43,0.0,0.0,1.0,0.48,0.5,0.55,0.43,0.44,0.96,0.93,0.45,0.43,0.51,0.9,0.0,0.94,0.0
chr20_3765668,0.06,0.0,0.24,0.03,0.17,0.13,0.16,0.24,0.12,0.08,0.42,0.0,0.11,0.07,0.11,0.05,0.34,0.16,0.25,0.25,0.12,0.22,0.19,0.5,0.41,0.16,0.29,0.22,0.25,0.29,0.3,0.13,0.5,0.2,0.16,0.12,0.24,0.41,0.23,0.06
chr4_119069785,0.5,0.51,0.8,0.85,0.32,0.8,0.84,0.47,0.3,0.82,0.91,0.5,0.48,0.92,0.87,0.01,0.53,0.38,0.93,0.53,0.0,0.42,0.43,0.42,0.0,0.42,0.52,0.28,0.0,0.92,0.88,0.87,0.42,0.02,0.0,0.39,0.8,0.0,0.49,0.33
chr12_30965360,0.76,0.71,0.46,0.82,0.7,0.62,0.5,0.7,0.62,0.43,0.43,0.85,0.8,0.26,0.74,0.71,0.87,0.68,0.72,0.83,0.3,0.59,0.62,0.25,0.36,0.33,0.35,0.69,0.76,0.23,0.0,0.75,0.24,0.4,0.32,0.42,0.75,0.31,0.65,0.73
chr19_30927782,0.79,0.92,0.62,0.74,0.32,0.76,0.84,0.78,0.42,0.84,0.48,0.78,0.66,0.72,0.56,0.63,0.67,0.79,0.68,0.75,0.6,0.83,0.68,0.31,0.56,0.81,0.7,0.8,0.61,0.85,0.14,0.75,0.66,0.3,0.21,0.47,0.68,0.68,0.0,0.62
chr1_43621160,0.0,0.48,0.08,0.5,0.0,0.51,0.58,0.0,0.68,0.52,0.41,0.0,0.0,0.0,0.43,0.38,0.0,0.4,0.87,0.0,0.0,0.0,0.01,0.42,0.0,0.0,0.0,0.0,0.5,0.0,0.0,0.45,0.0,0.0,0.0,0.0,0.0,0.0,0.0,0.54
chr10_62372032,0.34,0.0,0.0,0.8,0.4,0.33,0.9,0.41,0.47,0.38,0.0,0.4,0.44,0.0,0.38,0.94,0.9,0.41,0.57,0.6,0.0,0.0,0.35,0.42,0.94,0.0,0.32,0.0,0.0,0.0,0.0,0.88,0.0,0.04,0.0,0.45,0.42,0.0,0.0,0.21
chr5_137661163,0.93,0.9,0.79,0.92,0.0,0.88,0.46,0.0,0.46,1.0,0.46,0.58,0.94,0.55,0.87,0.0,0.44,0.52,0.43,0.46,0.4,0.8,0.91,0.66,0.42,0.96,0.97,0.92,0.92,1.0,0.94,0.92,0.96,0.91,1.0,0.48,0.42,0.91,0.92,0.83
chr14_91943916,0.81,0.0,0.84,0.47,0.0,0.0,0.55,0.55,0.51,0.77,0.43,0.0,0.68,0.0,0.57,0.51,0.91,0.48,0.62,0.5,0.88,0.72,0.56,0.59,0.48,0.53,0.94,0.58,0.57,0.71,0.91,0.61,0.88,0.53,0.64,0.51,0.54,0.69,0.86,0.0
chr2_111618338,0.0,0.0,0.32,0.38,0.0,0.0,0.0,0.0,0.0,0.35,0.48,0.82,0.38,0.0,0.0,0.0,0.95,0.54,0.46,0.0,0.42,0.77,0.86,0.47,0.33,0.0,0.25,0.78,0.25,0.92,0.4,0.78,0.51,0.36,0.35,0.4,0.42,0.45,0.83,0.0
chr17_827722,0.53,0.81,0.55,0.92,0.45,0.55,0.95,0.92,0.82,0.94,0.89,0.43,0.89,0.54,0.86,0.82,0.77,0.94,0.5,0.67,0.0,0.93,0.57,0.92,0.88,0.65,0.56,0.0,0.85,0.32,0.0,0.91,0.92,0.37,0.47,0.88,0.48,0.95,0.87,0.82
chr5_180316637,0.75,0.93,0.67,0.36,0.93,0.43,0.89,0.38,1.0,0.89,0.48,0.84,0.87,0.92,0.84,0.36,0.47,1.0,0.87,0.95,0.87,0.84,0.89,0.8,0.8,0.96,0.9,0.91,0.84,0.4,0.94,0.92,0.96,0.86,0.77,0.88,0.89,0.83,0.81,0.85
chr1_2873407,0.78,0.8,0.5,0.9,0.8,0.0,0.3,0.85,0.0,0.36,0.81,0.0,0.91,0.84,0.35,0.47,0.85,0.0,0.0,0.0,0.0,0.72,0.0,0.0,0.45,0.45,0.37,0.47,0.0,0.88,0.0,0.38,0.18,0.52,0.58,0.0,0.0,0.46,0.0,0.0
chr7_155820590,0.48,0.89,0.76,0.41,0.48,0.83,0.48,0.56,0.23,0.85,0.38,0.54,0.47,0.0,0.38,0.38,0.54,0.52,0.64,0.43,0.0,0.39,0.86,0.54,0.91,0.43,0.84,0.0,0.51,0.68,0.84,0.89,0.95,0.86,0.96,0.88,0.86,0.83,0.93,0.83
chr3_194852629,0.86,0.83,0.53,0.34,0.91,0.43,0.91,0.42,0.0,0.89,0.51,0.96,0.89,0.75,0.0,0.54,0.76,0.47,0.73,0.33,0.47,0.74,0.86,0.87,0.8,0.95,0.4,0.88,0.33,0.8,0.85,0.84,0.91,0.87,0.89,0.45,0.81,0.42,0.86,0.79
chr20_25581009,0.86,0.46,0.44,0.94,0.45,0.82,0.44,0.79,0.46,0.96,0.91,0.32,0.36,0.47,0.78,0.57,0.9,0.0,0.97,0.4,0.0,0.0,0.4,0.35,0.34,0.54,0.48,0.5,0.84,0.0,0.54,0.92,0.88,0.43,0.33,0.91,0.88,0.51,0.53,0.43
chr15_71275063,0.75,0.7,0.75,0.4,0.52,0.29,0.72,0.48,0.26,0.77,0.83,0.7,0.87,0.0,0.81,0.58,0.31,0.26,0.8,0.87,0.34,0.51,0.36,0.31,0.78,0.51,0.46,0.36,0.27,0.37,0.75,0.44,0.77,0.0,0.76,0.85,0.0,0.4,0.36,0.76
chr8_102550952,0.0,0.6,0.25,0.0,1.0,0.0,0.48,0.44,0.0,0.45,0.35,0.47,0.5,0.0,0.0,0.38,0.0,0.56,0.53,0.51,0.86,0.0,0.87,0.85,0.38,0.92,0.43,0.44,0.0,0.0,0.45,0.48,0.96,0.48,0.51,0.0,0.72,0.43,0.38,0.0
chr16_677066,0.6427027027027028,0.5,0.72,0.77,0.9,0.6427027027027028,0.59,0.55,0.58,0.6,0.76,0.77,0.89,0.86,0.47,0.9,0.6427027027027028,0.81,0.88,0.73,0.81,0.49,0.66,0.72,0.84,0.48,0.69,0.48,0.83,0.6,0.56,0.2,0.67,0.64,0.5,0.36,0.14,0.63,0.5,0.7
chr14_94707163,0.68,0.64,0.47,0.25,0.0,0.77,0.87,0.75,0.8,0.88,0.38,0.73,0.46,0.77,0.46,0.81,0.5336111111111111,0.3,0.5336111111111111,0.7,0.71,0.0,0.65,0.3,0.5336111111111111,0.35,0.9,0.84,0.66,0.33,0.44,0.31,0.65,0.5336111111111111,0.46,0.66,0.21,0.61,0.0,0.41
chr21_43302095,0.75,1.0,0.75,0.94,0.84,0.88,0.73,0.77,0.86,0.92,0.84,0.83,0.88,1.0,0.79,0.9,0.8246153846153847,0.91,1.0,0.86,0.81,0.59,0.71,0.88,0.66,0.9,0.87,0.78,0.9,0.7,0.74,0.86,0.93,0.85,0.57,0.85,0.62,0.78,0.81,0.9
chr8_95181670,0.03,0.0,0.1,0.0,0.04,0.11,0.12,0.05,0.05,0.04,0.15,0.04,0.08,0.08,0.13,0.05,0.0,0.0,0.07,0.07,0.06,0.19,0.17,0.19,0.0,0.05,0.36,0.0,0.1,0.2,0.12,0.13,0.47,0.10263157894736842,0.10263157894736842,0.03,0.2,0.28,0.14,0.0
chr17_6655339,0.04,0.05,0.12,0.72,0.72,0.92,0.5,0.95,0.52,0.36,0.75,0.61,0.42,0.92,0.41,0.88,0.81,0.61,0.29,0.91,0.81,0.48,0.5,0.81,0.06,0.15,0.2,0.29,0.47,0.13,0.01,0.08,0.54,0.42,0.4,0.16,0.5,0.39,0.44,0.3
chr2_9388097,0.87,0.93,0.88,0.97,0.96,0.84,0.88,0.88,0.92,0.96,0.87,1.0,0.97,0.94,0.52,0.96,1.0,0.79,0.87,0.96,0.88,0.73,0.54,0.94,0.77,0.94,0.95,0.34,0.86,0.53,0.98,0.85,0.52,0.9,1.0,0.45,0.9,0.91,0.0,0.84
chr19_38557493,0.08,0.13,0.04,0.0,0.09,0.42,0.17,0.52,0.0,0.0,0.28,0.03,0.1,0.12,0.2,0.19,0.06,0.0,0.13,0.0,0.64,0.2,0.07,0.28,0.25,0.05,0.65,0.03,0.16,0.71,0.4,0.3,0.4,0.52,0.05,0.07,0.11,0.37,0.1,0.04
chr4_184812162,0.15,0.09,0.08,0.0,0.3,0.35,0.2,0.28,0.15,0.16,0.16,0.0,0.2,0.07,0.54,0.21,0.44,0.27,0.41,0.27052631578947367,0.16,0.33,0.39,0.56,0.12,0.34,0.38,0.13,0.28,0.4,0.52,0.35,0.5,0.46,0.27052631578947367,0.18,0.5,0.35,0.27,0.0
chr10_38356275,0.06,0.15,0.1,0.04,0.66,0.61,0.0,0.18861111111111112,0.0,0.0,0.08,0.6,0.11,0.0,0.04,0.0,0.3,0.18861111111111112,0.93,0.47,0.09,0.23,0.18,0.42,0.33,0.04,0.0,0.16,0.18861111111111112,0.1,0.1,0.0,0.21,0.18861111111111112,0.11,0.22,0.04,0.25,0.0,0.16
chr8_141616843,0.05,0.1,0.08,0.07,0.17,0.13,0.2,0.18,0.22,0.05,0.09,0.29,0.24,0.18,0.2,0.07,0.19,0.24,0.28,0.32,0.13,0.21,0.1,0.09,0.16,0.05,0.1,0.1,0.03,0.06,0.09,0.1,0.09,0.05,0.06,0.15,0.14,0.09,0.04,0.23
chr17_6655337,0.04,0.1,0.12,0.72,0.75,0.88,0.48,0.95,0.61,0.39,0.71,0.6,0.44,0.88,0.27,0.88,0.81,0.7,0.35,0.91,0.83,0.47,0.55,0.78,0.0,0.18,0.27,0.29,0.52,0.0,0.08,0.1,0.52,0.42,0.45,0.2,0.56,0.4,0.41,0.3
chr8_143307499,0.82,0.96,0.36,0.01,0.89,0.05,0.84,0.23,0.95,0.91,0.02,0.18,0.04,0.39,0.01,0.42,0.37,0.04,0.39,0.88,0.01,0.7,0.87,0.04,0.79,0.34,0.85,0.83,0.82,0.72,0.84,0.43,0.86,0.36,0.9,0.43,0.82,0.41,0.42,0.46
chr20_53875670,0.23,0.1,0.31,0.11,0.33,0.75,0.3,0.62,0.27,0.48,0.29,0.21,0.11,0.23,0.5,0.39,0.57,0.16,0.43,0.22,0.25,0.46,0.4,0.73,0.43,0.36,0.67,0.44,0.5,0.4,0.71,0.36,0.77,0.56,0.22,0.36,0.57,0.42,0.37,0.06
chr22_43155401,0.47,0.75,0.4,0.46,0.7,0.77,0.6,0.47,0.17,0.41,0.85,0.55,0.8,0.83,0.3,0.61,0.31,0.69,0.69,0.45,0.77,0.38,0.93,0.85,0.73,0.74,0.32,0.28,0.6,0.68,0.79,0.88,0.77,0.6338461538461538,0.86,0.5,0.89,0.71,1.0,0.76
chr9_136418197,0.78,0.86,0.71,0.76,0.73,0.6,0.76,0.72,0.72,0.87,0.65,0.82,0.85,0.69,0.68,0.8,0.75,0.58,0.81,0.7,0.63,0.53,0.63,0.69,0.66,0.73,0.43,0.61,0.61,0.83,0.61,0.69,0.7,0.66,0.6974358974358974,0.8,0.68,0.64,0.57,0.66
chr17_82859191,0.4,0.52,0.42,0.68,0.84,0.74,0.68,0.41,0.0,0.78,0.43,0.03,0.4,0.46,0.79,0.42,0.0,0.5,0.33,0.8,0.33,0.02,0.26,0.31,0.41,0.06,0.77,0.02,0.0,0.0,0.28,0.04,0.02,0.52,0.33,0.47,0.02,0.48,0.05,0.0
chr6_72640067,0.78,0.87,0.88,0.81,0.91,0.83,0.83,0.88,0.86,0.88,0.94,1.0,0.89,0.86,0.8,1.0,0.92,0.85,0.96,0.93,0.85,0.5,0.92,0.61,0.78,0.63,0.86,0.88,0.72,0.97,0.87,0.91,0.6,0.86,0.81,0.83,0.81,0.77,0.76,0.83
chr18_24187268,0.03,0.0,0.05,0.0,0.08,0.25,0.1,0.23,0.05,0.0,0.0,0.08,0.0,0.0,0.15,0.22,0.15,0.15,0.17,0.07,0.0,0.4,0.2,0.48,0.4,0.08,0.21,0.1,0.27,0.25,0.31,0.14,0.46,0.11,0.04,0.16,0.26,0.34,0.11,0.0
chr10_102226921,0.16,0.05,0.11,0.04,0.07,0.17,0.1,0.21,0.0,0.0,0.1,0.0,0.0,0.08,0.2,0.09,0.41,0.22,0.15,0.12,0.09,0.14,0.15,0.39,0.24,0.1,0.36,0.1,0.28,0.15,0.26,0.12,0.4,0.3,0.16,0.2,0.24,0.31,0.23,0.0
chr11_64206897,0.11,0.0,0.0,0.05,0.07,0.16,0.0,0.0,0.07,0.0,0.12,0.0,0.0,0.05,0.15,0.0848717948717949,0.05,0.0,0.0,0.0,0.05,0.03,0.07,0.17,0.15,0.01,0.35,0.0,0.2,0.0,0.09,0.14,0.31,0.16,0.08,0.16,0.14,0.25,0.12,0.0
chr17_29116911,0.08,0.2061538461538462,0.05,0.0,0.2,0.33,0.12,0.16,0.2,0.08,0.1,0.04,0.0,0.0,0.24,0.15,0.15,0.33,0.31,0.12,0.17,0.33,0.28,0.37,0.28,0.1,0.36,0.1,0.3,0.35,0.31,0.28,0.54,0.36,0.21,0.18,0.33,0.32,0.21,0.0
chr14_72876869,0.41,0.4,0.47,0.76,0.33,0.48,0.44,0.82,0.5,0.5,0.31,0.48,0.0,0.0,0.61,0.0,0.47,0.57,0.34,0.51,0.0,0.37,0.31,0.68,0.34,0.85,0.89,0.91,0.44,0.5,0.44,0.79,0.4,0.4,0.5,0.77,0.86,0.39,0.91,0.81
chr7_150341875,0.55,0.5,0.31,0.35,0.63,0.54,0.33,0.65,0.7,0.25,0.34,0.56,0.8,0.48,0.6,0.52,0.6,0.66,0.72,0.75,0.5,0.53,0.33,0.3,0.44,0.69,0.45,0.53,0.35,0.54,0.41,0.48,0.47,0.3,0.5,0.31,0.44,0.55,0.2,0.37
chr6_74850625,0.81,0.89,0.42,0.53,0.82,0.39,0.88,0.83,0.78,0.85,0.89,0.94,0.82,0.9,0.82,0.81,0.37,0.8,0.47,0.9,0.77,0.35,0.0,0.44,0.37,0.88,0.82,0.48,0.76,0.79,0.72,0.56,0.45,0.8,0.0,0.85,0.76,0.79,0.84,0.48
chr2_65579827,0.0,0.52,0.0,0.47,1.0,0.0,0.0,0.0,0.32,0.44,0.95,0.51,0.0,0.42,0.22763157894736843,0.36,0.0,0.0,0.61,0.35,0.0,0.22763157894736843,0.0,0.0,0.0,0.4,0.59,0.48,0.0,0.0,0.0,0.0,0.0,0.0,0.5,0.0,0.05,0.68,0.0,0.0
chr11_119084681,0.09,0.5,0.17,0.28,0.05,0.09,0.18,0.39,0.28,0.5,0.54,0.38,0.45,0.14,0.07,0.25,0.14,0.18,0.69,0.33,0.05,0.0,0.11,0.16,0.23,0.17,0.13,0.22,0.0,0.23,0.13,0.15,0.1,0.14,0.14,0.21,0.03,0.1,0.08,0.16
chr16_3963369,0.42,0.5,0.41,0.67,0.5,0.42,0.43,0.54,0.68,0.41,0.34,0.3,0.48,0.38,0.38,0.45,0.39,0.47,0.5,0.22,0.37,0.36,0.32,0.46,0.56,0.41,0.43,0.61,0.56,0.72,0.48,0.7,0.65,0.69,0.39,0.64,0.75,0.78,0.52,0.51
chr8_144426504,0.0,0.0,0.05,0.14,0.1,0.07,0.57,0.33,0.0,0.86,0.95,0.05,0.40864864864864864,0.40864864864864864,0.29,0.23,0.91,0.0,0.28,0.85,0.47,0.71,0.66,0.03,0.57,0.05,0.72,0.81,0.40864864864864864,0.9,0.85,0.03,0.87,0.69,0.76,0.35,0.47,0.12,0.38,0.0
chr5_98576447,0.0,0.34,0.39,0.0,0.05,0.01,0.0,0.0,0.42,0.33,0.43,0.01,0.0,0.49,0.34,0.45,0.47,0.25,0.41,0.0,0.38,0.74,0.48,0.0,0.51,0.48,0.43,0.48,0.44,0.66,0.0,0.03,0.48,0.85,0.74,0.49,0.07,0.45,0.05,0.32
chr22_49178490,0.76,0.94,0.77,0.73,0.74,0.73,0.84,0.83,0.4,0.44,0.84,0.87,0.77,0.85,0.24,0.7,0.83,0.66,0.75,0.45,0.72,0.51,0.39,0.73,0.36,0.34,0.44,0.81,0.3,0.8,0.7,0.4,0.0,0.5,0.2,0.4,0.77,0.8,0.77,0.7
chr19_55326908,0.11,0.3176315789473684,0.2,0.11,0.4,0.44,0.12,0.31,0.14,0.26,0.45,0.3,0.05,0.23,0.37,0.18,0.3176315789473684,0.27,0.23,0.33,0.26,0.34,0.38,0.65,0.25,0.21,0.54,0.33,0.45,0.38,0.52,0.12,0.55,0.26,0.45,0.33,0.37,0.5,0.52,0.16
chr1_145720925,0.42,0.45,0.63,0.55,0.56,0.47,0.36,0.52,0.37,0.35,0.41,0.41,0.4,0.42,0.35,0.6,0.61,0.3,0.2,0.69,0.32,0.38,0.24,0.43,0.34,0.3,0.43,0.33,0.19,0.22,0.34,0.16,0.45,0.44,0.12,0.48,0.27,0.5,0.54,0.3
chr10_127906071,0.47,0.36,0.82,0.52,0.21,0.59,0.45,0.53,0.0,0.68,0.88,0.85,0.04,0.8,0.84,0.68,0.17,0.72,0.4,0.89,0.15,0.73,0.63,0.75,0.2,0.09,0.6,0.38,0.46615384615384614,0.05,0.26,0.11,0.45,0.35,0.14,0.09,0.51,0.6,0.83,0.36
chr3_36945501,0.0,0.87,0.3,0.75,0.39,0.52,0.22,0.8,0.47,0.3,0.47,0.0,0.45,0.63,0.0,0.61,0.41,0.0,0.55,0.5,0.0,0.37,0.4,0.0,0.41,0.0,0.0,0.28,0.0,0.0,0.0,0.68,0.32,0.52,0.48,0.35,0.29,0.7,0.37,0.16
chr12_95551562,0.71,0.6,0.8,0.78,0.72,0.8,0.75,0.66,0.81,0.88,0.83,0.87,0.83,0.67,0.79,0.73,0.7,0.6,0.78,0.54,0.69,0.36,0.67,0.51,0.67,0.72,0.59,0.66,0.59,0.75,0.73,0.59,0.68,0.53,0.8,0.85,0.31,0.52,0.49,0.63
chr1_4689015,0.64,0.66,0.73,0.73,0.66,0.0,0.0,0.45,0.53,0.0,0.0,0.23,0.0,0.34,0.26,0.0,0.28,0.4,0.55,0.31,0.0,0.0,0.0,0.0,0.0,0.01,0.0,0.0,0.75,0.15,0.39,0.0,0.36,0.0,0.0,0.47,0.5,0.2,0.0,0.38
chr20_37701918,0.25,0.0,0.02,0.0,0.2,0.33,0.12,0.4,0.06,0.14,0.17,0.02,0.04,0.19,0.37,0.27,0.33,0.13,0.3,0.07,0.03,0.42,0.28,0.52,0.27,0.0,0.46,0.18,0.14,0.29,0.43,0.24,0.33,0.33,0.18,0.12,0.38,0.53,0.26,0.0
chr10_132964247,0.87,0.88,0.42,0.4,0.0,0.46,0.0,0.85,0.66,0.48,0.79,0.47,0.52,0.43,0.02,0.42,0.0,0.63,0.51,0.91,0.35,0.83,0.49,0.92,0.76,0.92,0.86,0.0,0.5,0.0,0.46,0.35,0.58,0.66,0.89,0.89,0.81,0.75,0.32,0.0
chr7_4204126,0.45,0.62,0.76,0.85,0.95,0.58,0.51,0.8,1.0,0.0,0.86,0.9,0.45,0.81,0.44,0.95,0.4,0.37,0.8,0.72,0.0,0.5,0.84,0.78,0.0,0.5866666666666667,0.64,0.78,0.5,0.47,0.0,0.95,0.46,0.5,0.35,0.34,0.88,0.48,0.44,0.75
chr11_3232740,0.78,0.95,0.79,0.84,0.88,0.87,0.9,0.86,0.91,0.44,0.85,0.85,0.92,0.9,0.8,0.89,0.64,0.84,0.85,0.91,0.81,0.83,0.51,0.82,0.85,0.56,0.51,0.69,0.41,0.79,0.78,0.75,0.85,0.75,0.82,0.88,0.82,0.48,0.9,0.76
chr19_18869487,0.08,0.3,0.35,0.2,0.57,0.42,0.21,0.44,0.45,0.57,0.03,0.48,0.29,0.14,0.05,0.14,0.31,0.13,0.21,0.12,0.2,0.44,0.08,0.22,0.21,0.18,0.14,0.03,0.21,0.0,0.03,0.29,0.3,0.27,0.22,0.15,0.1,0.1,0.05,0.31
chr22_20592116,0.38,0.5,0.88,0.25,0.96,0.41,0.36,0.91,0.43,0.45,0.52,0.89,0.85,0.55,0.46,0.96,0.94,0.41,0.45,0.91,0.76,0.81,0.92,0.89,0.87,0.93,0.9,0.57,0.92,0.58,0.44,0.93,0.9,0.46,0.78,0.53,0.8,0.86,0.89,0.45
chr16_88229568,0.16,0.14,0.16,0.52,0.28,0.77,0.2,0.13,0.29,0.13,0.22,0.17,0.27,0.2,0.15,0.2,0.21,0.58,0.4,0.7,0.22,0.23,0.17,0.1,0.13,0.28,0.18,0.18,0.1,0.2,0.17,0.19,0.2,0.23,0.17,0.13,0.18,0.18,0.18,0.53
chr14_102779923,0.25,0.1,0.04,0.0,0.06,0.21,0.18,0.24,0.02,0.05,0.14,0.0,0.0,0.12,0.09,0.17,0.1,0.2,0.3,0.08,0.08,0.15,0.22,0.36,0.27,0.0,0.19,0.1,0.3,0.22,0.3,0.09,0.47,0.25,0.37,0.11,0.48,0.32,0.24,0.0
chr1_29203431,0.87,0.38,0.93,0.82,0.95,1.0,0.0,1.0,1.0,1.0,0.55,0.43,0.88,0.6,0.34,0.92,0.5,0.0,0.85,0.87,0.88,0.38,0.84,0.43,0.4,0.92,0.95,0.93,0.0,1.0,0.0,0.23,0.5,0.29,0.0,0.88,0.28,0.0,0.0,0.75
chr17_81418810,0.75,0.46,0.55,0.33,0.47,0.4,0.04,0.0,0.2,0.0,0.0,0.33,0.43,0.12,0.23,0.44,0.06,0.4,0.07,0.0,0.02,0.11,0.0,0.0,0.08,0.01,0.1,0.05,0.0,0.4,0.32,0.62,0.06,0.15,0.19666666666666668,0.1,0.04,0.0,0.07,0.26
chr7_101206522,0.85,0.94,0.83,0.42,0.86,0.53,0.33,0.42,0.82,0.68,0.45,0.56,0.43,0.9,0.69,0.88,0.5,0.71,0.79,0.91,0.77,0.79,0.82,0.76,0.8,0.9,0.85,0.0,0.78,0.86,0.4,0.92,0.84,0.67,0.85,0.92,0.79,0.8,0.78,0.0
chr4_22587018,0.9,0.87,0.84,0.87,0.96,0.97,1.0,0.92,0.93,0.91,0.92,0.93,0.97,0.89,0.89,0.38,0.83,0.4,0.85,0.96,0.41,0.7986842105263159,1.0,0.5,0.52,0.53,0.9,0.95,0.5,0.76,0.94,0.93,0.7986842105263159,0.95,0.86,0.44,0.66,0.63,0.88,0.8
chr17_81255503,0.22,0.17,0.13,0.0,0.23,0.18,0.26,0.25,0.06,0.07,0.23,0.14,0.0,0.25,0.38,0.22,0.31,0.13,0.36,0.4,0.15,0.22,0.46,0.45,0.53,0.12,0.33,0.05,0.25,0.39,0.36,0.15,0.4,0.5,0.24358974358974358,0.23,0.28,0.36,0.28,0.0
chr10_78870299,0.08,0.15,0.08,0.05,0.08,0.23,0.11,0.07,0.08,0.0,0.05,0.06,0.16,0.1,0.08,0.04,0.05,0.0,0.22,0.0,0.11,0.17,0.08,0.32,0.18,0.17,0.34,0.12,0.2,0.16,0.13,0.05,0.32,0.15,0.13,0.17,0.15,0.15,0.1,0.15
chr5_76168604,0.0,0.61,0.13,0.0,0.51,0.89,0.43,0.92,0.43,0.0,0.5,0.43,0.5,0.85,0.57,0.55,0.36,0.0,0.0,0.41,0.79,0.45,0.0,0.0,0.0,0.0,0.0,0.52,0.0,0.4,0.0,0.56,0.0,0.42,0.0,0.51,0.27,0.0,0.0,0.0
chr4_7218821,0.31,0.79,0.84,0.85,0.86,0.84,0.51,0.86,0.85,0.93,0.46,0.33,0.0,0.8,0.71,0.59,0.95,0.42,0.47,0.45,0.32,0.82,0.83,0.85,0.72,0.81,0.51,0.42,0.75,0.84,0.91,0.85,0.82,0.86,0.92,0.54,0.9,0.84,0.46,0.88
chr8_43550492,0.76,0.53,0.81,0.83,0.0,0.56,0.52,0.56,0.43,0.0,0.37,0.48,0.0,0.36,0.48,0.87,0.2,0.41,0.4,0.5,0.48,0.64,0.44,0.0,0.0,0.52,0.4,0.36,0.42,0.0,0.0,0.0,0.0,0.0,1.0,0.0,0.47,0.36,0.02,0.0
chr12_68706628,0.87,0.81,0.56,0.51,0.87,0.86,0.43,0.51,0.91,0.58,0.45,0.86,0.92,0.55,0.92,0.93,0.42,0.83,0.5,0.78,0.0,0.74,0.78,0.0,0.0,0.81,0.75,0.0,0.26,0.75,0.46,0.83,0.53,0.66,0.48,0.87,0.76,0.4,0.78,0.92
chr10_32232265,0.78,0.31,0.46,0.67,0.76,0.62,0.32,0.65,0.72,0.6,0.63,0.57,0.84,0.79,0.84,0.73,0.29,0.6,0.79,0.8,0.5,0.5692307692307693,0.28,0.56,0.0,0.89,0.86,0.88,0.32,0.63,0.28,0.68,0.43,0.42,0.0,0.64,0.29,0.39,0.71,0.67
chr5_133526775,0.6,0.85,0.88,0.56,0.69,0.66,0.66,0.76,0.66,0.76,0.6773684210526317,0.92,0.93,0.92,0.64,0.88,0.64,0.6773684210526317,0.95,0.85,0.0,0.5,0.84,0.81,0.88,0.53,0.86,0.0,0.87,0.5,0.64,0.84,0.72,0.64,0.5,0.92,0.0,0.57,0.71,0.6
chr16_67653099,0.42,0.41,0.73,0.78,0.83,0.65,0.42,0.9,0.91,0.58,0.52,0.46,0.83,0.57,0.71,0.75,0.5,0.25,0.83,0.66,0.78,0.56,0.52,0.4,0.68,0.53,0.46,0.38,0.75,0.41,0.53,0.63,0.34,0.5866666666666668,0.42,0.6,0.44,0.6,0.42,0.72
chr17_45283845,0.87,0.92,0.5,0.33,0.34,0.96,0.39,0.86,0.44,0.68,0.75,0.93,0.6,0.86,0.88,0.9,0.92,0.76,0.95,1.0,0.01,0.32,0.87,0.01,0.77,0.89,0.82,0.45,0.85,0.0,0.5,0.45,0.92,0.84,0.77,0.87,0.8,0.0,0.85,0.75
chr8_18774816,0.42,0.91,0.09,0.42,1.0,0.36,0.42,0.34,0.95,0.0,0.95,0.5,0.42,0.97,0.0,0.44,0.53,0.45,0.37,0.97,0.0,0.0,0.54,0.81,0.0,0.0,0.43,0.48,0.55,0.0,0.46,0.48,0.0,0.72,0.44,0.0,0.0,0.97,0.51,0.93
chr14_69850330,0.64,0.71,0.72,0.83,0.91,0.79,0.75,0.73,0.6,0.52,0.75,0.91,0.76,0.43,0.76,0.61,0.88,0.76,0.9,0.8,0.61,0.45,0.69,0.68,0.68,0.64,0.31,0.64,0.69,0.23,0.81,0.74,0.53,0.68,0.79,0.69,0.68,0.48,0.28,0.69
chr1_12104380,0.48,0.71,0.86,0.83,0.5,0.82,0.82,0.89,0.35,0.91,0.3,0.56,0.95,0.82,0.97,0.94,0.83,0.75,0.89,0.76,0.81,0.75,0.87,0.71,0.84,0.0,0.36,0.39,0.86,0.35,0.83,0.0,0.44,0.81,0.42,0.87,0.39,0.34,0.8,0.4
chr8_127918960,0.9,0.79,0.78,0.83,0.9,0.58,0.97,0.65,0.7,0.86,0.6,0.9,0.92,0.72,0.46,0.93,0.9,0.47,0.9,0.9,0.68,0.53,0.51,0.84,0.5,0.88,0.55,0.85,0.52,0.83,0.0,0.65,0.87,0.7156410256410257,0.96,0.91,0.93,0.58,0.0,0.66
chr14_90517739,0.6,0.76,0.62,0.61,0.76,0.63,0.79,0.61,0.6,0.83,0.61,0.81,0.58,0.71,0.52,1.0,0.5,0.42,0.75,0.6,0.72,0.5,0.52,0.48,0.43,0.79,0.43,0.69,0.76,0.42,0.42,0.54,0.58,0.4,0.47,0.73,0.62,0.45,0.71,0.42
chr17_82440496,0.18,0.05,0.11,0.06,0.33,0.37,0.3,0.66,0.1,0.22,0.35,0.06,0.29,0.23,0.28,0.33,0.52,0.35,0.42,0.18,0.17,0.26,0.37,0.62,0.57,0.15,0.71,0.11,0.41,0.35,0.48,0.29,0.63,0.75,0.3330769230769231,0.38,0.39,0.48,0.37,0.11
chr5_2780482,0.44,0.36,0.64,0.41,0.41,0.33,0.51,0.51,0.43,0.6,0.58,0.42,0.54,0.4,0.5,0.55,0.33,0.44,0.43,0.68,0.43,0.26,0.18,0.4,0.17,0.52,0.37,0.48,0.26,0.35,0.47,0.5,0.4,0.33,0.5,0.47,0.35,0.5,0.57,0.58
chr11_117476685,0.0,0.0,0.76,0.39,0.89,0.0,0.0,0.44,0.47,0.6,0.55,0.94,0.5,0.46,0.33,0.0,0.72,0.85,0.43,0.39,0.2,0.68,0.8,0.76,0.86,0.0,0.29,0.39,0.84,0.47,0.52,0.84,0.2,0.5,0.68,0.47,0.33,0.85,0.85,0.0
chr10_69475292,0.82,1.0,0.76,0.91,0.9,0.75,0.88,0.76,0.95,0.9,0.87,1.0,1.0,0.84,0.83,0.85,0.66,0.9,1.0,0.85,0.68,0.62,0.75,0.66,0.8,0.85,0.8,0.82,0.7,0.8289743589743591,0.84,0.88,0.76,0.78,0.9,0.78,0.84,0.68,0.85,0.91
chr12_127710980,0.33,0.47,0.15,0.52,0.4,0.0,0.43,0.0,0.55,0.94,1.0,0.48,0.47,0.38,0.56,0.89,0.0,0.84,0.6,0.0,0.57,0.3932432432432433,0.0,0.53,0.6,0.0,0.56,0.26,0.45,0.4,0.0,0.92,0.0,0.3932432432432433,0.3932432432432433,0.0,0.18,0.53,0.54,0.0
chr17_19746728,0.0,0.9,0.68,0.89,0.8,0.3,0.78,0.82,0.54,0.81,0.41,0.84,0.83,0.86,0.0,0.84,0.69,0.36,0.85,0.88,0.84,0.74,0.84,0.76,0.8,0.52,0.83,0.5,0.77,0.59,0.49,0.73,0.83,0.94,0.55,0.88,0.75,0.73,0.75,0.33
chr2_118942009,0.55,0.51,0.0,0.0,0.69,0.0,0.0,0.0,0.4052777777777778,0.74,0.64,0.4052777777777778,0.61,0.59,0.78,0.75,0.75,0.81,0.4052777777777778,0.93,0.57,0.0,0.0,0.58,0.0,0.0,0.89,0.84,0.4052777777777778,0.35,0.68,0.65,0.0,0.57,0.67,0.0,0.0,0.0,0.0,0.44
chr12_111312824,0.62,0.53,0.29,0.25,0.8,0.91,0.52,0.44,0.6,0.8,0.35,0.8,0.44,0.66,0.23,0.53,0.6219444444444444,0.6219444444444444,0.44,0.4,0.4,0.65,0.84,0.71,0.46,0.79,0.63,0.79,0.66,0.6219444444444444,0.81,0.77,0.8,0.72,0.6219444444444444,1.0,0.59,0.7,0.66,0.8
chr8_27357527,0.1,0.0,0.05,0.03,0.06,0.12,0.04,0.17,0.03,0.11,0.08,0.05,0.07,0.04,0.05,0.0,0.2,0.07,0.08,0.08,0.0,0.0,0.11,0.48,0.2,0.11923076923076927,0.64,0.04,0.07,0.06,0.35,0.0,0.21,0.2,0.1,0.17,0.14,0.29,0.16,0.0
chr11_134139406,0.46,0.71,0.67,0.42,0.0,0.82,0.0,0.79,0.85,0.48,0.59,0.45,0.44,0.94,0.43,0.46,0.36,0.84,0.72,0.28,0.84,0.81,0.8,0.52,0.81,0.92,0.88,0.48,0.45,0.87,0.89,0.91,0.41,0.84,0.82,0.59,0.44,0.45,0.8,0.25
chr13_30740984,0.68,0.31,0.66,0.55,0.54,0.78,0.5,0.62,0.73,0.81,0.48,0.76,0.6980555555555555,0.52,0.57,0.72,0.87,0.75,0.86,0.68,0.6980555555555555,0.72,0.45,1.0,1.0,0.6980555555555555,0.75,0.95,0.81,0.6980555555555555,0.54,0.68,0.69,0.95,0.9,0.9,0.8,0.85,0.33,0.42
chr1_1164728,0.62,0.57,0.57,0.51,0.71,0.76,0.6,0.6,0.5,0.78,0.6,0.79,0.67,0.6,0.6,0.84,0.62,0.66,0.69,0.63,0.55,0.55,0.65,0.5,0.71,0.52,0.42,0.56,0.69,0.52,0.59,0.52,0.43,0.64,0.46,0.48,0.64,0.47,0.34,0.56
chr10_26746280,0.27,0.13,0.1,0.16,0.15,0.19,0.29,0.44,0.22,0.27,0.16,0.34,0.15,0.17,0.26,0.12,0.27,0.09,0.1,0.05,0.23783783783783785,0.23783783783783785,0.23,0.54,0.41,0.23,0.44,0.26,0.33,0.2,0.14,0.3,0.23783783783783785,0.31,0.25,0.17,0.1,0.5,0.33,0.13
chr20_58693811,0.6,0.52,0.51,0.65,0.32,0.28,0.3,0.43,0.61,0.0,0.35,0.5,0.81,0.41,0.69,0.42,0.0,0.64,0.5,0.18,0.35,0.01,0.3,0.3,0.46,0.02,0.64,0.4,0.04,0.0,0.4,0.0,0.38,0.47,0.33,0.44,0.36,0.01,0.23,0.51
chr7_1058316,0.0,0.87,0.87,0.96,0.93,0.92,0.8,0.92,0.84,0.81,0.47,0.87,0.36,0.92,0.88,0.97,0.75,0.8,0.96,0.88,0.74,0.86,0.9,0.85,0.82,0.91,0.88,0.81,1.0,0.93,0.85,0.93,0.86,0.92,1.0,0.85,0.81,0.87,0.93,0.86
chr22_22758310,0.61,0.7,0.37,0.68,0.32,0.38,0.46,0.36,0.75,0.3,0.0,0.37,0.42,0.43,0.0,0.84,0.0,0.33,0.22,0.0,0.74,0.0,0.33,0.0,0.4,0.0,0.26,0.01,0.0,0.0,0.0,0.0,0.71,0.28,0.4,0.34,0.0,0.38,0.34,0.0
chr16_20673314,0.18,0.28,0.29,0.37,0.6,0.51,0.45,0.48,0.4,0.36,0.35,0.36,0.38,0.29,0.52,0.46,0.44,0.56,0.36,0.54,0.23,0.53,0.4,0.54,0.64,0.444871794871795,0.6,0.5,0.3,0.52,0.5,0.45,0.6,0.76,0.46,0.58,0.28,0.5,0.52,0.26
chr13_40979490,0.25,0.32,0.21,0.25,0.41,0.29,0.33,0.31,0.4,0.4,0.06,0.23,0.28,0.19,0.33,0.05,0.14,0.36,0.25,0.36,0.15,0.36,0.4,0.25,0.25,0.30743589743589744,0.54,0.4,0.25,0.31,0.5,0.38,0.33,0.29,0.45,0.18,0.45,0.46,0.26,0.36
chr19_12758144,0.6,0.63,0.8,0.78,0.75,0.63,0.56,0.51,0.5,0.4,0.33,0.63,0.38,0.52,0.48,0.91,0.82,0.75,1.0,0.58,0.5,0.24,0.57,0.47,0.3,0.52,0.4,0.51,0.56,0.5733333333333335,0.62,0.8,0.5,0.5,0.69,0.63,0.48,0.48,0.5,0.53
chr13_51849279,0.08,0.13,0.17,0.1,0.27,0.27,0.07,0.37,0.13,0.13,0.1,0.08,0.04,0.11,0.18,0.03,0.22,0.14,0.17,0.1,0.07,0.12,0.07,0.39,0.38,0.1,0.6,0.0,0.33,0.15,0.34,0.16,0.65,0.33,0.22,0.09,0.25,0.5,0.31,0.15
chr5_6573651,0.33,0.31,0.12,0.53,0.17,0.5,0.26,0.35,0.4,0.3294444444444445,0.0,0.27,0.21,0.5,0.11,0.3294444444444445,0.23,0.3294444444444445,0.3294444444444445,0.21,0.25,0.57,0.34,0.47,0.2,0.3,0.46,0.52,0.28,0.53,0.15,0.39,0.41,0.25,0.5,0.41,0.35,0.21,0.5,0.27
chr8_46921450,0.0,0.9,0.69,0.38,0.37,0.83,0.0,0.92,0.44,0.3,0.45,0.81,0.0,0.33,0.75,0.48,0.0,0.33,0.25,0.46,0.77,0.79,0.48,0.46,0.0,0.0,0.0,0.33,0.31,0.26,0.0,0.0,0.35,0.4,0.4,0.39,0.88,0.0,0.39,0.0
chr16_79104830,0.9,0.45,0.79,0.88,0.39,0.97,0.5,0.42,0.95,0.52,0.91,0.95,0.6,0.47,0.91,0.97,0.96,0.8,0.41,0.46,0.45,0.83,0.69,0.44,0.25,0.0,0.66,0.0,0.87,0.75,0.94,0.5,0.62,0.9,0.93,0.57,0.93,0.3,0.52,0.92
chr19_1797001,0.53,0.21,0.5264864864864867,0.45,0.5264864864864867,0.52,0.76,0.57,0.46,0.6,0.47,0.62,0.9,0.56,0.28,0.58,0.75,0.63,0.5264864864864867,0.84,0.55,0.53,0.4,0.4,0.64,0.44,0.45,0.45,0.25,0.8,0.46,0.66,0.54,0.68,0.41,0.3,0.55,0.28,0.36,0.6
chr7_47897060,0.62,0.81,0.21,0.09,0.79,0.24,0.61,0.87,0.86,0.48,0.95,0.94,0.18,0.58,0.77,0.54,0.31,0.78,0.86,0.16,0.15,0.64,0.22,0.58,0.7,0.96,0.82,0.53,0.45,0.83,0.6,0.97,0.86,0.87,0.47,0.6,0.83,0.88,0.8,0.52
chr17_18056486,0.06,0.06,0.13,0.03,0.04,0.09,0.1,0.1,0.03,0.03,0.02,0.05,0.03,0.0,0.19,0.2,0.0,0.0,0.07,0.13,0.04,0.15,0.06,0.24,0.14,0.05,0.46,0.18,0.5,0.12,0.17,0.02,0.41,0.16,0.05,0.13,0.16,0.47,0.31,0.07
chr5_14326397,0.91,0.0,0.46,0.0,0.44,0.0,0.38,0.54,0.87,0.54,0.0,0.55,0.0,0.47,0.61,0.41,0.95,0.72,0.45,1.0,0.38,0.43,0.0,0.0,0.0,0.0,0.0,0.94,0.91,0.0,0.89,0.44,0.52,0.31,0.0,0.48,0.8,0.0,0.43,0.42
chr8_20233859,0.72,0.8,0.66,0.6,0.69,0.7,0.66,0.62,0.85,0.64,0.76,0.81,0.68,0.7,0.92,0.71,0.63,0.75,0.6,0.71,0.57,0.59,0.52,0.51,0.73,0.81,0.48,0.82,0.8,0.41,0.66,0.65,0.64,0.73,0.87,0.56,0.57,0.55,0.55,0.52
chr13_113509815,0.48,0.66,0.78,0.61,0.89,0.88,0.8,0.75,0.87,0.79,0.84,0.31,0.89,0.44,0.82,0.62,0.8,0.7,0.75,0.6,0.77,0.78,0.85,0.87,0.74,0.88,0.72,0.83,0.84,0.73,0.9,0.97,0.85,0.83,0.8,0.94,0.95,0.94,0.76,0.7
chr15_96103710,0.0,0.72,0.0,0.48,0.0,0.0,0.0,0.34,0.35,0.29,0.21,0.0,0.0,0.0,0.32,0.4,0.52,0.43,0.0,0.36,0.17702702702702702,0.17702702702702702,0.0,0.0,0.0,0.17702702702702702,0.75,0.0,0.0,0.0,0.0,0.0,0.36,0.06,0.46,0.0,0.0,0.0,0.0,0.5
chr20_63341887,0.78,0.96,0.51,0.82,0.91,0.82,0.82,0.86,0.77,0.22,0.91,0.93,0.9,0.4,0.32,0.9,0.32,0.72,0.86,0.88,0.72,0.8,0.87,0.85,0.91,0.92,0.91,0.83,0.84,0.8,0.89,0.88,0.93,0.87,0.93,0.86,0.91,0.89,0.91,0.82
chr13_111515005,0.41,0.0,0.23,0.0,0.0,0.43,0.0,0.39,0.3,0.19289473684210526,0.47,0.48,0.0,0.88,0.87,0.0,0.0,0.0,0.52,0.0,0.0,0.01,0.28,0.0,0.37,0.43,0.37,0.0,0.0,0.19289473684210526,0.28,0.0,0.0,0.0,0.0,0.0,0.3,0.31,0.0,0.0
chr16_85713818,0.92,0.84,0.39,0.0,0.9,0.4,0.58,0.84,0.86,0.0,0.9,0.91,0.0,0.42,0.88,0.9,0.5,0.31,0.53,0.41,0.94,0.41,0.49,0.84,0.47,0.47,0.87,0.9,0.93,0.83,0.89,0.5,0.4,0.84,0.93,0.89,0.91,0.87,0.5,0.39
chr19_4911535,0.58,0.38,0.39,0.5,0.56,0.52,0.59,0.6,0.81,0.76,0.4,0.88,0.52,0.62,0.55,0.63,0.53,0.46,0.16,0.77,0.7,0.71,0.62,0.57,0.66,0.6207692307692307,0.86,0.67,0.61,0.62,0.59,0.76,0.75,0.76,0.7,0.74,0.7,0.87,0.5,0.61
chr20_49981881,0.38,0.94,0.14,0.0,0.84,0.0,0.48,0.76,0.5,0.86,0.42,0.94,0.92,0.95,0.44,0.92,0.35,0.9,0.5369230769230767,0.25,0.79,0.44,0.0,0.97,0.47,0.0,0.0,0.4,1.0,0.45,0.88,0.0,0.52,0.33,0.85,0.86,0.34,0.39,0.43,0.83
chr20_38703561,0.0,0.0,0.03,0.0,0.0,0.0,0.46,0.62,0.0,0.89,0.0,0.0,0.0,0.36,0.0,0.37,0.0,0.45,0.4,0.0,0.0,0.0,0.0,0.0,0.76,0.55,0.77,0.0,0.31,0.87,0.37,0.52,0.0,0.0,0.53,0.78,0.91,0.77,0.0,0.46
chr6_1629573,0.26,0.06,0.05,0.19,0.21,0.25,0.21,0.26,0.0,0.3,0.21,0.22,0.19,0.04,0.15,0.12,0.23,0.09,0.15,0.05,0.22,0.26,0.21,0.28,0.25,0.15,0.31,0.32,0.25,0.33,0.31,0.19,0.47,0.35,0.3,0.09,0.33,0.27,0.29,0.12
chr12_47788794,0.79,0.91,0.76,0.8,1.0,0.28,0.42,0.68,0.88,0.8,0.85,0.75,0.88,0.9,0.35,0.93,0.783076923076923,0.88,0.84,0.31,0.8,0.85,1.0,0.76,0.9,0.96,0.93,0.92,0.83,1.0,0.82,0.91,0.81,1.0,1.0,0.63,0.31,0.86,0.9,0.34
chr17_81301534,0.39,0.3,0.29,0.31,0.41,0.42,0.3,0.32,0.22,0.55,0.25,0.36,0.2,0.17,0.36,0.46,0.33,0.35,0.33,0.42,0.24,0.11,0.36,0.18,0.37,0.25,0.22,0.24,0.21,0.2,0.2,0.32,0.18,0.25,0.32,0.44,0.21,0.32,0.11,0.27
chr1_203342368,0.57,0.5272222222222221,0.73,0.55,0.6,0.14,0.8,0.55,0.33,0.66,0.6,0.5272222222222221,0.58,0.7,0.75,0.85,0.35,0.5272222222222221,0.31,0.84,0.3,0.63,0.38,0.6,0.61,0.45,0.4,0.68,0.5,0.5272222222222221,0.5,0.29,0.25,0.78,0.45,0.45,0.15,0.24,0.84,0.57
chr10_72275115,0.76,0.85,0.69,0.76,0.79,0.75,0.85,0.79,0.84,0.91,0.68,0.85,0.87,0.68,0.58,0.72,0.82,0.57,0.66,0.82,0.7,0.72,0.63,0.63,0.73,0.82,0.56,0.73,0.54,0.72,0.63,0.88,0.6,0.68,0.63,0.62,0.64,0.64,0.63,0.9
chr8_143228990,0.81,0.87,0.4,0.0,0.96,0.0,0.9,0.0,0.53,0.92,0.46,0.48,0.0,0.43,0.0,0.64,0.84,0.27,0.3,0.96,0.0,0.81,0.48,0.38,0.71,0.98,0.9,0.77,0.9,1.0,0.91,0.42,0.77,0.6,0.86,0.36,0.86,0.42,0.36,0.3
chr12_47999131,0.0,0.5,0.53,0.58,0.57,0.0,0.0,0.0,0.0,0.52,0.0,0.52,0.47,0.6,0.0,0.76,0.47,0.1828205128205128,0.0,0.0,0.0,0.0,0.0,0.0,0.0,0.0,0.0,0.0,0.0,0.0,0.0,0.7,0.0,0.0,0.0,0.0,0.0,0.0,0.91,0.0
chr17_3958226,0.26,0.19,0.13,0.23,0.15,0.27,0.13,0.37,0.05,0.17,0.18,0.0,0.22,0.14,0.56,0.22,0.2615384615384615,0.33,0.33,0.08,0.23,0.21,0.34,0.51,0.31,0.16,0.39,0.18,0.22,0.42,0.29,0.27,0.37,0.64,0.33,0.09,0.27,0.34,0.42,0.2
chr2_74577905,0.11,0.0,0.05,0.04,0.09,0.22,0.15,0.37,0.11,0.0,0.14,0.04,0.21,0.05,0.16,0.2,0.27,0.16,0.22,0.09,0.0,0.3,0.22,0.45,0.14,0.09,0.15513513513513516,0.21,0.38,0.15513513513513516,0.08,0.0,0.15513513513513516,0.17,0.21,0.12,0.26,0.2,0.23,0.0
chr19_7932797,0.88,0.84,0.61,0.75,0.84,0.0,0.75,0.72,0.84,0.75,0.68,0.8,0.78,0.32,0.84,0.83,0.49,0.68,0.77,0.87,0.8,0.74,0.77,0.83,0.82,0.81,0.79,0.79,0.84,0.4,0.8,0.81,0.83,0.78,0.87,0.87,0.75,0.82,0.84,0.44
chr3_9134527,0.21,0.28,0.13,0.27,0.19,0.41,0.36,0.49,0.15,0.25,0.27,0.21,0.2,0.18,0.35,0.31,0.39,0.3,0.29,0.2,0.18,0.39,0.48,0.45,0.33,0.17,0.35,0.25,0.31,0.48,0.35,0.2,0.49,0.44,0.42,0.23,0.56,0.58,0.42,0.2
chr6_41728561,0.8,0.79,0.86,0.57,0.9,0.83,0.74,0.85,0.74,0.71,0.82,0.92,1.0,0.57,0.75,0.56,0.77,0.86,0.84,0.96,0.85,0.38,0.87,0.76,0.7,0.9,0.68,0.0,0.88,0.73,0.8,0.79,0.79,0.5,0.75,0.34,0.69,0.85,0.5,0.84
chr17_29125918,0.48,0.4,0.71,0.38,0.33,0.39,0.87,0.82,0.66,0.55,0.0,0.7,0.81,0.66,0.81,0.0,0.69,0.75,0.43,0.81,0.42,0.64,0.32,0.66,0.0,0.28,0.44,0.63,0.0,0.75,0.68,0.76,0.41,0.55,0.3,0.26,0.37,0.7,0.41,0.4
chr19_53553902,0.51,0.52,0.0,0.0,0.62,0.59,0.35,0.02,0.44,0.71,0.0,0.0,0.0,0.0,0.69,0.0,0.04,0.07,0.72,0.03,0.0,0.0,0.06,0.0,0.72,0.0,0.0,0.57,0.03,0.0,0.0,0.01,0.0,0.0,0.63,0.0,0.0,0.01,0.0,0.47
chr17_64833860,0.17,0.0,0.12,0.07,0.28,0.35,0.09,0.34,0.16,0.2,0.25,0.07,0.0,0.1,0.47,0.25,0.1,0.21,0.23,0.06,0.07,0.2,0.31,0.58,0.36,0.23,0.36,0.04,0.23,0.32,0.36,0.11,0.5,0.38,0.5,0.2,0.11,0.58,0.34,0.0
chr2_239258327,0.16,0.11,0.3,0.08,0.13,0.21,0.11,0.28,0.12,0.37,0.38,0.11,0.13,0.19,0.36,0.19,0.31,0.32,0.16,0.19,0.29,0.12,0.29,0.7,0.34,0.19,0.41,0.26,0.43,0.31,0.55,0.13,0.66,0.3,0.15,0.13,0.4,0.38,0.28,0.25
chr11_128688038,0.75,0.92,0.88,0.73,0.77,0.85,0.92,0.82,0.8,0.94,0.81,0.8,0.8,0.8,0.88,0.87,0.87,0.65,0.9,0.79,0.76,0.57,0.72,0.72,0.82,0.77,0.53,0.89,0.66,0.67,0.72,0.75,0.54,0.8,0.65,0.69,0.87,0.67,0.65,0.84
chr6_161186455,0.1,0.54,0.47,0.68,0.43,0.09,0.8,0.19,0.29,0.1,0.58,0.3,0.14,0.2,0.12,0.33,0.36,0.54,0.41,0.33,0.53,0.35,0.27,0.32,0.58,0.5,0.66,0.46,0.73,0.65,0.3,0.63,0.48,0.42,0.1,0.67,0.56,0.48,0.43,0.1
chr19_10625439,0.69,0.53,0.52,0.58,0.7,0.73,0.57,0.46,0.59,0.76,0.36,0.62,0.54,0.31,0.58,0.77,0.63,0.36,0.3,0.64,0.46,0.63,0.66,0.62,0.59,0.39,0.23,0.69,0.54,0.21,0.68,0.65,0.35,0.56,0.6,0.25,0.13,0.46,0.12,0.64
chr2_151364034,0.34,0.28,0.18,0.11,0.35,0.58,0.07,0.31,0.5,0.41,0.11,0.1,0.17,0.25,0.25,0.21,0.36,0.26,0.53,0.29,0.42,0.26,0.44,0.46,0.56,0.18,0.66,0.19,0.34,0.44,0.61,0.18,0.71,0.57,0.37,0.25,0.63,0.55,0.31,0.15
chr5_146922542,0.45,0.72,0.71,0.76,0.87,0.42,0.74,0.79,0.42,0.84,0.83,0.52,0.84,0.86,0.76,0.42,0.4,0.76,0.77,0.87,0.39,0.32,0.81,0.82,0.46,0.42,0.0,0.34,0.46,0.51,0.31,0.81,0.77,0.0,0.0,0.83,0.44,0.8,0.81,0.59
chr8_20223067,0.38,0.3,0.12,0.16,0.37,0.41,0.21,0.47,0.25,0.3,0.38,0.52,0.3,0.26,0.2,0.26,0.25,0.25,0.46,0.34,0.54,0.46,0.25,0.47,0.2,0.36,0.54,0.3,0.43,0.42,0.28,0.15,0.44,0.55,0.28,0.32,0.37,0.42,0.35,0.28
chr14_62084158,0.43,0.0,0.09,0.0,0.48,0.84,0.0,0.42,0.0,0.0,0.56,0.51,0.46,0.47,0.0,0.0,0.0,0.52,0.83,0.0,0.79,0.38615384615384624,0.44,0.36,0.33,0.95,0.58,0.0,0.54,0.8,0.83,0.88,0.37,0.0,0.5,0.44,0.33,0.0,0.5,0.81
chr10_132518062,0.63,0.72,1.0,0.78,0.81,1.0,0.71,0.86,0.8,0.95,0.76,0.8,0.94,0.95,0.64,0.7749999999999999,0.75,0.7749999999999999,0.7749999999999999,0.72,0.7,0.69,0.82,0.47,0.6,0.88,0.72,0.72,0.7749999999999999,1.0,0.71,0.73,0.56,0.83,0.75,0.94,0.68,0.8,0.62,0.86
chr16_4948147,0.13,0.03,0.1,0.04,0.16,0.26,0.15,0.23,0.12,0.12,0.14,0.07,0.07,0.08,0.27,0.14,0.23,0.16,0.33,0.06,0.18,0.16,0.14,0.41,0.12,0.14,0.36,0.04,0.3,0.21,0.28,0.08,0.35,0.43,0.22,0.14,0.33,0.23,0.18,0.05
chr10_119452176,0.84,0.87,0.87,0.94,0.51,0.56,0.37,0.44,0.44,0.9,0.89,0.46,0.8,0.45,0.51,0.93,0.89,0.75,0.47,0.97,0.88,0.81,0.88,0.84,0.9,0.9,0.87,0.84,0.97,0.57,0.85,0.56,0.42,0.92,0.89,0.92,0.87,0.89,0.82,0.89
chr17_74046107,0.44,0.48,0.0,0.0,0.5,0.45,0.0,0.0,0.3,0.0,0.0,0.6,0.0,0.38,0.68,0.0,0.0,0.0,0.0,0.0,0.76,0.53,0.0,0.03,0.33,0.2439473684210526,0.0,0.5,0.0,0.0,0.9,0.64,0.2439473684210526,0.88,0.35,0.0,0.52,0.0,0.0,0.0
chr8_86089805,0.75,0.79,0.73,0.9,0.85,0.8,0.83,0.65,0.83,0.96,0.92,0.92,0.92,0.78,0.91,0.82,0.78,0.61,0.61,0.9,1.0,0.844871794871795,0.87,0.76,0.77,0.86,0.76,0.86,0.93,0.85,0.91,0.87,1.0,0.78,0.9,0.88,0.91,1.0,0.82,0.96
chr17_67606488,0.6,0.53,0.54,0.35,0.57,0.48,0.4,0.4,0.4,0.16,0.49540540540540545,0.85,0.36,0.5,0.35,0.53,0.45,0.18,0.33,0.66,0.66,0.7,0.47,0.59,0.57,0.63,0.41,0.41,0.49540540540540545,0.52,0.4,0.48,0.6,0.49540540540540545,0.84,0.47,0.35,0.62,0.57,0.4
chr13_26119009,0.78,0.86,0.75,0.73,0.85,0.84,0.75,0.8,0.91,0.95,0.92,0.79,0.73,0.76,0.68,0.9,0.96,0.26,0.45,0.9,0.78,0.3,0.0,0.28,0.28,0.89,0.68,0.85,0.0,0.77,0.78,0.69,0.71,0.5,0.75,0.84,0.41,0.87,0.87,0.88
chr5_8786066,0.66,0.0,0.0,0.0,0.75,0.37,0.0,0.46,0.47,0.0,0.0,0.0,0.0,0.48,0.0,0.4,0.35,0.20675675675675673,0.0,0.28,0.0,0.20675675675675673,0.85,0.02,0.0,0.35,0.0,0.0,0.0,0.0,0.0,0.42,0.20675675675675673,0.05,0.0,0.46,0.0,0.5,0.0,0.78
chr14_104945619,0.75,0.86,0.57,0.6,0.5476315789473682,0.65,0.48,0.87,0.8,0.0,0.5476315789473682,0.62,0.42,0.88,0.78,0.86,0.66,0.66,0.83,0.85,0.0,0.79,0.48,0.0,0.68,0.56,0.6,0.61,0.83,0.44,0.84,0.0,0.7,0.7,0.56,0.0,0.06,0.03,0.79,0.0
chr16_29267176,0.93,0.21,0.55,0.6,0.52,0.91,0.85,0.54,0.61,0.0,0.0,0.64,0.88,0.35,0.78,0.86,0.0,0.0,0.7,0.72,0.85,0.53,0.52,0.0,0.76,0.71,0.92,0.83,0.81,0.6125641025641024,0.86,0.88,0.85,0.52,0.9,0.76,0.48,0.85,0.9,0.31
chr4_49315121,0.41,0.72,0.64,0.2,0.55,0.5,0.31,0.56,0.81,0.5,0.66,0.66,0.37,0.63,0.52,0.66,0.6,0.6,0.5963888888888889,0.72,0.44,0.43,0.7,0.62,0.53,0.59,0.71,0.77,0.5963888888888889,0.5963888888888889,0.6,0.7,0.83,0.41,0.5963888888888889,0.92,0.76,0.72,0.8,0.32
chr22_19615480,0.79,0.45,0.29,0.82,0.82,0.84,0.42,0.88,0.48,0.94,0.77,0.91,0.85,0.93,0.83,0.4,0.8,0.38,0.9,0.51,0.37,0.43,0.83,0.4,0.79,0.93,0.0,0.8,0.37,0.81,0.86,0.86,0.0,0.84,0.0,0.81,0.41,0.37,0.8,0.76
chr12_9240396,0.29,0.37,0.08,0.41,0.37,0.42,0.33,0.26,0.27,0.31,0.52,0.12,0.5,0.02,0.05,0.29,0.28,0.15,0.64,0.09,0.14,0.03,0.19,0.4,0.05,0.31,0.36,0.1,0.04,0.02,0.1,0.32,0.09,0.32,0.13,0.04,0.08,0.15,0.16,0.05
chr4_7807827,0.26,0.33,0.26,0.06,0.13,0.2,0.19,0.26,0.30743589743589744,0.07,0.38,0.22,0.13,0.5,0.12,0.18,0.38,0.25,0.27,0.3,0.33,0.36,0.29,0.53,0.33,0.3,0.45,0.28,0.61,0.33,0.36,0.33,0.6,0.5,0.1,0.44,0.48,0.27,0.4,0.21
chr6_167136554,0.62,0.4,0.0,0.32,0.0,0.0,0.0,0.5,0.88,0.0,0.0,0.84,0.43,0.0,0.0,0.0,0.72,0.3,0.33,0.4,0.73,0.08,0.0,0.0,0.0,0.9,0.53,0.0,0.0,0.33,0.0,0.39,0.0,0.0,0.0,0.0,0.0,0.0,0.0,0.2
chr1_234231576,0.69,0.8,0.7,0.91,0.8,0.68,0.9,0.64,0.54,0.87,0.6,0.76,0.85,0.57,0.47,0.78,0.71,0.81,0.87,0.46,0.69,0.47,0.58,0.76,0.66,0.67,0.31,0.71,0.6,0.87,0.62,0.85,0.74,0.7,0.68,0.64,0.6,0.71,0.5,0.8
chr15_99125373,0.35,0.88,0.0,0.55,0.0,0.0,0.2,0.82,0.0,0.56,0.0,0.0,0.26,0.0,0.43,0.18,0.76,0.6,0.0,0.38,0.33,0.67,0.44,0.0,0.0,0.5,0.33,0.41,0.4,0.363076923076923,0.0,0.92,0.39,0.77,0.31,0.33,0.83,0.37,0.5,0.69
chr3_1505183,0.53,0.56,0.39,0.22,0.54,0.46,0.45,0.5,0.5,0.33,0.51,0.5,0.33,0.48,0.48,0.43,0.42,0.29,0.42,0.6,0.5,0.4700000000000001,0.46,0.27,0.64,0.4700000000000001,0.41,0.45,0.39,0.6,0.4,0.56,0.4700000000000001,0.46,0.64,0.42,0.75,0.46,0.63,0.41
chr4_185140011,0.77,0.41,0.07,0.0,0.53,0.54,0.0,0.57,0.0,0.56,0.47,0.48,0.56,0.5,0.47,0.88,0.5,0.37,0.41,0.33,0.48,0.46,0.0,0.47,0.38,0.9,0.39,0.91,0.76,0.89,0.46,0.53,0.46,0.5,0.89,0.45,0.55,0.37,0.53,0.27
chr10_96645657,0.07,0.07,0.11,0.07,0.07,0.24,0.16,0.3,0.11,0.09,0.21,0.08,0.05,0.16,0.17,0.32,0.4,0.06,0.26,0.04,0.1,0.14,0.21,0.31,0.22,0.06,0.28,0.06,0.22,0.18,0.3,0.17,0.36,0.29,0.23,0.2,0.44,0.44,0.2,0.05
chr5_180619304,0.37,0.11,0.64,0.37,0.32,0.37,0.27,0.34,0.34,0.66,0.58,0.48,0.64,0.28,0.38,0.48,0.51,0.29,0.27,0.29,0.53,0.48,0.8,0.38,0.36,0.79,0.34,0.43,0.51,0.53,0.63,0.5,0.36,0.5,0.47,0.5,0.73,0.48,0.55,0.27
chr3_119311176,0.27,0.21,0.16,0.14,0.3,0.56,0.19,0.48,0.4,0.44,0.45,0.11,0.12,0.11,0.3,0.3,0.33,0.29,0.24,0.28,0.28,0.21,0.51,0.55,0.33,0.27,0.39,0.24,0.32,0.28,0.48,0.18,0.61,0.38,0.31,0.4,0.46,0.45,0.34,0.09
chr17_830590,0.38,0.56,0.84,0.41,0.57,0.48,0.45,0.88,0.0,0.94,0.81,0.48,0.92,0.88,0.43,0.95,0.37,0.0,0.87,0.88,0.78,0.84,0.38,0.79,0.7,0.91,0.9,0.88,0.83,0.89,0.9,0.95,0.9,0.85,0.84,0.52,0.88,0.43,0.93,0.81
chr16_27761965,0.06,0.13,0.06,0.16,0.16,0.29,0.2,0.17,0.0,0.0,0.22,0.0,0.0,0.06,0.06,0.16552631578947366,0.4,0.09,0.27,0.0,0.02,0.24,0.09,0.4,0.28,0.13,0.31,0.16,0.27,0.11,0.26,0.07,0.5,0.16552631578947366,0.16,0.1,0.26,0.06,0.36,0.18
chr9_34163465,0.19,0.38,0.06,0.19,0.29,0.4,0.14,0.2,0.2,0.27,0.33,0.0,0.26,0.13,0.2,0.05,0.46,0.15,0.29,0.17,0.16,0.2572972972972973,0.57,0.52,0.3,0.2572972972972973,0.2572972972972973,0.07,0.29,0.39,0.42,0.0,0.58,0.37,0.25,0.15,0.47,0.36,0.15,0.11
chr18_79792760,0.51,0.18,0.0,0.25,0.17,0.39,0.25,0.58,0.1,0.25,0.3,0.04,0.42,0.16,0.3,0.36,0.54,0.08,0.47,0.28,0.14,0.23,0.4,0.76,0.3,0.65,0.52,0.08,0.28,0.54,0.56,0.35,0.47,0.36,0.34,0.4,0.4,0.5,0.35,0.05
chr3_69353724,0.06,0.0,0.0,0.0,0.0,0.09,0.05,0.0,0.0,0.0,0.06,0.03,0.0,0.06,0.03,0.0,0.0,0.1,0.13,0.03,0.0,0.0727027027027027,0.09,0.08,0.08,0.0727027027027027,0.4,0.11,0.05,0.08,0.15,0.12,0.38,0.06,0.1,0.05,0.0727027027027027,0.18,0.07,0.05
chr9_135753679,0.79,0.46,0.46,0.81,0.62,0.79,0.75,0.62,0.74,0.85,0.0,0.63,0.62,0.74,0.58,0.84,0.57,0.66,0.53,0.88,0.0,0.56,0.72,0.45,0.0,0.52,0.76,0.84,0.0,0.79,0.0,0.54,0.01,0.53,0.76,0.47,0.85,0.7,0.4,0.82
chr11_69646963,0.28,0.72,0.47,0.89,0.8,0.32,0.43,0.75,0.38,0.89,0.82,0.77,0.42,0.37,0.0,0.32,0.0,0.42,0.7,0.25,0.32,0.33,0.0,0.28,0.27,0.42,0.4,0.34,0.0,0.0,0.69,0.0,0.37,0.38,0.87,0.47,0.4,0.0,0.43,0.52
chr12_32391049,0.26,0.33,0.15,0.41,0.42,0.4,0.2,0.28,0.31,0.88,0.38,0.3,0.35,0.26,0.26,0.3,0.16,0.2411111111111111,0.3,0.2411111111111111,0.29,0.03,0.38,0.08,0.0,0.18,0.09,0.08,0.2,0.2411111111111111,0.29,0.06,0.11,0.2411111111111111,0.21,0.08,0.1,0.16,0.16,0.23
chr2_1996840,0.8,0.81,0.75,0.8,0.84,0.84,0.83,0.77,0.8,0.85,0.74,0.82,0.75,0.86,0.81,0.88,0.81,0.77,0.85,0.83,0.64,0.59,0.74,0.77,0.66,0.8,0.82,0.7,0.72,0.77,0.78,0.86,0.75,0.77,0.81,0.82,0.79,0.85,0.83,0.75
chr17_6655453,0.14,0.33,0.53,0.76,0.77,0.68,0.62,0.8,0.7,0.17,0.35,0.59,0.5,0.78,0.66,0.75,0.64,0.42,0.38,0.7,0.7,0.33,0.4,0.85,0.27,0.26,0.25,0.34,0.45,0.33,0.27,0.15,0.57,0.61,0.46,0.28,0.58,0.57,0.55,0.55
chr18_79421390,0.81,0.68,0.81,0.87,0.86,0.84,0.62,0.89,0.9,1.0,0.86,0.58,0.96,0.58,0.86,0.63,0.83,0.81,0.39,1.0,0.86,0.81,0.06,0.0,0.65,0.62,0.59,0.8,0.55,0.57,0.5,0.66,0.61,0.91,1.0,0.87,0.82,0.9,0.58,0.81
chr17_790084,0.76,0.64,0.83,0.75,1.0,0.76,0.77,0.76,0.78,1.0,0.9,0.8,0.75,0.83,0.83,0.9,0.73,0.75,0.76,0.86,0.71,0.76,0.92,0.62,0.8,0.73,0.8,0.75,0.71,0.66,0.7,0.89,0.57,0.64,0.8,0.73,0.62,0.8,0.67,0.73
chr18_59898908,0.5,0.8,0.6,0.62,0.5194444444444444,0.33,0.55,0.5194444444444444,0.66,0.5,0.81,0.64,0.66,0.63,0.4,0.53,0.57,0.45,0.38,0.71,0.42,0.5,0.34,0.43,0.69,0.5194444444444444,0.25,0.45,0.5194444444444444,0.29,0.39,0.81,0.66,0.43,0.4,0.52,0.52,0.4,0.25,0.61
chr4_3447924,0.95,0.81,0.55,0.83,0.92,0.78,0.85,0.89,0.85,0.97,0.86,0.86,0.93,0.92,0.91,0.88,0.88,0.92,0.89,0.94,0.85,0.83,0.83,0.87,0.84,0.9,0.45,0.46,0.46,0.9,0.45,0.94,0.88,0.94,0.88,0.52,0.86,0.57,0.84,0.91
chr12_7628651,0.87,0.91,0.95,0.91,0.76,0.84,0.53,0.89,0.94,0.96,0.92,0.87,0.94,0.9,0.8,0.83,0.81,0.92,0.8,0.85,0.68,0.78,0.9,0.81,0.67,0.91,0.38,0.95,0.88,0.87,0.89,0.47,0.83,0.4,0.87,0.91,0.82,0.85,0.82,0.95
chr11_107988473,0.13,0.28,0.18,0.16,0.17,0.28,0.3269444444444445,0.54,0.36,0.35,0.58,0.11,0.14,0.26,0.21,0.21,0.33,0.35,0.5,0.25,0.46,0.3269444444444445,0.4,0.28,0.28,0.3269444444444445,0.42,0.09,0.55,0.6,0.46,0.3269444444444445,0.7,0.46,0.23,0.05,0.37,0.69,0.16,0.18
chr3_171462281,0.48,0.37,0.28,0.34,0.32,0.31,0.42,0.3,0.25,0.64,0.11,0.53,0.34,0.24,0.48,0.36,0.15,0.34,0.4,0.3,0.62,0.3776315789473685,0.52,0.27,0.38,0.41,0.21,0.57,0.36,0.42,0.3,0.54,0.3776315789473685,0.39,0.5,0.62,0.34,0.32,0.42,0.2
chr12_6936857,0.09,0.0,0.12,0.1,0.16,0.21,0.05,0.46,0.04,0.25,0.16,0.17,0.1,0.22,0.08,0.09,0.19,0.07,0.23,0.07,0.13,0.21,0.41,0.24,0.22,0.26,0.5,0.39,0.32,0.1,0.26,0.33,0.37,0.21,0.2,0.23,0.31,0.35,0.22,0.24
chr18_25047613,0.9,0.78,0.8,0.91,0.48,0.94,0.55,0.43,0.34,0.85,0.41,0.94,0.39,0.94,0.4,0.45,0.32,0.2,0.9,0.96,0.89,0.8,0.9,0.83,0.77,0.93,0.82,0.43,0.9,0.86,0.92,0.91,0.9,0.0,0.9,0.94,0.9,0.91,0.4,0.88
chr11_17751266,0.92,0.53,0.48,0.85,0.88,0.86,0.42,0.91,0.86,0.92,0.88,0.86,0.97,0.36,0.91,0.56,0.95,1.0,0.86,0.94,0.38,0.41,0.51,0.87,0.85,0.94,0.41,0.32,0.97,0.77,0.91,0.89,0.5,0.0,0.88,0.92,0.86,0.56,0.93,0.57
chr5_2782600,0.85,0.85,0.74,0.8,0.81,0.85,0.8,0.81,0.85,0.84,0.8,0.39,0.93,0.8,0.75,0.83,0.82,0.73,0.86,0.88,0.96,0.52,0.81,0.8,0.89,0.38,0.91,0.34,0.29,0.94,0.79,0.45,0.43,0.83,0.87,0.84,0.86,0.5,0.0,0.74
chr7_103073933,0.56,0.52,0.54,0.47,0.5,0.26,0.83,0.53,0.46,0.72,0.58,0.58,0.39,0.47,0.57,0.42,0.6,0.68,0.7,0.65,0.75,0.5957894736842104,0.61,0.75,0.46,0.7,0.58,0.5,0.55,0.71,0.56,0.54,0.8,0.5957894736842104,0.72,0.93,0.64,0.55,0.72,0.54
chr10_96645711,0.08,0.19,0.15,0.11,0.07,0.24,0.17,0.29,0.05,0.07,0.16,0.09,0.0,0.11,0.33,0.18,0.36,0.13,0.26,0.14,0.08,0.22,0.2,0.47,0.33,0.11,0.36,0.05,0.15,0.15,0.38,0.12,0.4,0.25,0.32,0.06,0.4,0.4,0.22,0.09
chr3_128991523,0.23,0.07,0.25,0.25,0.31,0.53,0.35,0.36,0.26,0.2,0.18,0.21,0.06,0.1,0.36,0.12,0.27,0.25,0.5,0.23,0.25,0.36,0.46,0.64,0.14,0.21,0.59,0.09,0.3,0.46,0.5,0.28,0.58,0.25,0.35,0.06,0.5,0.45,0.54,0.08
chr1_13729214,0.57,0.29,0.4,0.65,0.0,0.68,0.23,0.38,0.7,0.29,0.34,0.29,0.59,0.57,0.28,0.47,0.54,0.23,0.0,0.76,0.56,0.4645945945945946,0.48,0.77,0.69,0.4645945945945946,0.4645945945945946,0.29,0.75,0.28,0.66,0.22,0.72,0.38,0.68,0.68,0.0,0.68,0.82,0.27
chr10_3332959,0.0,0.0,0.0,0.0,0.0,0.05,0.0,0.03,0.0,0.0,0.0,0.0,0.0,0.0,0.0,0.0,0.07333333333333332,0.0,0.0,0.0,0.0,0.0,0.57,0.0,0.59,0.0,0.0,0.0,0.47,0.52,0.0,0.6,0.03,0.0,0.0,0.0,0.0,0.0,0.0,0.0
chr7_1483352,0.89,0.81,0.92,0.45,0.62,0.43,0.88,0.52,0.46,0.93,0.85,0.41,0.42,0.42,0.96,0.36,0.47,0.81,0.84,0.97,0.0,0.76,0.83,0.0,0.0,0.48,0.86,0.54,0.4,0.56,0.0,0.9,0.44,0.82,0.0,0.53,0.54,0.49,0.52,0.0
chr12_109587751,0.38,0.9,0.8,0.57,0.34,0.9,0.95,0.38,0.95,0.44,0.84,0.87,0.96,0.93,0.39,0.44,0.91,0.83,0.46,0.96,0.45,0.85,0.45,0.91,0.92,0.92,0.0,0.84,0.4,0.42,0.48,0.43,0.44,0.38,0.79,0.36,0.86,0.4,0.4,0.89
chr20_60269053,0.75,1.0,0.95,0.68,0.91,0.68,0.87,0.88,1.0,0.84,0.83,0.84,0.86,0.82,1.0,0.87,0.69,0.9,1.0,0.95,0.68,0.57,0.75,0.74,0.66,0.8,0.63,0.77,0.78,0.81,0.85,0.81,0.57,0.8,0.8,0.88,0.5,0.7,0.77,0.57
chr12_109460911,0.45,0.9,0.69,0.76,0.3,0.79,0.78,0.8,0.74,0.56,0.76,0.83,0.88,0.75,0.43,0.62,0.71,0.69,0.85,0.86,0.41,0.71,0.53,0.8,0.84,0.89,0.41,0.84,0.45,0.36,0.4,0.77,0.47,1.0,0.81,0.36,0.87,0.34,0.4,0.73
chr9_4305319,0.74,0.82,0.72,0.89,0.9,0.93,0.8,0.96,0.86,1.0,0.91,1.0,0.56,0.96,0.86,0.95,0.95,0.8,0.88,0.92,0.35,0.27,0.59,0.9,0.81,0.92,0.42,0.95,0.96,0.55,0.87,0.82,0.85,0.47,0.9,0.88,0.89,0.86,0.91,0.72
chr20_53875659,0.21,0.1,0.21,0.17,0.33,0.64,0.31,0.65,0.27,0.43,0.3,0.19,0.1,0.25,0.5,0.41,0.51,0.18,0.5,0.26,0.29,0.39,0.4,0.75,0.45,0.32,0.7,0.38,0.48,0.33,0.73,0.29,0.76,0.52,0.23,0.32,0.43,0.46,0.38,0.03
chr18_12076772,0.37,0.58,0.54,0.8,0.5,0.38,0.17,0.58,0.41,0.0,0.25,0.42,0.66,0.26,0.48,0.57,0.3,0.5,0.24,0.04,0.45,0.39,0.3,0.58,0.54,0.41,0.24,0.34,0.7,0.45,0.65,0.69,0.67,0.61,0.36,0.78,0.37,0.29,0.75,0.32
chr10_133279334,0.2,0.2,0.26,0.09,0.33,0.36,0.23,0.27,0.03,0.04,0.29,0.12,0.05,0.04,0.36,0.19,0.31,0.33,0.15,0.09,0.08,0.19,0.34,0.62,0.2,0.3,0.45,0.1,0.22,0.26,0.43,0.16,0.48,0.47,0.14,0.19,0.36,0.33,0.15,0.0
chr4_89801068,0.85,0.77,0.9,0.84,0.68,0.8,0.78,0.89,0.88,0.89,0.82,0.82,0.85,0.7,0.54,0.94,0.57,0.85,0.84,0.81,0.63,0.73,0.87,0.6,0.58,0.72,0.65,0.76,0.65,0.66,0.62,0.95,0.75,0.62,0.93,0.73,0.75,0.66,0.74,0.87
chr1_111509636,0.2,0.0,0.2,0.28,0.25,0.35,0.15,0.31,0.23,0.21,0.1,0.15,0.16,0.1,0.38,0.18,0.38,0.12,0.44,0.21,0.33,0.09,0.53,0.7,0.33,0.15,0.27,0.35,0.3,0.47,0.5,0.06,0.2735897435897436,0.36,0.05,0.26,0.6,0.52,0.13,0.27
chr1_25039727,0.7,0.64,0.0,0.53,0.55,0.0,0.36,0.0,0.23,0.0,0.0,0.32,0.0,0.41,0.26,0.73,0.78,0.29,0.0,0.0,0.27,0.49,0.3,0.61,0.45,0.0,0.0,0.37,0.6,0.57,0.37,0.36,0.25,0.68,0.64,0.44,0.36,0.56,0.59,0.0
chr9_4662946,0.25,0.33,0.39,0.46,0.29,0.22,0.45,0.61,0.13,0.42,0.45,0.33,0.5,0.36,0.28,0.6,0.45,0.51,0.45,0.39,0.5,0.35,0.36,0.39,0.52,0.18,0.17,0.14,0.29,0.52,0.17,0.35,0.13,0.24,0.25,0.33,0.2,0.21,0.13,0.46
chr12_124167428,0.33,0.96,0.4,0.82,0.0,0.47,0.5,0.82,0.41,0.0,0.54,0.44,0.5,0.88,0.62,0.48,0.3,0.46,0.0,0.43,0.42,0.0,0.49,0.0,0.4,0.4,0.46,0.0,0.75,0.0,0.87,0.0,0.0,0.0,0.84,0.87,0.0,0.82,0.0,0.33
chr15_36889014,0.36,0.48,0.15,0.37,0.52,0.38,0.3,0.6,0.54,0.46,0.37,0.43,0.5,0.57,0.7,0.42,0.59,0.22,0.14,0.5,0.41,0.52,0.48,0.53,0.44,0.35,0.66,0.65,0.52,0.5,0.67,0.61,0.57,0.48128205128205126,0.55,0.69,0.69,0.54,0.57,0.22
chr14_68934352,0.29,0.14,0.3,0.17,0.22,0.3,0.27,0.61,0.16,0.39,0.21,0.3,0.08,0.2,0.28,0.46,0.37,0.2,0.33,0.16,0.11,0.54,0.26,0.51,0.29,0.17,0.5,0.2,0.4,0.43,0.44,0.5,0.45,0.42,0.23,0.4,0.48,0.55,0.55,0.14
chr2_64991021,0.12,0.12,0.23,0.05,0.19,0.19,0.14,0.3,0.12,0.06,0.13,0.13,0.03,0.25,0.2,0.25,0.08,0.21,0.25,0.08,0.23,0.08,0.24,0.64,0.4,0.1969230769230769,0.13,0.0,0.17,0.39,0.44,0.0,0.31,0.21,0.1,0.19,0.47,0.37,0.14,0.04
chr16_19285240,0.37,0.39,0.76,0.8,0.5,0.73,0.39,0.77,0.71,0.88,0.63,0.39,0.85,0.0,0.78,0.66,0.56,0.6,0.96,0.78,0.4,0.6594871794871795,0.8,0.84,0.85,0.8,0.9,0.0,0.87,0.4,0.76,0.35,0.79,0.94,0.93,0.82,0.81,0.76,0.86,0.33
chr4_57195880,0.35,0.47,0.74,0.7,0.58,0.5,0.71,0.73,0.74,0.88,0.76,0.52,0.75,0.54,0.44,0.51,0.54,0.6,0.86,0.57,0.39,0.37,0.48,0.46,0.54,0.53,0.53,0.49,0.61,0.36,0.45,0.53,0.41,0.55,0.4,0.56,0.62,0.52,0.74,0.56
chr19_53787545,0.7,0.66,0.8,0.82,0.85,0.9,0.78,0.87,0.84,0.86,0.72,0.61,0.91,0.93,0.78,0.85,0.87,0.85,0.88,0.7,0.83,0.56,0.78,0.63,0.78,0.9,0.53,0.74,0.76,0.69,0.75,0.76,0.68,0.7,0.66,0.85,0.56,0.85,0.72,0.82
chr1_149889008,0.37,0.52,0.51,0.39,0.4,0.5,0.48,0.51,0.41,0.14,0.56,0.4,0.3,0.3,0.37,0.42,0.31,0.4,0.37,0.59,0.08,0.27,0.5,0.22,0.38,0.3602564102564103,0.3,0.3,0.33,0.39,0.2,0.36,0.33,0.45,0.31,0.16,0.34,0.25,0.25,0.38
chr4_9507167,0.59,0.72,0.44,0.67,0.62,0.45,0.45,0.66,0.66,0.54,0.58,0.62,0.46,0.54,0.73,0.75,0.42,0.62,0.83,0.64,0.61,0.5628205128205129,0.16,0.51,0.81,0.45,0.68,0.48,0.52,0.68,0.59,0.44,0.42,0.5,0.35,0.52,0.36,0.56,0.69,0.63
chr17_39627771,0.35,0.45,0.46,0.44243243243243235,0.68,0.53,0.55,0.64,0.41,0.25,0.39,0.37,0.5,0.5,0.57,0.44243243243243235,0.66,0.44243243243243235,0.6,0.6,0.32,0.46,0.4,0.28,0.61,0.42,0.26,0.37,0.29,0.41,0.44,0.5,0.25,0.5,0.5,0.35,0.2,0.38,0.4,0.52
chr1_207337250,0.0,0.28,0.35,0.0,0.5,0.0,0.0,0.35,0.0,0.0,0.52,0.5,0.0,0.34,0.0,0.0,0.4,0.42,0.0,0.0,0.45,0.2423684210526316,0.0,0.88,0.77,0.2423684210526316,0.0,0.4,0.43,0.5,0.0,0.57,0.9,0.0,0.0,0.46,0.19,0.0,0.0,0.0
chr5_53859858,0.52,0.38,0.28,0.82,0.61,0.87,0.46,0.6,0.5,0.53,0.41,0.84,0.57,0.58,0.25,0.92,0.76,0.72,0.93,0.95,0.44,0.83,0.38,0.51,0.84,0.07,0.93,0.87,0.0,0.5643589743589743,0.45,0.07,0.04,0.46,0.38,0.91,0.55,0.02,0.88,0.88
chr12_32391013,0.41,0.3,0.13,0.4,0.26,0.29,0.16,0.19,0.06,0.84,0.4,0.15,0.36,0.25,0.17,0.2,0.17,0.20447368421052634,0.15,0.18,0.2,0.07,0.23,0.06,0.18,0.23,0.11,0.06,0.13,0.20447368421052634,0.26,0.03,0.13,0.37,0.1,0.15,0.13,0.12,0.03,0.11
chr1_201649271,0.74,0.88,0.66,0.57,0.48,0.8,0.58,0.76,0.68,0.79,0.63,0.85,0.81,0.42,0.63,0.48,0.53,0.37,0.54,0.83,0.71,0.49,0.69,0.58,0.43,0.4,0.41,0.67,0.54,0.41,0.63,0.79,0.59,0.83,0.56,0.41,0.63,0.62,0.31,0.83
chr19_49009600,0.93,0.41,0.34,0.88,0.0,0.96,0.37,0.31,0.83,0.88,0.86,0.42,0.87,0.9,0.0,0.37,0.82,0.78,0.5,0.38,0.78,0.32,0.35,0.89,0.78,0.0,0.0,0.88,0.0,0.0,0.48,0.92,0.93,0.6,0.21,0.0,0.0,0.41,0.44,0.73
chr19_18849537,0.9,0.9,0.81,0.88,0.8,0.57,0.85,0.9,0.8,0.81,0.66,0.91,0.83,0.7335135135135135,0.78,0.83,0.72,0.73,0.78,0.7335135135135135,0.61,0.58,0.62,0.63,0.65,0.72,0.66,0.75,0.7335135135135135,0.78,0.62,0.8,0.71,0.68,0.36,0.55,0.74,0.72,0.84,0.66
chr6_36732659,0.25,0.83,0.68,0.9,0.42,0.39,0.87,0.0,0.72,0.8,0.84,1.0,0.76,0.88,0.88,0.87,0.62,0.4,0.77,0.87,0.78,0.32,0.84,0.88,0.0,0.0,0.9,0.88,0.84,0.37,0.59,0.58,0.0,0.79,0.6220512820512818,0.43,0.97,0.0,0.48,0.86
chr6_47097916,0.37,0.0,0.73,0.81,0.31,0.0,0.86,0.81,0.88,0.4,0.47,0.83,0.42,0.84,0.35,0.48,0.84,0.37,0.0,0.42,0.69,0.28,0.45,0.87,0.4,0.78,0.36,0.51,0.82,0.77,0.29,0.4,0.52,0.88,0.8,0.92,0.83,0.41,0.77,0.51
chr19_3538322,0.57,0.7,0.61,0.68,0.72,0.7,0.56,0.65,0.6,0.73,0.42,0.73,0.6,0.44,0.55,0.72,0.69,0.43,0.35,0.77,0.56,0.36,0.69,0.35,0.57,0.57,0.45,0.51,0.64,0.52,0.39,0.68,0.57,0.35,0.5741025641025643,0.42,0.78,0.51,0.52,0.73
chr2_127593233,0.81,0.45,0.5,0.5,0.0,0.42,0.45,0.83,0.94,0.89,0.0,0.63,0.57,0.37,0.5,0.76,0.85,0.5,0.3,0.31,0.37,0.0,0.5,0.88,0.76,0.46,0.47,0.51,0.0,0.0,0.47,0.46,0.55,0.45,0.0,0.86,0.34,0.0,0.66,0.86
chr2_160061872,0.38,0.36,0.36,0.44,0.71,0.54,0.25,0.8,0.58,0.6,0.23,0.6,0.21,0.38,0.4355263157894736,0.5,0.5,0.72,0.21,0.58,0.53,0.26,0.5,0.33,0.28,0.28,0.39,0.25,0.5,0.69,0.23,0.52,0.42,0.4355263157894736,0.58,0.37,0.44,0.44,0.16,0.43
chr5_1672063,0.66,0.59,0.51,0.34,0.21,0.24,0.54,0.39,0.38,0.65,0.65,0.75,0.0,0.33,0.72,0.33,0.66,0.0,0.75,0.7,0.49,0.14,0.0,0.0,0.36,0.0,0.2,0.77,0.22,0.76,0.45,0.62,0.31,0.65,0.66,0.28,0.52,0.28,0.37,0.7
chr19_1789757,0.31,0.2736842105263158,0.31,0.31,0.55,0.2,0.33,0.57,0.59,0.33,0.45,0.25,0.5,0.12,0.23,0.33,0.28,0.33,0.46,0.07,0.17,0.08,0.21,0.48,0.27,0.17,0.04,0.36,0.0,0.2736842105263158,0.27,0.21,0.23,0.18,0.26,0.33,0.09,0.18,0.1,0.25
chr20_48750717,0.51,0.15,0.45,0.2,0.55,0.54,0.43,0.55,0.77,0.3,0.45,0.14,0.36,0.42,0.46,0.47,0.71,0.4807894736842105,0.53,0.3,0.41,0.5,0.57,0.57,0.66,0.36,0.7,0.4,0.52,0.4807894736842105,0.61,0.36,0.79,0.45,0.4,0.56,0.67,0.75,0.4,0.3
chr3_33884424,0.75,0.7,0.78,0.79,0.86,0.72,0.73,0.91,0.72,0.93,0.77,0.9,0.83,0.93,0.77,0.75,0.88,0.8,0.84,0.82,0.77,0.73,0.51,0.58,0.78,0.8,0.62,0.66,0.62,0.52,0.75,0.8,0.6,0.73,0.68,0.76,0.76,0.71,0.78,0.75
chr14_102210832,0.4,0.0,0.3,0.16,0.4,0.39,0.23,0.77,0.25,0.09,0.33,0.13,0.06,0.04,0.33,0.21,0.38,0.26,0.31,0.1,0.33,0.33,0.31,0.55,0.4,0.2,0.59,0.24,0.5,0.18,0.51,0.13,0.71,0.6,0.33,0.16,0.55,0.44,0.56,0.32717948717948714
chr9_109430399,0.62,0.92,0.7,0.8,0.92,0.75,0.63,0.64,0.8,0.66,0.75,0.7,0.7910810810810809,0.64,0.81,0.7910810810810809,0.81,0.6,1.0,0.9,0.82,0.82,0.85,0.73,0.9,0.75,0.85,0.83,0.81,0.7910810810810809,0.84,0.88,0.9,0.82,0.73,0.9,0.81,0.86,0.82,0.7
chr7_55710624,0.35,0.35,0.3,0.23,0.53,0.54,0.54,0.77,0.31,0.31,0.52,0.45,0.29,0.37,0.46,0.3,0.5,0.23,0.66,0.54,0.44729729729729734,0.36,0.51,0.44729729729729734,0.28,0.1,0.44729729729729734,0.57,0.38,0.5,0.64,0.48,0.6,0.44,0.5,0.55,0.78,0.57,0.43,0.31
chr16_88489419,0.8,0.88,0.92,0.93,0.9,0.95,0.88,0.85,0.92,0.66,0.71,0.78,0.93,0.87,0.57,0.7799999999999999,0.85,0.86,0.73,0.75,0.69,0.74,0.83,0.72,0.83,0.87,0.66,0.96,0.86,0.7,0.74,0.81,0.65,0.76,0.7,0.84,0.62,0.17,0.78,0.75
chr5_151214686,0.0,0.06,0.0,0.04,0.04,0.04,0.0,0.09,0.2,0.0,0.06,0.0,0.0,0.0,0.12,0.13,0.0,0.0,0.0,0.0,0.0,0.08,0.07,0.23,0.0,0.11,0.56,0.03,0.0,0.0,0.04,0.0,0.39,0.0,0.1,0.0,0.06,0.24,0.11,0.0
chr14_65354664,0.84,0.84,0.82,0.91,0.93,0.79,0.92,0.89,0.83,0.84,0.9,0.96,0.79,0.78,0.75,0.96,0.84,0.72,0.91,0.9,0.78,0.76,0.85,0.83,0.86,0.74,0.78,0.78,0.77,0.5,0.8,0.8,0.84,0.86,0.69,0.88,0.77,0.78,0.92,0.9
chr8_124689998,0.6,0.28,0.56,0.28,0.33,0.53,0.35,0.44,0.63,0.65,0.25,0.5,0.45,0.62,0.71,0.1,0.48,0.56,0.6,0.61,0.07,0.4189473684210526,0.13,0.28,0.48,0.4189473684210526,0.8,0.37,0.64,0.2,0.3,0.37,0.1,0.32,0.33,0.67,0.15,0.28,0.23,0.67
chr14_64541286,0.32,0.26,0.51,0.73,0.41,0.46,0.35,0.37,0.42,0.85,0.51,0.35,0.44,0.3,0.21,0.52,0.27,0.36,0.19,0.52,0.18,0.34,0.34,0.22,0.27,0.51,0.29,0.32,0.33,0.2,0.27,0.24,0.32,0.5,0.29,0.25,0.31,0.28,0.43,0.6
chr1_76073957,0.9,0.72,0.81,0.88,0.76,0.73,0.83,0.89,0.68,0.85,0.9,0.84,0.83,0.8,0.85,0.92,0.81,0.64,0.87,0.94,0.64,0.58,0.91,0.79,0.88,0.7952631578947368,0.61,0.31,0.77,0.66,1.0,0.9,0.7952631578947368,0.82,0.73,0.95,0.84,0.76,0.68,0.94
chr2_173271628,0.52,0.0,0.12,0.91,0.0,0.4,0.52,0.88,0.92,0.55,0.85,0.88,0.94,0.86,0.42,0.91,0.05,0.89,0.33,0.55,0.0,0.51,0.58,0.5,0.0,0.56,0.51,0.0,0.0,0.93,0.5,0.57,0.0,0.45,0.55,0.88,0.54,0.0,0.51,0.38
chr20_50274825,0.2,0.16,0.41,0.0,0.21,0.38,0.3,0.43,0.2,0.26,0.28,0.13,0.293157894736842,0.15,0.25,0.41,0.16,0.293157894736842,0.21,0.1,0.27,0.3,0.5,0.47,0.18,0.13,0.51,0.3,0.2,0.1,0.45,0.25,0.69,0.5,0.1,0.35,0.45,0.34,0.55,0.26
chr11_3418451,0.78,0.86,0.81,0.81,0.78,0.88,0.84,0.83,0.7,0.88,0.88,0.85,0.68,0.73,0.8,0.78,1.0,0.7732432432432432,0.9,0.83,0.76,0.63,0.57,0.68,0.6,0.87,0.7,0.86,0.76,0.7732432432432432,0.66,0.7,0.8,0.9,0.7732432432432432,0.25,0.81,0.81,0.8,0.83
chr22_25175962,0.27,0.63,0.35,0.64,0.25,0.73,0.37,0.0,0.0,0.39,0.29,0.5,0.46,0.0,0.4,0.72,0.75,0.37,0.0,0.66,0.34,0.71,0.75,0.69,0.45,0.75,0.01,0.61,0.34,0.21,0.77,0.73,0.77,0.4,0.43,0.75,0.27,0.3,0.29,0.25
chr7_117146231,0.09,0.06,0.08,0.08,0.05,0.29,0.2,0.18,0.29,0.06,0.25,0.02,0.07,0.07,0.0,0.21,0.13,0.11,0.25,0.08,0.15,0.2,0.17,0.21,0.06,0.1,0.38,0.04,0.12,0.21,0.28,0.14,0.34,0.08,0.12,0.0,0.22,0.26,0.36,0.0
chr19_1840045,0.7,0.86,0.88,0.86,0.78,0.82,0.78,0.66,0.89,0.86,0.6,0.76,0.84,0.73,0.85,0.85,0.93,0.8,0.76,0.9,0.77,0.62,0.57,0.66,0.81,0.88,0.5,0.71,0.69,0.7,0.73,0.75,0.69,0.66,0.77,0.52,0.67,0.54,0.84,0.88
chr21_44844656,0.83,0.9,0.82,0.86,0.84,0.73,0.92,0.96,0.9,0.82,0.81,0.84,0.9,0.88,0.91,1.0,0.76,0.77,0.83,1.0,0.8,0.87,0.78,0.65,0.75,0.83,0.67,0.9,0.82,0.73,0.92,0.82,0.73,0.83,0.83,0.87,0.66,0.78,0.71,0.77
chr19_39199269,0.57,0.54,0.59,0.54,0.42,0.61,0.34,0.51,0.6,0.95,0.78,0.62,0.59,0.45,0.53,0.71,0.69,0.5,0.9,0.51,0.38,0.25,0.64,0.48,0.62,0.45,0.44,0.66,0.56,0.57,0.5,0.51,0.62,0.47,0.7,0.5,0.57,0.48,0.29,0.54
chr1_224387375,0.5,0.42,0.4,0.51,0.46,0.56,0.35,0.58,0.41,0.64,0.39,0.18,0.44,0.33,0.47,0.52,0.34,0.44,0.48,0.45,0.47,0.4851351351351351,0.37,0.56,0.48,0.4851351351351351,0.4851351351351351,0.71,0.4,0.41,0.5,0.64,0.61,0.45,0.47,0.62,0.85,0.45,0.59,0.5
chr9_93004363,0.75,0.75,0.78,0.76,0.81,0.89,0.82,0.75,0.86,0.8,0.77,0.86,0.87,0.78,0.72,0.84,0.7,0.73,0.85,0.66,0.71,0.6,0.77,0.6,0.68,0.75,0.51,0.89,0.69,0.84,0.81,0.71,0.65,0.9,0.85,0.88,0.72,0.62,0.5,0.69
chr13_113472826,0.0,0.86,0.82,0.0,0.96,0.87,0.49,0.36,0.51,0.93,0.88,0.38,0.98,0.41,0.91,0.6,0.52,0.88,0.4,0.5,0.42,0.8,0.43,0.82,0.82,0.94,0.44,0.88,0.85,0.47,0.87,0.9,0.92,0.94,0.95,0.88,0.76,0.88,0.45,0.41
chr16_29228568,0.76,0.65,0.05,0.0,0.42736842105263156,0.63,0.41,0.0,0.47,0.0,0.51,0.62,0.65,0.0,0.75,0.89,0.0,0.42736842105263156,0.0,0.64,0.59,0.47,0.68,0.0,0.83,0.0,0.59,0.9,0.54,0.52,0.0,0.58,0.77,0.0,0.5,0.67,0.62,0.49,0.46,0.0
chr6_18126253,0.0,0.4,0.0,0.0,0.0,0.33,0.5,0.54,0.0,0.3,0.0,0.9,0.44,0.0,0.0,0.0,0.0,0.0,0.33,0.0,0.65,0.23,0.53,0.0,0.0,0.36,0.0,0.48,0.4,0.0,0.2439473684210526,0.52,0.55,0.2439473684210526,0.9,0.0,0.0,0.0,0.91,0.0
chr17_82713383,0.81,0.91,0.71,0.04,0.01,0.41,0.02,0.4,0.85,0.52,0.43,0.84,0.5,0.38,0.81,0.47,0.9,0.3,0.27,0.42,0.8,0.78,0.8,0.77,0.36,0.73,0.47,0.82,0.73,0.5,0.39,0.81,0.82,0.43,0.81,0.85,0.82,0.37,0.84,0.81
chr22_37244899,0.03,0.0,0.0,0.0,0.05,0.0,0.0,0.05,0.11,0.0,0.09,0.04,0.0,0.0,0.0,0.0,0.08,0.0,0.13,0.0,0.04,0.0,0.09,0.03,0.09,0.04,0.37,0.04,0.060000000000000005,0.0,0.09,0.06,0.34,0.060000000000000005,0.0,0.1,0.11,0.19,0.11,0.0
chr12_52552759,0.72,0.89,0.51,0.8,0.81,0.83,0.71,0.46,0.85,0.8,0.3,0.75,0.51,0.9,0.48,0.87,0.81,0.42,0.78,0.88,0.0,0.67,0.31,0.46,0.75,0.5,0.92,0.0,0.59,0.0,0.84,0.43,0.74,0.43,0.83,0.77,0.79,0.41,0.85,0.89
chr19_17846308,0.0,0.08,0.04,0.0,0.03,0.02,0.05,0.07,0.0,0.0,0.08,0.04,0.0,0.0,0.02,0.03,0.0,0.0,0.0,0.0,0.0,0.09,0.03,0.14,0.06,0.05,0.28,0.0,0.0,0.0,0.06,0.02,0.18,0.05,0.04,0.0,0.21,0.09,0.1,0.0
chr13_50543839,0.86,0.63,0.72,0.65,0.74,0.73,0.86,0.74,0.85,0.68,0.83,0.96,0.86,0.7,0.84,0.85,1.0,0.45,0.71,0.92,0.95,0.58,0.9,0.83,0.86,1.0,1.0,0.84,0.79,0.95,0.81,0.71,0.9,0.88,0.82,0.85,0.88,0.9,0.79,0.88
chr11_1890342,0.03,0.07,0.03,0.0,0.04,0.07,0.1,0.0,0.0,0.09,0.0,0.06,0.05,0.06,0.1,0.08,0.22,0.09,0.2,0.0,0.15,0.11,0.19,0.15,0.09,0.03,0.38,0.05,0.1,0.07,0.14,0.06,0.36,0.15,0.13,0.06,0.15,0.24,0.06,0.05
chr16_2854719,0.43,0.65,0.62,0.67,0.7,0.26,0.78,0.53,0.76,0.96,0.5,0.61,0.78,0.59,0.45,0.7,0.73,0.3,0.37,0.26,0.71,0.6,0.86,0.51,0.66,0.8,0.5,0.6,0.66,0.83,0.8,0.82,0.76,0.55,0.76,0.7,0.86,0.4,0.64,0.5
chr15_101066685,0.77,0.75,0.72,0.47,0.72,0.55,0.66,0.56,0.75,0.47,0.0,0.75,0.76,0.79,0.86,0.86,0.75,0.84,0.6,0.85,0.0,0.49,0.0,0.46,0.58,0.53,0.76,0.75,0.43,0.88,0.76,0.7,0.55,0.73,0.88,0.76,0.62,0.77,0.48,0.7
chr12_122841348,0.79,0.72,0.81,0.79,0.88,0.75,0.83,0.72,0.72,0.86,0.83,0.86,0.78,0.71,0.72,0.84,0.76,0.94,0.85,0.66,0.61,0.61,0.84,0.8,0.73,0.41,0.68,0.78,0.65,0.21,0.72,0.72,0.3,0.85,0.73,0.02,0.68,0.8,0.71,0.56
chr10_70932477,0.78,0.89,0.61,0.86,1.0,0.75,0.91,0.75,0.86,0.81,0.88,0.81,0.77,0.91,0.94,0.87,0.7455555555555556,0.58,0.94,0.66,0.83,0.7455555555555556,0.69,0.69,0.42,0.86,0.7455555555555556,0.65,0.69,0.63,0.6,0.92,0.7455555555555556,0.8,0.81,0.65,0.61,0.57,0.14,0.7
chr16_643176,0.56,0.7426315789473684,0.94,0.89,0.7,0.72,0.74,0.77,1.0,0.8,0.75,0.84,0.76,0.72,0.88,0.78,0.73,0.86,0.73,0.85,0.8,0.54,0.85,0.77,0.78,0.67,0.46,0.77,0.7,0.72,0.74,0.82,0.58,0.66,0.7426315789473684,0.83,0.62,0.54,0.58,0.77
chr16_1077818,0.72,0.64,0.63,0.52,0.82,0.41,0.75,0.73,0.68,0.7,0.76,0.63,0.6,0.86,0.57,0.64,0.53,0.6237837837837836,0.58,0.88,0.57,0.59,0.73,0.61,0.6237837837837836,0.62,0.38,0.58,0.58,0.6237837837837836,0.69,0.27,0.6,0.63,0.66,0.57,0.5,0.56,0.61,0.68
chr22_32204353,0.66,0.59,0.6,0.62,0.77,0.72,0.65,0.75,0.36,0.03,0.64,0.79,0.85,0.54,0.55,0.76,0.37,0.8,0.51,0.52,0.52,0.33,0.28,0.26,0.53,0.85,0.16,0.54,0.78,0.27,0.29,0.68,0.73,0.6,0.65,0.76,0.6,0.23,0.9,0.88
chr11_1870930,0.7,0.66,0.72,0.78,0.81,0.69,0.71,0.74,0.77,0.46,0.7,0.76,0.79,0.39,0.81,0.78,0.76,0.61,0.65,0.88,0.7,0.65,0.76,0.65,0.61,0.79,0.52,0.72,0.59,0.71,0.73,0.66,0.53,0.48,0.26,0.73,0.62,0.6,0.66,0.73
chr14_28263079,0.66,0.0,0.7,0.4,0.9,0.81,0.84,0.8,0.36,0.56,0.82,0.36,0.86,0.52,0.85,0.92,0.83,0.84,0.71,0.25,0.27,0.38,0.62,0.5,0.38,0.58,0.38,0.34,0.53,0.53,0.0,0.37,0.9,0.5,0.75,0.76,0.44,0.46,0.42,0.78
chr11_134762224,0.73,0.89,0.79,0.77,0.95,0.83,0.79,0.78,0.81,0.9,0.7,0.84,0.78,0.84,0.86,0.95,0.83,0.83,0.97,0.85,0.68,0.51,0.83,0.74,0.7,0.9,0.81,0.64,0.78,0.73,0.83,0.74,0.72,0.78,0.7,0.7,0.88,0.66,0.58,0.76
chr11_79940454,0.3,0.31,0.44,0.45,0.45,0.57,0.3,0.42,0.4,0.52,0.21,0.27,0.44,0.23,0.36,0.42,0.65,0.5,0.72,0.51,0.19,0.38,0.42,0.39,0.5,0.3,0.46,0.35,0.52,0.18,0.13,0.35,0.42,0.15,0.42,0.29,0.18,0.4,0.26,0.35
chr7_154894220,0.75,0.88,0.78,0.79,0.66,0.84,0.8,0.92,0.66,0.68,0.68,0.79,0.73,0.84,0.64,0.57,0.6745945945945946,0.6745945945945946,0.62,0.76,0.62,0.63,0.68,0.58,0.57,0.76,0.66,0.57,0.6,0.6,0.64,0.52,0.66,0.61,0.6745945945945946,0.73,0.18,0.58,0.61,0.77
chr13_62626362,0.79,0.62,0.72,0.85,0.85,0.65,0.71,0.8,0.8,0.8,0.61,0.5,0.78,0.61,0.52,0.88,0.8,0.72,0.61,0.68,0.71,0.6733333333333331,0.57,0.58,0.64,0.64,0.71,0.58,0.47,0.43,0.57,0.8,0.5,0.54,0.88,0.72,0.73,0.56,0.63,0.7
chr3_123701979,0.83,0.42,0.02,0.39,0.3,0.4,0.32,0.44,0.66,0.53,0.7,0.73,0.77,0.62,0.61,0.25,0.75,0.4,0.4,0.39,0.61,0.34,0.39,0.27,0.14,0.65,0.29,0.45,0.35,0.43,0.66,0.0,0.69,0.29,0.0,0.19,0.0,0.68,0.59,0.76
chr6_137945261,0.29,0.52,0.54,0.37,0.6,0.47,0.34,0.35,0.6,0.52,0.18,0.27,0.29,0.6,0.32,0.46,0.48,0.36,0.69,0.38,0.38,0.4,0.24,0.3,0.36,0.22,0.3,0.3,0.28,0.37,0.31,0.28,0.53,0.41,0.3,0.45,0.29,0.23,0.22,0.38
chr13_114138739,0.07,0.43710526315789483,0.63,0.63,0.22,0.66,0.62,0.28,0.55,0.72,0.73,0.56,0.88,0.19,0.11,0.21,0.6,0.84,0.57,0.38,0.5,0.16,0.16,0.15,0.12,0.93,0.69,0.65,0.64,0.43710526315789483,0.1,0.19,0.13,0.09,0.78,0.07,0.05,0.54,0.67,0.54
chr6_7110426,0.81,0.75,0.66,0.92,0.85,0.72,0.81,0.76,0.91,0.9,0.69,0.9,0.7,0.75,0.76,0.86,0.76,0.66,0.76,0.83,0.69,0.8,0.78,0.66,0.7399999999999999,0.7399999999999999,0.75,0.73,0.79,0.57,0.82,0.47,0.88,0.56,0.68,0.58,0.57,0.62,0.8,0.61
chr1_148309779,0.81,0.53,0.73,0.8,0.87,0.82,0.82,0.79,0.77,0.92,0.65,0.88,0.85,0.69,0.77,0.6,0.75,0.43,0.5,0.82,0.69,0.61,0.61,0.61,0.75,0.62,0.47,0.65,0.63,0.72,0.43,0.6,0.51,0.58,0.66,0.74,0.48,0.63,0.8,0.85
chr10_79106952,0.36,0.86,0.78,0.86,0.84,0.33,0.38,0.51,0.9,0.89,0.88,0.5,0.8,0.77,0.37,0.72,0.7,0.46,0.79,1.0,0.0,0.8,0.6,0.82,0.82,0.0,0.41,0.8,0.95,0.35,0.0,0.42,0.36,0.53,0.88,0.88,0.85,0.84,0.96,0.81
chr16_86019473,0.55,0.33,0.6,0.6,0.56,0.19,0.88,0.65,0.55,0.91,0.56,0.56,0.36,0.7,0.44,0.54,0.59,0.55,0.36,0.51,0.2,0.31,0.47,0.52,0.73,0.45,0.6,0.37,0.32,0.1,0.26,0.59,0.21,0.61,0.55,0.77,0.45,0.55,0.71,0.55
chr6_110415339,0.85,0.7,0.62,0.61,0.73,0.62,0.89,0.65,0.73,0.7,0.71,0.6,0.88,0.64,0.84,0.81,0.64,0.61,0.58,0.72,0.5,0.17,0.68,0.24,0.8,0.68,0.6,0.48,0.73,0.66,0.71,0.22,0.81,0.68,0.29,0.7,0.56,0.71,0.57,0.65
chr2_232661386,0.87,0.64,0.41,0.87,0.42,0.85,0.95,0.92,0.36,0.91,0.37,0.97,0.89,0.41,0.96,0.0,1.0,0.58,0.96,0.96,1.0,0.92,0.86,0.87,0.93,0.95,0.81,1.0,0.69,0.86,0.96,0.9,0.95,0.9,0.84,0.45,0.84,0.96,0.44,0.92
chr22_40289942,0.22,0.07,0.07,0.12,0.06,0.16,0.13,0.3,0.05,0.1,0.14,0.02,0.03,0.11,0.08,0.15,0.35,0.15,0.18,0.05,0.08,0.15,0.17,0.45,0.25,0.2,0.37,0.09,0.15,0.08,0.23,0.14,0.55,0.39,0.16,0.13,0.31,0.23,0.18,0.05
chr16_23213094,0.79,0.86,0.76,0.84,0.5,0.87,0.85,0.92,0.0,1.0,0.88,0.96,1.0,0.95,0.34,0.88,0.42,1.0,1.0,0.8,0.92,0.49,0.83,0.5,0.9,0.47,0.91,0.86,0.4,0.41,0.81,0.5,0.02,0.0,0.85,0.52,0.53,0.9,0.8,0.84
chr2_113979852,0.66,0.81,0.75,0.75,0.85,0.8,0.57,0.65,0.57,0.6735897435897437,0.56,0.89,0.73,0.82,0.78,0.7,0.67,0.6,0.81,0.8,0.67,0.53,0.65,0.58,0.56,0.75,0.61,0.64,0.55,0.41,0.67,0.78,0.52,0.65,0.62,0.75,0.6,0.66,0.69,0.61
chr11_22521389,0.65,0.77,0.76,0.78,0.66,0.7,0.69,0.91,0.81,1.0,0.76,0.79,0.75,0.69,0.73,0.72,0.92,0.68,0.82,0.7,0.7,0.7102702702702702,0.65,0.68,0.36,0.63,0.68,0.55,0.7102702702702702,0.78,0.81,0.63,0.71,0.7102702702702702,0.73,0.54,0.63,0.63,0.53,0.75
chr21_34836830,0.74,0.78,0.82,0.9,0.8,0.75,0.85,0.75,0.75,0.66,0.79,0.8,0.91,0.72,0.76,0.72,0.57,0.75,0.75,0.85,0.69,0.56,0.76,0.76,0.63,0.76,0.54,0.7,0.69,0.68,0.82,0.77,0.75,0.55,0.46,0.66,0.7,0.77,0.6,0.62
chr2_233063584,0.36,0.23,0.08,0.21,0.38,0.25,0.47,0.44,0.0,0.42,0.21,0.48,0.25,0.31,0.25,0.22,0.5,0.14,0.43,0.3,0.34,0.33,0.34,0.38,0.36,0.33,0.41,0.33,0.42,0.73,0.35,0.36,0.48,0.3356410256410256,0.41,0.56,0.32,0.33,0.26,0.12
chr2_25167497,0.29,0.26,0.16,0.22,0.43,0.19,0.29,0.35,0.33,0.72,0.46,0.35,0.18,0.2,0.23,0.22,0.35,0.27,0.52,0.35,0.29,0.15,0.34,0.2,0.29,0.16,0.06,0.16,0.13,0.13,0.27,0.1,0.22,0.13,0.08,0.21,0.2,0.31,0.3,0.09
chr22_47090650,0.31,0.42,0.62,0.56,0.25,0.46,0.25,0.52,0.51,0.79,0.56,0.42,0.68,0.5,0.4,0.33,0.36,0.38,0.53,0.54,0.36,0.33,0.29,0.4,0.54,0.41,0.36,0.31,0.33,0.25,0.47,0.53,0.33,0.45,0.42,0.23,0.58,0.23,0.57,0.61
chr11_120667474,0.22,0.66,0.52,0.64,0.32,0.02,0.34,0.39,0.26,0.8,0.35,0.4,0.55,0.43,0.41,0.7,0.57,0.48,0.7,0.52,0.42,0.6,0.66,0.62,0.75,0.39,0.7,0.78,0.72,0.61,0.62,0.6,0.69,0.51,0.7,0.35,0.34,0.68,0.7,0.53
chr14_100342475,0.81,0.45,0.46,0.8,0.81,0.63,0.68,0.63,0.69,0.68,0.83,0.94,1.0,0.63,0.65,0.83,0.78,0.58,0.64,0.75,0.8,0.53,0.53,0.7,0.72,0.75,0.64,0.64,0.38,0.53,0.6,0.58,0.7,0.6,0.7,0.57,0.86,0.76,0.62,0.72
chr13_111567861,0.85,0.76,0.4,0.88,0.84,0.37,0.87,0.85,0.9,0.45,0.82,0.89,0.0,0.0,0.81,0.0,0.44,0.7,0.8,0.0,0.84,0.36,0.86,0.0,0.35,0.9,0.39,0.38,0.43,0.76,0.82,0.42,0.53,0.41,0.0,0.0,0.4,0.52,0.0,0.35
chr12_52905127,0.56,0.63,0.6,0.47,0.42,0.73,0.79,0.6,0.81,0.85,0.69,0.62,0.5,0.61,0.73,0.6,0.83,0.76,0.72,0.68,0.43,0.57,0.6,0.41,0.6,0.68,0.51,0.64,0.64,0.5,0.61,0.53,0.59,0.66,0.28,0.67,0.52,0.61,0.54,0.45
chr7_2711129,0.46,0.4,0.0,0.45,0.48,0.43,0.76,0.38,0.85,0.23,0.48,0.38,0.53,0.32,0.77,0.0,0.75,0.5,0.25,0.44,0.43,0.74,0.75,0.45,0.58,0.49,0.43,0.77,0.35,0.75,0.85,0.7,0.76,0.58,0.4,0.31,0.7,0.41,0.4,0.8
chr15_82681192,0.44,0.28,0.33,0.58,0.3,0.42,0.55,0.25,0.45,0.5,0.21,0.37,0.47,0.54,0.37,0.51,0.35,0.37,0.55,0.58,0.16,0.28,0.16,0.19,0.5,0.36,0.3,0.48,0.27,0.42,0.3,0.31,0.44,0.2,0.3,0.26,0.24,0.36,0.4,0.29
chr16_2913527,0.36,0.18,0.18,0.36,0.0,0.44,0.69,0.0,0.39,0.0,0.33,0.45,0.0,0.41,0.66,0.31,0.52,0.0,0.0,0.0,0.0,0.26,0.32,0.28,0.61,0.38,0.75,0.6,0.0,0.54,0.34,0.59,0.37,0.05,0.59,0.0,0.36,0.44,0.0,0.38
chr17_81155101,0.23,0.13,0.0,0.07,0.09,0.31,0.14,0.24,0.22,0.15,0.25,0.25,0.2,0.05,0.26,0.11,0.33,0.1,0.44,0.08,0.14,0.37,0.24,0.3,0.37,0.06,0.47,0.07,0.39,0.3,0.34,0.21,0.63,0.25,0.23051282051282046,0.11,0.33,0.44,0.32,0.0
chr19_10519523,0.88,0.79,0.78,0.9,0.78,0.68,0.85,0.83,0.8,0.58,0.8,0.86,0.87,0.76,0.75,0.89,0.88,0.87,0.68,0.66,0.66,0.53,0.62,0.74,0.61,0.8,0.77,0.81,0.66,0.73,0.65,0.81,0.77,0.7523076923076921,0.72,0.76,0.45,0.6,0.86,0.9
chr10_8268146,0.9,0.91,0.92,0.87,0.9,0.91,0.96,0.9,0.85,0.94,0.88,0.93,0.9,0.95,0.88,0.95,0.92,1.0,1.0,0.89,0.84,0.93,0.9,0.81,0.87,0.95,0.8,0.91,0.87,0.86,0.0,0.39,0.75,0.9,0.91,0.87,0.54,0.83,0.92,0.92
chr1_201649066,0.56,0.81,0.47,0.34,0.43,0.8,0.42,0.78,0.37,0.87,0.75,0.68,0.88,0.36,0.34,0.47,0.4,0.36,0.48,0.58,0.68,0.37,0.54,0.43,0.18,0.28,0.33,0.62,0.41,0.46,0.58,0.58,0.4,0.64,0.36,0.17,0.44,0.49,0.28,0.67
chr11_67806738,0.35,0.69,0.36,0.86,0.38,0.57,0.53,0.75,0.47,0.61,0.47,0.42,0.5,0.47,0.66,0.66,0.53,0.66,0.508611111111111,0.57,0.33,0.508611111111111,0.7,0.06,0.36,0.508611111111111,0.5,0.45,0.5,0.57,0.45,0.42,0.46,0.508611111111111,0.3,0.66,0.62,0.52,0.33,0.57
chr8_22135345,0.54,0.78,0.58,0.69,0.69,0.48,0.76,0.59,0.63,0.74,0.72,0.75,0.76,0.49,0.62,0.76,0.65,0.82,0.82,0.77,0.62,0.41,0.63,0.68,0.77,0.75,0.19,0.54,0.5,0.61,0.7,0.74,0.69,0.41,0.42,0.4,0.77,0.77,0.52,0.83
chr12_32390900,0.35,0.26,0.0,0.76,0.37,0.26,0.41,0.2,0.21,0.8,0.34,0.36,0.52,0.27,0.26,0.24,0.42,0.3023684210526315,0.26,0.35,0.23,0.27,0.36,0.18,0.53,0.29,0.26,0.18,0.23,0.3023684210526315,0.45,0.07,0.2,0.33,0.33,0.4,0.27,0.1,0.06,0.11
chr19_36309935,0.63,0.21,0.25,0.73,0.79,0.63,0.64,0.66,0.31,0.52,0.44,0.63,0.23,0.4,0.15,0.64,0.16,0.65,0.29,0.6,0.3,0.26,0.89,0.75,0.47,0.65,0.52,0.63,0.61,0.35,0.69,0.77,0.57,0.36,0.72,0.54,0.24,0.84,0.35,0.04
chr16_34146418,0.73,0.58,0.25,0.53,0.64,0.58,0.65,0.7,0.52,0.69,0.8,0.84,0.7,0.46,0.5,0.73,0.76,0.76,0.66,0.67,0.36,0.5,0.68,0.47,0.53,0.4,0.22,0.41,0.37,0.5610526315789472,0.4,0.78,0.47,0.5610526315789472,0.5,0.65,0.8,0.54,0.13,0.36
chr16_55508767,0.42,0.0,0.3,0.4,0.71,0.28,0.41,0.38,0.0,0.0,0.59,1.0,0.4,0.25,0.42,0.0,0.0,0.61,0.33,0.0,0.33,0.6,0.85,0.0,0.0,0.38081081081081075,0.38081081081081075,0.0,0.85,0.69,0.47,0.25,0.38081081081081075,0.44,0.79,0.76,0.76,0.52,0.28,0.0
chr13_100480862,0.05,0.33,0.28,0.11,0.06,0.52,0.05,0.3,0.17,0.17,0.52,0.05,0.0,0.06,0.28,0.15,0.33,0.16,0.23,0.05,0.23,0.23333333333333342,0.25,0.58,0.07,0.0,0.45,0.2,0.27,0.35,0.48,0.18,0.69,0.27,0.3,0.05,0.33,0.38,0.05,0.1
chr15_85255684,0.8,0.0,0.92,0.88,0.51,0.6710526315789473,0.54,0.78,0.66,0.72,0.57,0.11,0.88,0.28,0.82,0.46,0.9,0.88,0.7,1.0,0.71,0.78,0.92,0.78,0.87,0.92,0.87,0.69,0.79,0.6710526315789473,0.54,0.37,0.86,0.42,0.72,0.81,0.34,0.48,0.91,0.31
chr11_69773979,0.396842105263158,0.52,0.33,0.21,0.25,0.37,0.17,0.55,0.46,0.8,0.52,0.64,0.45,0.32,0.28,0.36,0.71,0.38,0.396842105263158,0.55,0.28,0.47,0.5,0.45,0.47,0.31,0.26,0.23,0.21,0.66,0.5,0.3,0.41,0.38,0.36,0.3,0.25,0.26,0.28,0.33
chr5_1231379,0.53,0.35,0.6,0.57,0.43,0.3,0.47,0.45,0.33,0.72,0.26,0.62,0.33,0.33,0.52,0.63,0.38,0.58,0.5402564102564102,0.66,0.56,0.52,0.68,0.66,0.6,0.68,0.66,0.7,0.91,0.66,0.51,0.63,0.65,0.61,0.5,0.69,0.3,0.48,0.64,0.37
chr22_21629083,0.45,0.61,0.8,0.82,0.7,0.89,0.6,0.65,0.61,0.87,0.31,0.48,0.59,0.52,0.15,0.58,0.44,0.56,0.68,0.57,0.54,0.44,0.51,0.38,0.52,0.5,0.52,0.4,0.58,0.33,0.48,0.4,0.49,0.38,0.53,0.16,0.32,0.53,0.32,0.44
chr6_113434514,0.12,0.0,0.19,0.1,0.28,0.47,0.25,0.38,0.2,0.21,0.4,0.12,0.17,0.23,0.27,0.2,0.37,0.23,0.46,0.22,0.17,0.22,0.36,0.55,0.44,0.21,0.5,0.22,0.41,0.23,0.36,0.22,0.59,0.27,0.33,0.26,0.54,0.49,0.38,0.03
chr13_36125945,0.54,0.76,0.8,0.88,1.0,0.65,0.69,0.67,0.74,0.86,0.85,0.84,0.86,0.65,0.62,0.8,0.82,0.76,0.76,0.86,0.6,0.45,0.84,0.66,0.56,0.82,0.75,0.55,0.68,0.8,0.42,0.68,0.75,0.75,0.84,0.66,0.68,0.75,0.76,0.66
chr2_132258243,0.38,0.45,0.2808333333333333,0.46,0.2808333333333333,0.43,0.41,0.56,0.14,0.33,0.12,0.52,0.38,0.0,0.07,0.21,0.5,0.2808333333333333,0.5,0.08,0.19,0.38,0.3,0.17,0.13,0.24,0.18,0.34,0.37,0.36,0.1,0.18,0.26,0.2808333333333333,0.07,0.26,0.1,0.15,0.5,0.29
chr4_8214617,0.83,0.72,1.0,0.8,0.87,0.77,0.85,0.78,0.71,0.94,0.82,0.93,0.93,0.88,0.85,0.8178378378378379,0.8178378378378379,0.85,0.92,0.96,0.72,0.46,0.85,0.86,0.78,0.75,0.79,0.94,0.5,0.88,0.8,0.78,0.8178378378378379,0.84,0.9,0.7,0.78,0.88,0.88,0.76
chr11_304318,0.56,0.78,0.52,0.65,0.8,0.84,0.66,0.78,0.76,0.81,0.8,0.71,0.75,0.41,0.63,0.62,0.91,0.52,0.73,0.85,0.53,0.28,0.52,0.53,0.44,0.8,0.46,0.6,0.5,0.52,0.67,0.72,0.63,0.73,0.39,0.53,0.7,0.43,0.34,0.61
chr5_150632975,0.69,0.8,0.68,0.6,0.62,0.62,0.8,0.77,0.79,0.88,0.75,0.96,0.78,0.76,0.7,0.73,0.66,0.42,0.9,0.82,0.7,0.57,0.64,0.52,0.76,0.8,0.72,0.72,0.8,0.58,0.54,0.56,0.72,0.35,0.7015384615384616,0.61,0.62,0.78,0.77,0.87
chr17_29572640,0.54,0.45,0.6,0.35,0.64,0.8,0.6,0.74,0.4,0.57,0.68,0.8,0.66,0.51,0.66,0.69,0.7,0.66,0.0,0.53,0.43,0.64,0.37,0.45,0.48,0.54,0.32,0.58,0.83,0.5320512820512818,0.44,0.43,0.33,0.58,0.47,0.35,0.31,0.49,0.4,0.73
chr12_94640679,0.24,0.23,0.33,0.0,0.08,0.15,0.15,0.28,0.27,0.15,0.26,0.09,0.06,0.04,0.26,0.29,0.33,0.23769230769230773,0.36,0.0,0.26,0.08,0.24,0.62,0.55,0.23,0.2,0.08,0.3,0.15,0.36,0.1,0.63,0.61,0.12,0.04,0.42,0.35,0.21,0.15
chr10_35260117,0.0,0.6,0.14,0.16,0.41,0.26,0.78,0.67,0.68,0.0,0.45,0.31,0.69,0.61,0.68,0.0,0.28,0.61,0.32,0.63,0.63,0.35,0.67,0.6,0.25,0.8,0.77,0.71,0.82,0.72,0.64,0.74,0.82,0.44,0.0,0.27,0.26,0.31,0.0,0.66
chr13_23954025,0.0,0.0,0.01,0.37,0.42,0.37,0.33,0.42,0.0,0.0,0.0,0.0,0.0,0.0,0.0,0.0,0.02,0.31,0.0,0.0,0.01,0.0,0.0,0.0,0.29,0.4,0.38,0.42,0.67,0.51,0.0,0.33,0.41,0.0,0.0,0.36,0.43,0.34,0.0,0.0
chr1_247445998,0.28,0.21,0.27,0.23,0.25,0.23,0.21,0.29,0.28,0.41,0.47,0.22,0.3,0.13,0.42,0.36,0.31,0.23,0.37,0.18,0.4,0.46,0.27,0.76,0.4,0.63,0.33,0.35,0.36,0.23,0.58,0.11,0.63,0.21,0.35,0.22,0.24,0.37,0.3,0.09
chr7_1555448,0.61,0.46,0.65,0.41,0.53,0.51,0.54,0.59,0.46,0.78,0.47,0.41,0.33,0.5,0.5,0.66,0.56,0.68,0.33,0.51,0.51,0.44,0.48,0.38,0.37,0.36,0.48,0.52,0.64,0.38,0.39,0.52,0.41,0.33,0.4,0.48,0.35,0.53,0.32,0.66
chr19_39514711,0.32,0.42,0.36,0.46,0.66,0.3,0.38,0.42,0.5,0.89,0.38,0.39,0.33,0.25,0.22,0.4,0.44,0.31,0.18,0.28,0.35,0.16,0.32,0.21,0.27,0.26,0.26,0.41,0.33,0.23,0.31,0.32,0.25,0.23,0.33,0.5,0.34,0.41,0.23,0.33
chr5_142797563,0.65,0.73,0.46,0.3,0.47,0.61,0.69,0.62,0.61,0.68,0.47,0.7,0.45,0.61,0.51,0.41,0.53,0.45,0.41,0.5,0.62,0.61,0.66,0.75,0.66,0.5815384615384614,0.75,0.57,0.63,0.62,0.66,0.63,0.6,0.42,0.68,0.57,0.65,0.72,0.57,0.45
chr9_127770648,0.07,0.0,0.11,0.28,0.15,0.44,0.12,0.27,0.18,0.13,0.16,0.14,0.16,0.05,0.23,0.12,0.14,0.22,0.11,0.13,0.25,0.18,0.3,0.25,0.03,0.13,0.39,0.14,0.18,0.25,0.2,0.32,0.3,0.4,0.25,0.2,0.18,0.28,0.21,0.26
chr1_41020573,0.26,0.85,0.27,0.75,0.93,0.5,0.63,0.28,1.0,0.88,0.64,1.0,1.0,0.82,0.92,0.6857894736842104,0.87,1.0,0.84,0.84,0.48,0.52,0.33,0.88,0.35,0.9,0.5,0.56,0.88,1.0,0.39,0.48,0.52,0.72,0.6857894736842104,0.0,0.76,0.93,0.9,0.68
chr20_29547995,0.43,0.94,0.73,0.52,0.69,0.82,0.61,0.65,0.75,0.75,0.9,0.52,0.6649999999999998,0.8,0.77,0.78,0.63,0.6649999999999998,0.6649999999999998,0.84,0.6,0.41,0.16,0.51,0.66,0.69,0.76,0.62,0.47,0.6649999999999998,0.87,0.66,0.83,0.4,0.33,0.76,0.76,0.81,0.65,0.86
chr16_73066827,0.25,0.23,0.25,0.3,0.16,0.32,0.37,0.38,0.31,0.26,0.26,0.3,0.21,0.17,0.2,0.32,0.45,0.53,0.06,0.37,0.1,0.3,0.08,0.19,0.35,0.29,0.25,0.1,0.28,0.07,0.1,0.12,0.22,0.29,0.13,0.23,0.13,0.25,0.06,0.28
chr5_80414270,0.09,0.07,0.18,0.06,0.31,0.22,0.22,0.38,0.13,0.05,0.05,0.14,0.07,0.12,0.17,0.26,0.12,0.15,0.31,0.13,0.15,0.20324324324324325,0.20324324324324325,0.65,0.35,0.09,0.23,0.08,0.19,0.29,0.41,0.05,0.20324324324324325,0.23,0.3,0.13,0.5,0.41,0.23,0.0
chr11_3409247,0.81,0.76,0.55,0.6,0.74,0.45,0.74,0.47,0.62,0.82,0.73,0.75,0.62,0.77,0.51,0.78,0.6,0.59,0.78,0.62,0.63,0.62,0.64,0.67,0.59,0.68,0.54,0.54,0.47,0.41,0.56,0.68,0.62,0.66,0.55,0.57,0.7,0.6,0.51,0.78
chr4_3860896,0.45,0.7,0.81,0.75,0.53,0.48,0.97,0.67,0.81,0.92,0.77,0.76,0.44,0.84,0.8,0.82,0.88,0.64,0.72,0.56,0.46,0.74,0.67,0.0,0.64,0.86,0.0,0.45,0.75,0.35,0.85,0.81,0.49,0.68,0.73,0.71,0.33,0.5,0.93,0.68
chr9_19629701,0.37,0.46,0.3,0.52,0.41,0.4,0.51,0.55,0.47,0.45,0.31,0.32,0.22,0.45,0.48,0.41,0.3,0.45,0.48,0.35,0.4,0.3786842105263158,0.33,0.29,0.47,0.41,0.27,0.6,0.18,0.18,0.42,0.24,0.3786842105263158,0.23,0.42,0.25,0.39,0.3,0.38,0.42
chr10_6756309,0.15,0.24,0.25,0.18,0.17,0.08,0.3,0.34,0.51,0.11,0.2,0.27,0.23,0.45,0.28,0.15,0.36,0.26,0.35,0.37,0.53,0.28729729729729725,0.41,0.22,0.45,0.28729729729729725,0.3,0.26,0.15,0.17,0.2,0.33,0.28729729729729725,0.35,0.28,0.53,0.23,0.4,0.32,0.25
chr22_36913973,0.27,0.33,0.36,0.34,0.35,0.2,0.27,0.34,0.14,0.22,0.52,0.3,0.2,0.13,0.47,0.35,0.33,0.3,0.25,0.33,0.44,0.35,0.44,0.36,0.45,0.43,0.42,0.49,0.63,0.2,0.24,0.45,0.57,0.13,0.37,0.56,0.39,0.58,0.31,0.0
chr16_11630368,0.41,0.5,0.5,0.5,0.55,0.68,0.57,0.61,0.68,0.5452631578947369,0.43,0.42,0.28,0.42,0.45,0.69,0.47,0.55,0.72,0.33,0.46,0.53,0.59,0.72,0.3,0.54,0.58,0.37,0.69,0.5452631578947369,0.59,0.56,0.77,0.52,0.71,0.77,0.68,0.68,0.6,0.3
chr11_94545730,0.18,0.04,0.17,0.02,0.15,0.33,0.27,0.21,0.11,0.11,0.21,0.06,0.0,0.16,0.38,0.17,0.35,0.31,0.41,0.09,0.26,0.18,0.31,0.45,0.33,0.15,0.38,0.11,0.3,0.25,0.29,0.13,0.47,0.35,0.29,0.17,0.37,0.51,0.27,0.18
chr14_99242309,0.86,0.7,0.89,0.84,0.86,0.28,0.69,0.61,0.8,0.9,0.42,0.44,0.37,0.24,0.71,0.85,0.5,0.73,0.45,0.85,0.78,0.76,0.82,0.76,0.6,0.81,0.86,0.8,0.69,0.76,0.7,0.91,0.8,0.69,0.67,0.95,0.88,0.76,0.9,0.6
chr10_132533705,0.75,0.88,0.4,0.8,0.39,0.88,0.52,0.48,0.87,0.9,0.37,0.97,0.24,0.42,0.46,0.87,0.87,0.78,0.36,0.95,0.83,0.8,0.89,0.82,0.85,0.45,0.89,0.5,0.88,0.86,0.9,0.9,0.89,0.95,0.94,0.89,0.86,0.93,0.71,0.88
chr10_3415096,0.5,0.0,0.0,0.0,0.0,0.46,0.0,0.0,0.0,0.65,0.0,0.0,0.0,0.0,0.0,0.0,0.0,0.0,0.0,0.47,0.0,0.54,0.0,0.0,0.47,0.57,0.0,0.0,0.1469230769230769,0.0,0.0,0.0,0.0,0.57,0.95,0.55,0.0,0.0,0.0,0.0
chr8_41590579,0.28,0.09,0.07,0.05,0.06,0.19,0.1,0.38,0.17,0.0,0.03,0.03,0.0,0.07,0.23,0.08,0.2,0.23,0.18,0.08,0.09,0.16,0.16,0.4,0.17,0.05,0.27,0.05,0.14,0.2,0.22,0.09,0.43,0.29,0.18,0.09,0.33,0.33,0.32,0.0
chr22_48500767,0.81,0.92,0.37,0.83,0.82,0.0,0.9,0.4,0.42,0.9,0.86,0.52,0.51,0.9,0.78,0.87,0.4,0.72,0.53,0.46,0.37,0.78,0.87,0.45,0.68,0.85,0.76,0.8,0.72,0.0,0.46,0.77,0.8,0.03,0.42,0.45,0.41,0.47,0.76,0.63
chr9_124355555,0.2,0.25,0.32,0.16,0.37,0.35,0.14,0.36,0.24,0.2,0.38,0.05,0.0,0.17,0.22,0.37,0.28,0.19,0.35,0.08,0.13,0.2,0.3,0.59,0.26,0.13,0.29,0.15,0.31,0.2674358974358974,0.36,0.19,0.54,0.32,0.41,0.27,0.52,0.34,0.35,0.09
chr14_65373447,0.9,0.73,0.44,0.72,0.65,0.47,0.66,0.71,0.8,0.86,0.8,0.81,0.83,0.69,0.61,0.81,0.7,0.9,0.8,0.69,0.82,0.8,0.57,0.61,0.75,0.48,0.53,0.72,0.56,0.18,0.47,0.41,0.42,0.72,0.59,0.77,0.81,0.51,0.72,0.78
chr15_99018342,0.16,0.05,0.1,0.0,0.2,0.16,0.11,0.21,0.0,0.17,0.25,0.03,0.07,0.03,0.25,0.1,0.27,0.22,0.29,0.08,0.09,0.13,0.25,0.59,0.20256410256410254,0.15,0.33,0.06,0.42,0.72,0.28,0.22,0.28,0.25,0.18,0.14,0.25,0.32,0.36,0.13
chr5_15719965,0.77,0.0,0.37,0.82,0.0,0.0,0.43,0.0,0.4,0.42,0.5,0.35,0.0,0.0,0.0,0.36,0.36,0.0,0.0,0.36,0.52,0.0,0.44,0.42,0.0,0.56,0.0,0.0,0.0,0.64,0.78,0.0,0.0,0.62,0.77,0.35,0.42,0.72,0.0,0.46
chr10_1553438,0.72,0.5,0.59,0.39,0.52,0.46,0.5,0.47,0.42,0.55,0.48,0.68,0.73,0.63,0.57,0.56,0.3,0.48,0.55,0.48,0.46,0.35,0.51,0.52,0.68,0.5,0.56,0.49,0.48,0.47,0.42,0.47,0.5,0.37,0.48,0.5,0.31,0.44,0.38,0.54
chr8_129988293,0.22,0.22,0.3,0.21,0.27,0.35,0.27,0.52,0.21,0.41,0.4,0.05,0.3,0.21,0.35,0.25,0.42,0.27,0.3178947368421053,0.0,0.28,0.22,0.4,0.65,0.37,0.28,0.55,0.28,0.41,0.3178947368421053,0.59,0.14,0.59,0.27,0.06,0.11,0.5,0.52,0.48,0.15
chr9_129833880,0.68,0.68,0.77,0.76,0.9,0.95,0.36,0.95,0.3,0.93,0.5,0.96,0.86,0.2,0.65,0.36,0.82,0.0,0.82,0.96,0.0,0.81,0.88,0.9,0.82,0.61,0.46,0.5,0.63,0.0,0.0,0.96,0.3,0.45,0.61,0.8,0.86,0.5,0.0,0.76
chr10_96645590,0.13,0.1,0.1,0.04,0.12,0.28,0.23,0.27,0.08,0.05,0.15,0.08,0.05,0.12,0.2,0.23,0.37,0.2,0.29,0.09,0.09,0.21,0.14,0.4,0.12,0.11,0.23,0.09,0.17,0.27,0.36,0.21,0.42,0.26,0.16,0.1,0.4,0.32,0.17,0.0
chr13_45200870,0.36,0.25,0.31,0.25,0.47,0.65,0.4,0.56,0.23,0.29,0.5,0.17,0.11,0.24,0.39,0.25,0.38,0.53,0.44,0.46,0.27,0.18,0.41,0.59,0.5,0.4066666666666667,0.54,0.5,0.33,0.5,0.5,0.15,0.69,0.57,0.55,0.64,0.59,0.61,0.4,0.1
chr6_105786973,0.53,0.5,0.47,0.55,0.6,0.75,0.76,0.72,0.65,0.79,0.64,0.56,0.68,0.57,0.42,0.52,0.56,0.65,0.64,0.59,0.6,0.6428205128205129,0.72,0.72,0.63,0.57,0.74,0.72,0.8,0.71,0.7,0.47,0.76,0.69,0.66,0.66,0.8,0.75,0.56,0.66
chr9_94666699,0.68,0.71,0.63,0.69,0.68,0.65,0.67,0.54,0.72,0.66,0.52,0.69,0.71,0.59,0.6,0.72,0.66,0.58,0.58,0.6,0.72,0.47,0.67,0.6,0.7,0.61,0.47,0.48,0.54,0.57,0.55,0.61,0.62,0.6,0.52,0.64,0.48,0.58,0.42,0.75
chr6_170023451,0.15,0.05,0.53,0.3,0.41,0.2,0.22,0.37,0.18,0.16,0.1,0.13,0.35,0.07,0.21,0.19,0.23,0.42,0.14,0.44,0.29,0.11,0.17,0.13,0.26,0.12,0.04,0.11,0.13,0.0,0.38,0.1,0.39,0.24,0.2,0.15,0.23,0.1,0.17,0.11
chr22_21282850,0.91,0.72,0.69,0.94,0.69,0.9,0.7,0.68,0.8,0.69,0.5,0.61,0.89,0.75,0.88,0.9,0.7123076923076923,0.46,0.92,0.56,0.71,0.64,0.79,0.55,0.53,0.84,0.68,0.83,0.56,0.84,0.59,0.79,0.64,0.69,0.58,0.55,0.64,0.57,0.67,0.9
chr6_144278934,0.87,0.73,0.77,0.76,0.93,0.81,0.76,0.79,0.88,0.73,0.85,0.95,0.72,0.88,0.72,0.75,0.76,0.72,0.8,0.66,0.67,0.65,0.82,0.64,0.64,0.76,0.53,0.75,0.88,0.78,0.72,0.77,0.64,0.71,0.68,0.56,0.65,0.73,0.8,0.69
chr10_71712558,0.06,0.19,0.17,0.11,0.2,0.36,0.26,0.26,0.24,0.26,0.23,0.1,0.2,0.06,0.27,0.2,0.22,0.14,0.57,0.14,0.31,0.29,0.22,0.42,0.38,0.18,0.36,0.21,0.38,0.2,0.43,0.16,0.47,0.37,0.42,0.3,0.2,0.34,0.47,0.05
chr10_133263143,0.66,0.52,0.58,0.73,0.8,0.73,0.68,0.68,0.55,0.68,0.66,0.58,0.61,0.65,0.84,0.5,0.7,0.57,0.47,0.84,0.77,0.64,0.77,0.76,0.65,0.7,0.82,0.58,0.75,0.71,0.69,0.65,0.7,0.68,0.71,0.82,0.66,0.74,0.8,0.51
chr6_6379765,0.65,0.69,0.73,0.91,0.83,0.83,0.69,0.67,0.73,0.68,0.56,0.79,0.7,0.73,0.85,0.79,0.52,0.64,0.77,0.82,0.57,0.695897435897436,0.62,0.45,0.6,0.66,0.75,0.7,0.61,0.77,0.57,0.65,0.67,0.85,0.72,0.71,0.62,0.77,0.59,0.68
chr3_195849856,0.61,0.71,0.66,0.78,0.73,0.63,0.84,0.55,0.23,0.62,0.75,0.82,0.66,0.56,0.72,0.78,0.65,0.76,0.6146153846153846,0.39,0.47,0.3,0.78,0.42,0.7,0.37,0.54,0.58,0.66,0.55,0.49,0.79,0.42,0.58,0.65,0.62,0.77,0.45,0.78,0.6
chr17_78144987,0.43,0.68,0.36,0.42,0.93,0.0,0.87,0.51,0.95,0.88,0.82,0.45,0.0,0.34,0.86,0.39,0.5,0.82,0.82,0.37,0.46,0.0,0.76,0.76,0.68,0.8,0.23,0.78,0.75,0.78,0.87,0.84,0.73,0.45,0.4,0.91,0.85,0.37,0.87,0.34
chr9_137453776,0.07,0.16162162162162166,0.09,0.05,0.16,0.07,0.13,0.27,0.2,0.0,0.12,0.07,0.3,0.06,0.04,0.27,0.0,0.15,0.14,0.0,0.18,0.23,0.2,0.18,0.26,0.17,0.28,0.24,0.16,0.16162162162162166,0.17,0.0,0.35,0.18,0.16162162162162166,0.25,0.32,0.23,0.14,0.25
chr15_58459866,0.04,0.11,0.0,0.0,0.04,0.0,0.04,0.09,0.07,0.04,0.04,0.03,0.0,0.11,0.12,0.04,0.04,0.06,0.06,0.1,0.04,0.08,0.07,0.08,0.14,0.07,0.24,0.02,0.07,0.16,0.05,0.05,0.26,0.15,0.03,0.05,0.08,0.26,0.04,0.0
chr20_34980051,0.83,0.7,0.69,0.88,0.75,0.64,0.55,0.61,0.73,0.55,0.73,0.83,0.65,0.66,0.72,0.76,0.7,0.86,0.62,0.83,0.65,0.55,0.65,0.62,0.67,0.69,0.66,0.61,0.68,0.56,0.63,0.56,0.57,0.44,0.66,0.64,0.51,0.67,0.51,0.77
chr5_178086477,0.65,0.5,0.63,0.59,0.63,0.61,0.65,0.62,0.62,0.86,0.58,0.6,0.66,0.55,0.57,0.62,0.5,0.54,0.42,0.61,0.61,0.52,0.41,0.59,0.47,0.49,0.22,0.62,0.17,0.57,0.53,0.6,0.66,0.61,0.47,0.64,0.56,0.31,0.2,0.36
chr4_98560534,0.76,0.81,0.75,0.7,0.83,0.62,0.0,0.78,0.73,0.95,0.78,0.71,0.5,0.85,0.53,0.79,0.72,0.62,0.81,0.85,0.74,0.7182051282051283,0.76,0.59,0.75,0.78,0.69,0.83,0.76,0.78,0.64,0.86,0.76,0.76,0.72,0.75,0.88,0.74,0.73,0.4
chr9_113063022,0.7,0.2,0.53,0.33,0.72,0.65,0.36,0.55,0.18,0.54,0.4,0.36,0.26,0.3,0.24,0.38,0.44,0.25,0.4,0.5,0.34,0.42,0.48,0.73,0.54,0.48,0.4,0.4,0.62,0.25,0.82,0.52,0.74,0.58,0.25,0.4,0.71,0.71,0.56,0.5
chr18_5891682,0.65,0.33,0.41,0.64,0.54,0.38,0.4,0.51,0.26,0.56,0.28,0.66,0.32,0.42,0.38,0.44,0.54,0.52,0.57,0.5,0.34,0.6,0.55,0.21,0.45,0.37,0.36,0.24,0.47,0.46,0.22,0.37,0.47,0.33,0.32,0.32,0.31,0.32,0.36,0.45
chr16_89191710,0.21,0.18,0.05,0.05,0.26,0.27,0.21,0.12,0.15,0.23,0.15,0.16,0.29,0.13,0.12,0.14,0.11,0.35,0.21,0.14,0.22,0.13,0.33,0.29,0.19,0.27,0.21,0.23,0.15,0.28,0.19,0.29,0.34,0.28,0.17,0.21,0.21,0.16,0.52,0.15
chr15_34496889,0.5,0.47,0.33,0.33666666666666667,0.38,0.33666666666666667,0.13,0.23,0.4,0.33666666666666667,0.6,0.45,0.44,0.41,0.2,0.5,0.63,0.33666666666666667,0.0,0.58,0.3,0.29,0.36,0.17,0.31,0.26,0.16,0.37,0.42,0.15,0.18,0.33,0.23,0.55,0.3,0.45,0.24,0.3,0.04,0.46
chr10_127906110,0.3,0.45,0.67,0.35,0.11,0.55,0.51,0.36,0.0,0.53,0.8,0.82,0.03,0.67,0.74,0.48,0.03,0.81,0.4,0.9,0.07,0.69,0.41,0.78,0.06,0.05,0.52,0.34,0.69,0.11,0.09,0.08,0.28,0.42,0.05,0.12,0.41,0.46,0.77,0.28
chr7_123574356,0.64,0.68,0.42,0.41,0.68,0.79,0.71,0.52,0.59,0.82,0.64,0.46,0.57,0.52,0.63,0.64,0.66,0.45,0.73,0.7,0.73,0.7,0.81,0.69,0.7,0.73,0.89,0.7,0.74,0.83,0.81,0.65,0.91,0.62,0.77,0.57,0.78,0.81,0.56,0.36
chr6_155256689,0.05,0.32,0.61,0.41,0.55,0.45,0.44,0.0,0.5,0.0,0.0,0.54,1.0,0.0,0.48,0.66,0.35,0.31,0.44,0.0,0.0,0.0,0.46,0.86,0.41,0.0,0.44,0.0,0.0,0.0,0.0,1.0,0.01,0.0,0.37,0.33,0.81,0.0,0.0,0.42
chr9_4145618,0.0,0.43,0.14,0.4,0.75,0.39,0.87,0.8,0.33,0.0,0.0,0.0,0.38,0.42,0.46,0.36,0.75,0.46,0.0,0.75,0.0,0.0,0.48,0.32,0.0,0.0,0.0,0.57,0.0,0.48,0.46,0.45,0.0,0.29,0.41,0.0,0.56,0.37,0.4,0.42
chr4_1928665,0.08,0.06,0.06,0.04,0.2,0.21,0.23,0.15,0.0,0.04,0.16,0.06,0.16,0.04,0.17,0.13,0.25,0.23,0.26,0.03,0.13,0.13,0.24,0.32,0.22,0.08,0.35,0.08,0.33,0.4,0.3,0.26,0.41,0.23,0.14,0.03,0.28,0.37,0.16,0.14
chr21_14274297,0.5,0.58,0.55,0.66,0.76,0.69,0.7,0.5,0.48,0.6,0.53,0.57,0.87,0.45,0.59,0.62,0.71,0.56,0.51,0.54,0.46,0.42,0.59,0.37,0.63,0.58,0.51,0.64,0.6,0.39,0.52,0.72,0.38,0.67,0.45,0.63,0.56,0.52,0.58,0.63
chr2_70524502,0.3,0.16,0.31,0.05,0.12,0.33,0.22,0.58,0.2,0.38,0.15,0.21,0.05,0.0,0.28,0.34,0.33,0.19,0.47,0.05,0.18,0.34,0.32,0.52,0.35,0.27,0.43,0.19,0.46,0.29,0.36,0.24,0.47,0.3,0.31,0.28,0.37,0.38,0.29,0.0
chr2_240217491,0.88,1.0,0.88,0.92,0.88,0.94,0.92,0.92,0.92,0.96,0.9,0.98,0.96,0.97,0.95,0.97,0.95,0.95,0.91,0.92,0.9,0.85,0.84,0.92,0.9,0.96,0.9,0.84,0.85,0.7,0.9,0.86,0.9,0.85,1.0,0.93,0.72,0.88,0.83,0.79
chr7_151390875,0.0,0.0,0.07,0.27,0.31,0.0,0.53,0.0,0.29,0.44,0.83,0.43,0.45,0.87,0.4,0.0,0.37,0.73,0.46,0.48,0.76,0.86,0.49,0.87,0.0,0.36,0.93,0.9,0.0,0.29,0.44,0.0,0.45,0.6,0.0,0.8,0.77,0.8,0.43,0.47
chr2_237923558,0.1,0.27,0.18,0.0,0.32,0.14,0.13,0.08,0.3,0.63,0.1,0.34,0.24,0.3,0.11,0.16,0.2,0.2,0.18,0.22,0.15,0.12,0.32,0.43,0.29,0.21,0.45,0.46,0.4,0.37,0.35,0.34,0.44,0.17,0.3,0.31,0.14,0.43,0.3,0.22
chr10_127906061,0.45,0.41,0.84,0.45,0.13,0.56,0.5,0.68,0.0,0.61,0.84,0.9,0.13,0.66,0.9,0.73,0.32,0.63,0.3,0.85,0.23,0.6,0.67,0.69,0.29,0.15,0.52,0.3,0.66,0.26,0.23,0.1,0.44,0.47615384615384615,0.09,0.13,0.59,0.6,0.84,0.29
chr14_72023898,0.42,0.76,0.45,0.41,0.0,0.14,0.59,0.5,0.81,0.52,0.08,0.36,0.41,0.44,0.88,0.21,0.16,0.63,0.26,0.46,0.76,0.4597368421052631,0.5,0.52,0.5,0.0,0.62,0.52,0.76,0.58,0.5,0.36,0.61,0.4597368421052631,0.45,0.41,0.76,0.59,0.36,0.18
chr17_6069869,0.5,0.43,0.64,0.27,0.52,0.63,0.75,0.0,0.36,0.57,0.17,0.57,0.2,0.5,0.3463157894736842,0.23,0.45,0.11,0.3463157894736842,0.43,0.29,0.19,0.05,0.27,0.21,0.36,0.12,0.48,0.45,0.06,0.51,0.6,0.23,0.0,0.08,0.56,0.36,0.31,0.25,0.45
chr1_200303109,0.6,0.46,0.48,0.8,0.7,0.54,0.84,0.79,0.66,0.4,0.74,0.81,0.74,0.92,0.87,0.65,0.74,0.61,0.54,0.69,0.4,0.36,0.64,0.28,0.69,0.65,0.45,0.63,0.73,0.61,0.42,0.63,0.63,0.69,0.64,0.7,0.22,0.78,0.55,0.8
chr2_172927896,0.26,0.0,0.28,0.75,0.25,0.69,0.0,0.0,0.0,0.49,0.75,0.82,0.0,0.47,0.0,0.43,0.72,0.71,0.28,0.39,0.34,0.0,0.0,0.26,0.65,0.0,0.0,0.0,0.0,0.41,0.01,0.0,0.34,0.76,0.32,0.0,0.0,0.43,0.77,0.41
chr9_129261477,0.13,0.25,0.2,0.13,0.26,0.0,0.23,0.13,0.42,0.23,0.13,0.17,0.24305555555555555,0.26,0.22,0.2,0.26,0.0,0.07,0.27,0.33,0.24305555555555555,0.21,0.35,0.45,0.24305555555555555,0.78,0.2,0.23,0.09,0.06,0.0,0.47,0.42,0.24305555555555555,0.41,0.26,0.62,0.26,0.05
chr7_5496315,0.69,0.76,0.7,0.78,0.69,0.74,0.91,0.85,0.76,0.75,0.76,0.7,0.83,0.82,0.69,0.79,0.81,0.81,0.61,0.76,0.7,0.7,0.66,0.69,0.51,0.61,0.59,0.7,0.7,0.66,0.77,0.69,0.72,0.75,0.86,0.73,0.73,0.82,0.66,0.9
chr6_27217897,0.58,0.67,0.63,0.64,0.6,0.58,0.75,0.67,0.51,0.83,0.25,0.81,0.6,0.62,0.5,0.68,0.35,0.78,0.53,0.48,0.46,0.3,0.49,0.61,0.25,0.86,0.38,0.46,0.65,0.25,0.33,0.51,0.58,0.64,0.5,0.72,0.39,0.52,0.53,0.48
chr9_87713850,0.54,0.53,0.23,0.3,0.27,0.25,0.42,0.27,0.55,0.25,0.46,0.51,0.45,0.33,0.42,0.3,0.5,0.5,0.28,0.38,0.47,0.4,0.47,0.37,0.35,0.58,0.62,0.55,0.38,0.53,0.43,0.46,0.65,0.61,0.42,0.3,0.38,0.5,0.33,0.38
chr1_89799503,0.31,0.3,0.46,0.6,0.4,0.48,0.73,0.47,0.6,0.21,0.59,0.91,0.36,0.83,0.75,0.57,0.5,0.13,0.64,0.76,0.33,0.68,0.33,0.77,0.72,0.65,0.55,0.42,0.6,0.8,0.75,0.68,0.56,0.71,0.71,0.59,0.77,0.81,0.65,0.47
chr19_37403929,0.52,0.45,0.71,0.5,0.78,0.8,0.56,0.75,0.71,0.82,0.56,0.54,0.67,0.57,0.51,0.41,0.52,0.4,0.95,0.77,0.48,0.36,0.39,0.41,0.26,0.71,0.51,0.67,0.32,0.48,0.45,0.52,0.42,0.44,0.61,0.34,0.34,0.34,0.81,0.55
chr12_13197941,0.28,0.18,0.21,0.07,0.53,0.0,0.11,0.25,0.06,0.2,0.22,0.22,0.07,0.54,0.11,0.26,0.31,0.22,0.41,0.21,0.16,0.41,0.46,0.19,0.25,0.2684615384615385,0.43,0.29,0.26,0.41,0.36,0.23,0.45,0.41,0.1,0.68,0.22,0.35,0.25,0.1
chr6_15901260,0.13,0.05,0.24,0.07,0.21,0.28,0.08,0.16,0.24,0.3,0.34,0.11,0.07,0.14,0.25,0.15,0.47,0.17,0.32,0.07,0.25,0.29,0.32,0.45,0.12,0.2,0.17,0.35,0.27,0.23,0.43,0.21,0.37,0.31,0.26,0.24,0.15,0.43,0.08,0.04
chr7_44145797,0.07,0.14,0.27,0.05,0.1,0.18,0.0,0.27,0.21,0.0,0.11,0.1,0.17,0.21,0.11,0.17,0.25,0.15,0.0,0.1,0.1,0.11,0.12,0.11,0.13,0.1,0.38,0.15,0.16,0.17,0.14,0.37,0.28,0.12,0.16,0.21,0.18,0.34,0.3,0.0
chr2_215433360,0.46,0.87,0.85,0.9,0.95,0.93,0.51,0.43,0.86,0.4,0.87,0.97,0.57,0.0,0.0,0.44,0.0,0.0,0.0,0.92,0.45,0.56,0.89,0.38,0.88,0.47,0.0,0.86,0.85,0.0,0.93,0.98,0.55,0.92,0.88,0.89,0.91,0.38,0.85,0.86
chr18_79426296,0.78,0.82,0.78,0.88,0.87,0.96,1.0,0.84,0.83,0.92,0.87,0.87,0.87,0.77,0.95,0.92,0.8,0.8150000000000002,0.92,0.94,0.78,0.8,0.9,0.89,0.15,0.57,0.9,0.91,0.8150000000000002,0.82,0.53,0.42,1.0,0.71,0.85,0.85,0.85,0.87,0.92,0.66
chr6_41653234,0.89,0.92,0.85,0.95,1.0,0.47,0.94,0.94,0.85,0.86,0.9,0.92,0.94,0.5,0.93,0.86,0.42,0.8,0.93,0.93,0.0,0.82,0.48,0.39,0.91,0.95,0.83,0.93,0.96,0.5,0.84,0.91,0.44,0.78,0.32,0.85,0.96,0.83,0.89,0.85
chr5_149428919,0.27,0.0,0.15,0.0,0.22,0.23,0.15,0.26,0.15,0.12,0.31,0.14,0.08,0.08,0.19,0.05,0.27,0.21,0.24,0.19,0.17,0.18,0.26,0.47,0.26,0.14,0.41,0.05,0.37,0.33,0.3,0.07,0.46,0.26,0.16,0.2,0.19,0.29,0.28,0.05
chr1_247443436,0.46,0.57,0.91,0.78,0.0,0.46,0.61,0.01,0.87,0.03,0.8,0.43,0.0,0.0,0.36,0.5,0.96,0.41,0.82,0.43,0.44,0.45,0.88,0.42,0.91,0.9,0.41,0.45,0.0,0.87,0.88,0.49,0.83,0.46,0.95,0.87,0.46,0.38,0.46,0.38
chr19_1833410,0.8,0.58,0.8,0.79,0.83,0.72,0.84,0.69,0.7,0.9,0.78,0.74,0.76,0.75,0.66,0.85,0.79,0.78,0.78,0.83,0.7,0.61,0.72,0.7,0.69,0.79,0.6,0.74,0.6,0.46,0.82,0.74,0.69,0.66,0.7,0.68,0.72,0.66,0.55,0.81
chr9_131823985,0.42,0.51,0.57,0.21,0.65,0.55,0.45,0.44,0.43,0.38,0.45,0.55,0.66,0.58,0.54,0.45,0.38,0.43,0.19,0.53,0.5,0.4,0.52,0.62,0.45,0.8,0.53,0.49,0.7,0.45,0.58,0.54,0.53,0.5,0.47,0.52,0.5,0.67,0.61,0.51
chr2_113127510,0.15,0.13,0.04,0.02,0.15,0.2,0.12,0.35,0.07,0.04,0.1,0.05,0.16,0.09,0.13,0.19,0.06,0.08,0.21,0.03,0.2,0.16692307692307695,0.24,0.46,0.35,0.05,0.05,0.19,0.34,0.18,0.4,0.02,0.4,0.2,0.25,0.08,0.33,0.25,0.12,0.03
chr1_229058815,0.18,0.0,0.09,0.0,0.14,0.26,0.17,0.23,0.2,0.25,0.21,0.04,0.11,0.15,0.16,0.15,0.13,0.07,0.35,0.1,0.11,0.22,0.23,0.32,0.28,0.14,0.44,0.15,0.35,0.20641025641025643,0.14,0.29,0.43,0.41,0.16,0.35,0.29,0.33,0.24,0.18
chr2_46991863,0.82,0.93,0.93,0.95,0.98,0.88,0.88,0.57,0.83,0.92,0.95,0.89,0.96,0.91,0.41,1.0,0.92,0.88,1.0,1.0,0.83,0.0,0.96,0.92,0.81,0.91,0.94,0.54,0.9,0.53,0.93,0.91,0.94,0.82,0.39,0.87,0.93,0.57,0.91,0.8
chr14_65055046,0.14,0.26,0.11,0.09,0.1,0.26,0.26,0.46,0.05,0.1,0.25,0.04,0.16,0.17,0.27,0.11,0.14,0.11,0.33,0.05,0.07,0.27,0.23,0.4,0.1,0.64,0.57,0.07,0.33,0.52,0.28,0.32,0.57,0.3,0.22,0.08,0.36,0.44,0.15,0.0
chr20_3745702,0.54,0.64,0.8,0.57,0.73,0.75,0.59,0.65,0.89,0.39,0.85,0.7,0.9,0.78,0.72,0.72,0.63,0.66,0.64,0.67,0.63,0.55,0.72,0.59,0.75,0.78,0.48,0.65,0.6,0.56,0.57,0.71,0.43,0.65,0.48,0.71,0.48,0.47,0.45,0.72
chr19_50952994,0.28,0.32,0.18,0.54,0.6,0.36,0.25,0.34,0.4,0.14,0.45,0.3,0.32,0.44,0.45,0.47,0.32,0.25,0.61,0.38,0.48,0.23,0.48,0.33,0.66,0.57,0.38,0.23,0.21,0.76,0.31,0.46,0.5,0.64,0.52,0.62,0.25,0.36,0.65,0.46
chr2_231667181,0.09,0.18710526315789477,0.09,0.26,0.13,0.25,0.09,0.23,0.21,0.14,0.15,0.07,0.09,0.23,0.1,0.19,0.16,0.06,0.27,0.13,0.17,0.2,0.38,0.07,0.16,0.07,0.39,0.21,0.29,0.21,0.17,0.2,0.22,0.23,0.19,0.24,0.22,0.28,0.27,0.18710526315789477
chr16_2126815,0.69,0.57,0.53,0.54,0.69,0.58,0.63,0.53,0.58,0.65,0.64,0.55,0.69,0.52,0.5,0.55,0.52,0.56,0.52,0.63,0.41,0.5,0.6,0.54,0.4,0.58,0.57,0.61,0.38,0.45,0.51,0.42,0.46,0.42,0.5484615384615386,0.57,0.51,0.63,0.58,0.58
chr20_29873769,0.33,0.21,0.37,0.21,0.53,0.31,0.28,0.4,0.4,0.3,0.36,0.53,0.45,0.35,0.45,0.53,0.46,0.4222222222222222,0.31,0.33,0.19,0.64,0.44,0.7,0.26,0.48,0.45,0.64,0.44,0.4222222222222222,0.42,0.71,0.56,0.4222222222222222,0.4222222222222222,0.47,0.4,0.52,0.54,0.23
chr1_30807400,0.26,0.16,0.47,0.3,0.45,0.35,0.16,0.57,0.28,0.93,0.25,0.46,0.57,0.48,0.09,0.3,0.38,0.37,0.23,0.23,0.13,0.28,0.15,0.17,0.28,0.42,0.36,0.1,0.29,0.3,0.26,0.17,0.39,0.14,0.16,0.13,0.3,0.22,0.38,0.34
chr14_64784647,0.9,0.86,0.87,0.84,0.93,0.83,0.89,0.89,0.92,0.86,0.94,0.84,0.93,0.91,0.73,0.9,0.79,0.88,0.84,0.91,0.5,0.8,0.43,0.81,0.8,0.89,0.86,0.84,0.76,0.78,0.86,0.96,0.86,0.82,0.85,0.91,0.9,0.85,0.77,0.84
chr12_118774167,0.5,0.3,0.05,0.5,0.11,0.0,0.4,0.16,0.3,0.5,0.42,0.31,0.31,0.21,0.21,0.26,0.16,0.07,0.26,0.31,0.17,0.05,0.07,0.14,0.44,0.1,0.06,0.17,0.04,0.18,0.09,0.34,0.17,0.21333333333333335,0.27,0.14,0.15,0.19,0.14,0.07
chr7_4205075,0.47,0.75,0.66,0.76,0.84,0.62,0.17,0.85,1.0,0.6552777777777778,0.81,0.89,0.52,0.77,0.75,1.0,0.6552777777777778,0.6552777777777778,0.83,0.8,0.17,0.37,0.85,0.92,0.13,0.38,0.58,0.76,0.7,0.86,0.09,0.96,0.48,0.5,0.7,0.6552777777777778,0.94,0.62,0.41,0.68
chr14_90556042,0.4,0.51,0.36,0.54,0.32,0.87,0.81,0.34,0.87,0.0,0.34,0.37,0.56,0.48,0.83,0.0,0.88,0.88,0.5,0.35,0.45,0.75,0.87,0.82,0.87,0.92,0.88,0.0,0.0,0.84,0.51,0.44,0.45,0.33,0.95,0.87,0.76,0.47,0.41,0.0
chr10_132337358,0.07,0.07,0.13,0.08,0.12,0.4,0.25,0.37,0.28,0.44,0.09,0.21,0.03,0.3,0.13,0.26,0.36,0.31,0.16,0.17,0.27,0.21,0.23,0.21,0.34,0.06,0.41,0.29,0.3,0.37,0.19,0.12,0.37,0.16,0.251025641025641,0.47,0.56,0.37,0.45,0.18
chr17_6655008,0.03,0.05,0.08,0.35,0.74,0.86,0.51,0.74,0.44,0.0,0.75,0.51,0.41,0.62,0.4,0.76,0.79,0.33,0.3,0.88,0.82,0.45,0.44,0.73,0.04,0.0,0.16,0.41,0.48,0.0,0.01,0.01,0.38,0.4,0.6,0.0,0.4,0.49,0.37,0.59
chr17_3941493,0.82,0.77,0.8,0.9,0.79,0.62,0.81,0.51,0.76,0.53,0.8,0.0,0.85,0.48,0.64,0.82,0.81,0.83,0.76,0.85,0.82,0.44,0.42,0.01,0.0,0.51,0.81,0.41,0.55,0.92,0.81,0.64,0.45,0.76,0.52,0.91,0.79,0.74,0.78,0.83
chr4_25607843,0.84,0.9,0.85,0.78,0.96,0.9,1.0,0.91,0.89,0.92,0.9,0.93,0.91,0.95,0.87,1.0,0.84,0.79,0.96,0.88,0.83,0.7,0.89,0.81,0.8,0.8684615384615386,0.88,0.95,0.77,0.8,0.96,0.78,0.87,0.89,0.8,0.89,0.78,0.78,0.83,0.88
chr22_20180553,0.74,0.95,0.88,0.86,0.72,0.76,0.82,0.72,0.79,0.85,0.58,0.83,0.87,0.79,0.71,0.84,0.65,0.83,0.46,0.91,0.68,0.64,0.7,0.66,0.58,0.76,0.64,0.71,0.82,0.54,0.71,0.81,0.71,0.82,0.7,0.61,0.4,0.78,0.7,0.64
chr8_22440349,0.59,0.27,0.26,0.29,0.26,0.28,0.26,0.36,0.38,0.52,0.4,0.43,0.34,0.34,0.32,0.51,0.14,0.63,0.25,0.26,0.17,0.35,0.26,0.35,0.22,0.13,0.3,0.34,0.15,0.42,0.2,0.22,0.3,0.45,0.38,0.29,0.17,0.35,0.21,0.4
chr5_168768350,0.79,0.34,0.4,0.36,0.89,0.81,0.45,0.86,0.95,0.8,0.82,0.48,0.87,0.76,0.7,0.89,0.81,0.75,0.78,0.83,0.87,0.75,0.82,0.76,0.33,0.9,0.44,0.82,0.34,0.5,0.0,0.79,0.0,0.94,0.34,0.44,0.83,0.39,0.52,0.47
chr9_77916638,0.2,0.09,0.23,0.09,0.05,0.27,0.23,0.25,0.21,0.16,0.19,0.09,0.11,0.09,0.14,0.25,0.23,0.38,0.25,0.06,0.23,0.22368421052631574,0.3,0.42,0.22368421052631574,0.14,0.36,0.32,0.26,0.36,0.35,0.06,0.42,0.21,0.16,0.08,0.25,0.41,0.4,0.2
chr6_166752298,0.38,0.0,0.33,0.87,0.88,0.46,0.0,0.31,0.5,0.0,0.64,0.35,0.0,0.3,0.42,0.36,0.4197368421052633,1.0,0.84,0.0,0.27,0.22,0.89,0.0,0.5,0.23,0.53,0.5,0.63,0.83,0.0,0.33,0.4,0.4197368421052633,0.23,0.57,0.47,0.91,0.8,0.0
chr16_12517629,0.9,0.17,0.06,0.0,0.46,0.9,0.39,0.34,0.42,0.92,0.95,0.53,0.43,1.0,0.39,0.95,0.92,0.5,0.0,0.0,0.0,0.88,0.91,0.48,0.47,0.0,0.0,0.0,0.55,0.6,0.84,0.9,0.2,0.54,0.94,0.54,0.52,0.0,0.0,0.88
chr20_50451224,0.07,0.04,0.0,0.03,0.05,0.03,0.0,0.15,0.05,0.0,0.07,0.03,0.0,0.03,0.03,0.05,0.12,0.0,0.0,0.0,0.05,0.02,0.08,0.2,0.22,0.04,0.35,0.0,0.05,0.0,0.1,0.11,0.25,0.18,0.0,0.03,0.19,0.19,0.13,0.0
chr18_80159954,0.24,0.5,0.28,0.47,0.27,0.43,0.35,0.23,0.14,0.38,0.18,0.5,0.37,0.34,0.36,0.2,0.36,0.15,0.71,0.07,0.14,0.25,0.28,0.13,0.18,0.05,0.41,0.06,0.06,0.38,0.27,0.41,0.21,0.02,0.11,0.22,0.41,0.38,0.11,0.21
chr17_859274,0.8,0.66,0.85,0.56,0.74,0.56,0.6,0.64,0.75,0.95,0.53,0.8,0.82,0.66,0.58,0.72,0.63,0.58,0.89,0.69,0.7,0.7315789473684212,0.74,0.6,0.85,0.9,0.81,0.72,0.7,0.69,0.87,0.7,0.7315789473684212,0.94,0.79,0.76,0.66,0.78,0.78,0.8
chr16_28984412,0.04,0.18,0.0,0.3,0.24,0.18,0.13,0.12,0.11,0.1,0.17,0.06,0.12,0.08,0.05,0.2,0.1,0.23,0.16368421052631577,0.2,0.05,0.19,0.16,0.09,0.14,0.12,0.45,0.25,0.17,0.16368421052631577,0.1,0.24,0.21,0.25,0.18,0.31,0.21,0.17,0.14,0.18
chr1_3891514,0.66,0.41,0.7,0.37,0.7,0.62,0.52,0.53,0.5,0.46,0.57,0.86,0.68,0.5,0.59,0.63,0.44,0.41,0.5,0.88,0.23,0.53,0.76,0.41,0.45,0.61,0.76,0.42,0.45,0.18,0.57,0.22,0.42,0.5274358974358974,0.33,0.73,0.38,0.66,0.33,0.6
chr19_3451170,0.63,0.72,0.66,0.7,0.65,0.65,0.67,0.58,0.83,0.73,0.6,0.64,0.84,0.73,0.45,0.48,0.8,0.55,0.9,0.71,0.47,0.63,0.48,0.3,0.65,0.8,0.59,0.76,0.5,0.62,0.33,0.63,0.64,0.71,0.75,0.69,0.52,0.67,0.57,0.75
chr10_133024302,0.26,0.86,0.42,0.77,0.8,0.4,0.78,0.02,0.88,0.35,0.78,0.81,0.46,0.37,0.0,0.37,0.47,0.39,0.34,0.35,0.4,0.0,0.74,0.47,0.0,0.42,0.0,0.0,0.83,0.34,0.44,0.74,0.41,0.0,0.3,0.76,0.81,0.7,0.0,0.74
chr15_73937470,0.78,0.88,0.93,0.94,0.9,0.96,0.88,0.91,0.91,0.96,0.9,0.84,0.81,0.82,0.81,0.85,0.8,0.83,0.86,0.96,0.74,0.68,0.83,0.82,0.8,0.84,0.87,0.87,0.68,0.84,0.92,0.87,0.79,0.82,0.71,0.86,0.82,0.85,0.74,0.94
chr8_41590666,0.18,0.03,0.2,0.0,0.0,0.25,0.07,0.52,0.19,0.21,0.0,0.11,0.0,0.14,0.05,0.26,0.08,0.1,0.07,0.04,0.08,0.06,0.25,0.34,0.08,0.06,0.25,0.05,0.05,0.09,0.3,0.14,0.61,0.08,0.09,0.11,0.3,0.39,0.27,0.0
chr18_12912247,0.67,0.78,0.53,0.53,0.71,0.81,0.67,0.74,0.51,0.8,0.39,0.8,0.68,0.57,0.57,0.58,0.64,0.65,0.84,0.62,0.61,0.65,0.7,0.49,0.73,0.66,0.39,0.44,0.59,0.37,0.63,0.52,0.52,0.48,0.85,0.78,0.41,0.54,0.58,0.74
chr17_81197120,0.44,0.56,0.62,0.15,0.28,0.61,0.51,0.42,0.55,0.46,0.54,0.33,0.47,0.65,0.86,0.48,0.44,0.58,0.44,0.63,0.48,0.52,0.5,0.48,0.63,0.64,0.68,0.51,0.45,0.72,0.35,0.66,0.76,0.66,0.7,0.53,0.65,0.39,0.68,0.39
chr13_109088749,0.34,0.35,0.67,0.79,0.93,0.36,0.96,0.98,0.4,0.4,0.85,0.9,0.34,0.77,0.4,0.86,0.75,0.88,0.0,0.89,0.77,0.38,0.37,0.8,0.43,0.41,0.4,0.52,0.72,0.62,0.82,0.84,0.37,0.87,0.3,0.86,0.0,0.45,0.42,0.84
chr9_133122511,0.79,0.0,0.66,0.71,0.43,0.23,1.0,0.76,0.86,0.58,0.84,0.21,0.6123684210526318,1.0,0.42,0.48,0.85,0.82,0.78,1.0,0.22,0.75,0.56,0.43,0.77,0.77,0.94,0.76,0.37,0.0,0.41,0.0,0.37,0.76,0.82,0.82,0.85,0.36,0.89,0.6123684210526318
chr2_73269193,0.31,0.43,0.38,0.55,0.53,0.63,0.38,0.48,0.44,0.8,0.16,0.32,0.47,0.65,0.25,0.28,0.68,0.5,0.59,0.52,0.41,0.57,0.52,0.2,0.51,0.56,0.21,0.37,0.52,0.37,0.54,0.3,0.34,0.38,0.35,0.31,0.25,0.32,0.35,0.57
chr20_32069140,0.06,0.03,0.04,0.04,0.06,0.24,0.17,0.18,0.11,0.08,0.14,0.0,0.0,0.09,0.52,0.14,0.47,0.0,0.11,0.05,0.16,0.23,0.35,0.39,0.17,0.09,0.39,0.1,0.14,0.11,0.28,0.08,0.48,0.47,0.07,0.21,0.29,0.31,0.33,0.04
chr2_74578722,0.15,0.19,0.08,0.12,0.18,0.05,0.21,0.26,0.11,0.34,0.19,0.11,0.09,0.15,0.22,0.15,0.22,0.07,0.14,0.26,0.17,0.2,0.18,0.33,0.3,0.17,0.51,0.16,0.29,0.11,0.25,0.18,0.48,0.36,0.18,0.2,0.21,0.34,0.28,0.07
chr9_101736750,0.11,0.07,0.1,0.12,0.15,0.2,0.25,0.29,0.36,0.11,0.09,0.29,0.25,0.27,0.42,0.42,0.25,0.2,0.19,0.29,0.25,0.35,0.29,0.31,0.32,0.32,0.5,0.25,0.41,0.28,0.4,0.37,0.46,0.2,0.31,0.31,0.28,0.45,0.61,0.33
chr19_45064381,0.69,0.7283783783783786,0.73,0.71,0.8,0.7,0.9,1.0,0.76,0.69,0.88,0.78,0.81,0.7283783783783786,0.73,0.75,0.75,0.77,0.78,0.75,0.56,0.69,0.85,0.72,0.6,0.88,0.51,0.69,0.76,0.7283783783783786,0.75,0.53,0.76,0.8,0.57,0.6,0.72,0.57,0.69,0.72
chr5_73728681,0.84,0.86,0.79,0.8,0.77,0.81,0.83,0.74,0.76,0.8,0.79,0.89,0.84,0.73,0.77,0.87,0.73,0.73,0.76,0.8,0.68,0.76,0.77,0.78,0.7,0.8,0.75,0.72,0.63,0.77,0.84,0.82,0.61,0.72,0.52,0.76,0.75,0.76,0.73,0.84
chr4_118994164,0.91,0.46,0.8,0.52,0.72,0.0,0.47,0.94,0.75,0.86,0.61,0.86,0.4,0.91,0.9,0.93,0.88,0.94,0.0,0.66,0.85,0.36,0.0,0.31,0.78,0.76,0.55,0.45,0.5,0.85,0.4,0.47,0.4,0.87,0.84,0.91,0.91,0.4,0.39,0.85
chr17_21702904,0.81,0.86,0.7,0.79,0.0,0.75,0.68,0.0,0.75,0.76,0.0,0.69,0.79,0.13,0.9,0.0,0.54,0.82,0.68,0.82,0.66,0.0,0.0,0.0,0.67,0.01,0.69,0.63,0.6,0.96,0.03,0.0,0.74,0.1,0.89,0.57,0.66,0.64,0.78,0.63
chr9_134410300,0.3,0.25,0.16,0.15,0.26,0.34,0.1,0.35,0.4,0.11,0.29,0.64,0.14,0.28,0.26,0.33128205128205135,0.41,0.25,0.54,0.31,0.33,0.19,0.5,0.63,0.45,0.29,0.26,0.33,0.4,0.5,0.42,0.18,0.46,0.59,0.17,0.07,0.63,0.34,0.46,0.18
chr12_89355085,0.21,0.06,0.36,0.16,0.25,0.48,0.36,0.24,0.21,0.3,0.05,0.38,0.52,0.18,0.29,0.2,0.28,0.42,0.09,0.05,0.15,0.14,0.28,0.14,0.13,0.2139473684210526,0.2,0.06,0.23,0.16,0.17,0.42,0.2139473684210526,0.25,0.12,0.04,0.06,0.06,0.11,0.32
chr11_29781047,0.6,0.72,0.4,0.64,0.44,0.55,0.52,0.71,0.51,0.41,0.8,0.56,0.6,0.56,0.5,0.5,0.5,0.4,0.75,0.39,0.76,0.52,0.69,0.71,0.66,0.7,0.75,0.68,0.77,0.52,0.6,0.7,0.71,0.54,0.66,0.46,0.58,0.63,0.57,0.68
chr11_65592520,0.68,0.79,0.53,0.64,0.84,0.77,0.87,0.7,0.76,0.6,0.56,0.72,0.78,0.89,0.81,0.8,0.66,0.68,0.88,1.0,0.69,0.69,0.47,0.72,0.76,0.69,0.5,0.74,0.72,0.6,0.69,0.65,0.54,0.63,0.66,0.73,0.41,0.71,0.67,0.65
chr18_57147052,0.71,0.75,0.87,0.91,0.88,0.77,0.74,0.75,0.72,0.91,0.77,0.93,0.9,0.68,0.87,0.75,0.9,0.75,0.92,0.76,0.56,0.6,0.8,0.76,0.57,0.78,0.84,0.68,0.77,0.9,0.8,0.92,0.73,0.65,0.57,0.63,0.7,0.77,0.86,0.7
chr6_36667231,0.13,0.16,0.14,0.12,0.08,0.17,0.21,0.27,0.04,0.27,0.23,0.1,0.12,0.25,0.26,0.41,0.12,0.17,0.19,0.16,0.21,0.07,0.45,0.46,0.27,0.09,0.19,0.27,0.3,0.42,0.42,0.21,0.26,0.31,0.33,0.09,0.28,0.29,0.25,0.07
chr17_78121725,0.03,0.11,0.19,0.03,0.12,0.08,0.15,0.12,0.06,0.03,0.11,0.03,0.04,0.09,0.03,0.0,0.07,0.07,0.1,0.0,0.04,0.12,0.03,0.23,0.0,0.08,0.4,0.08,0.08,0.0,0.08,0.13,0.28,0.16,0.15,0.04,0.09,0.22,0.18,0.03
chr10_124021296,0.42,0.45,0.31,0.4,0.22,0.4,0.5,0.5,0.36,0.76,0.43,0.54,0.42,0.3,0.4,0.36,0.4441025641025641,0.47,0.25,0.26,0.5,0.4,0.72,0.43,0.6,0.74,0.54,0.58,0.26,0.34,0.36,0.31,0.63,0.38,0.41,0.5,0.51,0.43,0.88,0.05
chr16_3033901,0.4,0.55,0.65,0.62,0.41,0.44,0.63,0.7,0.78,0.76,0.25,0.41,0.65,0.46,0.68,0.82,0.46,0.37,0.45,0.58,0.69,0.61,0.77,0.77,0.66,0.71,0.58,0.65,0.66,0.76,0.61,0.56,0.63,0.74,0.75,0.72,0.72,0.57,0.63,0.37
chr8_66785734,0.61,0.66,0.73,0.76,0.73,0.57,0.73,0.8,0.61,0.83,0.77,0.66,0.6,0.89,0.75,0.81,0.62,0.66,0.75,0.73,0.84,0.45,0.73,0.37,0.5,0.73,0.72,0.53,0.64,0.55,0.68,0.58,0.6597435897435897,0.61,0.4,0.52,0.52,0.6,0.73,0.76
chr9_134842570,0.41,0.0,0.06,0.38,0.0,0.47,0.89,0.45,0.5,0.25,0.0,0.51,0.47,0.34,0.0,0.01,0.0,0.44,0.34,0.5,0.4,0.36,0.9,0.01,0.0,0.53,0.52,0.48,0.0,0.84,0.82,0.38,0.88,0.35,0.76,0.43,0.0,0.38,0.43,0.34
chr5_8458348,0.4,0.36,0.42,0.54,0.6,0.43,0.59,0.59,0.54,0.8,0.22,0.65,0.64,0.5,0.43,0.64,0.5,0.4,0.48,0.82,0.28,0.13,0.52,0.36,0.28,0.54,0.27,0.45,0.64,0.42,0.27,0.56,0.38,0.4,0.52,0.38,0.73,0.36,0.3,0.51
chr14_100304720,0.73,0.75,0.33,0.69,0.72,0.69,0.54,0.65,0.85,0.52,0.67,0.51,0.52,0.46,0.51,0.7,0.62,0.65,0.58,0.73,0.44,0.62,0.44,0.64,0.67,0.46,0.52,0.54,0.3,0.43,0.41,0.43,0.62,0.6,0.72,0.74,0.51,0.6,0.51,0.68
chr2_238367637,0.86,0.97,0.86,0.96,0.78,0.9,0.86,0.86,0.83,0.97,0.82,0.86,0.91,0.81,0.88,0.36,0.9,0.83,0.91,0.95,0.45,0.4,0.94,0.85,0.85,0.47,0.92,0.87,0.25,0.87,0.92,0.91,0.92,0.89,0.84,0.4,0.81,0.87,0.86,0.91
chr10_1464245,0.75,0.44,0.29,0.7,0.81,0.5753846153846154,0.6,0.4,0.71,0.54,0.43,0.37,0.02,0.89,0.82,0.59,0.78,0.05,0.69,0.03,0.77,0.52,0.82,0.75,0.62,0.77,0.57,0.64,0.6,0.66,0.67,0.73,0.39,0.73,0.67,0.63,0.71,0.46,0.3,0.52
chr18_62980090,0.35,0.0,0.15,0.12,0.23,0.06,0.16,0.31,0.06,0.21,0.31,0.16,0.22,0.17,0.17,0.27,0.33,0.2,0.42,0.16,0.26,0.4,0.48,0.55,0.33,0.14,0.35,0.37,0.38,0.42,0.28,0.3,0.45,0.26871794871794874,0.26,0.06,0.5,0.46,0.23,0.2
chr2_235043978,0.85,0.8,0.81,0.82,0.96,0.81,0.56,0.85,0.96,0.8,0.56,0.0,0.78,0.94,0.85,0.95,0.81,1.0,0.92,0.86,0.77,0.64,0.9,0.78,0.62,0.89,0.89,0.68,0.74,0.43,0.87,0.83,0.02,0.88,0.64,0.5,0.78,0.59,0.72,0.7
chr5_111562566,0.46,0.71,0.58,0.68,0.76,0.61,0.83,0.7,0.9,0.63,0.66,0.68,0.81,0.86,0.83,0.8,0.89,0.8,0.71,0.66,0.8,0.66,0.75,0.68,0.36,0.72,0.9,0.76,0.6944736842105264,0.5,0.5,0.63,0.54,0.6944736842105264,0.61,0.5,0.62,0.75,0.71,0.84
chr5_135812682,0.46,0.69,0.82,0.67,0.86,0.48,0.71,0.45,0.6,0.84,0.56,0.85,0.85,0.65,0.86,0.83,0.81,0.79,0.73,0.36,0.7,0.61,0.77,0.67,0.65,0.76,0.38,0.68,0.7,0.3,0.34,0.26,0.82,0.68,0.47,0.8,0.24,0.68,0.38,0.61
chr11_67268222,0.07,0.0,0.0,0.05,0.05,0.11,0.03,0.1,0.0,0.04,0.03,0.02,0.0,0.04,0.06,0.11,0.11,0.0,0.03,0.0,0.0,0.07,0.15,0.17,0.02,0.1,0.36,0.02,0.04,0.0,0.16,0.06,0.27,0.16,0.16,0.03,0.08,0.11,0.08,0.0
chr10_14645427,0.85,0.0,0.44,0.0,0.82,0.4,0.0,0.0,0.46,0.94,0.9,0.52,0.52,0.48,0.81,0.34,0.46,0.0,0.48,0.0,0.51,0.0,0.69,0.0,0.79,0.9,0.56,0.86,0.82,0.88,0.0,0.45,0.0,0.78,0.41,0.5,0.82,0.45,0.76,0.0
chr14_105194063,0.29,0.33,0.4088888888888889,0.25,0.42,0.26,0.37,0.5,0.47,0.2,0.34,0.62,0.64,0.5,0.11,0.46,0.42,0.33,0.3,0.4088888888888889,0.34,0.42,0.78,0.37,0.63,0.48,0.41,0.44,0.3,0.4088888888888889,0.39,0.48,0.42,0.41,0.4088888888888889,0.47,0.58,0.28,0.45,0.26
chr16_24495409,0.78,0.8,0.81,0.62,1.0,0.91,0.61,0.84,0.85,0.84,1.0,0.77,0.72,0.73,0.83,0.777027027027027,0.777027027027027,0.78,0.9,0.78,0.78,0.66,0.61,0.63,0.84,0.82,0.68,0.73,0.94,0.6,0.81,0.84,0.69,0.71,0.777027027027027,0.9,0.68,0.81,0.64,0.81
chr2_162298569,0.21,0.13,0.2,0.09,0.26,0.46,0.26,0.38,0.3,0.4,0.42,0.14,0.15,0.08,0.28,0.29,0.45,0.45,0.28,0.25,0.25,0.47,0.44,0.59,0.61,0.23,0.37,0.28,0.4,0.36,0.65,0.2,0.46,0.42,0.45,0.18,0.41,0.47,0.22,0.33
chr3_50342492,0.42,0.34,0.22,0.41,0.31,0.44,0.37,0.42,0.29,0.48,0.32,0.29,0.5,0.4,0.44,0.48,0.43,0.53,0.51,0.3,0.38,0.36,0.45,0.55,0.51,0.42,0.53,0.54,0.34,0.47,0.53,0.31,0.56,0.51,0.41,0.63,0.51,0.44,0.47,0.51
chr11_363091,0.91,0.53,0.81,0.95,0.65,0.64,1.0,0.63,0.7,0.7010526315789475,0.62,0.69,1.0,0.62,0.61,0.73,0.94,0.63,1.0,0.7,0.76,0.24,0.38,0.7,0.22,0.86,0.71,0.78,0.7010526315789475,0.85,0.7,0.89,0.73,0.83,0.66,0.5,0.68,0.46,0.73,0.6
chr6_159602827,0.64,0.86,0.79,0.74,0.9,0.65,0.33,0.65,0.52,0.68,0.0,0.0,0.5,0.75,0.31,0.84,0.73,0.54,0.69,0.0,0.0,0.4,0.0,0.66,0.0,0.5,0.45,0.52,0.0,0.5,0.43,0.54,0.0,0.68,0.72,0.85,0.68,0.44,0.75,0.65
chr14_104907054,0.51,0.49,0.53,0.73,0.59,0.42,0.64,0.56,0.64,0.63,0.57,0.64,0.65,0.62,0.48,0.63,0.53,0.59,0.49,0.6,0.54,0.53,0.56,0.39,0.55,0.72,0.4,0.51,0.4,0.66,0.42,0.44,0.42,0.57,0.56,0.56,0.43,0.6,0.49,0.55
chr21_42403617,0.0,0.63,0.54,0.0,0.45,0.79,0.0,0.81,0.85,0.6228205128205129,0.8,0.96,0.0,0.6,0.5,0.77,0.57,0.84,0.31,0.65,0.41,0.86,0.91,0.71,0.73,0.0,0.9,0.78,0.44,0.83,0.84,0.87,0.89,0.41,0.78,0.87,0.45,0.8,0.84,0.9
chr3_58116833,0.86,0.85,0.66,0.44,0.86,0.83,0.87,0.76,0.92,0.96,0.68,0.9,0.92,0.87,0.85,0.94,0.84,0.7,0.23,0.88,0.8,0.43,0.85,0.5,0.75,0.94,0.0,0.83,0.92,1.0,0.37,0.5,0.93,0.75,0.94,0.84,0.92,0.43,0.95,0.8
chr5_119128380,0.83,0.47,0.35,0.92,0.45,0.0,0.43,0.93,0.96,0.96,0.32,0.43,0.92,0.22,0.91,0.51,0.4,0.82,0.54,0.97,0.0,0.5723684210526315,0.62,1.0,0.31,0.5723684210526315,0.4,0.0,0.55,0.96,0.95,0.48,0.47,0.5,0.0,0.96,0.34,0.33,1.0,0.54
chr20_47979710,0.4,0.45,0.16,0.44,0.46,0.41,0.48,0.38,0.46,0.46,0.36,0.43,0.56,0.61,0.5,0.41,0.39,0.24,0.55,0.5,0.28,0.35,0.33,0.32,0.43,0.38,0.44,0.35,0.38,0.3,0.46,0.45,0.41,0.29,0.41,0.47,0.33,0.32,0.28,0.51
chr12_96248069,0.0,0.0,0.07,0.0,0.0,0.5,0.0,0.4,0.0,0.0,0.5,0.0,0.0,0.0,0.61,0.42,0.53,0.42,0.09,0.0,0.04,0.0,0.0,0.0,0.0,0.0,0.0,0.0,0.0,0.0,0.0,0.0,0.0,0.03,0.0,0.89,0.05,0.37,0.0,0.0
chr18_13004252,0.8,0.85,0.89,0.91,0.66,0.65,0.88,0.86,0.76,0.93,0.92,0.72,0.75,0.68,0.56,0.36,0.6908108108108109,0.6908108108108109,0.5,0.94,0.35,0.6908108108108109,0.66,0.4,0.69,0.6,0.88,0.73,0.71,0.35,0.64,0.64,0.9,0.64,0.94,0.63,0.25,0.5,0.52,0.91
chr13_45200920,0.1,0.12,0.19,0.13,0.23,0.46,0.28,0.31,0.1,0.21,0.33,0.06,0.0,0.05,0.22,0.29,0.45,0.29,0.25,0.12,0.24,0.15,0.2,0.56,0.27,0.15,0.32,0.25,0.29,0.27,0.34,0.12,0.48,0.3,0.4,0.23,0.38,0.51,0.23,0.03
chr20_1166154,0.24,0.07,0.08,0.06,0.11,0.18,0.22,0.3,0.08,0.11,0.22,0.08,0.0,0.1,0.27,0.06,0.13,0.19,0.25,0.17,0.14,0.12,0.13,0.45,0.09,0.08,0.35,0.1,0.23,0.19,0.31,0.1,0.37,0.33,0.23,0.18,0.37,0.37,0.3,0.02
chr15_62224292,0.8,0.69,0.75,0.63,0.92,0.84,0.69,0.74,0.64,0.79,0.78,0.89,0.75,0.53,0.72,0.89,0.65,0.69,0.66,0.88,0.65,0.46,0.41,0.81,0.82,0.56,0.75,0.42,0.78,0.66,0.73,0.78,0.71,0.54,0.64,0.62,0.85,0.57,0.85,0.81
chr7_44137813,0.77,0.0,0.3,0.34,0.65,0.3,0.26,0.35,0.33,0.66,0.2,0.61,0.35,0.66,0.23,0.524054054054054,0.71,0.42,0.73,0.57,0.54,0.66,0.54,0.64,0.38,0.524054054054054,0.84,0.78,0.524054054054054,0.41,0.56,0.4,0.83,0.4,0.63,0.8,0.45,0.64,0.57,0.88
chr11_67284385,0.06,0.0,0.04,0.0,0.11,0.09783783783783784,0.17,0.11,0.0,0.0,0.0,0.0,0.0,0.05,0.26,0.0,0.08,0.0,0.18,0.06,0.07,0.03,0.05,0.27,0.15,0.02,0.21,0.03,0.21,0.3,0.22,0.0,0.3,0.09783783783783784,0.09783783783783784,0.05,0.2,0.22,0.17,0.0
chr7_102119192,0.16,0.34,0.39,0.52,0.4,0.48,0.26,0.44,0.23,0.61,0.46,0.39,0.34,0.37,0.48,0.38,0.38,0.3,0.39,0.5,0.4,0.54,0.47,0.4,0.38,0.35,0.51,0.51,0.53,0.42,0.35,0.56,0.47,0.31,0.47,0.29,0.58,0.55,0.5,0.37
chr10_98407766,0.65,0.74,0.86,0.65,0.58,0.34,0.75,0.71,0.89,0.72,0.82,0.91,0.73,0.58,0.89,0.75,0.36,0.87,0.9,0.75,0.85,0.38,0.89,0.85,0.85,0.93,0.67,0.68,0.79,0.89,0.91,0.89,0.87,0.8,0.9,0.91,0.76,0.84,0.88,0.72
chr13_113616473,0.39,0.37,0.3,0.25,0.31,0.5,0.22,0.6,0.4,0.43,0.28,0.15,0.23,0.37,0.17,0.29,0.61,0.28,0.47,0.25,0.35,0.35,0.46,0.63,0.33,0.39,0.6,0.28,0.47,0.26,0.44,0.3,0.67,0.51,0.28,0.28,0.53,0.6,0.35,0.13
chr12_62129841,0.28,0.12,0.33,0.25,0.41,0.12,0.33,0.51,0.29,0.2,0.33,0.32,0.14,0.18,0.72,0.06,0.5,0.33805555555555555,0.5,0.31,0.33805555555555555,0.33805555555555555,0.5,0.33,0.38,0.6,0.64,0.5,0.56,0.19,0.26,0.1,0.33805555555555555,0.38,0.22,0.25,0.38,0.44,0.44,0.1
chr16_87837073,0.68,0.5,0.86,0.58,0.69,0.72,0.89,0.64,0.7,0.72,0.68,0.48,0.56,0.65,0.35,0.5,0.5,0.81,0.33,0.86,0.6,0.5,0.71,0.38,0.65,0.59,0.51,0.5,0.4,0.5,0.43,0.47,0.6,0.43,0.53,0.68,0.41,0.56,0.73,0.84
chr9_113153034,0.33,0.04,0.29,0.17,0.19,0.36,0.1,0.5,0.31,0.26,0.5,0.11,0.13,0.2,0.15,0.14,0.5,0.33,0.4,0.1,0.23,0.16,0.46,0.53,0.39,0.30717948717948723,0.63,0.22,0.44,0.5,0.44,0.38,0.57,0.22,0.3,0.1,0.42,0.5,0.33,0.05
chr19_28727175,0.64,0.29,0.3,0.57,0.72,0.41,0.76,0.24,0.57,0.46,0.43,0.54,0.16,0.2,0.18,0.18,0.03,0.24,0.87,0.86,0.15,0.38,0.1,0.15,0.3,0.02,0.23,0.13,0.37,0.16,0.25,0.47,0.07,0.73,0.55,0.72,0.03,0.43,0.34,0.02
chr9_132556922,0.39,0.5,0.5,0.34,0.64,0.68,0.33,0.6,0.3,0.0,0.58,0.59,0.56,0.6,0.35,0.75,0.5502777777777779,0.5502777777777779,0.7,0.72,0.55,0.5502777777777779,0.48,0.68,1.0,0.76,0.68,0.28,0.63,0.37,0.55,0.71,0.6,0.5502777777777779,0.46,0.76,0.73,0.61,0.36,0.47
chr2_62466736,0.85,0.84,0.71,0.94,0.82,0.94,0.9,0.75,0.8,0.74,0.89,0.85,0.94,0.84,0.89,0.85,0.74,0.75,0.88,0.96,0.72,0.65,0.76,0.81,0.76,0.83,0.81,0.81,0.66,0.76,0.81,0.8,0.79,0.82,0.78,0.75,0.73,0.75,0.78,0.85
chr6_170272494,0.0,0.88,0.73,0.8,0.38,0.84,0.83,0.41,0.38,0.0,0.9,0.87,0.47,0.48,0.27,0.42,0.47,0.0,0.34,0.88,0.82,0.37,0.49,0.81,0.82,0.89,0.86,0.42,0.76,0.81,0.82,0.9,0.41,0.0,0.85,0.9,0.85,0.0,0.81,0.62
chr1_242446644,0.56,0.71,0.5,0.78,0.7,0.51,0.78,0.73,0.61,0.41,0.7,0.69,0.6,0.64,0.73,0.66,0.52,0.81,0.8,0.78,0.45,0.6281578947368419,0.5,0.75,0.52,0.6281578947368419,0.7,0.65,0.48,0.54,0.77,0.63,0.46,0.54,0.61,0.58,0.6,0.7,0.52,0.65
chr16_85365210,1.0,0.58,0.84,0.72,0.72,0.7,0.72,0.86,0.8,0.85,0.81,0.78,0.75,0.73,0.63,0.7,0.89,0.4,0.75,0.94,0.71,0.62,0.63,0.7,0.53,0.73,0.74,0.58,0.7189473684210526,0.7189473684210526,0.82,0.74,0.78,0.6,0.76,0.8,0.54,0.52,0.72,0.63
chr10_133400350,0.5,0.88,0.9,0.41,0.54,0.72,0.0,0.95,0.85,1.0,0.85,0.55,0.28,0.8,1.0,0.36,0.7097297297297299,0.92,1.0,0.31,0.82,0.76,1.0,0.39,0.86,0.82,0.81,0.52,0.7097297297297299,0.5,0.85,0.42,0.44,0.7097297297297299,1.0,0.94,0.93,0.88,1.0,0.5
chr16_1432972,0.47,0.57,0.58,0.72,0.53,0.6,0.65,0.57,0.68,0.83,0.77,0.58,0.8,0.63,0.51,0.58,0.58,0.59,0.71,0.43,0.57,0.19,0.7,0.47,0.41,0.55,0.61,0.5,0.32,0.32,0.56,0.54,0.41,0.5,0.52,0.61,0.53,0.58,0.51,0.55
chr16_1538024,0.43,0.32,0.4,0.14,0.53,0.38,0.15,0.81,0.46,0.35,0.5,0.37,0.38,0.36,0.3761111111111111,0.4,0.54,0.8,0.3761111111111111,0.41,0.4,0.18,0.35,0.17,0.4,0.3,0.39,0.28,0.14,0.3761111111111111,0.37,0.65,0.42,0.35,0.3761111111111111,0.18,0.42,0.38,0.16,0.27
chr2_239258401,0.11,0.05,0.12,0.0,0.09,0.25,0.05,0.2,0.26,0.3,0.46,0.0,0.07,0.03,0.29,0.16,0.09,0.15,0.27,0.17,0.15,0.1,0.28,0.5,0.21,0.14,0.22,0.11,0.18421052631578946,0.07,0.52,0.05,0.36,0.18421052631578946,0.17,0.15,0.27,0.3,0.15,0.13
chr8_138260316,0.6,0.6,0.75,0.85,0.85,0.64,0.48,0.65,0.71,0.86,0.59,0.75,0.58,0.57,0.69,0.6,0.68,0.64,0.92,0.6,0.8,0.56,0.76,0.42,0.64,0.64,0.66,0.65,0.7,0.54,0.65,0.32,0.43,0.46,0.62,0.86,0.5,0.63,0.77,0.52
chr11_124340218,0.8,0.66,0.73,0.78,0.81,0.89,0.74,0.8,0.82,0.87,0.75,0.87,0.84,0.82,0.69,0.93,0.82,0.73,0.78,0.73,0.7,0.6,0.78,0.72,0.72,0.82,0.77,0.82,0.72,0.73,0.79,0.76,0.66,0.61,0.64,0.86,0.56,0.8,0.72,0.8
chr22_47124028,0.14,0.12,0.0,0.0,0.08,0.24,0.06,0.29,0.25,0.18,0.16,0.05,0.1,0.11,0.23,0.19,0.38,0.04,0.1,0.08,0.12,0.28,0.22,0.27,0.11,0.11,0.37,0.05,0.16,0.15,0.34,0.09,0.5,0.16,0.25,0.16,0.3,0.25,0.2,0.11
chr9_137147867,0.0,0.0,0.23,0.33,0.0,0.0,0.52,0.34,0.0,0.32416666666666666,0.36,0.64,0.0,0.32416666666666666,0.81,0.32416666666666666,0.29,0.27,0.0,0.61,0.3,0.46,0.86,0.35,0.2,0.32,0.4,0.54,0.36,0.36,0.0,0.0,0.0,0.6,0.54,0.52,0.16,0.85,0.45,0.32416666666666666
chr12_38162007,0.88,0.9,0.72,0.85,0.8,0.86,0.79,0.72,0.9,0.9,0.8,0.74,0.77,0.86,0.77,0.96,0.91,0.81,0.7699999999999999,0.68,0.64,0.76,0.79,0.84,0.53,0.8,0.79,0.7,0.61,0.5,0.73,0.85,0.88,0.72,0.72,0.73,0.7,0.7,0.76,0.66
chr2_200330879,0.4,0.64,0.95,0.94,0.91,0.78,0.0,0.85,0.45,0.94,0.48,0.5,0.97,0.55,0.48,0.93,0.0,0.63,0.83,0.45,0.46,0.5564102564102564,0.6,0.92,0.23,0.0,0.0,0.86,0.0,0.55,0.59,0.97,0.5,0.94,0.65,0.0,0.89,0.0,0.41,0.45
chr18_8459088,0.73,0.64,0.75,0.7,0.78,0.67,0.68,0.64,0.63,0.74,0.72,0.65,0.76,0.65,0.75,0.71,0.59,0.78,0.75,0.73,0.67,0.59,0.67,0.57,0.59,0.7,0.58,0.57,0.62,0.57,0.7,0.71,0.65,0.75,0.76,0.57,0.64,0.67,0.69,0.73
chr5_4101456,0.89,0.38,0.04,0.5,0.0,0.34,0.0,0.5,0.54,0.0,0.45,0.0,0.36,0.0,0.0,0.41,0.0,0.0,0.8,0.87,0.5,0.83,0.0,0.5,0.88,0.41,0.0,0.48,0.41,0.93,0.0,0.59,0.0,0.38,0.54,0.0,0.46,0.84,0.46,0.0
chr5_114018396,0.57,0.38,0.2,0.62,0.52,0.6,0.36,0.44,0.45,0.88,0.53,0.44,0.21,0.28,0.22,0.45,0.3,0.3,0.55,0.85,0.2,0.4145945945945946,0.34,0.29,0.14,0.46,0.62,0.31,0.81,0.4145945945945946,0.4145945945945946,0.26,0.17,0.58,0.31,0.45,0.12,0.42,0.5,0.21
chr10_94645572,0.74,0.51,0.48,0.67,0.89,0.84,0.91,0.47,0.47,0.75,0.83,0.86,0.91,0.79,0.51,0.82,0.0,0.51,0.75,0.89,0.4,0.21,0.83,0.69,0.58,0.23,0.56,0.61,0.0,0.4,0.76,0.95,0.39,0.45,0.95,0.83,0.54,0.5,0.81,0.7
chr2_239503782,0.8,0.81,0.84,0.85,0.77,0.83,0.84,0.73,0.75,0.93,0.66,0.86,0.91,0.85,0.66,0.82,0.73,0.85,0.75,0.95,0.74,0.55,0.62,0.75,0.77,0.82,0.76,0.66,0.8,0.77,0.73,0.78,0.78,0.56,0.8,0.75,0.72,0.67,0.78,0.75
chr19_17393973,0.84,0.66,0.82,0.5,0.81,0.71,0.85,0.76,0.86,0.86,0.76,0.89,0.93,0.75,0.71,0.82,0.69,0.67,0.74,0.83,0.67,0.64,0.64,0.65,0.71,0.72,0.46,0.78,0.57,0.66,0.66,0.87,0.68,0.76,0.88,0.76,0.7,0.66,0.7,0.88
chr2_65018176,0.16,0.04,0.0,0.0,0.12,0.14,0.17,0.36,0.04,0.16,0.16,0.16,0.1,0.0,0.4,0.14,0.20078947368421052,0.11,0.18,0.05,0.16,0.2,0.25,0.56,0.17,0.11,0.51,0.11,0.26,0.26,0.18,0.25,0.58,0.16,0.36,0.05,0.3,0.5,0.17,0.20078947368421052
chr1_11499548,0.65,0.73,0.56,0.8,0.65,0.51,0.53,0.68,0.52,0.69,0.54,0.78,0.69,0.5,0.64,0.66,0.52,0.63,0.85,0.81,0.76,0.6110526315789472,0.7,0.38,0.68,0.45,0.58,0.47,0.54,0.56,0.63,0.7,0.6110526315789472,0.45,0.66,0.52,0.54,0.5,0.55,0.61
chr22_32043006,0.35,0.28,0.2,0.2,0.74,0.58,0.38,0.35,0.46,0.54,0.56,0.46,0.41,0.2,0.21,0.18,0.31,0.48,0.63,0.23,0.38,0.32,0.09,0.24,0.25,0.18,0.29,0.15,0.37,0.63,0.2,0.17,0.32,0.23,0.38,0.38,0.4,0.21,0.17,0.37
chr14_64601884,0.5,0.37,0.3,0.69,0.5,0.68,0.47,0.34,0.54,0.95,0.29,0.40289473684210525,0.38,0.31,0.36,0.26,0.40289473684210525,0.33,0.4,0.27,0.21,0.15,0.34,0.37,0.2,0.35,0.32,0.2,0.33,0.58,0.41,0.18,0.32,0.63,0.36,0.52,0.82,0.27,0.24,0.57
chr6_166463411,0.08,0.04,0.09,0.07,0.02,0.08,0.29,0.23,0.09,0.03,0.28,0.04,0.03,0.15,0.13,0.07,0.28,0.07,0.16,0.18,0.2,0.12,0.12,0.2,0.21,0.15,0.4,0.17,0.17,0.23,0.36,0.17,0.3,0.07,0.15,0.08,0.25,0.24,0.2,0.0
chr21_39655819,0.0,0.4,0.0,0.0,0.41,0.0,0.38,0.0,0.0,0.0,0.0,0.0,0.0,0.0,0.83,0.04,0.0,0.35,0.0,0.0,0.0,0.38,0.52,0.48,0.0,0.0,0.0,0.42,0.0,0.0,0.0,0.02,0.84,0.32,0.0,0.48,0.0,0.51,0.85,0.0
chr10_111079238,0.46,0.35,0.45,0.49,0.65,0.58,0.38,0.63,0.4,0.57,0.37,0.54,0.68,0.47,0.25,0.52,0.6,0.4,0.41,0.46,0.48,0.35,0.46,0.37,0.58,0.57,0.22,0.45,0.36,0.28,0.43,0.34,0.37,0.48,0.48,0.38,0.42,0.46,0.43,0.5
chr20_57953578,0.86,0.91,0.44,0.88,0.48,0.55,0.41,0.0,0.88,0.57,0.94,0.51,0.93,0.51,0.82,0.94,0.44,0.39,0.34,0.48,0.83,0.31,0.9,0.89,0.81,0.9,0.41,0.8,0.76,0.46,0.85,0.92,0.9,0.41,0.85,0.96,0.81,0.4,0.89,0.5
chr11_3410416,0.86,0.75,0.81,0.76,0.77,0.66,0.63,0.59,0.7,0.71,0.86,0.66,0.75,0.87,0.64,0.61,0.83,0.6913157894736842,0.64,0.91,0.57,0.61,0.72,0.66,0.62,0.58,0.75,0.69,0.46,0.57,0.66,0.69,0.52,0.6913157894736842,0.75,0.58,0.66,0.66,0.58,0.93
chr18_75204617,0.14,0.07,0.12,0.0,0.06,0.75,0.17,0.06,0.02,0.03,0.07,0.02,0.57,0.02,0.0,0.0,0.44,0.03,0.0,0.07,0.68,0.1,0.01,0.06,0.07,0.35,0.11,0.37,0.0,0.0,0.51,0.36,0.11,0.06,0.03,0.16,0.11,0.06,0.8,0.06
chr17_45295773,0.43,0.4915384615384613,0.27,0.42,0.34,0.61,0.54,0.44,0.51,0.3,0.28,0.46,0.63,0.29,0.52,0.64,0.48,0.15,0.52,0.54,0.54,0.56,0.52,0.45,0.6,0.5,0.52,0.5,0.47,0.47,0.72,0.63,0.6,0.66,0.4,0.47,0.56,0.65,0.73,0.25
chr1_237032366,0.61,0.42,0.55,0.48,0.43,0.61,0.53,0.32,0.8,0.72,0.58,0.64,0.59,0.61,0.31,0.56,0.65,0.61,0.42,0.44,0.43,0.44,0.43,0.57,0.5,0.57,0.47,0.63,0.54,0.61,0.58,0.25,0.44,0.42,0.61,0.6,0.22,0.45,0.62,0.77
chr17_82048936,0.43,0.95,0.46,0.46,0.25,0.82,0.58,0.41,0.41,0.42,0.88,0.0,0.0,0.57,0.38,0.44,0.28,0.3,0.04,0.0,0.38,0.43,0.07,0.01,0.0,0.02,0.28,0.36,0.57,0.38,0.34,0.0,0.34,0.0,0.38,0.36,0.4,0.41,0.81,0.95
chr10_70600630,0.75,0.72,0.81,0.7,0.86,0.89,0.82,0.82,0.82,0.86,0.8,0.9,0.76,0.82,0.8,0.82,0.84,0.69,0.7,0.83,0.76,0.7,0.78,0.78,0.87,0.83,0.73,0.73,0.72,0.68,0.76,0.78,0.75,0.88,0.72,0.78,0.72,0.38,0.4,0.78
chr4_6996795,0.83,0.83,0.76,0.63,0.87,0.87,0.8,0.83,1.0,0.82,0.94,0.91,0.69,0.8,0.9,0.91,0.86,0.8754054054054056,0.8754054054054056,0.93,0.86,1.0,0.86,0.87,0.8,0.92,0.94,0.87,1.0,0.93,0.94,0.81,0.94,0.93,1.0,0.94,0.94,1.0,0.8754054054054056,0.66
chr7_150395596,0.87,0.38,0.39,0.45,0.92,0.48,0.0,0.78,0.3,0.0,0.44,0.61,0.92,0.0,0.44,0.0,0.43,0.45,0.5,0.44,0.0,0.5,0.41,0.02,0.0,0.57,0.35,0.52,0.0,0.51,0.41,0.84,0.47,0.5,0.54,0.0,0.36,0.36,0.5,0.55
chr11_375803,0.65,1.0,0.5,1.0,0.31,0.87,0.93,0.0,0.78,0.9,0.7,0.85,0.9,0.91,0.88,0.53,0.78,0.82,0.2,0.87,0.38,0.0,1.0,0.36,0.15,0.83,0.3,0.88,0.8,0.88,0.39,0.87,0.78,0.05,0.6361538461538462,0.5,0.76,0.41,0.71,0.38
chr3_98786537,0.18,0.34,0.47,0.19,0.18,0.51,0.3,0.4,0.4,0.4,0.5,0.14,0.3,0.6,0.25,0.17,0.37,0.2,0.35,0.28,0.32,0.3,0.32,0.38,0.31,0.52,0.15,0.21,0.57,0.2,0.42,0.25,0.45,0.72,0.39,0.53,0.52,0.52,0.71,0.11
chr16_281810,0.4,0.56,0.42,0.58,0.46,0.33,0.55,0.61,0.6,0.7,0.45,0.55,0.51,0.36,0.64,0.62,0.56,0.41,0.53,0.43,0.46,0.36,0.38,0.42,0.64,0.44,0.35,0.35,0.45,0.55,0.27,0.38,0.51,0.47,0.56,0.63,0.36,0.37,0.37,0.42
chr1_111738305,0.61,0.11,0.35,0.21,0.23,0.36,0.36,0.23,0.27,0.5,0.17,0.28,0.52,0.37,0.47,0.2,0.47,0.25,0.45,0.52,0.45,0.24,0.6,0.25,0.39,0.37,0.53,0.25,0.5,0.53,0.4,0.34,0.61,0.2,0.35,0.35,0.47,0.57,0.35,0.2
chr7_12756888,0.17,0.2,0.17,0.12,0.46,0.5,0.35,0.46,0.29,0.42,0.47,0.13,0.25,0.28,0.28,0.13,0.4,0.44,0.55,0.23,0.46,0.08,0.43,0.33,0.42,0.34897435897435897,0.3,0.28,0.4,0.44,0.6,0.26,0.68,0.18,0.43,0.38,0.61,0.33,0.58,0.12
chr16_8644602,0.21,0.13,0.11,0.08,0.3,0.35,0.1,0.4,0.2,0.18,0.31,0.17,0.28,0.19,0.3,0.37,0.29,0.28,0.46,0.12,0.25,0.3,0.31,0.38,0.28,0.23,0.57,0.1,0.44,0.52,0.4,0.21,0.62,0.4,0.14,0.16,0.38,0.38,0.26,0.2
chr12_132207224,0.85,0.89,0.7,0.72,0.97,0.72,0.69,0.8,0.73,0.92,0.8,0.84,0.79,0.83,0.77,0.86,0.75,0.81,0.85,0.82,0.66,0.7,0.82,0.76,0.55,0.79,0.56,0.66,0.68,0.52,0.68,0.74,0.75,0.85,0.66,0.82,0.76,0.73,0.84,0.81
chr5_99410698,0.38,0.96,0.66,0.72,0.82,0.7,0.76,0.87,0.75,0.66,0.9,0.75,0.78,0.91,0.31,0.86,0.76,0.7937837837837837,0.8,0.88,0.76,0.67,0.82,1.0,0.8,0.88,0.5,0.95,0.7937837837837837,0.7937837837837837,0.9,0.86,0.89,0.88,0.9,0.79,0.84,0.94,0.9,0.86
chr7_123230720,0.5,0.76,0.41,0.79,0.76,0.65,0.25,0.2,0.37,0.87,0.0,0.0,0.7,0.0,0.37,0.29,0.0,0.42,0.71,0.73,0.85,0.82,0.0,0.0,0.0,0.85,0.44,0.72,0.19,0.38,0.34,0.0,0.84,0.6,0.0,0.34,0.69,0.24,0.0,0.78
chr11_420401,0.78,0.94,0.77,0.78,0.9,0.92,0.76,0.71,0.64,0.75,0.75,0.85,0.77,0.56,0.59,0.92,0.47,0.73,0.91,0.84,0.74,0.65,0.72,0.66,0.78,0.65,0.42,0.72,0.66,0.61,0.75,0.69,0.83,0.47,0.55,0.86,0.85,0.54,0.76,0.8
chr11_74633591,0.22,0.1,0.09,0.05,0.18,0.3,0.18,0.24,0.23,0.06,0.16,0.03,0.0,0.16,0.25,0.0,0.25,0.06,0.29,0.15,0.18,0.44,0.29,0.51,0.25,0.20921052631578949,0.20921052631578949,0.21,0.25,0.25,0.4,0.1,0.5,0.2,0.2,0.17,0.34,0.36,0.3,0.0
chr3_127911455,0.82,0.82,0.64,0.68,0.67,0.96,0.89,0.8,0.94,0.92,0.6,0.82,0.88,0.59,0.84,0.35,0.76,0.81,1.0,0.52,0.66,0.85,0.3,0.76,0.91,0.93,0.85,0.9,0.61,0.46,0.68,0.91,0.33,0.57,0.81,0.86,0.58,0.36,0.68,0.94
chr22_19852096,0.8,0.95,0.75,1.0,1.0,0.97,0.94,0.95,0.88,0.9,0.93,0.9,0.85,0.92,0.75,0.91,0.92,0.86,0.95,0.96,0.85,0.71,0.91,0.9,0.64,0.91,0.88,0.97,0.85,0.88,0.86,0.9,0.84,0.86,0.86,0.82,0.95,0.93,0.85,0.97
chr1_33573019,0.0,0.0,0.3,0.47,0.0,0.78,0.48,0.0,0.5,0.81,0.52,0.0,0.34,0.44,0.68,0.0,0.8,0.3,0.0,0.45,0.73,0.42243243243243234,0.59,0.45,0.35,0.42243243243243234,0.36,0.5,0.53,0.5,0.78,0.42243243243243234,0.0,0.26,0.73,0.53,0.42,0.4,0.75,0.88
chr4_87849924,0.06,0.11,0.0,0.04,0.11,0.17,0.06,0.13,0.16,0.04,0.13,0.12,0.0,0.04,0.09,0.08,0.31,0.28,0.11,0.0,0.12,0.13894736842105268,0.2,0.31,0.08,0.13894736842105268,0.52,0.0,0.06,0.04,0.2,0.11,0.42,0.2,0.12,0.05,0.26,0.32,0.23,0.0
chr5_73213635,0.3,0.5,0.51,0.4,0.69,0.61,0.56,0.52,0.65,0.84,0.57,0.56,0.69,0.52,0.39,0.57,0.48,0.63,0.64,0.47,0.6,0.36,0.42,0.4,0.4,0.53,0.43,0.43,0.35,0.45,0.29,0.48,0.45,0.4,0.65,0.4,0.3,0.43,0.39,0.51
chr2_130229524,0.45,0.43,0.71,0.9,0.62,0.75,0.59,0.67,0.76,0.81,0.78,0.48,0.62,0.71,0.68,0.8,0.76,0.72,0.88,0.65,0.61,0.45,0.67,0.64,0.44,0.63,0.71,0.6,0.55,0.5,0.54,0.69,0.75,0.63,0.75,0.57,0.36,0.59,0.36,0.45
chr5_171869709,0.61,0.24,0.42,0.36,0.44,0.6,0.26,0.43,0.29,0.3,0.44,0.33,0.33,0.4,0.45,0.45,0.46,0.33,0.62,0.35,0.5,0.54,0.53,0.74,0.53,0.4664102564102565,0.55,0.47,0.5,0.56,0.56,0.66,0.75,0.42,0.38,0.26,0.57,0.66,0.65,0.25
chr3_13414220,0.02,0.11,0.05,0.0,0.0,0.0,0.03,0.07,0.0,0.0,0.05,0.06,0.0,0.03,0.06,0.11,0.0,0.0,0.03,0.0,0.0,0.04,0.09,0.24,0.0,0.03,0.3,0.02,0.04,0.13,0.06,0.03,0.21,0.05,0.0,0.1,0.05,0.08,0.02,0.0
chr1_30225881,0.62,0.83,0.79,0.63,0.83,0.65,0.66,0.82,0.88,0.84,0.74,0.63,0.75,0.8,0.7,0.83,0.8,0.7,0.73,0.79,0.82,0.85,0.74,0.77,0.78,0.87,0.95,0.82,0.86,0.77,0.83,0.81,0.75,1.0,0.81,0.81,0.78,0.85,0.68,0.65
chr2_30692961,0.15,0.08,0.05,0.11,0.16,0.39,0.12,0.22,0.1,0.13,0.2,0.1,0.08,0.15,0.44,0.21,0.3,0.25,0.2,0.05,0.15,0.16,0.33,0.58,0.23,0.06,0.29,0.13,0.35,0.32,0.41,0.17,0.5,0.28,0.26,0.11,0.31,0.34,0.31,0.07
chr10_71739009,0.33,0.15,0.2,0.11,0.16,0.4,0.29,0.22,0.18,0.27,0.25,0.12,0.14,0.15,0.16,0.22,0.38,0.3,0.33,0.18,0.24,0.2,0.3,0.5,0.38,0.21,0.5,0.17,0.44,0.2831578947368421,0.48,0.15,0.53,0.2,0.33,0.25,0.59,0.45,0.3,0.2831578947368421
chr18_10791669,0.03,0.0,0.0,0.02,0.03,0.0,0.0,0.14,0.07,0.0,0.0,0.03,0.0,0.0,0.07,0.0,0.05,0.08,0.05,0.0,0.04,0.0,0.1,0.14,0.21,0.0,0.25,0.0,0.07,0.0,0.17,0.0,0.33,0.05,0.05,0.13,0.07,0.19,0.06,0.0
chr1_204434538,0.61,0.57,0.66,0.35,0.62,0.72,0.52,0.43,0.46,0.69,0.48,0.64,0.48,0.65,0.65,0.51,0.58,0.52,0.71,0.69,0.42,0.44,0.51,0.41,0.43,0.47,0.4,0.53,0.45,0.68,0.42,0.51,0.43,0.68,0.53,0.52,0.48,0.36,0.83,0.54
chr22_40336283,0.42,0.41,0.42,0.6,0.48,0.66,0.43,0.54,0.37,0.6,0.62,0.56,0.5,0.73,0.58,0.41,0.42,0.38,0.59,0.62,0.53,0.36,0.29,0.37,0.57,0.56,0.7,0.47,0.53,0.16,0.45,0.33,0.62,0.5,0.2,0.56,0.35,0.45,0.66,0.35
chr17_29116871,0.0,0.08,0.07,0.03,0.23,0.31,0.13,0.1,0.1,0.07,0.1,0.0,0.03,0.04,0.14,0.15,0.19,0.38,0.16,0.11,0.1,0.24,0.27,0.3,0.1,0.05,0.28,0.09,0.32,0.06,0.29,0.28,0.42,0.33,0.0,0.1,0.3,0.36,0.12,0.0
chr22_11598867,0.86,0.84,0.95,0.89,0.9,0.88,0.77,0.91,0.83,0.92,0.91,0.9,0.82,0.81,0.82,0.86,0.87,0.92,0.75,0.85,0.85,0.73,0.89,0.89,0.65,0.81,0.74,0.77,0.84,0.8,0.84,0.79,0.74,0.56,0.94,0.96,0.66,0.78,0.7,0.93
chr8_19461533,0.81,0.9,0.44,0.94,0.22,0.64,0.58,0.48,0.69,0.58,0.9,0.22,0.75,0.42,0.52,0.52,0.68,0.0,0.7,0.57,0.1,0.7,0.6,0.15,0.8,0.6,0.23,0.12,0.85,0.7,0.17,0.57,0.66,0.1,0.04,0.21,0.53,0.54,0.47,0.54
chr5_176529969,0.07,0.0,0.13,0.09,0.0,0.16,0.14,0.18,0.28,0.0,0.26,0.06,0.06,0.06,0.04,0.09,0.0,0.08,0.05,0.0,0.07,0.09,0.12,0.29,0.06,0.06,0.3,0.16,0.08,0.05,0.15,0.1,0.27,0.12,0.13,0.09,0.21,0.25,0.07,0.1
chr1_229885882,0.71,0.75,0.67,0.81,0.36,0.7,0.75,0.86,0.71,0.87,0.28,0.82,0.66,0.36,0.82,0.78,0.31,0.32,0.68,0.7,0.37,0.58,0.85,0.74,0.7,0.78,0.8,0.51,0.78,0.7,0.82,0.82,0.73,0.6,0.79,0.87,0.8,0.76,0.84,0.73
chr20_63479876,0.47,0.28,0.58,0.65,0.27,0.62,0.53,0.6,0.71,0.12,0.4,0.56,0.55,0.56,0.46,0.52,0.6,0.7,0.54,0.33,0.45,0.38,0.3,0.61,0.5,0.32,0.45,0.39,0.26,0.23,0.3,0.38,0.36,0.42,0.47,0.57,0.23,0.48,0.38,0.17
chr9_8859050,0.56,0.46,0.46,0.8,0.67,0.57,0.56,0.75,0.73,0.8,0.67,0.8,0.68,0.47,0.81,0.54,0.51,0.51,0.83,0.65,0.85,0.73,0.77,0.68,0.71,0.8,0.62,0.67,0.75,0.68,0.78,0.76,0.74,0.87,0.72,0.75,0.65,0.72,0.8,0.47
chr10_133527786,0.48,0.11,0.25,0.1,0.56,0.13,0.11,0.33,0.12,0.24,0.25,0.41,0.48,0.46,0.46,0.15,0.14,0.15,0.05,0.5,0.12,0.13,0.15,0.34,0.27,0.18,0.21,0.09,0.15,0.15,0.2,0.11,0.11,0.41,0.11,0.41,0.14,0.14,0.16,0.58
chr7_100634492,0.9,0.69,0.72,1.0,0.82,0.6,0.7,0.92,0.91,0.9,0.94,0.91,0.58,0.76,0.8,0.85,0.8394594594594593,0.63,0.77,0.78,0.95,0.8,0.81,1.0,0.9,0.73,0.97,0.88,0.8,0.94,0.81,1.0,0.87,1.0,0.8394594594594593,0.77,0.86,0.86,0.93,0.8394594594594593
chr15_64951040,0.15,0.27,0.14,0.29,0.14,0.11,0.2,0.12,0.36,0.08,0.09,0.19,0.0,0.13,0.22,0.08,0.14,0.25,0.31,0.04,0.2,0.13,0.18,0.29,0.25,0.33,0.63,0.13,0.2,0.16,0.13,0.25,0.5,0.15,0.25,0.24,0.35,0.44,0.43,0.38
chr11_128688064,0.75,0.88,0.83,0.92,0.7,0.81,0.92,0.81,0.92,0.88,0.82,0.91,0.94,0.88,0.88,0.86,0.78,0.79,0.95,0.87,0.76,0.68,0.8,0.79,0.75,0.95,0.57,0.87,0.75,0.89,0.74,0.8,0.66,0.72,0.84,0.75,0.82,0.81,0.8,0.95
chr13_24938641,0.0,0.8,0.79,0.76,0.82,0.0,0.69,0.55,0.79,0.83,0.82,0.8,0.37,0.75,0.44,0.75,0.79,0.78,0.36,0.48,0.7,0.71,0.83,0.79,0.44,0.91,0.74,0.79,0.8,0.83,0.8,0.3,0.44,0.4,0.92,0.87,0.46,0.53,0.8,0.66
chr22_37983211,0.84,0.77,0.86,0.8,0.88,0.79,0.9,0.89,0.97,1.0,0.8,0.98,0.78,0.84,0.86,0.9,0.86,0.77,0.84,0.9,0.82,0.75,0.81,0.82,0.77,0.84,0.81,0.85,0.82,0.72,0.79,0.83,0.81,0.77,0.75,0.74,0.73,0.83,0.81,0.82
chr18_80160124,0.44,0.5,0.39,0.76,0.36,0.77,0.44,0.56,0.42,0.54,0.48,0.55,0.56,0.61,0.27,0.37,0.48,0.17,0.8,0.12,0.28,0.55,0.45,0.34,0.43,0.25,0.63,0.2,0.2,0.48,0.4,0.38,0.32,0.28,0.2,0.45,0.3,0.57,0.15,0.33
chr3_50191709,0.86,0.78,0.81,0.83,0.92,0.82,0.95,0.67,0.96,0.85,0.84,0.85,0.89,0.86,0.87,0.89,0.91,0.84,0.7,0.82,0.72,0.62,0.7,0.74,0.47,0.87,0.77,0.83,0.94,0.81,0.83,0.82,0.81,0.81,0.66,0.6,0.72,0.78,0.75,0.68
chr4_35463897,0.76,0.6,0.64,0.7,0.61,0.75,0.82,0.69,1.0,0.76,0.8,0.81,0.81,0.77,0.77,0.8,0.85,0.66,0.8,0.76,0.74,0.6,0.73,0.57,0.78,0.7,0.66,0.76,0.5,0.77,0.67,0.77,0.56,0.72,0.4,0.79,0.58,0.77,0.66,0.79
chr19_53993090,0.36,0.39,0.31,0.42,0.64,0.32,0.37,0.49,0.24,0.23,0.25,0.38,0.38,0.2,0.18,0.38,0.53,0.35,0.13,0.34,0.25,0.12,0.4,0.28,0.45,0.39,0.16,0.22,0.13,0.12,0.35,0.31,0.4,0.15,0.39,0.28,0.46,0.13,0.1,0.21
chr19_50510771,0.35,0.47,0.44,0.6,0.3,0.73,0.47,0.41,0.38,0.54,0.61,0.69,0.53,0.39,0.52,0.52,0.5,0.33,0.5,0.26,0.54,0.38,0.46,0.42,0.43,0.45,0.29,0.41,0.35,0.23,0.34,0.25,0.36,0.64,0.3,0.3,0.39,0.39,0.44,0.38
chr11_18456274,0.91,0.72,0.61,0.89,0.65,0.68,0.42,0.78,0.63,0.8,0.76,0.7,0.5,0.69,0.6,0.68,0.6438461538461537,0.57,0.81,0.65,0.47,0.68,0.5,0.78,0.75,0.47,0.45,0.86,0.52,0.76,0.75,0.5,0.73,0.33,0.25,0.71,0.75,0.58,0.62,0.6
chr17_6654986,0.05,0.0,0.04,0.33,0.8,0.82,0.48,0.84,0.35,0.0,0.75,0.51,0.45,0.66,0.53,0.86,0.85,0.29,0.33,0.86,0.84,0.44,0.53,0.75,0.06,0.04,0.25,0.35,0.48,0.0,0.01,0.01,0.46,0.4,0.48,0.0,0.42,0.51,0.45,0.44
chr12_7092255,0.37,0.83,0.36,0.2,0.56,0.32,0.61,0.37,0.47,0.29,0.51,0.61,0.6,0.48,0.55,0.43,0.53,0.66,0.38,0.78,0.33,0.41,0.2,0.38,0.41,0.41,0.44,0.75,0.5,0.61,0.32,0.33,0.35,0.61,0.42,0.43,0.28,0.4,0.24,0.58
chr12_1566899,0.68,0.55,0.66,0.54,0.7,0.8,0.67,0.88,0.54,0.54,0.51,0.66,0.74,0.57,0.57,0.42,0.58,0.66,0.72,0.56,0.48,0.51,0.63,0.25,0.5,0.78,0.65,0.39,0.41,0.57,0.63,0.71,0.55,0.71,0.44,0.69,0.28,0.66,0.21,0.65
chr20_25750797,0.37,0.69,0.26,0.54,0.56,0.59,0.45,0.46,0.29,0.05,0.57,0.25,0.68,0.27,0.36,0.43,0.2,0.25,0.3412820512820513,0.28,0.41,0.34,0.28,0.21,0.47,0.21,0.24,0.15,0.41,0.36,0.15,0.5,0.27,0.33,0.26,0.31,0.18,0.45,0.03,0.2
chr11_130315945,0.0,0.42,0.35,0.31,0.326923076923077,0.21,0.57,0.43,0.2,0.23,0.2,0.2,0.43,0.18,0.35,0.33,0.28,0.38,0.11,0.3,0.16,0.35,0.7,0.31,0.6,0.2,0.48,0.09,0.6,0.46,0.39,0.21,0.36,0.37,0.31,0.07,0.2,0.5,0.5,0.41
chr5_179224575,0.41,0.5,0.32,0.0,0.0,0.58,0.5,0.42,0.31,0.47,0.0,0.0,0.44,0.48,0.0,0.52,0.23,0.72,0.0,0.0,0.0,0.0,0.44,0.0,0.0,0.42,0.5,0.0,0.0,0.0,0.69,0.0,0.0,0.0,0.0,0.0,0.0,0.53,0.53,0.0
chr1_20154418,0.79,0.73,0.78,0.72,0.71,0.78,0.9,0.71,0.76,0.88,0.68,0.82,0.88,0.87,0.78,0.8,0.6,0.96,0.73,0.96,0.74,0.64,0.76,0.69,0.69,0.84,0.73,0.82,0.58,0.78,0.74,0.8,0.62,0.8,0.76,0.78,0.71,0.7,0.7,0.76
chr17_17075519,0.33,0.79,0.78,0.78,0.85,0.81,0.82,0.75,0.83,0.4,0.88,0.83,0.75,0.67,0.36,0.39,0.82,0.33,0.88,0.36,0.36,0.71,0.4,0.38,0.55,0.4,0.37,0.48,0.54,0.76,0.76,0.8,0.66,0.63,0.75,0.45,0.27,0.42,0.87,0.35
chr6_53244598,0.09,0.31,0.0,0.07,0.13,0.22,0.2,0.05,0.05,0.18,0.0,0.18,0.06,0.0,0.15,0.1,0.06,0.33,0.35,0.0,0.17,0.24,0.46,0.29,0.17918918918918916,0.15,0.5,0.0,0.17918918918918916,0.18,0.38,0.26,0.66,0.17918918918918916,0.07,0.06,0.3,0.25,0.13,0.0
chr11_1755725,0.29,0.06,0.12,0.17,0.21,0.25,0.12,0.32,0.21,0.09,0.4,0.14,0.25,0.18,0.31,0.23,0.14,0.09,0.23,0.18,0.17,0.19,0.35,0.44,0.34,0.22,0.24,0.21,0.37,0.23,0.41,0.18,0.33,0.4,0.22,0.26,0.38,0.23,0.27,0.18
chr1_33275131,0.24,0.2,0.38,0.29,0.29,0.27,0.26,0.18,0.17,0.29,0.58,0.29,0.41,0.19,0.22,0.35,0.43,0.25,0.44,0.11,0.32717948717948714,0.4,0.33,0.43,0.1,0.35,0.42,0.34,0.7,0.35,0.51,0.37,0.53,0.29,0.38,0.25,0.42,0.18,0.35,0.22
chr10_64041859,0.23,0.19,0.04,0.58,0.55,0.5,0.33,0.42,0.39,0.42,0.0,0.46,0.5,0.4,0.27,0.33,0.26,0.33,0.3028205128205128,0.43,0.22,0.13,0.17,0.2,0.25,0.22,0.32,0.25,0.45,0.27,0.28,0.22,0.43,0.1,0.21,0.2,0.15,0.39,0.37,0.35
chr22_36865686,0.57,0.58,0.8,0.66,0.75,0.66,0.72,0.75,0.5,0.72,0.66,0.45,0.72,0.72,0.73,0.65,0.73,0.83,0.76,0.54,0.61,0.58,0.53,0.53,0.59,0.61,0.57,0.57,0.63,0.3,0.6,0.43,0.66,0.41,0.47,0.68,0.57,0.55,0.57,0.76
chr3_195112582,0.0,0.23,0.61,0.42,0.76,0.0,0.0,0.0,0.0,0.33,0.0,0.33,0.0,0.25,0.26,0.3,0.0,0.07,0.58,0.61,0.0,0.0,0.2,0.8,0.75,0.88,0.53,0.71,0.0,0.30564102564102563,0.41,0.68,0.51,0.0,0.09,0.36,0.0,0.5,0.0,0.75
chr17_39193457,0.0,0.0,0.0,0.6,0.42,0.0,0.54,0.37,0.93,0.0,0.68,0.0,0.0,0.361578947368421,0.361578947368421,0.0,0.78,0.62,0.42,0.06,0.52,0.43,0.0,0.73,0.47,0.89,0.0,0.0,0.8,0.33,0.45,0.61,0.0,0.5,0.66,0.0,0.57,0.04,0.77,0.55
chr7_4882302,0.4,0.41,0.32,0.26,0.32,0.44,0.45,0.37,0.26,0.08,0.4,0.48,0.33,0.28,0.36,0.51,0.36,0.24,0.28,0.3,0.24,0.18,0.33,0.14,0.22,0.43,0.19,0.17,0.28,0.31,0.29,0.17,0.3,0.39,0.25,0.36,0.05,0.37,0.28,0.28
chr3_72042945,0.17,0.06,0.15,0.36777777777777776,0.25,0.55,0.05,0.7,0.33,0.16,0.22,0.23,0.11,0.4,0.33,0.57,0.5,0.25,0.62,0.5,0.36777777777777776,0.4,0.33,0.64,0.33,0.36777777777777776,0.72,0.18,0.21,0.38,0.41,0.36777777777777776,0.81,0.42,0.5,0.11,0.53,0.7,0.42,0.0
chr3_130030936,0.8,0.86,0.88,0.85,0.95,0.68,0.85,0.88,0.93,0.81,0.84,0.78,0.75,1.0,0.81,0.9,1.0,0.9,0.83,0.94,0.75,0.8281578947368422,0.76,0.68,0.66,0.8281578947368422,0.85,0.73,0.84,0.85,0.8,0.77,0.9,0.68,0.89,0.87,0.69,0.88,0.63,1.0
chr1_29677463,0.83,0.65,0.83,0.71,0.69,0.72,0.59,0.73,0.9,0.78,0.65,0.87,0.81,0.85,0.61,0.75,0.75,0.84,0.81,0.76,0.68,0.6,0.64,0.59,0.76,0.73,0.58,0.67,0.41,0.8,0.75,0.59,0.78,0.8,0.9,0.82,0.69,0.65,0.67,0.92
chr16_29213120,0.83,1.0,0.19,0.9,0.88,0.47,0.51,0.37,0.5,0.93,0.95,0.86,0.62,0.5,0.65,0.9,0.85,0.86,0.0,0.93,0.82,0.85,0.91,0.9,0.86,0.6,0.81,0.9,0.85,0.86,0.88,0.61,0.81,0.58,0.6,0.91,0.83,0.6,0.51,0.33
chr1_46343180,0.4,0.3,0.39,1.0,0.26,0.94,0.79,0.0,0.8,0.15,0.42,0.8,0.85,0.73,0.85,0.92,0.88,0.33,0.77,0.0,0.76,0.43,0.92,0.43,0.83,0.8,0.0,0.0,0.16,0.5102631578947369,0.88,0.27,0.26,0.5102631578947369,0.44,0.03,0.82,0.38,0.4,0.0
chr8_37946813,0.85,0.91,0.78,0.84,0.72,0.95,0.76,0.83,1.0,0.93,0.86,0.89,0.96,1.0,0.8,0.81,0.83,0.92,0.87,0.71,0.76,0.7,0.62,0.75,0.83,0.86,0.8,0.78,0.68,0.81,0.81,0.73,0.82,0.78,0.77,0.89,0.76,0.85,0.76,0.72
chr7_98133155,0.15,0.11,0.0,0.0,0.08,0.15,0.04,0.05,0.10944444444444444,0.0,0.14,0.14,0.06,0.05,0.17,0.08,0.0,0.0,0.11,0.14,0.09,0.10944444444444444,0.14,0.19,0.06,0.10944444444444444,0.25,0.05,0.15,0.0,0.17,0.09,0.41,0.18,0.06,0.10944444444444444,0.13,0.32,0.12,0.06
chr13_96847298,0.37,0.46,0.39,0.79,0.81,0.8,0.0,0.41,0.33,0.37,0.53,0.44,0.39,0.78,0.0,0.41,0.9,0.35,0.76,0.0,0.76,0.5028947368421053,0.33,0.55,0.76,0.9,0.92,0.94,0.5,0.34,0.83,0.54,0.5028947368421053,0.3,0.65,0.35,0.34,0.0,0.81,0.0
chr8_11052808,0.8,0.66,0.41,0.8,0.79,0.44,0.92,0.72,0.9,1.0,0.92,0.75,0.85,0.9,0.81,0.7,1.0,0.8,0.9,0.75,0.85,0.74,0.84,0.73,0.71,0.84,0.77,0.75,0.83,0.75,0.75,0.8,0.0,0.8,0.83,0.3,0.86,0.78,0.61,0.77
chr2_151364043,0.36,0.25,0.13,0.27,0.35,0.5,0.14,0.36,0.41,0.31,0.14,0.07,0.25,0.2,0.22,0.2,0.46,0.37,0.51,0.28,0.4,0.31,0.43,0.53,0.55,0.3,0.75,0.3,0.24,0.43,0.4,0.22,0.76,0.4,0.36,0.22,0.48,0.6,0.37,0.15
chr22_37018539,0.86,0.89,0.87,0.87,0.93,0.9,0.85,0.9,0.87,0.83,0.84,0.9,0.92,0.92,0.84,0.97,0.8,0.84,0.92,0.93,0.79,0.79,0.84,0.82,0.75,0.91,0.65,0.79,0.74,0.88,0.86,0.83,0.75,0.68,0.77,0.83,0.81,0.77,0.7,0.81
chr7_4203945,0.44,0.44,0.69,0.76,0.83,0.29,0.4,0.57,0.69,0.0,0.76,0.85,0.42,0.82,0.48,0.87,0.34,0.43,0.87,0.75,0.0,0.36,0.77,0.7,0.0,0.46,0.46,0.86,0.48,0.47,0.0,0.79,0.43,0.42,0.41,0.43,0.84,0.3,0.44,0.79
chr12_90164281,0.31,0.37,0.52,0.36,0.32,0.38,0.36,0.38,0.3,0.08,0.15,0.29,0.25,0.45,0.3,0.47,0.27,0.2,0.07,0.5,0.4,0.36710526315789477,0.53,0.35,0.2,0.54,0.42,0.48,0.5,0.41,0.64,0.35,0.36710526315789477,0.36,0.52,0.3,0.66,0.44,0.34,0.18
chr9_21694665,0.76,0.41,0.29,0.0,0.47,0.0,0.87,0.31,0.52,0.0,0.32,0.5,0.52,0.32,0.81,0.0,0.81,0.75,0.45,0.38,0.0,0.66,0.0,0.41,0.8,0.37,0.42,0.0,0.0,0.44,0.37,0.0,0.69,0.74,0.0,0.0,0.7,0.76,0.0,0.46
chr20_51610687,0.69,0.65,0.5,0.2,0.44,0.36,0.77,0.43,0.0,0.61,0.8,0.33,0.41,0.7,0.57,0.58,0.8,0.11,0.0,0.0,0.74,0.0,0.66,0.56,0.72,0.63,0.45,0.0,0.62,0.63,0.32,0.75,0.67,0.53,0.75,0.77,0.44,0.37,0.65,0.47
chr11_64373628,0.0,0.05,0.03,0.05,0.05,0.0,0.0,0.12,0.0,0.0,0.04,0.0,0.0,0.0,0.08,0.04,0.08,0.04,0.0,0.0,0.0,0.06,0.12,0.12,0.04,0.08,0.23,0.03,0.06,0.0,0.01,0.02,0.35,0.07,0.04,0.05282051282051283,0.0,0.05,0.2,0.0
chr20_62951697,0.05,0.05,0.05,0.0,0.05,0.37,0.1,0.5,0.41,0.31,0.22,0.03,0.0,0.21,0.33,0.31,0.12,0.35,0.42,0.09,0.19,0.16,0.53,0.56,0.12,0.1,0.4,0.1,0.46,0.11,0.39,0.13,0.53,0.36,0.2,0.37,0.35,0.22,0.25,0.0
chr7_65239540,0.82,0.45,0.62,0.79,0.72,0.51,0.82,0.75,0.69,0.78,0.44,0.54,0.76,0.65,0.57,0.65,0.66,0.64,0.72,0.73,0.46,0.51,0.55,0.6,0.62,0.55,0.41,0.5,0.6,0.45,0.69,0.59,0.47,0.64,0.6,0.64,0.51,0.5,0.45,0.65
chr8_141237275,0.62,0.76,0.6,0.56,0.8,0.83,0.6,0.9,0.96,0.87,0.72,0.63,0.82,0.79,0.58,0.87,0.68,0.7,0.76,0.72,0.82,0.84,0.81,0.85,0.58,0.75,0.83,0.75,0.72,0.8,0.96,0.88,0.87,0.75,0.85,0.75,0.79,0.89,0.85,0.73
chr20_1468196,0.0,0.05,0.0,0.06,0.07,0.08,0.11,0.0,0.14,0.0,0.07,0.0,0.0,0.0,0.0,0.05,0.15,0.0,0.11,0.08486486486486489,0.0,0.16,0.06,0.1,0.18,0.1,0.27,0.12,0.0,0.04,0.1,0.15,0.33,0.08,0.08486486486486489,0.08486486486486489,0.08,0.28,0.2,0.0
chr2_131626807,0.31,0.27,0.23,0.02,0.36,0.08,0.56,0.66,0.66,0.29,0.12,0.22,0.41,0.21,0.33,0.39,0.35,0.58,0.44,0.6,0.34,0.55,0.53,0.38,0.1,0.48,0.34,0.34,0.8,0.4,0.38,0.39,0.36,0.39,0.73,0.75,0.63,0.56,0.34,0.32
chr8_144524876,0.03,0.43,0.45,0.51,0.21,0.36,0.17,0.37,0.27,0.52,0.15,0.3,0.33,0.36,0.19,0.36,0.28,0.39,0.42,0.57,0.25,0.32,0.13,0.24,0.22,0.46,0.14,0.19,0.41,0.17,0.21,0.31,0.25,0.23,0.39,0.25,0.36,0.16,0.17,0.42
chr16_89749785,0.07,0.0,0.02,0.0,0.12,0.29,0.03,0.14,0.1,0.06,0.09,0.0,0.08,0.08,0.36,0.07,0.3,0.12,0.07,0.05,0.03,0.1,0.2,0.32,0.18,0.06,0.43,0.03,0.38,0.11,0.23,0.21,0.44,0.14,0.04,0.07,0.13,0.38,0.2,0.05
chr2_239230463,0.1,0.07,0.13,0.0,0.07,0.31,0.21,0.12,0.05,0.0,0.13,0.15,0.0,0.06,0.17,0.0,0.0,0.06,0.26,0.08,0.1,0.19,0.05,0.34,0.5,0.0,0.31,0.0,0.23,0.15,0.31,0.16,0.45,0.06,0.14435897435897435,0.14,0.11,0.33,0.23,0.0
chr1_43349652,0.62,0.2,0.69,0.86,0.8,0.78,0.86,0.84,0.67,0.61,0.51,0.73,0.78,0.8,0.62,0.87,0.79,0.86,0.75,0.66,0.41,0.57,0.66,0.67,0.74,0.64,0.61,0.56,0.68,0.4,0.61,0.42,0.61,0.8,0.74,0.56,0.33,0.64,0.5,0.84
chr9_124505996,0.77,0.56,0.76,0.73,0.59,0.68,0.65,0.67,0.69,0.68,0.84,0.8,0.74,0.71,0.77,0.73,0.78,0.66,0.57,0.66,0.65,0.52,0.67,0.71,0.67,0.72,0.65,0.63,0.63,0.65,0.59,0.67,0.67,0.53,0.66,0.7,0.65,0.72,0.57,0.68
chr4_6453211,0.8,0.82,0.85,0.86,0.92,0.75,0.8,0.75,0.88,0.88,0.82,0.68,0.75,0.61,0.55,0.7326315789473685,0.81,0.7326315789473685,0.78,0.76,0.61,0.55,0.71,0.63,0.82,0.8,0.74,0.76,0.66,0.5,0.72,0.69,0.81,0.41,0.69,0.71,0.86,0.71,0.5,0.89
chr20_62959471,0.43,0.41,0.06,0.52,0.61,0.51,0.25,0.04,0.04,0.01,0.6,0.22,0.39,0.48,0.4,0.47,0.25,0.6,0.13,0.08,0.38,0.45,0.62,0.35,0.51,0.04,0.21,0.74,0.1,0.33,0.36,0.28,0.44,0.41,0.7,0.09,0.4,0.68,0.62,0.7
chr11_2449520,0.86,0.77,0.77,0.74,0.47,0.72,0.82,0.38,0.4,0.91,0.77,0.78,0.8,0.34,0.36,0.79,0.43,0.6,0.52,0.41,0.39,0.0,0.87,0.74,0.69,0.37,0.36,0.0,0.85,0.71,0.37,0.88,0.77,0.36,0.71,0.45,0.46,0.43,0.75,0.7
chr20_50451207,0.04,0.04,0.0,0.0,0.1,0.06,0.09,0.07,0.05,0.0,0.07,0.0,0.04,0.0,0.06,0.0,0.16,0.03,0.0,0.0,0.06,0.04,0.02,0.12,0.25,0.01,0.36,0.08,0.0,0.0,0.14,0.12,0.23,0.07,0.0,0.03,0.18,0.19,0.17,0.0
chr16_85360653,0.66,0.72,0.52,0.52,0.72,0.61,0.73,0.57,0.51,0.66,0.7,0.62,0.73,0.54,0.5,0.66,0.52,0.63,0.66,0.71,0.57,0.58,0.57,0.62,0.59,0.6,0.62,0.58,0.43,0.43,0.56,0.54,0.57,0.43,0.52,0.76,0.48,0.54,0.48,0.9
chr19_3655920,0.84,0.61,0.75,0.76,0.63,0.81,0.64,0.66,0.69,0.72,0.78,0.72,0.6997368421052632,0.76,0.69,0.75,0.76,0.54,0.9,0.83,0.61,0.54,0.62,0.56,0.4,0.72,0.76,0.74,0.57,0.78,0.69,0.69,0.8,0.78,0.6997368421052632,0.5,0.7,0.69,0.75,0.85
chr1_56524388,0.69,0.3,0.35,0.4,0.42,0.72,0.52,0.55,0.44,0.48,0.5,0.63,0.61,0.6,0.48,0.46,0.75,0.44,0.56,0.42,0.41,0.47,0.52,0.66,0.64,0.54,0.59,0.48,0.64,0.7,0.62,0.5,0.6,0.73,0.62,0.58,0.77,0.73,0.69,0.2
chr9_134338084,0.7,0.66,0.55,0.69,0.67,0.64,0.7,0.5,0.6,0.79,0.67,0.63,0.88,0.8,0.71,0.8,0.67,0.51,0.61,0.83,0.58,0.62,0.6,0.48,0.5,0.73,0.52,0.65,0.58,0.66,0.51,0.67,0.52,0.65,0.57,0.72,0.63,0.52,0.53,0.63
chr10_86364121,0.34,0.29,0.5,0.51,0.17,0.28,0.41,0.52,0.25,0.84,0.2,0.45,0.34,0.52,0.26,0.43,0.42,0.5,0.6,0.22,0.34,0.38,0.46,0.24,0.32,0.31,0.22,0.22,0.16,0.21,0.5,0.63,0.34,0.18,0.13,0.18,0.23,0.43,0.19,0.18
chr6_109318453,0.23,0.0,0.27,0.43,0.64,0.26,0.6,0.81,0.46,0.28,0.56,0.81,0.69,0.67,0.37,0.33,0.76,0.71,0.75,0.58,0.46,0.68,0.22,0.27,0.53,0.76,0.23,0.32,0.38,0.52,0.24,0.0,0.4,0.0,0.44,0.31,0.21,0.45,0.16,0.0
chr20_61409139,0.74,0.59,0.72,0.0,0.0,0.61,0.76,0.0,0.8,0.75,0.68,0.73,0.83,0.62,0.81,0.56,0.76,0.25,0.57,0.4,0.69,0.59,0.76,0.78,0.33,0.33,0.55,0.3,0.08,0.0,0.55,0.37,0.73,0.18,0.5,0.0,0.27,0.73,0.62,0.72
chr2_27205305,0.87,0.38,0.86,0.87,0.83,0.94,0.82,0.92,0.88,0.83,0.88,0.84,0.79,0.83,0.81,0.86,0.85,0.8,0.87,0.88,0.73,0.33,0.43,0.74,0.8,0.84,0.78,0.39,0.81,0.31,0.8,0.86,0.86,0.9,0.87,0.82,0.89,0.84,0.81,0.75
chr17_9177791,1.0,0.42,0.5,0.41,0.9,0.92,0.91,0.9,0.0,1.0,0.45,0.6,0.41,0.77,0.35,1.0,0.685,0.685,0.685,0.84,0.54,0.38,0.88,0.8,0.75,0.95,0.78,0.86,0.685,0.63,0.5,0.47,0.48,0.92,1.0,0.92,0.79,0.57,0.73,0.33
chr3_123980392,0.41,0.3,0.34,0.08,0.22,0.32,0.34,0.25,0.18,0.48,0.34,0.47,0.33,0.34,0.17,0.34,0.33,0.29,0.1,0.17,0.35,0.17,0.49,0.17,0.36,0.31,0.2,0.22,0.6,0.18,0.15,0.51,0.29,0.27,0.34,0.3,0.5,0.64,0.5,0.3
chr16_88840774,0.27,0.21,0.33,0.25,0.21,0.45,0.26,0.41,0.22,0.4,0.37,0.12,0.05,0.23,0.39,0.37,0.42,0.24,0.52,0.17,0.27,0.38,0.47,0.64,0.37,0.15,0.45,0.27,0.5,0.18,0.45,0.22,0.61,0.38,0.13,0.23,0.45,0.41,0.41,0.0
chr6_112367076,0.25,0.51,0.5,0.47,0.73,0.44,0.5,0.36,0.55,0.45,0.1,0.41,0.66,0.31,0.28,0.31,0.42,0.47,0.3,0.58,0.34,0.17,0.52,0.26,0.41,0.28,0.22,0.27,0.28,0.37,0.46,0.52,0.26,0.38,0.34,0.52,0.69,0.31,0.38,0.28
chr2_21441785,0.72,0.67,0.89,0.77,0.87,0.75,0.73,0.81,0.83,0.81,0.76,0.71,0.71,0.7,0.9,0.78,0.82,0.71,0.83,0.7,0.79,0.84,0.72,0.73,0.48,0.73,0.67,0.52,0.72,0.4,0.79,0.57,0.68,0.51,0.75,0.86,0.72,0.73,0.82,0.64
chr14_96244002,0.66,0.87,0.7,0.7,0.75,0.86,0.63,0.69,0.63,0.85,0.61,0.79,0.9,0.66,0.72,0.68,0.78,0.75,0.76,0.77,0.67,0.71,0.7,0.68,0.68,0.59,0.78,0.35,0.56,0.59,0.72,0.83,0.69,0.62,0.67,0.61,0.73,0.75,0.75,0.7
chr6_41653267,0.82,0.92,0.86,0.86,0.84,0.35,0.82,0.92,0.77,0.77,0.77,0.83,0.83,0.47,0.89,1.0,0.35,0.76,0.92,0.85,0.0,0.65,0.38,0.28,0.74,0.83,0.78,0.78,0.86,0.56,0.76,0.86,0.46,0.8,0.36,0.73,0.9,0.82,0.76,0.81
chr6_26319151,0.86,0.75,1.0,0.84,0.9,0.91,0.82,0.78,0.85,0.93,0.7,0.93,0.92,0.92,0.93,0.86,0.89,0.8,0.91,0.95,0.75,0.8464102564102564,0.81,0.72,0.73,0.66,0.65,0.9,0.96,0.91,0.88,0.86,0.78,0.9,0.81,0.88,0.82,0.76,0.93,0.85
chr17_66964166,0.28,0.66,0.36,0.3,0.54,0.33,0.26,0.33,0.52,0.16,0.42,0.44,0.41,0.53,0.44,0.3,0.14,0.38,0.69,0.65,0.41,0.4,0.55,0.39,0.42,0.66,0.42,0.4,0.37,0.31,0.45,0.4,0.44,0.57,0.62,0.66,0.6,0.42,0.68,0.52
chr13_111411230,0.59,0.73,0.61,0.8,0.81,0.67,0.7,0.66,0.63,0.79,0.25,0.74,0.61,0.64,0.54,0.57,0.59,0.27,0.45,0.78,0.48,0.46,0.51,0.59,0.71,0.33,0.34,0.57,0.51,0.29,0.51,0.27,0.6,0.34,0.48,0.58,0.26,0.72,0.66,0.68
chr8_22229375,0.73,0.6,0.46,0.64,0.61,0.55,0.54,0.71,0.78,0.76,0.66,0.55,0.52,0.62,0.66,0.58,0.81,0.4,0.5,0.68,0.6,0.57,0.66,0.63,0.3,0.73,0.65,0.61,0.54,0.55,0.48,0.47,0.61,0.5,0.5897435897435898,0.36,0.44,0.62,0.46,0.86
chr7_912170,0.5,0.5,0.44,0.68,0.7457894736842107,0.8,0.88,0.47,0.78,0.84,0.75,0.68,1.0,0.62,0.65,0.76,0.64,0.81,0.71,0.7457894736842107,0.52,0.7,0.66,0.82,0.87,0.91,0.8,0.87,0.85,0.81,0.79,0.94,0.45,0.95,0.9,0.62,0.91,0.82,0.84,0.8
chr7_158949648,0.87,0.03,0.23,0.52,0.03,0.46,0.54,0.0,0.0,0.0,0.43,0.55,0.51,0.0,0.0,0.0,0.82,0.48,0.48,0.02,0.0,0.01,0.46,0.0,0.0,0.0,0.9,0.0,0.5,0.0,0.0,0.0,0.0,0.37,0.0,0.54,0.35,0.0,0.0,0.0
chr22_39523036,0.76,0.61,0.78,0.56,0.73,0.54,0.67,0.53,0.5,0.5,0.46,0.71,0.66,0.41,0.57,0.62,0.72,0.5,0.52,0.54,0.56,0.57,0.51,0.42,0.53,0.5,0.43,0.65,0.58,0.55,0.58,0.48,0.47,0.46,0.46,0.39,0.36,0.52,0.57,0.61
chr11_1426504,0.85,0.93,0.9,0.88,0.87,0.81,0.93,0.85,0.94,0.7,0.84,0.93,1.0,0.81,0.88,0.88,1.0,0.8523684210526316,0.81,1.0,0.85,0.75,0.8,0.83,0.77,0.88,0.86,0.75,0.91,0.8,0.86,0.82,0.82,0.8523684210526316,0.64,0.8,0.84,0.9,0.87,0.83
chr22_41998898,0.32,0.06,0.38,0.52,0.06,0.32,0.12,0.4,0.42,0.75,0.44,0.24,0.53,0.14,0.11,0.13,0.14,0.14,0.16,0.2,0.07,0.14,0.19,0.26,0.24,0.18,0.13,0.13,0.12,0.07,0.31,0.15,0.25,0.22,0.25,0.11,0.16,0.14,0.46,0.08
chr2_43839859,0.81,0.84,0.83,0.92,0.83,0.86,0.86,0.83,0.82,0.85,0.9,0.79,0.8,0.91,0.88,0.86,0.97,0.75,0.83,0.92,0.7,0.65,0.78,0.86,0.78,0.83,0.68,0.82,0.83,0.79,0.8,0.83,0.75,0.85,0.85,0.81,0.83,0.79,0.88,0.71
chr3_122325196,0.15,0.1,0.14,0.02,0.19,0.34,0.21,0.31,0.24,0.2,0.26,0.06,0.15,0.06,0.38,0.12,0.5,0.12,0.23,0.09,0.21,0.2448717948717949,0.34,0.8,0.28,0.21,0.5,0.03,0.38,0.25,0.5,0.18,0.46,0.35,0.23,0.05,0.25,0.44,0.17,0.05
chr16_4775098,0.53,0.64,0.51,0.44,0.5,0.66,0.37,0.66,0.51,0.69,0.73,0.25,0.7,0.59,0.41,0.37,0.57,0.35,0.7,0.5,0.34,0.48,0.44,0.66,0.47,0.48,0.64,0.57,0.36,0.2,0.61,0.37,0.68,0.42,0.35,0.27,0.71,0.53,0.18,0.18
chr10_1409453,0.8,0.84,0.32,0.36,0.46,0.39,0.41,0.68,0.84,0.02,0.78,0.75,0.75,0.88,0.79,0.41,0.0,0.36,0.83,0.38,0.48,0.0,0.4,0.41,0.71,0.36,0.43,0.37,0.67,0.33,0.5,0.79,0.74,0.39,0.42,0.52,0.76,0.31,0.82,0.79
chr11_1864573,0.78,0.81,0.81,0.7,0.61,0.81,0.46,0.77,0.66,0.77,0.79,0.73,0.7,0.66,0.72,0.7,0.85,0.66,0.63,0.78,0.73,0.55,0.59,0.44,0.8,0.5,0.67,0.65,0.53,0.6715384615384616,0.64,0.56,0.66,0.7,0.6,0.71,0.69,0.63,0.7,0.44
chr2_102305017,0.29,0.21,0.18,0.29,0.39,0.3,0.24,0.32,0.23,0.18,0.22,0.16,0.28,0.19,0.33,0.29,0.29,0.14,0.24,0.29,0.26,0.24,0.35,0.48,0.24,0.24,0.46,0.23,0.31,0.23,0.24,0.23,0.42,0.26,0.3,0.29,0.41,0.5,0.36,0.19
chr2_230999575,0.87,0.83,0.77,0.79,0.75,0.88,0.91,0.84,0.84,0.9,0.83,0.75,0.85,0.89,0.84,0.84,0.86,0.71,0.87,0.89,0.71,0.62,0.81,0.85,0.8,0.75,0.59,0.81,0.82,0.7,0.76,0.89,0.77,0.71,0.75,0.85,0.75,0.76,0.78,0.73
chr5_147404520,0.73,0.66,0.79,0.82,0.64,0.72,0.83,0.75,0.84,0.9,0.75,0.79,0.9,0.68,0.66,0.79,0.82,0.63,0.8,0.94,0.74,0.66,0.79,0.63,0.71,0.85,0.86,0.71,0.84,0.68,0.74,0.76,0.68,0.61,0.56,0.8,0.65,0.72,0.77,0.75
chr8_102537027,0.59,0.38,0.94,0.0,0.96,0.47,0.85,0.96,0.4,0.89,0.47,0.37,1.0,0.87,1.0,0.86,0.54,0.86,0.83,0.87,0.8,0.81,0.96,0.93,0.75,1.0,0.85,0.96,0.83,0.91,0.84,0.96,0.95,0.53,0.66,0.0,0.88,0.92,0.48,0.45
chr8_142976179,0.54,0.39,0.51,0.64,0.32,0.88,0.32,0.76,0.48,0.45,0.0,0.91,0.84,0.42,0.34,0.0,0.48,0.0,0.6,0.94,0.46,0.0,0.5,0.45,0.43,0.53,0.54,0.46,0.47,0.4,0.0,0.92,0.0,0.25,0.86,0.45,0.52,0.0,0.34,0.45
chr21_33033811,0.7,0.0,0.13,0.47,0.48,0.29,0.67,0.53,0.19,0.0,0.23,0.61,0.69,0.62,0.3,0.39,0.45,0.25,0.27,0.76,0.36,0.22,0.49,0.32,0.26,0.28,0.28,0.46,0.28,0.37,0.0,0.33,0.13,0.24,0.15,0.54,0.36,0.2,0.22,0.78
chr21_46132471,0.83,0.95,0.72,0.85,0.27,0.51,0.83,0.96,0.85,0.89,0.44,0.88,0.89,0.91,0.88,0.96,0.95,0.43,0.82,0.94,0.83,0.45,0.85,0.9,0.48,0.94,0.85,0.43,0.44,0.37,0.9,0.91,0.91,0.86,0.39,0.56,0.41,0.46,0.84,0.86
chr2_86788928,0.23,0.14,0.16,0.14,0.21,0.08,0.11,0.41,0.27,0.19,0.16,0.17,0.12,0.17,0.09,0.12,0.12,0.17,0.1,0.1,0.22,0.18,0.31,0.21,0.26,0.22,0.1,0.11,0.38,0.17,0.28,0.27,0.21,0.24,0.4,0.28,0.34,0.19,0.14,0.2
chr16_67648584,0.8,0.85,0.78,0.72,0.85,0.75,0.84,0.83,1.0,0.82,0.75,0.86,0.85,0.93,0.75,0.86,0.91,0.83,0.88,1.0,0.77,0.71,0.81,0.69,0.64,0.87,0.66,0.82,0.81,0.93,0.76,0.83,0.73,0.86,0.75,0.91,0.78,0.73,0.72,1.0
chr10_133527829,0.5,0.16,0.35,0.55,0.71,0.18,0.23,0.45,0.22,0.51,0.42,0.52,0.57,0.34,0.46,0.2,0.4,0.28,0.06,0.61,0.2,0.21,0.31,0.38,0.25,0.28,0.32,0.1,0.09,0.25,0.23,0.11,0.2,0.52,0.24,0.4,0.46,0.27,0.39,0.82
chr3_67468681,0.81,0.75,0.75,0.87,0.83,0.92,0.83,0.93,0.92,0.38,0.91,0.45,0.85,0.85,0.89,0.96,0.91,0.37,0.9,0.86,0.84,0.88,0.9,0.88,0.82,0.94,0.93,0.95,0.85,0.86,0.92,0.89,0.89,0.94,0.9,0.87,0.94,0.93,0.93,0.88
chr1_205679124,0.86,0.92,0.7,0.72,0.93,0.81,0.77,0.68,0.88,0.85,0.68,0.84,0.94,0.8,0.76,0.94,0.91,0.67,0.7,0.9,0.74,0.73,0.83,0.72,0.77,0.84,0.58,0.76,0.82,0.62,0.78,0.78,0.6,0.77,0.76,0.77,0.84,0.74,0.84,0.84
chr2_190679999,0.23,0.24,0.13,0.04,0.06,0.26,0.15,0.4,0.07,0.23,0.2,0.12,0.06,0.06,0.09,0.16,0.09,0.28,0.16,0.16,0.12,0.18717948717948718,0.22,0.3,0.05,0.15,0.31,0.16,0.45,0.25,0.3,0.08,0.38,0.22,0.0,0.16,0.3,0.42,0.16,0.08
chr15_78831788,0.79,0.5,0.71,0.61,0.65,0.86,0.85,0.53,0.77,0.85,0.81,0.72,0.79,0.5,0.62,0.77,0.79,0.78,0.76,0.74,0.65,0.52,0.64,0.53,0.72,0.44,0.53,0.73,0.52,0.81,0.68,0.58,0.84,0.61,0.7,0.78,0.66,0.79,0.28,0.67
chr9_87860172,0.43,0.0,0.68,0.47,0.45,0.47,0.42,0.46,0.91,0.0,0.0,0.0,0.0,0.95,0.41,0.52,0.53,0.89,0.0,0.6,0.0,0.0,0.58,0.01,0.55,0.95,0.94,0.0,0.53,0.38,0.0,0.0,0.5,0.04,0.0,0.0,0.57,0.49,0.58,0.93
chr22_36205790,0.83,0.0,0.37,0.37,0.37,0.83,0.91,0.84,0.35,0.91,0.0,0.37,0.82,0.89,0.77,0.48,0.0,0.75,0.76,0.47,0.82,0.44,0.89,0.44,0.48,0.47,0.71,0.37,0.48,0.0,0.36,0.52,0.78,0.54,0.0,0.46,0.37,0.33,0.42,0.52
chr9_38487983,0.56,0.5,0.36,0.52,0.72,0.25,0.57,0.75,0.42,0.94,0.12,0.83,0.72,0.48,0.26,0.5,0.2,0.76,0.78,0.65,0.42,0.28,0.41,0.46,0.5,0.35,0.21,0.3,0.78,0.25,0.38,0.41,0.6,0.7,0.47,0.14,0.48,0.31,0.36,0.23
chr17_78157307,0.41,0.5,0.85,0.84,0.34,0.91,0.89,0.88,0.38,0.57,0.9,0.92,0.87,0.4,0.95,0.45,0.9,0.9,0.4,0.94,0.39,0.41,0.56,0.94,0.0,0.92,0.45,0.8,0.47,0.9,0.93,0.94,0.38,0.37,0.82,0.96,0.83,0.0,0.43,0.22
chr3_72086953,0.22,0.03,0.17,0.03,0.14,0.25,0.15,0.33,0.08,0.12,0.32,0.22,0.03,0.13,0.26,0.16,0.4,0.17,0.28,0.26,0.19,0.17,0.29,0.45,0.34,0.16,0.53,0.12,0.3,0.48,0.4,0.06,0.42,0.29,0.45,0.17,0.31,0.4,0.37,0.0
chr11_287786,0.72,0.8,0.64,0.89,0.81,0.86,0.78,0.85,0.53,1.0,0.84,0.62,0.87,0.64,0.64,0.85,0.82,0.76,0.55,0.83,0.61,0.72,0.63,0.7,0.7,0.77,0.69,0.76,0.83,0.61,0.74,0.81,0.43,0.81,0.8,0.52,0.87,0.63,0.43,0.72
chr2_212832055,0.85,0.89,0.72,0.8,0.86,0.81,0.96,0.86,0.7,0.92,0.73,0.81,0.91,0.85,0.8,0.86,0.76,0.78,0.96,0.48,0.71,0.68,0.84,0.76,0.74,0.91,0.79,0.82,0.35,0.84,0.81,0.44,0.34,0.69,0.78,0.57,0.76,0.7,0.78,0.75
chr17_73482562,0.27,0.16,0.22,0.03,0.02,0.28,0.13,0.24,0.17,0.12,0.12,0.04,0.14,0.16,0.33,0.14,0.17,0.11,0.15,0.1,0.09,0.12,0.16,0.44,0.21,0.09,0.3,0.07,0.37,0.15,0.34,0.07,0.47,0.18,0.17,0.31,0.31,0.33,0.28,0.04
chr11_1875777,0.59,0.92,0.62,0.6,0.7,0.8,0.76,0.58,0.81,0.73,0.7,0.69,0.58,0.73,0.61,0.66,0.78,0.76,0.58,0.57,0.67,0.7,0.66,0.46,0.72,0.56,0.55,0.68,0.43,0.45,0.67,0.53,0.62,0.66,0.77,0.4,0.6,0.56,0.34,0.81
chr1_94012093,0.59,1.0,0.84,0.95,1.0,0.0,0.85,0.93,0.53,1.0,0.48,0.64,0.91,0.86,0.84,0.94,0.38,0.93,0.87,0.93,0.85,0.83,0.9,0.66,0.6,0.93,0.94,0.78,0.9,0.96,0.93,0.95,0.97,0.88,0.94,0.91,0.87,0.86,0.86,0.91
chr14_20487139,0.04,0.02,0.0,0.0,0.02,0.02,0.0,0.04,0.0,0.0,0.04,0.03,0.01,0.0,0.0,0.06,0.0,0.0,0.03,0.0,0.04,0.1,0.02,0.12,0.06,0.0,0.25,0.02,0.0,0.0,0.07,0.02,0.32,0.03,0.03,0.02,0.07,0.12,0.03,0.0
chr19_42596393,0.4,0.4,0.46,0.45,0.55,0.46,0.4,0.48,0.42,0.47,0.48,0.56,0.67,0.42,0.29,0.6,0.44,0.45,0.64,0.07,0.35,0.17,0.57,0.42,0.36,0.43,0.3,0.48,0.36,0.23,0.38,0.15,0.32,0.27,0.3,0.46,0.16,0.28,0.39,0.42
chr9_33318939,0.29,0.02,0.1,0.05,0.21,0.29,0.18,0.21,0.05,0.08,0.12,0.1,0.08,0.06,0.33,0.07,0.2,0.27,0.17,0.05,0.25,0.22,0.16,0.53,0.19,0.09,0.4,0.2,0.16,0.26,0.24,0.24,0.47,0.36,0.1,0.05,0.28,0.25,0.19,0.06
chr11_73343332,0.57,0.76,0.83,0.58,0.73,0.8,0.71,0.77,0.76,0.47,0.91,0.65,0.69,0.92,0.73,0.54,0.77,0.65,0.55,0.73,0.62,0.56,0.66,0.63,0.55,0.72,0.46,0.68,0.61,0.38,0.73,0.73,0.42,0.64,0.52,0.66,0.59,0.66,0.55,0.7
chr2_133675120,0.06,0.11,0.16,0.06,0.03,0.08,0.15,0.14,0.08,0.0,0.0,0.13,0.11,0.02,0.13,0.17,0.18,0.07,0.04,0.03,0.0,0.06,0.38,0.19,0.05,0.25,0.03,0.04,0.08,0.12,0.07,0.22,0.13,0.23,0.2,0.25,0.16,0.13,0.14,0.07
chr6_27217908,0.73,0.75,0.71,0.69,0.75,0.63,0.82,0.8,0.65,0.9,0.56,0.83,0.76,0.65,0.53,0.73,0.6,0.69,0.48,0.72,0.5,0.3,0.71,0.62,0.57,0.88,0.46,0.59,0.62,0.37,0.31,0.74,0.61,0.73,0.58,0.8,0.3,0.52,0.82,0.55
chr22_35409977,0.04,0.28,0.18,0.11,0.4,0.25,0.22,0.37,0.21,0.25,0.3,0.11,0.26,0.18,0.25,0.25,0.33,0.19,0.48,0.28,0.37,0.1,0.53,0.6,0.1,0.09,0.58,0.21,0.4,0.41,0.32,0.25,0.42,0.21,0.31,0.16,0.38,0.34,0.22,0.08
chr1_12028235,0.94,0.94,0.8,1.0,0.88,0.83,0.92,0.84,0.88,0.72,0.96,0.93,0.96,0.68,0.88,0.9,0.93,0.92,0.84,0.86,0.7,0.82,0.92,0.76,0.81,0.8,0.78,0.72,0.72,0.72,0.85,0.91,0.8,0.75,0.69,0.6,0.65,0.82,0.8,0.8
chr22_16718151,0.7,0.16,0.52,0.61,0.42,0.64,0.63,0.65,0.8,0.71,0.58,0.45,0.35,0.48,0.75,0.56,0.7,0.55,0.57,0.54,0.52,0.5,0.44,0.29,0.66,0.45,0.24,0.67,0.36,0.63,0.47,0.55,0.36,0.64,0.6,0.61,0.58,0.49,0.59,0.44
chr6_27515068,0.39,0.53,0.38,0.71,0.53,0.25,0.41,0.67,0.28,0.41,0.41,0.5,0.48,0.51,0.25,0.51,0.45,0.57,0.46,0.38,0.35,0.11,0.5,0.3,0.34,0.46,0.36,0.36,0.4,0.37,0.25,0.3,0.27,0.15,0.09,0.37,0.1,0.33,0.42,0.25
chr6_52236807,0.88,0.92,0.75,0.72,0.88,0.9,0.83,0.95,0.94,0.9,0.71,1.0,0.96,0.71,0.9,0.36,0.8,0.8781081081081081,0.85,0.92,1.0,0.8781081081081081,0.91,0.92,0.9,1.0,0.92,0.93,0.84,0.95,0.92,0.95,1.0,0.86,0.94,0.95,0.8781081081081081,0.93,0.89,0.8
chr16_88984323,0.77,0.83,0.84,0.78,0.88,0.88,0.92,0.84,0.82,0.85,0.88,0.82,0.87,0.92,0.8,0.91,0.89,0.84,0.68,0.88,0.77,0.74,0.84,0.77,0.7,0.87,0.71,0.75,0.85,0.65,0.83,0.85,0.78,0.81,0.57,0.78,0.74,0.78,0.71,0.73
chr17_80773380,0.18,0.36,0.17,0.37,0.2,0.38,0.37,0.29,0.42,0.57,0.5,0.42,0.27,0.29,0.27,0.31,0.38,0.48,0.53,0.25,0.35,0.57,0.39,0.31,0.27,0.55,0.47,0.35,0.37,0.3,0.5,0.35,0.78,0.56,0.47,0.45,0.46,0.41,0.43,0.43
chr1_211583833,0.3,0.2,0.0,0.13,0.19,0.27,0.28,0.38,0.32,0.13,0.25,0.07,0.1,0.2,0.31,0.2,0.4,0.22,0.32,0.14,0.21,0.28,0.33,0.4,0.31,0.13,0.42,0.2,0.39,0.35,0.39,0.25,0.48,0.25,0.14,0.27,0.51,0.4,0.3,0.22
chr12_49233088,0.85,0.84,0.64,0.75,0.72,0.85,0.75,0.64,0.86,0.81,0.83,0.84,0.94,0.71,0.78,0.81,0.66,0.78,0.78,0.92,0.59,0.59,0.76,0.65,0.57,0.88,0.6,0.71,0.61,0.84,0.67,0.94,0.63,0.66,0.72,0.74,0.56,0.64,0.89,0.66
chr10_110082024,0.0,0.0,0.1,0.0,0.12972972972972974,0.19,0.0,0.17,0.11,0.08,0.14,0.09,0.03,0.06,0.16,0.05,0.05,0.06,0.29,0.12972972972972974,0.03,0.12972972972972974,0.06,0.35,0.0,0.0,0.33,0.0,0.16,0.04,0.26,0.3,0.58,0.18,0.26,0.0,0.17,0.45,0.05,0.0
chr9_4850872,0.13,0.08,0.04,0.08,0.13,0.25,0.07,0.17,0.08,0.0,0.03,0.09,0.02,0.0,0.27,0.13,0.25,0.12,0.33,0.07,0.1,0.24,0.16,0.37,0.11,0.17,0.26,0.08,0.31,0.17,0.18,0.15,0.38,0.21,0.22,0.04,0.26,0.21,0.12,0.02
chr5_176672986,0.62,0.5,0.46,0.45,0.54,0.13,0.54,0.54,0.53,0.73,0.67,0.27,0.71,0.41,0.53,0.36,0.24,0.41,0.04,0.36,0.29,0.4074358974358975,0.65,0.15,0.55,0.22,0.3,0.39,0.27,0.25,0.17,0.31,0.28,0.25,0.42,0.73,0.31,0.51,0.25,0.55
chr18_14179476,0.03,0.17,0.13,0.12,0.07,0.27,0.2,0.13,0.55,0.0,0.38,0.36,0.3,0.1,0.25,0.4,0.05,0.06,0.18,0.2,0.23,0.27,0.27,0.19,0.25,0.26,0.12,0.16,0.5,0.43,0.11,0.47,0.33,0.68,0.3,0.21,0.5,0.1,0.45,0.17
chr2_130209675,0.71,0.77,0.54,0.61,0.54,0.56,0.75,0.63,0.66,0.82,0.65,0.75,0.6,0.46,0.61,0.59,0.6,0.53,0.36,0.46,0.57,0.51,0.54,0.61,0.64,0.58,0.58,0.61,0.72,0.53,0.69,0.47,0.63,0.44,0.5,0.65,0.21,0.69,0.48,0.76
chr8_144051273,0.0,0.06,0.0,0.0,0.0,0.09,0.06,0.03,0.0,0.0,0.0,0.0,0.0,0.07,0.0,0.0,0.04,0.0,0.0,0.0,0.0,0.04,0.05,0.13,0.12,0.02,0.42,0.0,0.0,0.0,0.02,0.0,0.27,0.05,0.05,0.05,0.05,0.12,0.02,0.0
chr4_142035403,0.86,0.97,0.91,0.89,1.0,0.9,0.76,0.92,0.86,0.85,0.96,0.96,0.84,0.82,0.74,1.0,0.85,0.77,0.81,0.95,0.842972972972973,0.842972972972973,0.86,0.92,0.86,0.92,0.9,0.88,0.86,0.75,0.6,0.86,0.842972972972973,0.81,0.81,0.75,0.26,0.85,0.92,0.76
chr3_48594450,0.39,0.55,0.63,0.81,0.86,0.56,0.59,0.54,0.6,0.58,0.48,0.49,0.64,0.66,0.42,0.56,0.59,0.62,0.75,0.45,0.47,0.39,0.74,0.52,0.56,0.35,0.46,0.35,0.62,0.57,0.37,0.24,0.49,0.44,0.55,0.46,0.78,0.28,0.27,0.2
chr3_100113928,0.1,0.04,0.06,0.0,0.11,0.11,0.04,0.06,0.09,0.11,0.13,0.0,0.0,0.02,0.17,0.03,0.18,0.04,0.16,0.04,0.07,0.0,0.16,0.21,0.1,0.0,0.26,0.03,0.11,0.14,0.25,0.03,0.62,0.08,0.04,0.03,0.19,0.27,0.2,0.0
chr16_74742232,0.81,0.81,0.83,0.75,0.77,0.65,0.74,0.82,0.73,0.69,0.72,0.89,0.79,0.82,0.88,0.79,0.72,0.69,0.85,0.84,0.69,0.65,0.72,0.71,0.68,0.72,0.81,0.56,0.65,0.73,0.72,0.71,0.74,0.71,0.73,0.85,0.65,0.73,0.74,0.74
chr3_153067190,0.32,0.18,0.14,0.14,0.13,0.34,0.22,0.58,0.1,0.23,0.53,0.18,0.0,0.2,0.18,0.43,0.4,0.3,0.26,0.28,0.15,0.39,0.51,0.6,0.2,0.13,0.4,0.13,0.42,0.34,0.5,0.16,0.54,0.54,0.2,0.16,0.62,0.42,0.36,0.11
chr11_1206616,0.89,0.94,0.31,0.39,0.83,0.82,0.0,0.01,0.3,0.48,0.84,0.48,0.0,0.02,0.0,0.0,0.76,0.0,0.29,0.54,0.29,0.02,0.54,0.0,0.47,0.36,0.39,0.0,0.75,0.0,0.41,0.0,0.32,0.47,0.0,0.83,0.36,0.33,0.5,0.34
chr19_480209,0.25,0.5,0.04,0.09,0.17,0.08,0.4,0.04,0.29,0.04,0.06,0.09,0.18,0.43,0.06,0.23,0.09,0.09,0.0,0.14,0.3,0.2,0.08,0.34,0.23,0.07,0.25,0.15,0.0,0.72,0.26,0.13,0.24,0.23,0.19,0.28,0.1,0.26,0.32,0.04
chr7_5237360,0.26,0.15076923076923077,0.1,0.06,0.0,0.31,0.0,0.32,0.05,0.0,0.0,0.0,0.0,0.13,0.12,0.06,0.33,0.08,0.12,0.0,0.31,0.18,0.2,0.0,0.37,0.03,0.4,0.13,0.16,0.3,0.2,0.28,0.59,0.05,0.25,0.06,0.14,0.15,0.14,0.0
chr7_25179589,0.46,0.53,0.28,0.35,0.33,0.53,0.45,0.24,0.34,0.29,0.51,0.42,0.42,0.23,0.4,0.5,0.37,0.33,0.25,0.62,0.4,0.25,0.52,0.47,0.5,0.4375675675675676,0.4375675675675676,0.68,0.63,0.51,0.21,0.41,0.4375675675675676,0.45,0.5,0.68,0.34,0.62,0.44,0.73
chr17_60560356,0.78,0.54,0.79,0.63,0.57,0.69,0.62,0.67,0.75,0.72,0.66,0.61,0.5,0.67,0.77,0.59,0.8,0.58,0.64,0.86,0.56,0.69,0.48,0.73,0.5,0.56,0.5,0.52,0.5,0.6,0.56,0.65,0.84,0.64,0.61,0.82,0.63,0.65,0.52,0.62
chr10_113151703,0.17,0.06,0.06,0.0,0.09,0.21,0.06,0.0,0.1,0.03,0.03,0.06,0.0,0.11,0.04,0.1,0.07,0.05,0.13,0.05,0.09,0.14,0.16,0.26,0.2,0.0,0.25,0.09,0.05,0.08,0.2,0.17,0.10641025641025642,0.1,0.16,0.14,0.17,0.35,0.12,0.0
chr16_88703708,0.0,0.0,0.0,0.0,0.0,0.0,0.0,0.07,0.0,0.0,0.0,0.0,0.0,0.0,0.04,0.0,0.05,0.0,0.0,0.05,0.06,0.0,0.11,0.11,0.06,0.0,0.2,0.0,0.0,0.0,0.02,0.06,0.24,0.1,0.13,0.06,0.0,0.14,0.06,0.0
chr3_71806968,0.22,0.21,0.23,0.0,0.16,0.38,0.21,0.5,0.17,0.18,0.12,0.03,0.0,0.13,0.4,0.28,0.35,0.09,0.27,0.13,0.27,0.37,0.27,0.71,0.28,0.25333333333333335,0.56,0.19,0.31,0.34,0.25,0.19,0.41,0.13,0.34,0.07,0.45,0.44,0.24,0.0
chr12_120497676,0.29,0.25,0.19,0.21,0.26,0.3,0.31,0.48,0.36,0.18,0.39,0.36,0.5,0.28,0.34,0.33,0.33,0.37,0.29,0.37,0.2981578947368421,0.18,0.16,0.5,0.35,0.09,0.2981578947368421,0.15,0.19,0.35,0.27,0.3,0.46,0.4,0.35,0.18,0.32,0.18,0.1,0.41
chr1_220876638,0.03,0.03,0.0,0.02,0.03,0.05,0.0,0.04,0.05,0.0,0.0,0.0,0.0,0.05,0.04,0.0,0.0,0.08,0.04,0.04,0.0,0.06594594594594594,0.05,0.33,0.0,0.06594594594594594,0.06594594594594594,0.1,0.08,0.13,0.12,0.13,0.53,0.04,0.09,0.0,0.05,0.11,0.18,0.0
chr3_8633682,0.91,0.8274358974358973,0.72,0.88,0.94,0.94,0.85,0.88,0.81,0.8,0.77,0.96,0.82,0.8,1.0,0.9,0.75,1.0,0.76,1.0,0.76,0.78,0.88,0.77,0.75,0.93,0.65,0.78,0.86,0.7,0.93,0.83,0.77,0.94,0.75,0.87,0.81,0.73,0.72,0.57
chr19_10625403,0.72,0.66,0.66,0.79,0.73,0.79,0.77,0.58,0.7,0.81,0.34,0.7,0.66,0.31,0.75,0.93,1.0,0.46,0.5,0.83,0.61,0.74,0.63,0.61,0.78,0.57,0.29,0.78,0.72,0.35,0.77,0.75,0.42,0.59,0.85,0.59,0.26,0.48,0.27,0.53
chr6_73299131,0.75,0.77,0.88,0.9,0.78,0.84,0.74,0.8,0.77,0.48,0.67,0.83,0.7,0.71,0.85,0.64,0.77,0.62,0.94,0.81,0.71,0.67,0.57,0.64,0.69,0.77,0.54,0.73,0.52,0.57,0.76,0.73,0.64,0.7,0.81,0.75,0.87,0.69,0.72,0.7
chr10_11814599,0.33,0.25,0.34,0.3,0.1,0.41,0.45,0.45,0.26,0.45,0.58,0.34,0.26,0.12,0.3,0.28,0.5,0.18,0.3,0.23,0.26,0.46,0.41,0.56,0.33,0.52,0.37,0.53,0.15,0.42,0.48,0.37,0.31,0.35,0.27,0.47,0.38,0.52,0.19,0.29
chr17_16853818,0.83,0.75,0.66,0.79,0.79,0.36,0.47,0.72,0.81,0.89,0.81,0.75,0.93,0.86,0.75,0.77,0.4,0.84,0.71,0.78,0.71,0.73,0.4,0.77,0.63,0.78,0.45,0.92,0.46,0.36,0.81,0.83,0.75,0.76,0.75,0.05,0.7,0.74,0.62,0.88
chr22_45502273,0.86,0.84,0.92,0.73,0.86,0.88,0.9,0.92,0.93,0.95,0.97,0.76,0.83,0.8,0.85,0.84,0.8,0.9,0.95,1.0,0.72,0.76,0.77,0.77,0.8,0.92,0.7,0.91,0.79,0.83,0.87,0.93,0.86,0.75,0.95,0.77,0.7,0.73,0.74,0.88
chr12_106578624,0.0,0.82,0.16,0.33,0.0,0.0,0.53,0.23,0.56,0.0,0.0,0.0,0.37,0.39,0.53,0.44,0.2,0.0,0.18,0.4,0.74,0.39,0.84,0.0,0.33,0.76,0.0,0.3,0.77,0.44,0.21,0.0,0.41,0.03,0.0,0.92,0.46,0.43,0.0,0.87
chr3_134607474,0.19,0.18,0.25,0.11,0.28,0.38,0.29,0.3,0.08,0.19,0.27,0.15,0.06,0.34,0.27,0.28,0.45,0.39,0.38,0.13,0.22,0.28,0.47,0.43,0.37,0.23,0.42,0.24,0.51,0.25,0.37,0.21,0.45,0.31,0.43,0.21,0.4,0.47,0.36,0.05
chr8_46922072,0.87,0.0,0.0,0.72,0.63,0.0,0.84,0.75,0.68,0.93,0.89,0.61,0.82,0.62,0.0,0.5,0.75,0.62,0.66,0.7,0.0,0.0,0.65,0.83,0.88,0.86,0.88,0.83,0.94,0.71,0.92,0.87,0.8,0.36,0.66,0.53,0.4,0.79,0.8,0.8
chr19_50334395,0.59,1.0,0.48,0.75,0.76,0.56,0.63,0.73,0.71,0.92,0.63,0.79,0.61,0.72,0.6,0.82,0.56,0.73,0.6,0.81,0.58,0.34,0.68,0.52,0.68,0.44,0.77,0.57,0.69,0.46,0.5,0.55,0.66,0.7,0.71,0.59,0.56,0.66,0.29,0.68
chr19_10625417,0.7,0.66,0.63,0.78,0.81,0.77,0.8,0.6,0.8,0.85,0.38,0.73,0.66,0.28,0.75,0.87,0.9,0.51,0.56,0.83,0.6,0.72,0.77,0.62,0.79,0.65,0.25,0.69,0.75,0.34,0.8,0.79,0.44,0.5,0.85,0.44,0.34,0.55,0.27,0.77
chr21_41901396,0.13,0.08,0.15,0.07,0.08,0.27,0.03,0.21,0.14,0.24,0.11,0.03,0.17,0.07,0.09,0.06,0.23,0.0,0.18,0.0,0.08,0.16,0.32,0.47,0.26,0.2,0.21,0.22,0.38,0.12,0.28,0.05,0.5,0.37,0.09,0.17,0.25,0.33,0.33,0.03
chr12_132397721,0.47,0.46,0.52,0.86,0.75,0.59,0.64,0.74,0.82,0.73,0.71,0.52,0.82,0.5,0.45,0.64,0.76,0.61,0.83,0.54,0.52,0.65,0.56,0.6,0.66,0.63,0.62,0.68,0.79,0.55,0.43,0.74,0.43,0.26,0.43,0.39,0.5,0.53,0.6,0.62
chr2_240573566,0.83,0.87,0.88,0.75,0.0,0.9,0.51,0.0,0.47,0.57,0.94,0.0,0.53,0.55,0.6,0.45,0.71,0.68,0.1,0.66,0.0,0.79,0.6,0.65,0.43,0.67,0.81,0.57,0.72,0.9,0.86,0.0,0.55,0.62,0.89,0.82,0.84,0.63,0.8,0.52
chr6_155440359,0.92,0.89,0.87,0.9,0.95,1.0,1.0,0.89,0.92,0.96,0.95,0.91,1.0,0.9,0.88,0.9,0.9,0.96,0.74,0.97,0.92,0.8694871794871798,0.51,0.4,0.72,1.0,0.89,0.89,0.45,0.78,0.96,1.0,0.92,0.88,0.93,0.93,0.8,0.86,0.84,0.82
chr5_36940403,0.07,0.08,0.09,0.02,0.14,0.17,0.23,0.29,0.11,0.1,0.27,0.11,0.04,0.08,0.25,0.08,0.17,0.09,0.2,0.04,0.26,0.09,0.43,0.46,0.18,0.12,0.36,0.0,0.15,0.33,0.43,0.0,0.4,0.16,0.19,0.05,0.2,0.41,0.2,0.04
chr21_44539191,0.88,0.76,0.86,0.86,0.79,0.63,0.8,0.74,0.75,0.6,0.79,0.73,0.79,0.75,0.7,0.92,0.73,0.82,0.88,0.91,0.73,0.75,0.64,0.78,0.67,0.68,0.67,0.7,0.66,0.41,0.7,0.6,0.76,0.77,0.61,0.7,0.61,0.7,0.62,0.78
chr20_4899661,0.47,0.0,0.75,0.77,0.87,0.82,0.91,0.84,0.37,0.92,0.41,0.38,0.35,0.0,0.83,0.37,0.46,0.27,0.89,0.92,0.84,0.0,0.0,0.81,0.0,0.0,0.34,0.4,0.0,0.9,0.95,0.0,0.86,0.4,0.61,0.89,0.33,0.31,0.44,0.0
chr14_75188844,0.04,0.04,0.0,0.04,0.29,0.08,0.04,0.04,0.0,0.0,0.10526315789473684,0.04,0.0,0.0,0.08,0.0,0.0,0.1,0.38,0.04,0.18,0.08,0.13,0.21,0.06,0.0,0.28,0.03,0.23,0.1,0.16,0.1,0.13,0.16,0.10526315789473684,0.08,0.3,0.23,0.33,0.0
chr12_52291649,0.83,0.41,0.7,0.0,0.68,0.71,0.58,0.47,0.67,0.79,0.0,0.57,0.46,0.76,0.0,0.78,0.63,0.7,0.73,0.75,0.0,0.0,0.67,0.5,0.53,0.0,0.4,0.85,0.65,0.44,0.67,0.77,0.48,0.47,0.0,0.51,0.58,0.59,0.0,0.66
chr7_159112256,0.67,0.78,0.65,0.78,0.76,0.83,0.77,0.75,0.78,0.83,0.73,0.66,0.7,0.78,0.83,0.61,0.57,0.9,0.58,0.61,0.65,0.72,0.78,0.66,0.81,0.87,0.63,0.66,0.53,0.63,0.21,0.61,0.68,0.63,0.72,0.85,0.45,0.6,0.68,0.68
chr13_94480997,0.16,0.11,0.04,0.07,0.24,0.28,0.31,0.18,0.22,0.26,0.29,0.05,0.12,0.18,0.1,0.14,0.27,0.16,0.18,0.16,0.06,0.22,0.35,0.48,0.28,0.25,0.43,0.12,0.3,0.11,0.41,0.19,0.46,0.09,0.2,0.12,0.59,0.38,0.17,0.14
chr19_5478528,0.5,0.62,0.41,0.75,0.53,0.6,0.33,0.54,0.59,0.92,0.83,0.65,0.51,0.37,0.39,0.6,0.36,0.36,0.39,0.42,0.48,0.36,0.6,0.34,0.38,0.52,0.2,0.58,0.28,0.28,0.33,0.35,0.62,0.29,0.53,0.54,0.2,0.46,0.41,0.46
chr17_81413749,0.5,0.86,0.88,0.77,0.7,0.94,0.89,0.58,0.34,0.6276315789473683,0.5,0.54,0.26,0.8,0.95,0.96,0.94,0.73,0.76,0.0,0.0,0.76,0.0,0.53,0.36,0.39,0.88,0.46,0.43,0.63,0.88,0.9,0.42,0.73,0.6276315789473683,0.86,0.79,0.5,0.78,0.65
chr3_69353721,0.0,0.0,0.0,0.0,0.0,0.09,0.0,0.0,0.0,0.0,0.0,0.07,0.0,0.07,0.03,0.0,0.0,0.15,0.08,0.03,0.0,0.061081081081081075,0.04,0.04,0.08,0.061081081081081075,0.41,0.05,0.0,0.07,0.07,0.06,0.46,0.06,0.1,0.05,0.061081081081081075,0.05,0.15,0.05
chr22_41885876,0.84,0.81,0.84,0.9,0.95,0.9,1.0,0.86,0.94,0.96,0.83,0.95,0.88,0.81,0.92,0.87,0.78,0.72,0.87,0.86,0.76,0.8365789473684211,0.93,0.73,0.7,0.8365789473684211,0.71,0.85,0.85,0.82,0.6,0.85,0.83,0.61,0.89,0.72,0.85,0.84,0.86,0.9
chr6_134866797,0.33,0.17,0.3,0.2,0.22,0.13,0.23,0.37,0.24,0.44,0.24,0.25,0.26,0.06,0.35,0.5,0.25,0.23,0.25,0.43,0.36,0.4,0.19,0.24,0.29,0.6,0.44,0.32,0.28,0.31,0.29,0.3,0.46,0.36,0.38,0.35,0.27,0.5,0.29,0.23
chr1_161606618,0.78,0.76,0.37,0.62,0.81,0.58,0.78,0.81,0.44,0.59,0.33,0.69,0.78,0.27,0.4,0.7,0.42,0.71,0.9,0.74,0.61,0.37,0.4,0.46,0.66,0.56,0.27,0.59,0.55,0.31,0.58,0.54,0.53,0.5,0.77,0.37,0.68,0.34,0.38,0.55
chr14_32938132,0.38,0.2,0.4,0.34,0.39,0.08,0.61,0.56,0.31,0.15,0.41,0.45,0.42,0.48,0.48,0.27,0.39,0.34,0.09,0.5,0.07,0.02,0.29,0.38,0.14,0.15,0.11,0.09,0.76,0.52,0.16,0.16,0.19,0.17,0.14,0.26,0.56,0.14,0.35,0.73
chr17_76021699,0.71,0.8,0.71,0.88,0.73,0.72,0.8,0.85,0.667948717948718,0.86,0.56,0.81,0.81,0.63,0.73,0.6,0.8,0.56,0.54,0.83,0.75,0.46,0.51,0.65,0.88,0.62,0.62,0.52,0.21,0.63,0.71,0.72,0.72,0.48,0.71,0.44,0.53,0.71,0.47,0.78
chr1_153344654,0.58,0.61,0.71,0.75,0.7,0.74,0.88,0.75,0.68,0.82,0.74,0.83,0.5,0.77,0.75,0.78,0.76,0.42,0.86,0.65,0.6,0.61,0.69,0.71,0.52,0.87,0.76,0.61,0.55,0.42,0.7,0.62,0.73,0.72,0.66,0.68,0.7,0.6,0.55,0.63
chr15_62224309,0.67,0.69,0.75,0.61,0.68,0.66,0.72,0.65,0.62,0.88,0.58,0.9,0.65,0.38,0.61,0.66,0.44,0.64,0.33,0.74,0.47,0.47,0.39,0.67,0.65,0.52,0.62,0.41,0.62,0.61,0.7,0.59,0.49,0.31,0.43,0.56,0.66,0.48,0.66,0.63
chr17_21702901,0.83,0.9,0.67,0.81,0.0,0.73,0.68,0.0,0.82,0.75,0.0,0.69,0.8,0.13,0.91,0.0,0.53,0.82,0.7,0.83,0.66,0.0,0.0,0.0,0.65,0.01,0.71,0.66,0.5,0.96,0.03,0.0,0.74,0.1,0.89,0.59,0.66,0.66,0.8,0.63
chr6_20302391,0.0,0.45,0.59,0.41,0.43,0.48,0.0,0.44,0.31,0.91,0.0,0.0,0.55,0.33,0.46,0.0,0.9,0.0,0.0,0.43,0.0,0.0,0.0,0.0,0.42,0.0,0.54,0.48,0.0,0.55,0.46,0.57,0.02,0.51,0.0,0.0,0.0,0.0,0.91,0.53
chr5_141340947,0.56,0.58,0.73,0.79,0.59,0.8,0.6,0.64,0.64,0.64,0.7,0.61,0.84,0.85,0.52,0.78,0.57,0.56,0.79,0.67,0.51,0.44,0.75,0.67,0.54,0.62,0.57,0.53,0.77,0.39,0.55,0.73,0.53,0.64,0.45,0.61,0.55,0.58,0.82,0.72
chr19_4542969,0.1,0.15,0.2,0.15,0.1,0.45,0.06,0.34,0.18,0.03,0.25,0.08,0.04,0.27,0.38,0.2,0.12,0.14,0.23,0.17,0.24,0.13,0.32,0.52,0.2,0.19,0.3,0.07,0.44,0.5,0.3,0.13,0.53,0.5,0.25,0.19,0.4,0.38,0.33,0.08
chr22_19717629,0.61,0.6497435897435898,0.47,0.71,0.89,0.71,0.57,0.62,0.87,0.53,0.71,0.75,0.7,0.69,0.68,0.82,0.57,0.63,0.64,0.77,0.66,0.61,0.61,0.5,0.72,0.61,0.67,0.5,0.5,0.76,0.48,0.64,0.67,0.67,0.7,0.56,0.6,0.63,0.61,0.7
chr14_24252459,0.48,0.0,0.11,0.52,0.44,0.4,0.0,0.0,0.53,0.33,0.39,0.0,0.94,0.51,0.91,0.45,0.51,0.0,0.0,0.0,0.37,0.0,0.46,0.0,0.32,0.0,0.0,0.0,0.37,0.52,0.47,0.93,0.0,0.0,0.0,0.47,0.33,0.0,0.0,0.37
chr10_2522120,0.42,0.75,0.56,0.05,0.0,0.11,0.0,0.62,0.29750000000000004,0.29750000000000004,0.55,0.0,0.65,0.76,0.28,0.29750000000000004,0.29750000000000004,0.8,0.09,0.0,0.45,0.0,0.0,0.58,0.0,0.61,0.0,0.58,0.65,0.7,0.08,0.0,0.1,0.0,0.19,0.0,0.56,0.0,0.0,0.57
chr12_132362839,0.48,0.0,0.0,0.0,0.0,0.5,0.41,0.48,0.0,0.34,0.47,0.32,0.58,0.38,0.2,0.6,0.4,0.79,0.0,0.0,0.91,0.0,0.0,0.0,0.0,0.0,0.0,0.0,0.35,0.8,0.0,0.0,0.0,0.36,0.43,0.47,0.31,0.0,0.49,0.89
chr9_96924986,0.68,0.86,0.8,0.84,0.92,0.92,0.75,0.84,0.84,0.85,0.87,0.74,0.85,0.78,0.87,0.56,0.88,0.79,0.88,0.89,0.83,0.86,0.7,0.7,0.71,0.87,0.69,0.81,0.94,0.4,0.82,0.82,0.86,0.68,0.84,0.64,0.77,0.69,0.91,0.78
chr22_49925493,0.17,0.26,0.1,0.05,0.11,0.13,0.23,0.3,0.17,0.25,0.16,0.05,0.23,0.07,0.1,0.21,0.26,0.05,0.08,0.25,0.06,0.19,0.29,0.46,0.17,0.32,0.5,0.1,0.13,0.1,0.37,0.21,0.51,0.0,0.16,0.07,0.15,0.35,0.25,0.08
chr11_72821934,0.72,0.92,0.75,0.84,1.0,0.86,0.79,0.92,0.88,0.92,0.8,0.86,0.94,0.72,0.7,0.84,0.86,0.95,0.73,0.88,0.9,0.72,0.67,0.64,0.72,0.92,0.58,0.78,0.7902564102564102,0.85,0.71,0.7,0.71,0.86,0.6,0.86,0.62,0.72,0.61,0.77
chr14_91159785,0.61,0.48,0.53,0.47,0.53,0.68,0.6,0.54,0.63,0.63,0.34,0.62,0.46,0.53,0.54,0.68,0.66,0.43,0.45,0.35,0.69,0.47,0.66,0.87,0.66,0.58,0.85,0.5,0.73,0.81,0.63,0.52,0.7,0.57,0.42,0.6,0.75,0.71,0.72,0.61
chr1_25051879,0.54,0.4,0.3,0.42,0.48,0.56,0.26,0.33,0.42,0.31,0.19,0.33,0.22,0.38,0.45,0.63,0.7,0.7,0.42,0.2,0.27,0.6,0.45,0.74,0.75,0.25,0.55,0.45,0.76,0.36,0.5,0.4,0.54,0.41,0.27,0.47,0.57,0.74,0.65,0.1
chr16_33516764,0.77,0.36,0.65,0.58,0.81,0.55,0.78,0.68,0.78,0.95,0.42,0.64,0.56,0.72,0.57,0.54,0.54,0.75,0.47,0.55,0.53,0.44,0.23,0.72,0.73,0.7,0.5,0.37,0.5,0.66,0.65,0.5,0.39,1.0,0.61,0.52,0.62,0.56,0.61,0.62
chr4_804983,0.68,0.66,0.65,0.67,0.69,0.72,0.64,0.68,0.48,0.86,0.52,0.8,0.69,0.63,0.69,0.47,0.58,0.72,0.68,0.72,0.51,0.44,0.69,0.65,0.59,0.8,0.48,0.5,0.65,0.61,0.66,0.68,0.65,0.67,0.48,0.63,0.71,0.7,0.61,0.67
chr10_124648856,0.0,0.05,0.0,0.0,0.0,0.0,0.0,0.0,0.0,0.0,0.0,0.0,0.0,0.0,0.05,0.0,0.0,0.0,0.05,0.0,0.0,0.03,0.03,0.14,0.0,0.01,0.36,0.0,0.09,0.0,0.01,0.02,0.32,0.09,0.1,0.0,0.03,0.11,0.05,0.0
chr1_33348191,0.45,0.36,0.4,0.56,0.53,0.46,0.58,0.67,0.5,0.29,0.53,0.58,0.5,0.37,0.48,0.61,0.35,0.52,0.45,0.61,0.25,0.45,0.59,0.37,0.41,0.4436842105263157,0.4436842105263157,0.41,0.52,0.5,0.33,0.38,0.28,0.33,0.43,0.2,0.36,0.44,0.36,0.45
chr17_39928119,0.33,0.31,0.66,0.65,0.57,0.55,0.42,0.34,0.59,0.46,0.42,0.54,0.36,0.66,0.52,0.43,0.36,0.59,0.51,0.55,0.27,0.4,0.59,0.37,0.46,0.35,0.24,0.39,0.52,0.34,0.21,0.35,0.43,0.09,0.57,0.41,0.41,0.39,0.36,0.46
chr17_18981944,0.83,0.83,0.7730555555555557,0.7730555555555557,1.0,0.93,0.85,0.91,0.9,0.71,0.68,0.76,0.75,0.75,0.8,0.91,0.8,0.83,0.6,0.9,0.8,0.82,0.84,0.51,0.83,0.82,0.58,0.6,0.81,0.83,0.73,0.55,0.75,0.7730555555555557,0.7730555555555557,0.62,0.73,0.82,0.76,0.69
chr20_30489183,0.03,0.15,0.27,0.13,0.3,0.17,0.51,0.27,0.41,0.65,0.19,0.62,0.43,0.16,0.29,0.22,0.36,0.13,0.13,0.57,0.15,0.39,0.38,0.6,0.07,0.41,0.28,0.17,0.8,0.25,0.52,0.4,0.38,0.35,0.3,0.26,0.84,0.24,0.09,0.23
chr2_201619224,0.25,0.27,0.56,0.48,0.2,0.36,0.23,0.37,0.28,0.65,0.26,0.42,0.45,0.3,0.21,0.45,0.45,0.35,0.26,0.41,0.32,0.28,0.33,0.28,0.35,0.19,0.26,0.3,0.26,0.25,0.4,0.32,0.18,0.4,0.13,0.16,0.16,0.4,0.24,0.26
chr13_113109585,0.21,0.36,0.19,0.08,0.15,0.13,0.03,0.25,0.22,0.07,0.06,0.34,0.12,0.12,0.06,0.21,0.23,0.19,0.06,0.32,0.32,0.14,0.15,0.33,0.27,0.17,0.53,0.2,0.2,0.33,0.24,0.14,0.4,0.24,0.14,0.33,0.13,0.33,0.18,0.05
chr19_43902089,0.29,0.41,0.17,0.6,0.33,0.44,0.17,0.41,0.4,0.07,0.31,0.57,0.42,0.64,0.34,0.64,0.42,0.36,0.66,0.2,0.27,0.48,0.29,0.2,0.35,0.27,0.19,0.47,0.35000000000000003,0.41,0.31,0.12,0.4,0.15,0.25,0.3,0.59,0.21,0.08,0.46
chr20_723874,0.0,0.82,0.62,0.75,0.82,0.87,0.84,0.81,0.8,0.79,0.0,0.95,0.77,0.8,0.85,0.65,0.82,0.61,0.38,0.9,0.0,0.68,0.86,0.77,0.85,0.93,0.39,0.47,0.34,0.0,0.42,0.78,0.8,0.66,0.76,0.82,0.64,0.41,0.81,0.93
chr3_193874715,0.25,0.05,0.15,0.05,0.05,0.28,0.17,0.45,0.05,0.1,0.15,0.07,0.11,0.05,0.14,0.0,0.28,0.17710526315789474,0.31,0.05,0.17,0.05,0.33,0.36,0.25,0.0,0.14,0.0,0.2,0.15,0.25,0.05,0.53,0.17710526315789474,0.33,0.18,0.38,0.22,0.38,0.0
chr1_2334682,0.82,0.84,0.81,0.88,0.88,0.89,0.85,0.88,0.87,0.45,0.83,0.48,0.85,0.81,0.88,0.92,0.77,0.85,0.9,0.87,0.82,0.79,0.5,0.82,0.8,0.95,0.45,0.92,0.72,0.34,0.0,0.94,0.9,0.24,0.92,0.34,0.82,0.9,0.92,0.82
chr1_211639687,0.81,0.74,0.05,0.35,0.84,0.71,0.83,0.83,0.87,0.0,0.54,0.88,0.83,0.48,0.02,0.88,0.91,0.61,0.44,0.9,0.39,0.67,0.43,0.27,0.84,0.79,0.79,0.49,0.8,0.77,0.77,0.45,0.73,0.0,0.0,0.0,0.0,0.78,0.79,0.0
chr6_160279131,0.57,0.59,0.51,0.7,0.56,0.45,0.5,0.59,0.65,0.78,0.56,0.57,0.57,0.61,0.57,0.66,0.41,0.6,0.13,0.75,0.72,0.4,0.42,0.52,0.52,0.33,0.5,0.33,0.18,0.2,0.53,0.63,0.42,0.57,0.5,0.47,0.63,0.68,0.36,0.48
chr9_38487645,0.5,0.72,0.4,0.45,0.59,0.6,0.5,0.8,0.42,0.66,0.16,0.75,0.86,0.46,0.42,0.57,0.29,0.66,0.62,0.44,0.37,0.19,0.23,0.5,0.67,0.32,0.19,0.41,0.46,0.64,0.42,0.59,0.54,0.67,0.42,0.27,0.51,0.29,0.65,0.31
chr1_2876053,0.18,0.29,0.36,0.23,0.47,0.34,0.32,0.44,0.41,0.18,0.21,0.19,0.41,0.28,0.2,0.33,0.18,0.4,0.16,0.46,0.5,0.21,0.39,0.37,0.5,0.32,0.34,0.33,0.35,0.3,0.45,0.46,0.34,0.3,0.25,0.5,0.43,0.4,0.46,0.45
chr6_52283321,0.72,0.66,0.71,0.85,0.75,0.68,0.83,0.78,0.66,0.77,0.68,0.73,0.77,0.65,0.85,0.73,0.71,0.77,0.78,0.94,0.69,0.9,0.77,0.88,0.7,0.68,0.77,0.71,0.73,0.83,0.84,0.7,0.72,0.8,0.94,0.9,0.84,0.9,0.75,0.59
chr9_132192930,0.7,0.5,0.65,0.83,0.63,0.73,0.77,0.72,0.7,0.66,0.56,0.84,0.72,0.76,0.44,0.77,0.54,0.61,0.8,0.5,0.68,0.36,0.65,0.39,0.61,0.65,0.5,0.52,0.35,0.53,0.79,0.6,0.45,0.68,0.62,0.55,0.48,0.47,0.6,0.34
chr9_136522692,0.16,0.0,0.09,0.08,0.1,0.32,0.2,0.34,0.2,0.2,0.25,0.15,0.1,0.14,0.25,0.09,0.09,0.24,0.26,0.15,0.21,0.2,0.42,0.42,0.1,0.09,0.36,0.13,0.25,0.21512820512820513,0.38,0.09,0.5,0.5,0.26,0.1,0.28,0.46,0.08,0.15
chr5_178387724,0.86,0.76,0.76,0.79,0.72,0.79,0.86,0.7,0.7,0.87,0.9,0.93,0.75,0.72,0.8,0.82,0.86,0.58,0.82,0.89,0.76,0.69,0.78,0.69,0.89,0.79,0.41,0.8,0.8,0.66,0.81,0.65,0.68,0.77,0.72,0.83,0.81,0.76,0.65,0.84
chr2_173298127,0.85,0.83,0.84,0.78,0.8,0.82,0.72,0.84,0.94,0.91,0.59,0.73,0.73,0.7,0.8,0.7,0.68,0.69,0.92,0.9,0.7,0.5,0.72,0.66,0.71,0.8,0.8,0.73,0.77,0.7551282051282052,0.69,0.7,0.58,0.7,0.92,0.75,0.62,0.82,0.67,0.84
chr4_1228060,0.12,0.06,0.02,0.05,0.09,0.11,0.1,0.21,0.04,0.03,0.07,0.06,0.05,0.05,0.1,0.02,0.15,0.14,0.26,0.1,0.13,0.1,0.08,0.29,0.15,0.03,0.27,0.05,0.22,0.16,0.22,0.1,0.32,0.19,0.15,0.08,0.24,0.18,0.17,0.0
chr9_6693055,0.87,0.93,0.6,0.68,0.0,0.0,0.96,0.8,0.96,0.85,0.47,1.0,0.51,0.92,0.7,0.95,0.81,0.83,0.92,0.91,0.78,0.7768421052631579,0.95,0.87,0.88,1.0,0.84,0.39,0.92,0.8,0.9,0.7768421052631579,0.75,0.86,0.86,0.82,0.75,0.84,0.77,0.87
chr11_119312300,0.74,0.96,0.68,0.88,0.93,0.75,0.83,0.94,0.72,0.86,0.83,0.87,0.9,0.74,0.77,0.9,0.76,0.76,0.76,0.87,0.69,0.75,0.81,0.73,0.64,0.78,0.76,0.79,0.77,0.64,0.81,0.76,0.85,0.75,0.78,0.89,0.76,0.74,0.68,0.7
chr6_134454340,0.59,0.0,0.55,0.48,0.0,0.0,0.6,0.95,0.93,0.52,0.46,0.96,0.93,0.86,0.0,0.51,0.56,0.93,0.53,0.48,0.45,0.0,0.62,0.0,0.53,0.0,0.47,0.51,0.4,0.5,0.87,0.4,0.19,0.06,1.0,0.43,0.94,0.62,0.34,0.9
chr12_67222508,0.58,0.46,0.59,0.3,0.47,0.57,0.45,0.65,0.54,0.74,0.53,0.62,0.43,0.44,0.38,0.32,0.65,0.48,0.64,0.61,0.53,0.4815384615384616,0.42,0.34,0.46,0.63,0.29,0.55,0.47,0.22,0.4,0.5,0.36,0.46,0.55,0.55,0.31,0.25,0.58,0.46
chr15_45397730,0.88,0.96,0.78,0.91,0.87,0.89,0.88,0.86,0.85,0.6,0.45,0.94,0.4,0.42,0.9,0.95,0.76,0.68,0.94,0.5,0.69,0.35,0.9,0.0,0.95,0.96,0.36,0.9,0.76,0.47,0.48,0.92,0.38,0.9,0.86,0.93,0.84,0.7,0.31,0.84
chr5_160165749,0.44,0.36,0.05,0.09,0.37,0.0,0.09,0.0,0.05,0.05,0.05,0.04,0.06,0.63,0.28,0.15,0.05,0.38,0.31,0.2,0.01,0.36,0.43,0.05,0.04,0.77,0.44,0.47,0.23076923076923078,0.0,0.42,0.0,0.48,0.05,0.15,0.42,0.47,0.17,0.1,0.52
chr14_65282754,0.6,0.58,0.42,0.52,0.6,0.68,0.56,0.44,0.62,0.63,0.48,0.77,0.45,0.57,0.52,0.77,0.71,0.8,0.53,0.65,0.47,0.31,0.41,0.35,0.59,0.45,0.3,0.57,0.42,0.21,0.44,0.57,0.53,0.68,0.56,0.64,0.32,0.48,0.6,0.61
chr2_237923774,0.08,0.25,0.2,0.1,0.21,0.25,0.18,0.27,0.13,0.45,0.14,0.19,0.2,0.15,0.16,0.16,0.29,0.23,0.12,0.15,0.23,0.21,0.22,0.32,0.31,0.05,0.41,0.24,0.36,0.34,0.29,0.32,0.45,0.41,0.38,0.35,0.2,0.36,0.18,0.13
chr1_7945048,0.04,0.08,0.15,0.0,0.16,0.17815789473684213,0.18,0.06,0.06,0.25,0.26,0.09,0.0,0.0,0.16,0.06,0.35,0.11,0.23,0.12,0.25,0.11,0.08,0.31,0.2,0.04,0.31,0.16,0.5,0.17,0.26,0.33,0.4,0.15,0.3,0.05,0.13,0.33,0.33,0.17815789473684213
chr3_139005821,0.7,0.61,0.72,0.81,0.73,0.74,0.83,0.76,0.53,0.78,0.69,0.72,0.79,0.53,0.59,0.58,0.5,0.47,0.95,0.82,0.56,0.61,0.65,0.64,0.8,0.76,0.46,0.62,0.59,0.55,0.7,0.59,0.61,0.66,0.72,0.69,0.72,0.46,0.59,0.57
chr8_32219982,0.16,0.32,0.07,0.25,0.36,0.2,0.06,0.32,0.64,0.42,0.33,0.2,0.17,0.15,0.28,0.0,0.23,0.23,0.58,0.25,0.25,0.18,0.29,0.26,0.17,0.11,0.21948717948717955,0.27,0.09,0.06,0.07,0.0,0.25,0.26,0.16,0.16,0.15,0.25,0.11,0.25
chr5_178231836,0.42,0.16,0.33,0.44,0.4,0.48,0.42,0.46,0.69,0.71,0.75,0.36,0.37,0.56,0.53,0.25,0.33,0.33,0.18,0.45,0.39,0.26,0.31,0.52,0.33,0.25,0.33,0.43,0.4,0.5,0.47,0.19,0.34,0.57,0.28,0.41,0.32,0.42,0.37,0.47
chr20_54164552,0.84,0.75,0.62,0.65,0.75,0.68,0.81,0.84,0.88,0.83,0.78,0.87,0.84,0.88,0.81,0.79,0.7,0.73,0.68,0.86,0.69,0.21,0.84,0.64,0.77,0.8,0.71,0.86,0.0,0.4,0.77,0.74,0.71,0.84,0.79,0.44,0.8,0.85,0.84,0.71
chr8_22048076,0.29,0.48,0.15,0.15,0.53,0.54,0.18,0.52,0.3,0.3,0.17,0.44,0.33,0.25,0.31,0.47,0.7,0.51,0.08,0.43,0.63,0.44,0.62,0.39,0.57,0.44,0.45,0.42,0.54,0.35,0.37,0.42,0.5,0.57,0.5,0.4,0.37,0.4,0.38,0.29
chr12_107657628,0.8,0.91,0.87,0.5,0.96,0.88,0.84,0.85,0.57,0.83,1.0,0.96,0.91,0.88,0.92,0.9,0.35,0.83,0.83,0.93,0.89,0.77,0.83,0.77,0.47,0.88,0.31,0.78,0.76,0.82,0.82,0.86,0.82,0.41,0.86,0.52,0.43,0.34,0.91,0.92
chr16_88229904,0.73,0.7,0.9,0.46,0.7828947368421052,0.1,0.96,0.86,0.94,0.76,0.85,0.84,0.84,0.92,0.7828947368421052,0.85,0.77,0.27,0.92,0.8,0.85,0.83,0.82,0.82,0.82,0.9,0.86,0.82,0.83,0.73,0.73,0.95,0.91,1.0,0.86,0.73,0.67,0.84,0.84,0.47
chr15_69143920,0.83,0.69,0.56,0.61,0.67,0.67,0.81,0.61,0.64,0.9,0.64,0.68,0.71,0.6,0.7,0.63,0.62,0.78,0.66,0.62,0.62,0.41,0.41,0.53,0.81,0.627948717948718,0.38,0.71,0.5,0.5,0.52,0.6,0.46,0.53,0.62,0.68,0.63,0.78,0.57,0.6
chr13_21260185,0.9,0.8,0.82,0.84,0.84,0.85,0.83,0.78,0.84,0.83,0.85,0.88,0.94,0.8,0.87,0.89,0.87,0.82,0.88,0.88,0.79,0.73,0.8,0.82,0.83,0.82,0.68,0.8,0.73,0.88,0.78,0.8,0.81,0.88,0.65,0.8,0.73,0.79,0.8,0.8
chr1_18784434,0.3,0.5,0.5,0.66,0.52,0.57,0.25,0.92,0.4,0.97,0.5,0.61,0.67,0.7,0.42,0.83,0.3,0.77,0.91,0.58,0.62,0.52,0.46,0.37,0.39,0.5535897435897434,0.42,0.43,0.77,0.84,0.6,0.56,0.52,0.61,0.28,0.11,0.88,0.31,0.48,0.54
chr20_49846134,0.66,0.4802564102564102,0.29,0.58,0.46,0.36,0.55,0.54,0.58,0.5,0.47,0.33,0.29,0.45,0.46,0.41,0.83,0.21,0.56,0.37,0.62,0.57,0.42,0.67,0.42,0.5,0.56,0.35,0.5,0.58,0.61,0.53,0.48,0.61,0.42,0.27,0.62,0.5,0.33,0.27
chr22_43136332,0.28,0.23,0.21,0.25,0.5,0.3,0.26,0.46,0.38,0.36,0.23,0.28,0.5,0.3,0.31,0.31,0.32,0.33,0.1,0.3,0.35,0.23,0.39,0.26,0.47,0.35,0.55,0.45,0.3,0.64,0.31,0.35,0.46,0.4,0.34,0.46,0.22,0.34,0.34,0.3
chr3_120306615,0.74,0.78,0.56,0.74,0.77,0.8,0.66,0.63,0.75,0.95,0.44,0.76,0.65,0.44,0.5,0.57,0.61,0.74,0.5,0.78,0.52,0.42,0.72,0.55,0.77,0.55,0.55,0.69,0.5,0.6,0.73,0.5,0.6,0.6,0.76,0.66,0.61,0.55,0.6,0.69
chr1_215282617,0.71,0.83,0.82,0.95,0.67,0.75,0.9,0.74,0.82,0.83,0.7,0.87,0.82,0.87,0.83,0.82,0.93,0.66,0.88,0.89,0.8,0.7765789473684209,0.76,0.75,0.84,0.75,0.4,0.88,0.76,0.81,0.54,0.72,0.7765789473684209,0.54,0.79,0.77,0.68,0.64,0.9,0.89
chr1_206584517,0.8,0.84,0.85,0.88,0.9,0.84,0.95,0.86,0.94,1.0,0.75,0.81,0.92,0.92,0.89,0.86,0.93,1.0,1.0,1.0,0.76,0.77,0.88,0.87,0.95,0.79,0.87,0.68,0.8657894736842104,0.8657894736842104,0.78,0.93,0.88,0.86,0.85,0.95,0.72,0.87,0.73,0.82
chr10_90872918,0.41,0.51,0.42,0.53,0.24,0.26,0.42,0.58,0.35,0.44,0.38,0.25,0.5,0.28,0.43,0.41,0.22,0.3,0.41,0.47,0.2,0.31,0.51,0.21,0.28,0.53,0.4,0.38,0.33,0.29,0.05,0.31,0.16,0.22,0.28,0.6,0.31,0.3,0.51,0.39
chr21_43761429,0.9,0.92,0.96,0.82,0.35,0.86,0.5,0.93,0.88,0.48,0.87,0.89,0.36,0.9,0.44,0.82,0.87,0.5,0.92,0.95,0.37,0.41,0.96,0.78,0.35,0.39,0.43,0.46,0.9,0.41,0.42,0.9,0.44,0.88,0.93,0.87,0.9,0.85,0.42,0.39
chr16_89534382,0.0,0.0,0.0,0.0,0.04,0.33,0.08,0.0,0.0,0.03,0.07,0.03,0.05,0.0,0.07,0.07,0.29,0.1,0.12,0.0,0.13,0.14,0.13,0.27,0.03,0.05,0.57,0.07,0.31,0.08,0.31,0.14,0.59,0.11,0.21,0.06,0.16,0.2,0.11,0.0
chr18_63585917,0.2,0.11,0.14,0.06,0.18,0.22,0.1,0.25,0.14,0.15,0.23,0.06,0.08,0.05,0.21,0.15,0.2,0.15,0.06,0.13,0.1,0.19,0.17,0.33,0.15,0.09,0.36,0.1,0.25,0.23,0.25,0.1,0.39,0.22,0.18,0.09,0.32,0.24,0.22,0.01
chr17_76274120,0.42,0.77,0.25,0.77,0.52,0.03,0.39,0.29,0.3,0.81,0.27,0.36,0.7,0.03,0.26,0.8,0.32,0.8,0.88,0.36,0.78,0.12,0.9,0.5,0.68,0.01,0.83,0.42,0.12,0.53,0.43,0.39,0.69,0.87,0.64,0.8,0.65,0.73,0.78,0.03
chr2_231052597,0.31,0.25,0.33,0.29,0.28,0.23,0.3,0.43,0.3,0.23,0.13,0.5,0.27,0.08,0.17,0.38,0.29,0.17,0.65,0.33,0.25,0.19,0.28,0.23,0.28,0.14,0.26,0.22,0.19,0.06,0.37,0.39,0.3,0.25,0.2,0.37,0.32,0.11,0.18,0.52
chr4_55794319,0.51,0.5,0.7,0.3,0.25,0.5,0.47,0.4,0.61,0.95,0.5,0.52,0.57,0.4,0.12,0.66,0.62,0.34,0.82,0.5,0.29,0.48,0.5,0.33,0.45,0.43,0.45,0.42,0.38,0.47,0.44,0.34,0.29,0.5,0.43,0.45,0.52,0.41,0.45,0.25
chr4_10456524,0.44,0.5,0.54,0.5,0.74,0.44,0.38,0.7,0.54,0.59,0.29,0.66,0.53,0.41,0.56,0.5,0.51,0.41,0.37,0.66,0.54,0.39,0.26,0.54,0.64,0.57,0.4,0.41,0.33,0.42,0.52,0.43,0.36,0.57,0.4,0.4,0.3,0.6,0.48,0.48
chr7_151081779,0.83,0.91,0.82,0.84,0.83,0.78,0.88,0.87,0.89,0.88,0.92,0.9,0.83,0.82,0.82,0.85,0.9,0.78,0.83,0.87,0.76,0.68,0.75,0.74,0.66,0.89,0.7,0.84,0.81,0.8,0.83,0.77,0.75,0.85,0.88,0.77,0.83,0.74,0.73,0.83
chr1_27972440,0.82,0.37,0.84,0.0,0.29,0.38,0.87,0.9,0.8,1.0,0.41,0.84,0.78,0.64,0.79,0.91,0.42,0.78,0.92,0.85,0.38,0.2,0.87,0.88,0.0,0.96,0.5,0.0,0.47,0.81,0.55,0.85,0.94,0.0,0.38,0.81,0.93,0.86,0.5,0.83
chr20_63567910,0.0,0.05,0.0,0.0,0.0,0.04,0.0,0.13,0.0,0.0,0.12,0.0,0.0,0.04,0.0,0.0,0.11,0.0,0.05,0.0,0.03,0.06,0.04,0.05,0.13,0.01,0.34,0.02,0.15,0.0,0.02,0.02,0.33,0.0,0.25,0.0,0.13,0.12,0.16,0.0
chr2_236643164,0.55,0.37,0.68,0.63,0.54,0.28,0.52,0.45,0.44,0.0,0.75,0.69,0.53,0.6,0.48,0.54,0.54,0.28,0.4,0.47,0.68,0.33,0.49,0.42,0.48,0.49,0.55,0.42,0.41,0.57,0.65,0.42,0.62,0.62,0.66,0.7,0.75,0.43,0.65,0.52
chr1_970917,0.27,0.08,0.12,0.13,0.61,0.22,0.15,0.36,0.44,0.64,0.26,0.32,0.07,0.2,0.1,0.34,0.34,0.2,0.34,0.19,0.17,0.14,0.08,0.13,0.31,0.24,0.08,0.14,0.2,0.0,0.23,0.17,0.25,0.24,0.13,0.1,0.0,0.11,0.4,0.23
chr7_27108669,0.85,0.83,0.76,0.85,0.81,0.79,0.92,0.81,0.92,0.91,0.96,0.96,0.85,0.81,0.82,0.94,0.72,0.79,0.94,0.9,0.84,0.66,0.75,0.73,0.85,0.87,0.65,0.88,0.82,0.76,0.9,0.86,0.62,0.75,0.74,0.87,0.81,0.77,0.81,0.9
chr2_3586375,0.91,0.86,0.8,0.86,0.9,0.85,0.81,0.83,0.93,0.95,0.86,0.92,0.9,0.9,0.86,0.83,0.82,0.85,0.85,0.48,0.8,0.77,0.96,0.78,0.82,0.91,0.78,0.81,0.86,0.85,0.42,0.87,0.39,0.52,0.83,0.94,0.82,0.79,0.42,0.93
chr12_12840216,0.56,0.25,0.46,0.18,0.37,0.3,0.31,0.3,0.26,0.17,0.21,0.32,0.34,0.19,0.3,0.41,0.08,0.2,0.41,0.53,0.34,0.28,0.34,0.26,0.51,0.31,0.58,0.48,0.25,0.52,0.32,0.52,0.52,0.18,0.51,0.39,0.5,0.41,0.27,0.42
chr17_10516182,0.88,0.85,0.72,0.82,0.89,0.8,0.93,0.89,0.89,0.95,0.87,1.0,0.91,0.87,0.96,0.83,0.86,0.78,0.8,0.93,0.66,0.46,0.89,0.74,0.78,0.87,0.89,0.94,0.76,0.67,0.82,0.84,0.69,0.71,0.92,0.68,0.92,0.72,0.92,0.81
chr12_131595469,0.86,0.42,0.12,0.39,0.0,0.81,0.9,0.43,0.4,0.42,0.45,0.45,0.52,0.42,0.89,0.37,0.45,0.5,0.4,0.0,0.0,0.77,0.84,0.0,0.0,0.8,0.0,0.32,0.34,0.45,0.93,0.0,0.0,0.3,0.36,0.48,0.87,0.48,0.0,0.75
chr10_118750732,0.82,0.77,0.56,0.9,0.88,0.82,0.51,0.89,0.56,0.94,0.88,0.81,0.79,0.87,0.88,0.89,0.8,0.9,0.61,0.84,0.45,0.9,0.89,0.89,0.47,0.7369230769230769,0.52,0.91,0.35,0.48,0.61,0.0,0.86,0.45,0.75,0.78,0.88,0.85,0.95,0.83
chr5_149579090,0.58,0.53,0.3,0.64,0.64,0.57,0.3,0.16,0.62,0.55,0.69,0.22,0.64,0.58,0.0,0.3,0.68,0.19,0.33,0.41,0.15,0.4634210526315791,0.54,0.52,0.64,0.4634210526315791,0.7,0.4,0.33,0.77,0.0,0.31,0.73,0.68,0.63,0.3,0.42,0.68,0.53,0.35
chr4_164384349,0.3,0.21,0.35,0.42,0.53,0.2,0.41,0.55,0.5,0.45,0.4,0.4,0.45,0.41,0.27,0.36,0.29,0.16,0.2,0.18,0.34,0.22,0.65,0.25,0.38,0.47,0.44,0.24,0.47,0.55,0.2,0.72,0.46,0.21,0.45,0.52,0.42,0.47,0.4,0.04
chr9_38487842,0.57,0.33,0.68,0.6,0.64,0.39,0.48,0.71,0.39,1.0,0.14,0.78,0.76,0.56,0.36,0.42,0.54,0.62,0.55,0.6,0.41,0.21,0.29,0.54,0.57,0.36,0.26,0.26,0.51,0.56,0.32,0.67,0.64,0.57,0.45,0.11,0.63,0.33,0.44,0.32
chr1_4650615,0.08,0.19,0.23,0.42,0.27,0.13,0.16,0.19,0.32,0.86,0.28,0.17,0.06,0.28,0.1,0.21,0.35,0.33,0.57,0.2,0.27,0.21,0.21,0.23,0.4,0.06,0.19,0.11,0.37,0.0,0.14,0.17,0.12,0.0,0.22948717948717948,0.25,0.0,0.19,0.36,0.27
chr18_7467728,0.78,0.83,0.89,0.82,0.89,0.85,0.72,0.85,0.73,0.88,0.86,0.92,0.9,0.76,0.73,0.84,0.93,0.62,0.75,0.9,0.76,0.66,0.72,0.67,0.66,0.75,0.78,0.82,0.73,0.67,0.8,0.8,0.68,0.84,0.72,0.76,0.68,0.74,0.66,0.52
chr2_219243445,0.43,0.61,0.44,0.76,0.46,0.73,0.77,0.32,0.52,0.84,0.71,0.64,0.65,0.39,0.38,0.77,0.8,0.46,0.46,0.76,0.37,0.64,0.69,0.48,0.46,0.3,0.41,0.53,0.47,0.29,0.64,0.38,0.37,0.72,0.29,0.51,0.46,0.3,0.82,0.69
chr3_10301104,0.71,0.96,0.69,0.71,0.72,0.92,0.95,0.86,0.66,0.88,0.77,0.85,0.86,0.87,0.81,0.83,0.92,0.8,0.83,0.85,0.91,1.0,0.88,0.97,0.88,0.84,0.93,0.92,0.88,0.66,0.94,0.92,0.83,0.73,0.92,1.0,0.7,0.9,0.9,0.66
chr11_73269101,0.83,0.84,0.72,0.82,0.91,0.89,0.91,0.84,0.96,0.94,0.79,0.93,0.94,0.84,0.91,0.92,0.86,0.87,0.87,0.97,0.85,0.77,0.8,0.77,0.82,0.86,0.88,0.85,0.82,0.79,0.82,0.33,0.83,0.75,0.8,0.87,0.92,0.91,0.8,0.89
chr8_129683731,0.25,0.12,0.13,0.04,0.2,0.26,0.17,0.24,0.11,0.08,0.17,0.06,0.08,0.11,0.2,0.29,0.29,0.1,0.23,0.09,0.11,0.17,0.17,0.43,0.2,0.12,0.35,0.05,0.28,0.47,0.22,0.15,0.39,0.32,0.16,0.09,0.4,0.33,0.25,0.0
chr17_58187890,0.53,0.71,0.77,0.63,0.66,0.7,0.53,0.55,0.5,0.63,0.51,0.52,0.6,0.4,0.5,0.62,0.7,0.36,0.51,0.66,0.66,0.56,0.66,0.46,0.6,0.51,0.43,0.44,0.52,0.62,0.5,0.46,0.48,0.59,0.54,0.66,0.47,0.5,0.3,0.7
chr12_57475558,0.88,0.5,0.87,0.86,0.93,0.76,0.75,0.81,0.73,0.78,0.76,0.91,0.72,0.7605128205128208,0.81,0.85,0.84,0.64,0.92,0.9,0.75,0.58,0.76,0.76,0.77,0.85,0.5,0.85,0.77,0.83,0.76,0.84,0.51,0.78,0.73,0.68,0.75,0.6,0.75,0.62
chr17_76274175,0.46,0.7,0.34,0.68,0.41,0.09,0.42,0.33,0.56,0.95,0.4,0.38,0.43,0.2,0.21,0.79,0.2,0.82,0.78,0.45,0.72,0.14,0.93,0.4,0.76,0.03,0.73,0.31,0.26,0.5038461538461537,0.52,0.43,0.68,0.7,0.58,0.72,0.72,0.63,0.75,0.04
chr6_108119927,0.11,0.15,0.07,0.07,0.16,0.2,0.15,0.12,0.12,0.13,0.15,0.06,0.04,0.06,0.21,0.15,0.17,0.17,0.08,0.03,0.18,0.16,0.23,0.25,0.17,0.21,0.29,0.2,0.12,0.16,0.13,0.23,0.41,0.14,0.22,0.28,0.21,0.24,0.13,0.13
chr8_11801308,0.8,0.83,0.66,0.84,0.81,0.55,0.84,0.51,0.71,0.85,0.81,0.76,0.8,0.83,0.77,0.71,0.63,0.55,0.76,0.92,0.66,0.55,0.73,0.6,0.42,0.84,0.7,0.65,0.53,0.45,0.62,0.8,0.64,0.62,0.92,0.57,0.64,0.7,0.76,0.8
chr6_168991049,0.18,0.73,0.58,0.41,0.5470270270270272,0.68,0.64,0.69,0.5,0.52,0.0,0.81,0.52,0.64,0.84,0.84,0.4,0.5470270270270272,0.64,0.84,0.47,0.0,0.44,0.55,0.64,0.0,0.71,0.6,0.65,0.5470270270270272,0.0,0.34,0.4,0.72,0.85,0.72,0.75,0.6,0.66,0.68
chr19_41993553,0.6,0.29,0.4,0.93,0.5,0.63,0.54,0.52,0.83,0.35,0.23,0.53,0.82,0.36,0.66,0.9,0.4,0.5,0.5081081081081081,0.5081081081081081,0.5,0.42,0.5,0.34,0.35,0.43,0.41,0.5,0.63,0.4,0.41,0.78,0.42,0.25,0.5081081081081081,0.46,0.41,0.5,0.63,0.47
chr7_1903660,0.43,0.42,0.56,0.55,0.42,0.37,0.96,0.83,0.08,0.34,0.85,0.54,0.93,0.86,0.44,0.44,0.88,0.5748717948717946,0.95,0.96,0.44,0.43,0.36,0.52,0.89,0.53,0.44,0.87,0.0,0.08,0.38,0.87,0.4,0.9,1.0,0.0,0.5,0.55,0.61,0.84
chr15_66492126,0.09,0.18,0.13,0.09,0.2,0.32,0.34,0.25,0.1,0.2,0.33,0.01,0.12,0.21,0.12,0.25,0.26,0.15,0.37,0.04,0.16,0.29,0.18,0.45,0.28,0.19,0.34,0.2,0.37,0.22,0.38,0.07,0.47,0.33,0.27,0.07,0.42,0.45,0.3,0.03
chr17_10127412,0.15,0.0,0.0,0.0,0.03,0.14,0.13,0.31,0.07,0.06,0.2,0.03,0.0,0.07,0.12,0.07,0.4,0.11,0.0,0.06,0.05,0.12,0.27,0.27,0.2,0.03,0.17,0.04,0.1155263157894737,0.08,0.18,0.0,0.28,0.1155263157894737,0.0,0.05,0.23,0.27,0.2,0.0
chr19_10306052,0.26,0.23,0.0,0.05,0.23,0.15,0.09,0.25,0.25,0.25,0.2,0.35,0.0,0.2,0.33,0.27,0.0,0.23,0.16,0.4,0.25,0.09,0.23432432432432432,0.2,0.3,0.23432432432432432,0.64,0.08,0.26,0.33,0.3,0.4,0.14,0.42,0.2,0.23432432432432432,0.2,0.64,0.26,0.06
chr6_28259410,0.29,0.37,0.62,0.81,0.54,0.55,0.33,0.51,0.48,0.26,0.28,0.31,0.52,0.4,0.46,0.29,0.37,0.41,0.23,0.44,0.3,0.36,0.42,0.35,0.39,0.46,0.45,0.26,0.37,0.2,0.49,0.32,0.33,0.36,0.36,0.38,0.41,0.45,0.42,0.33
chr19_10111575,0.1,0.07,0.05,0.0,0.0,0.26,0.05,0.1,0.06,0.07,0.04,0.0,0.0,0.0,0.17,0.1,0.25,0.0,0.1,0.0,0.17,0.09,0.17,0.31,0.22,0.1,0.26,0.0,0.21,0.0,0.27,0.23,0.36,0.16,0.1146153846153846,0.15,0.09,0.18,0.08,0.0
chr20_63264359,0.78,0.73,0.53,0.85,0.87,0.9,0.77,0.94,0.75,0.8,0.91,0.83,0.83,0.43,0.38,0.84,0.42,0.8,0.32,0.9,0.77,0.72,0.74,0.8,0.88,0.82,0.81,0.66,0.86,0.93,0.79,0.8,0.85,0.86,0.92,0.85,0.91,0.88,0.8,0.94
chr7_90750034,0.7,0.67,0.62,0.75,0.61,0.5,0.6,0.4,0.69,0.88,0.66,0.6,0.55,0.53,0.58,0.66,0.58,0.57,0.76,0.57,0.35,0.58,0.55,0.56,0.56,0.38,0.56,0.56,0.52,0.6,0.64,0.6,0.5,0.56,0.48,0.5,0.64,0.59,0.51,0.53
chr6_107733274,0.9,0.93,0.85,0.94,0.95,0.73,0.92,0.82,0.88,0.91,0.86,0.97,0.83,0.94,0.97,0.82,0.8,0.77,0.8,0.88,0.73,0.8307692307692307,0.76,0.68,0.8,1.0,0.9,0.93,0.61,0.78,0.7,0.87,0.61,0.83,0.95,0.73,0.61,0.81,0.77,0.86
chr11_34495921,0.82,0.84,0.69,0.8,0.82,0.84,0.71,0.73,0.81,0.81,0.66,0.93,0.95,0.8,0.88,0.84,0.8,0.73,0.9,0.83,0.72,0.66,0.68,0.72,0.62,0.75,0.72,0.86,0.74,0.64,0.71,0.78,0.75,0.84,0.73,0.92,0.69,0.76,0.65,0.81
chr14_105025077,0.55,0.25,0.46,0.56,0.15,0.2,0.46,0.33,0.6,0.6,0.62,0.67,0.54,0.47,0.39,0.29,0.42,0.41,0.46,0.48,0.7,0.5,0.51,0.53,0.54,0.7,0.68,0.54,0.72,0.52,0.46,0.45,0.65,0.45,0.27,0.44,0.69,0.55,0.68,0.44
chr21_42315409,0.91,0.91,0.83,0.93,0.92,0.91,0.86,0.93,0.88,0.9,0.91,0.87,0.85,0.84,0.93,0.92,0.8,0.89,0.86,0.88,0.78,0.77,0.86,0.85,0.81,0.92,0.66,0.8,0.93,0.75,0.89,0.9,0.73,0.9,0.83,0.88,0.86,0.77,0.85,0.82
chr3_50246608,0.03,0.09736842105263156,0.0,0.05,0.1,0.09,0.24,0.09,0.16,0.08,0.0,0.11,0.0,0.0,0.03,0.05,0.08,0.07,0.16,0.0,0.03,0.17,0.05,0.19,0.0,0.14,0.42,0.26,0.0,0.09736842105263156,0.1,0.0,0.32,0.07,0.15,0.18,0.11,0.11,0.06,0.0
chr10_14009680,0.45,0.26,0.42,0.29,0.28,0.4,0.66,0.57,0.54,0.4,0.22,0.55,0.42,0.4,0.41,0.59,0.31,0.53,0.58,0.67,0.34,0.66,0.68,0.58,0.47,0.33,0.88,0.76,0.58,0.64,0.55,0.63,0.52,0.48,0.75,0.71,0.5,0.57,0.51,0.75
chr5_178356765,0.13,0.03,0.45,0.48,0.14,0.08,0.25,0.47,0.14,0.04,0.02,0.24,0.42,0.1,0.35,0.58,0.16,0.1,0.34,0.0,0.12,0.05,0.25,0.14,0.11,0.08,0.11,0.12,0.23,0.2,0.18,0.5,0.04,0.14,0.24,0.11,0.12,0.15,0.11,0.14
chr19_9700450,0.82,0.94,0.78,0.93,0.92,0.89,0.82,0.48,0.96,0.95,0.96,0.86,0.9,0.89,0.74,0.8,0.9,0.76,0.75,0.95,0.82,0.79,0.87,0.8,0.65,0.84,0.79,0.76,0.9,0.73,0.86,0.83,0.81,0.82,0.47,0.73,0.91,0.79,0.79,0.88
chr1_148329175,0.46,0.42,0.48,0.65,0.55,0.42,0.52,0.52,0.26,0.29,0.12,0.42,0.53,0.15,0.28,0.46,0.4,0.45,0.82,0.53,0.33,0.36,0.3,0.53,0.2,0.28,0.1,0.39,0.47,0.05,0.23,0.35,0.13,0.3,0.06,0.52,0.66,0.3,0.4,0.33
chr10_96620520,0.52,0.0,0.0,0.38,0.0,0.44,0.52,0.0,0.0,0.36,0.0,0.0,0.84,0.0,0.29,0.0,0.0,0.0,0.25,0.89,0.43,0.0,0.35,0.34,0.35,0.0,0.35,0.47,0.0,0.82,0.0,0.36,0.0,0.0,0.85,0.54,0.35,0.0,0.58,0.0
chr19_45465360,0.43,0.35205128205128194,0.35,0.35,0.57,0.48,0.37,0.4,0.4,0.38,0.38,0.35,0.23,0.38,0.55,0.39,0.12,0.25,0.5,0.36,0.25,0.32,0.25,0.18,0.38,0.31,0.28,0.47,0.25,0.22,0.28,0.35,0.39,0.2,0.33,0.26,0.2,0.37,0.54,0.66
chr14_32272288,0.92,0.88,0.87,0.95,1.0,0.45,0.95,0.93,0.91,0.84,0.32,0.88,0.58,0.4,0.35,0.54,0.92,0.44,0.5,0.57,0.88,0.7,0.5,0.88,0.88,0.43,0.87,0.94,0.95,0.94,0.9,0.45,0.93,0.89,0.85,0.92,0.86,0.93,0.44,0.6
chr5_160294258,0.25,0.17,0.25,0.05,0.0,0.37,0.22,0.15,0.12,0.06,0.19,0.06,0.05,0.1,0.42,0.22,0.36,0.1,0.36,0.0,0.25,0.25,0.29,0.47,0.25,0.13,0.27,0.15,0.18,0.25,0.28,0.14,0.42,0.33,0.04,0.07,0.39,0.29,0.17,0.0
chr13_75162109,0.54,0.55,0.6,0.28,0.44,0.29,0.46,0.55,0.52,0.36,0.34,0.58,0.34,0.46,0.4,0.5,0.36,0.26,0.38,0.32,0.31,0.46076923076923093,0.6,0.56,0.6,0.53,0.63,0.56,0.42,0.32,0.38,0.7,0.36,0.53,0.55,0.57,0.26,0.6,0.66,0.3
chr15_67413929,0.73,0.75,0.63,0.87,0.72,0.65,0.66,0.67,0.94,0.8,0.65,0.81,0.76,0.72,0.83,0.82,0.4,0.53,0.75,0.75,0.72,0.72,0.84,0.65,0.85,0.89,0.9,0.7,0.6,0.79,0.69,0.85,0.7,0.92,0.8,1.0,0.73,0.8,0.82,0.52
chr1_27635134,0.0,0.0,0.0,0.08,0.05,0.06,0.05,0.06,0.05,0.0,0.03,0.14,0.0,0.0,0.08,0.0,0.07,0.05,0.11,0.03,0.01,0.08,0.07,0.08,0.05,0.04,0.18,0.03,0.17,0.16,0.03,0.03,0.16,0.0,0.0,0.07,0.06,0.14,0.11,0.0
chr5_141370659,0.11,0.3,0.32,0.35,0.23,0.35,0.08,0.44,0.29,0.32,0.38,0.27,0.1,0.34,0.3,0.23,0.42,0.22,0.44,0.45,0.33,0.333421052631579,0.73,0.17,0.26,0.54,0.333421052631579,0.34,0.7,0.4,0.21,0.55,0.41,0.18,0.18,0.11,0.44,0.4,0.57,0.21
chr1_26223697,0.78,0.85,0.46,0.37,0.93,0.78,0.9,0.85,0.84,0.83,0.41,0.86,0.48,0.83,0.41,0.0,0.8,0.82,0.81,0.91,0.0,0.78,0.92,0.91,0.83,0.93,0.94,0.85,0.82,0.46,0.91,0.87,0.9,0.97,0.9,0.94,0.91,0.92,0.85,0.87
chr9_2170858,0.88,0.47,0.36,0.9,0.88,0.82,0.83,0.8,0.72,0.45,0.96,0.91,0.92,0.96,0.95,0.44,0.91,0.75,0.25,0.91,0.87,0.83,0.36,0.86,0.75,0.9,0.53,0.86,0.84,0.66,0.48,0.44,0.0,0.06,0.91,0.94,0.88,0.93,0.5,0.76
chr10_8921877,0.78,0.84,0.76,0.84,0.78,0.81,0.46,0.71,0.76,0.9,0.79,0.92,0.88,0.82,0.93,0.87,0.8,0.81,0.62,0.84,0.46,0.7533333333333332,0.87,0.33,0.75,0.5,0.72,0.77,0.43,0.8,0.88,0.86,0.92,0.02,0.96,0.83,0.78,0.82,0.88,0.88
chr19_599426,0.82,0.78,0.78,0.73,0.87,0.8,0.8,0.58,1.0,0.88,0.94,0.78,0.87,0.94,1.0,1.0,0.9,0.61,0.91,0.86,0.8,0.75,0.82,0.69,0.33,0.86,0.75,0.69,0.7,0.7,0.8,0.85,0.86,0.76,0.7843589743589743,0.65,0.66,0.74,0.83,0.5
chr7_64464023,0.57,0.21,0.37,0.45,0.48,0.04,0.42,0.33,0.25,0.76,0.0,0.14,0.28710526315789475,0.57,0.21,0.36,0.38,0.53,0.0,0.35,0.22,0.07,0.15,0.24,0.45,0.25,0.13,0.31,0.12,0.28710526315789475,0.26,0.19,0.42,0.16,0.6,0.14,0.05,0.12,0.38,0.23
chr3_196709588,0.72,0.88,0.84,0.88,0.9,0.94,0.87,0.9,0.95,0.9,0.8,0.91,0.87,0.94,0.97,0.86,0.87,0.33,0.84,0.96,0.92,0.8859459459459462,0.92,0.88,0.88,0.8859459459459462,0.8859459459459462,0.89,0.96,0.78,1.0,0.91,0.9,1.0,0.95,0.95,0.93,1.0,0.92,0.86
chr11_15594991,0.78,0.5,0.63,0.77,0.93,0.64,0.85,0.76,0.72,1.0,0.75,0.9,0.81,0.82,0.8,0.91,0.75,0.85,0.64,0.82,0.68,0.64,0.71,0.77,0.68,0.83,0.79,0.76,0.81,0.63,0.8,0.8,0.81,0.5,0.64,0.77,0.73,0.36,0.79,0.89
chr16_85626729,0.73,0.86,0.76,0.84,0.68,0.84,0.83,0.63,0.64,0.76,0.61,0.4,0.72,0.75,0.77,0.3,0.54,0.6,0.66,0.8,0.69,0.75,0.81,0.76,0.5,0.9,0.8,0.84,0.86,0.68,0.47,0.8,0.71,0.57,0.92,0.94,0.75,0.88,0.8,0.63
chr1_13894618,0.64,0.42,0.25,0.56,0.72,0.62,0.58,0.56,0.71,0.85,0.57,0.67,0.54,0.41,0.53,0.79,0.68,0.5,0.34,0.59,0.47,0.63,0.51,0.5,0.55,0.26,0.44,0.43,0.41,0.48,0.18,0.7,0.4,0.48,0.3,0.37,0.22,0.28,0.64,0.39
chr17_75640542,0.31,0.46,0.51,0.86,0.51,0.71,0.34,0.32,0.83,0.39,0.81,0.39,0.86,0.48,0.75,0.84,0.41,0.86,0.7,0.82,0.37,0.33,0.76,0.41,0.27,0.43,0.4,0.83,0.3,0.42,0.35,0.89,0.74,0.26,0.4,0.77,0.0,0.38,0.79,0.31
chr6_170043782,0.94,0.83,0.87,0.82,0.42,0.92,0.88,0.84,0.6,0.92,0.95,0.87,0.91,0.89,0.88,0.9,0.93,0.78,0.96,0.52,0.92,0.81,0.42,0.86,0.38,0.93,0.88,0.46,0.88,0.58,0.88,0.54,0.97,0.84,0.96,0.89,0.89,0.96,0.52,0.81
chr11_4203918,0.81,0.58,0.67,0.7,0.84,0.7,0.77,0.61,0.82,0.87,0.68,0.79,0.53,0.72,0.86,0.77,0.75,0.56,0.84,0.94,0.62,0.7,0.69,0.67,0.57,0.76,0.67,0.74,0.8,0.62,0.64,0.6,0.61,0.63,0.7,0.79,0.52,0.73,0.7,0.76
chr9_136375030,0.0,0.4,0.51,0.46,0.48,0.9,0.46,0.0,0.8,0.52,0.82,0.92,0.51,0.34,0.0,0.32,0.5,0.34,0.0,0.94,0.33,0.0,0.43,0.86,0.0,0.89,0.42,0.85,0.89,0.81,0.87,0.39,0.43,0.0,0.76,0.52,0.91,0.95,0.0,0.5
chr22_39650773,0.73,0.75,0.82,0.85,0.84,0.83,0.85,0.8,0.88,0.96,0.77,0.92,0.82,0.87,0.81,0.88,0.86,0.91,0.69,0.84,0.82,0.73,0.81,0.75,0.74,0.85,0.77,0.66,0.77,0.76,0.81,0.79,0.74,0.88,0.68,0.73,0.79,0.77,0.81,0.74
chr9_134054913,0.26,0.2,0.2,0.25,0.2,0.1,0.27,0.37,0.19,0.32,0.22,0.05,0.29,0.26,0.35,0.25,0.41,0.29,0.26,0.08,0.37,0.26,0.29,0.42,0.33,0.23,0.35,0.1,0.33,0.41,0.29,0.2,0.48,0.43,0.5,0.14,0.35,0.33,0.35,0.48
chr17_16853743,0.86,0.9,0.69,0.78,0.92,0.73,0.85,0.82,0.8,0.78,0.88,0.77,0.68,0.82,0.81,0.63,0.770810810810811,0.81,0.72,0.81,0.66,0.51,0.88,0.76,0.8,0.77,0.8,0.73,0.8,0.770810810810811,0.71,0.76,0.73,0.86,0.770810810810811,0.73,0.63,0.75,0.64,0.94
chr11_47261364,0.18,0.21,0.05,0.05,0.11,0.31,0.0,0.38,0.17,0.21,0.18,0.25,0.08,0.03,0.1,0.18,0.25,0.20657894736842103,0.43,0.36,0.25,0.32,0.23,0.18,0.08,0.27,0.22,0.18,0.20657894736842103,0.0,0.27,0.1,0.35,0.27,0.36,0.15,0.35,0.33,0.41,0.0
chr15_51083902,0.86,0.88,0.87,0.89,0.92,0.87,0.85,0.9,0.86,0.48,0.93,0.86,0.96,0.86,0.93,0.97,0.96,0.85,0.96,0.9,0.89,0.82,0.91,0.84,0.9,0.91,0.91,0.58,0.8,0.55,0.89,0.91,0.87,0.4,0.89,0.83,0.87,0.33,0.93,0.86
chr17_67475352,0.41,0.61,0.09,0.13,0.45,0.36,0.29,0.38,0.25,0.3,0.22,0.33,0.56,0.27,0.38,0.35,0.25,0.19,0.35,0.4,0.43,0.4,0.5,0.26,0.36,0.3581081081081081,0.3581081081081081,0.42,0.31,0.15,0.3581081081081081,0.33,0.5,0.44,0.45,0.54,0.4,0.52,0.36,0.31
chr14_102691113,0.17,0.06,0.07,0.06,0.11,0.21,0.3,0.28,0.1,0.03,0.16,0.0,0.02,0.07,0.15,0.22,0.26,0.27,0.45,0.2,0.17,0.25,0.18,0.44,0.29,0.18,0.25,0.15,0.42,0.17,0.44,0.15,0.17,0.24,0.21,0.13,0.53,0.38,0.38,0.03
chr15_23647928,0.24,0.46,0.4,0.38,0.31,0.24,0.44,0.33,0.33,0.42,0.32,0.43,0.3,0.48,0.33,0.25,0.19,0.2,0.53,0.31,0.24,0.28,0.38,0.27,0.28,0.4,0.28,0.31,0.34,0.2,0.34,0.2,0.19,0.28,0.33,0.17,0.28,0.12,0.31,0.19
chr10_133279418,0.1,0.08,0.2,0.05,0.29,0.3,0.13,0.23,0.08,0.26,0.31,0.08,0.07,0.0,0.35,0.05,0.22,0.25,0.26,0.22,0.08,0.25,0.41,0.35,0.16,0.31,0.37,0.2,0.25,0.35,0.27,0.13,0.63,0.54,0.25,0.28,0.23,0.43,0.15,0.0
chr7_23333866,0.77,0.75,0.8,0.8,0.78,0.75,0.76,0.77,0.84,0.89,0.7,0.88,0.84,0.77,0.8,0.93,0.68,0.68,0.78,0.88,0.71,0.66,0.74,0.52,0.78,0.8,0.73,0.74,0.8,0.65,0.72,0.76,0.76,0.74,0.79,0.77,0.72,0.66,0.73,0.86
chr16_29622944,0.2,0.11,0.17,0.11,0.22,0.31,0.35,0.48,0.27,0.27,0.2,0.09,0.1,0.15,0.38,0.2797368421052631,0.15,0.43,0.4,0.25,0.24,0.15,0.28,0.33,0.2797368421052631,0.28,0.55,0.21,0.25,0.53,0.26,0.35,0.38,0.35,0.28,0.27,0.43,0.28,0.43,0.14
chr6_90084180,0.0,0.23,0.0,0.0,0.0,0.17,0.0,0.05,0.03,0.05,0.0,0.0,0.0,0.0,0.05,0.0,0.06162162162162163,0.0,0.07,0.0,0.04,0.06162162162162163,0.06,0.34,0.1,0.0,0.18,0.0,0.06,0.0,0.18,0.03,0.2,0.06162162162162163,0.0,0.07,0.16,0.17,0.04,0.0
chr11_134738100,0.92,0.63,0.79,0.45,0.8,0.82,0.9,0.65,0.83,0.86,0.72,0.89,0.83,0.8,0.84,0.81,0.82,0.82,0.92,0.0,0.4,0.32,0.47,0.71,0.85,0.81,0.37,0.89,0.83,0.89,0.78,0.85,0.01,0.8,0.8,0.75,0.66,0.8,0.9,0.9
chr14_90510329,0.88,0.93,0.79,0.86,0.88,0.91,0.87,0.84,0.87,0.97,0.87,0.86,0.91,0.9,0.81,0.97,0.82,0.83,0.91,0.97,0.83,0.8,0.9,0.85,0.9,0.9,0.86,0.9,0.71,0.66,0.84,0.82,0.73,0.79,0.79,0.91,0.88,0.81,0.8,0.82
chr10_96397259,0.89,0.88,0.68,0.9,0.91,0.96,0.87,0.78,0.86,0.92,0.85,0.9,0.85,0.85,0.87,0.7,0.85,0.83,0.76,0.85,0.75,0.72,0.89,0.71,0.64,0.8,0.79,0.77,0.76,0.9,0.83,0.94,0.71,0.67,0.78,0.9,0.79,0.74,0.8,0.71
chr2_4089739,0.76,0.84,0.71,0.75,0.68,0.43,0.75,0.76,0.8,0.78,0.33,0.87,0.75,0.52,0.77,0.86,0.32,0.35,0.81,0.87,0.8,0.4,0.72,0.71,0.4,0.82,0.8,0.84,0.7,0.48,0.51,0.6,0.67,0.03,0.83,0.93,0.78,0.41,0.4,0.78
chr17_28718229,0.11,0.09871794871794871,0.0,0.05,0.13,0.05,0.05,0.0,0.12,0.1,0.04,0.04,0.0,0.0,0.18,0.05,0.27,0.09,0.16,0.06,0.02,0.11,0.17,0.22,0.2,0.08,0.17,0.08,0.05,0.0,0.1,0.24,0.24,0.0,0.05,0.12,0.13,0.26,0.11,0.0
chr6_163460623,0.47,0.46,0.25,0.3,0.21,0.1,0.43,0.42,0.26,0.5,0.35,0.14,0.33,0.13,0.35,0.38,0.21,0.41,0.05,0.44,0.15,0.25230769230769234,0.17,0.33,0.3,0.25,0.09,0.25,0.29,0.05,0.33,0.0,0.06,0.35,0.18,0.2,0.17,0.13,0.05,0.3
chr22_50547193,0.53,0.46,0.46,0.57,0.62,0.75,0.74,0.67,0.54,0.47,0.3,0.54,0.81,0.28,0.35,0.52,0.35,0.54,0.78,0.73,0.7,0.27,0.58,0.6,0.42,0.41,0.19,0.35,0.53,0.33,0.4,0.38,0.48,0.46,0.62,0.34,0.64,0.33,0.38,0.73
chr11_69131315,0.71,0.57,0.86,0.58,0.96,0.87,0.61,0.44,0.89,0.93,0.88,0.9,0.9,0.9,0.8,0.96,0.45,0.84,0.9,0.85,0.82,0.85,0.92,0.82,0.81,0.97,0.83,0.77,0.96,0.9,0.93,0.91,0.86,0.87,0.76,0.86,0.89,0.91,0.87,0.78
chr11_2152746,0.87,0.85,0.66,0.92,0.83,0.91,0.95,0.76,0.96,0.95,0.95,0.97,1.0,0.87,0.91,0.91,0.76,0.86,0.9,0.95,0.83,0.82,0.77,0.81,0.83,0.92,0.63,0.75,0.68,0.75,0.89,0.97,0.72,0.84,0.73,0.77,0.94,0.8,0.83,0.9
chr15_25736220,0.47,0.0,0.0,0.31,0.0,0.0,0.05,0.0,0.0,0.0,0.38,0.0,0.0,0.0,0.04,0.0,0.41,0.46,0.16,0.0,0.0,0.16162162162162164,0.0,0.0,0.0,0.16162162162162164,0.0,0.4,0.0,0.44,0.16162162162162164,0.5,0.5,0.61,0.44,0.05,0.0,0.76,0.0,0.0
chr13_111521806,0.0,0.0,0.21,0.18,0.0,0.45,0.0,0.34,0.13,0.35,0.14,0.26,0.34,0.33,0.27,0.34,0.16,0.22,0.21,0.14,0.28,0.15,0.11,0.31,0.38,0.38,0.18,0.05,0.24,0.25,0.44,0.34,0.4,0.38,0.36,0.29,0.37,0.54,0.31,0.3
chr12_122995429,0.7,0.68,0.8,0.83,0.9,0.9,0.81,0.82,0.7,0.87,0.92,0.84,1.0,0.91,0.8,0.91,0.83,0.85,0.76,0.91,0.64,0.66,0.77,0.84,0.72,0.91,0.6,0.83,0.87,0.59,0.82,0.81,0.76,0.82,0.87,0.74,0.8,0.75,0.81,0.66
chr18_5951789,0.8,0.83,0.83,0.76,0.88,0.91,0.95,0.8,0.77,0.85,0.87,0.9,0.84,0.94,0.92,0.88,0.7,0.78,0.86,0.85,0.81,0.7999999999999999,0.87,0.7,0.66,0.86,0.3,0.91,0.78,0.63,0.77,1.0,0.4,0.91,0.84,0.92,0.73,0.61,0.87,0.71
chr4_150583238,0.7,0.72,0.71,0.8,0.84,0.67,0.77,0.61,0.72,0.75,0.78,0.76,0.96,0.68,0.72,0.91,0.8,0.71,0.76,0.79,0.84,0.66,0.74,0.74,0.66,0.69,0.61,0.7,0.63,0.67,0.74,0.76,0.62,0.55,0.84,0.62,0.54,0.75,0.75,0.74
chr20_5689608,0.13,0.03,0.2,0.28,0.25,0.45,0.08,0.31,0.13,0.23,0.52,0.04,0.15,0.15,0.42,0.17,0.15,0.11,0.1,0.19,0.31,0.16,0.46,0.26,0.22,0.24076923076923074,0.37,0.34,0.35,0.16,0.26,0.26,0.43,0.29,0.11,0.33,0.27,0.31,0.25,0.16
chr19_56113352,0.0,0.12,0.04,0.04,0.0,0.0,0.06,0.04,0.13,0.0,0.0,0.0,0.0,0.04,0.0,0.0,0.07157894736842105,0.05,0.07157894736842105,0.05,0.06,0.1,0.2,0.08,0.1,0.0,0.24,0.04,0.1,0.15,0.0,0.12,0.34,0.07,0.07,0.0,0.15,0.25,0.08,0.0
chr10_91897620,0.0,0.0,0.5,0.95,0.0,0.42,0.0,0.39,0.55,0.0,0.0,0.0,0.0,0.0,0.0,0.0,0.75,0.0,0.0,0.0,0.3,0.11512820512820511,0.0,0.0,0.0,0.0,0.0,0.0,0.0,0.0,0.6,0.0,0.0,0.0,0.0,0.03,0.0,0.0,0.0,0.0
chr7_54761510,0.79,0.82,0.81,0.73,0.87,0.91,0.77,0.89,0.75,0.96,0.93,0.94,0.87,0.97,0.87,1.0,1.0,0.7,0.91,0.9,0.9,0.8889473684210525,1.0,0.91,0.9,1.0,0.85,0.92,0.92,0.91,0.92,0.88,0.8889473684210525,1.0,0.89,0.92,0.86,0.88,0.93,0.8
chr5_2007118,0.76,0.76,0.73,0.68,0.74,0.59,0.76,0.65,0.64,0.68,0.73,0.64,0.8,0.67,0.6,0.74,0.59,0.65,0.63,0.69,0.6,0.53,0.59,0.64,0.59,0.76,0.59,0.7,0.76,0.61,0.63,0.76,0.58,0.63,0.74,0.67,0.62,0.72,0.4,0.8
chr17_82735089,0.39,0.46,0.5,0.75,0.54,0.57,0.76,0.76,0.47,0.53,0.71,0.7,0.71,0.63,0.66,0.75,0.64,0.75,0.62,0.61,0.49,0.56,0.6,0.46,0.72,0.59,0.42,0.58,0.55,0.66,0.66,0.41,0.53,0.46,0.57,0.65,0.43,0.45,0.61,0.55
chr2_21044084,0.42,0.6,0.09,0.46,0.27,0.56,0.4,0.45,0.09,0.2,0.15,0.38,0.25,0.35,0.26,0.36,0.42,0.16,0.32,0.19,0.26,0.17,0.19,0.09,0.32,0.36,0.21,0.19,0.21,0.19,0.15,0.16,0.21,0.34,0.37,0.11,0.27,0.26,0.2,0.32
chr8_104467272,0.68,0.74,0.61,0.65,0.65,0.68,0.6,0.81,0.52,0.76,0.62,0.9,0.56,0.54,0.4,0.72,0.69,0.57,0.75,0.9,0.55,0.76,0.5,0.58,0.71,0.46,0.26,0.52,0.76,0.26,0.52,0.58,0.3,0.63,0.68,0.61,0.61,0.52,0.73,0.63
chr4_152579194,0.91,0.86,0.85,0.57,0.29,0.66,0.89,0.3,0.51,0.89,0.88,0.45,0.66,0.46,0.79,0.9,0.95,0.46,0.84,0.65,0.34,0.84,0.89,0.47,0.33,0.45,0.0,0.38,0.88,0.44,0.5,1.0,0.41,0.34,1.0,0.4,0.88,0.35,0.5,0.41
chr8_8723049,0.58,0.61,0.6,0.3,0.48,0.55,0.44,0.72,0.48,0.44,0.53,0.67,0.61,0.46,0.55,0.44,0.56,0.66,0.57,0.5,0.57,0.5,0.77,0.64,0.71,0.63,0.68,0.62,0.57,0.47,0.47,0.62,0.51,0.47,0.71,0.67,0.78,0.65,0.87,0.62
chr3_79917717,0.38,0.0,0.32,0.5,0.3,0.52,0.4,0.0,0.0,0.41,0.39,0.57,0.52,0.0,0.42,0.34,0.81,0.0,0.53,0.0,0.0,0.0,0.0,0.85,0.57,0.0,0.0,0.42,0.43,0.83,0.63,0.0,0.72,0.86,0.48,0.52,0.0,0.76,0.56,0.46
chr9_126054697,0.83,0.86,0.92,0.85,0.88,0.8,0.9,0.85,0.95,0.92,0.78,0.95,1.0,0.88,0.89,0.9,0.83,0.87,0.9,0.96,0.88,0.87,0.8,0.81,0.91,0.88,0.75,0.76,0.84,0.89,0.93,0.83,0.81,0.75,0.88,0.89,0.6,0.88,0.76,0.86
chr16_2039768,0.75,0.78,0.95,0.82,0.6,0.91,0.65,0.746216216216216,0.5,0.68,0.8,0.91,0.93,0.7,0.93,0.8,0.7,0.9,0.71,0.93,0.64,0.63,0.68,0.66,0.7,0.7,0.64,0.84,0.58,0.9,0.83,0.66,0.71,0.746216216216216,0.746216216216216,0.66,0.7,0.7,0.73,0.7
chr15_58459899,0.08,0.0,0.06,0.0,0.03,0.0,0.03,0.1,0.05,0.09,0.09,0.08,0.04,0.22,0.15,0.04,0.0,0.08,0.05,0.0,0.06,0.07,0.1,0.07,0.04,0.01,0.24,0.1,0.04,0.07,0.06,0.04,0.23,0.15,0.05,0.17,0.11,0.26,0.06,0.04
chr10_49383692,0.72,0.88,0.76,0.48,0.44,0.83,0.78,0.92,0.89,0.43,0.53,0.94,0.47,0.4,1.0,0.47,0.0,0.5,0.45,0.96,0.88,0.95,0.85,0.45,0.85,0.95,0.89,0.44,0.88,0.52,0.89,0.95,0.85,0.92,0.88,0.52,0.4,0.79,0.75,0.61
chr22_25057614,0.29,0.17,0.24,0.27,0.2,0.4,0.5,0.3,0.37,0.0,0.26,0.3,0.25,0.59,0.47,0.27,0.48,0.28,0.07,0.55,0.32,0.41,0.45,0.3,0.42,0.29,0.32,0.28,0.52,0.25,0.28,0.44,0.42,0.42,0.29,0.3,0.33,0.27,0.28,0.27
chr6_43020715,0.37,0.3,0.37,0.43,0.53,0.52,0.55,0.55,0.39,0.41,0.25,0.44,0.56,0.39,0.36,0.45,0.43,0.4,0.41,0.24,0.44,0.36,0.6,0.55,0.43,0.49,0.6,0.55,0.66,0.38,0.37,0.43,0.58,0.52,0.5,0.58,0.52,0.56,0.45,0.24
chr11_72411765,0.1,0.0,0.0,0.0,0.0,0.06,0.1,0.13,0.06,0.0,0.14,0.07,0.15,0.0,0.15,0.11,0.09675675675675677,0.0,0.08,0.06,0.05,0.08,0.26,0.19,0.1,0.08,0.45,0.0,0.09675675675675677,0.09675675675675677,0.11,0.06,0.3,0.2,0.0,0.16,0.05,0.19,0.09,0.0
chr22_32194461,0.3886111111111112,0.0,0.1,0.8,0.45,0.0,0.0,0.45,0.5,0.5,0.43,0.18,0.45,0.57,0.9,0.62,0.0,0.57,0.0,0.4,0.25,0.46,0.75,0.9,0.3886111111111112,0.4,0.42,0.0,0.3886111111111112,0.3886111111111112,0.44,0.7,0.11,0.0,0.85,0.0,0.57,0.38,0.84,0.0
chr10_38403395,0.0,0.0,0.0,0.02,0.26,0.39,0.0,0.02,0.05,0.0,0.0,0.41,0.04,0.0,0.0,0.0,0.0,0.0,0.69,0.13,0.0,0.2,0.15,0.21,0.0,0.0,0.0,0.0,0.0,0.04,0.07,0.02,0.06,0.13,0.0,0.03,0.06,0.04,0.0,0.31
chr5_123814022,0.56,0.4,0.41,0.45,0.73,0.38,0.58,0.55,0.6,0.78,0.45,0.47,0.6,0.43,0.5,0.51,0.51,0.55,0.55,0.35,0.71,0.57,0.48,0.53,0.61,0.63,0.48,0.31,0.75,0.64,0.56,0.42,0.47,0.7,0.76,0.61,0.56,0.72,0.46,0.51
chr22_40652359,0.85,0.88,0.8,0.93,0.87,0.54,0.82,0.85,0.52,0.95,0.83,0.7,0.88,0.87,0.82,0.9,0.84,0.77,0.8,0.9,0.68,0.67,0.79,0.5,0.87,0.92,0.53,0.83,0.75,0.52,0.66,0.86,0.79,0.4,0.72,0.81,0.72,0.6,0.71,0.84
chr5_154856967,0.59,0.47,0.53,0.68,0.43,0.64,0.61,0.57,0.47,0.85,0.58,0.65,0.65,0.6,0.85,0.61,0.57,0.66,0.55,0.76,0.63,0.53,0.55,0.76,0.5,0.5663157894736841,0.2,0.82,0.52,0.47,0.5663157894736841,0.6,0.18,0.58,0.63,0.73,0.25,0.15,0.5,0.6
chr11_72822541,0.48,0.6,0.5,0.53,0.93,0.62,0.6,0.78,0.71,0.6,0.5,0.88,0.82,0.8,0.69,0.55,0.65,0.58,0.4,0.86,0.36,0.66,0.47,0.53,0.7,0.73,0.54,0.58,0.45,0.58,0.53,0.32,0.46,0.73,0.66,0.64,0.32,0.63,0.45,0.91
chr15_40323046,0.46,0.2,0.48,0.4,0.33,0.47,0.4,0.48,0.54,0.45,0.35,0.45,0.53,0.37,0.38,0.4,0.6,0.42,0.28,0.23,0.51,0.39,0.38,0.39,0.51,0.45,0.62,0.51,0.62,0.36,0.42,0.35,0.43,0.66,0.66,0.52,0.35,0.45,0.4,0.46
chr17_81992288,0.91,0.92,0.84,0.88,0.91,0.83,0.87,0.87,0.88,0.88,0.9,0.96,0.92,0.94,0.82,0.88,0.83,0.78,0.88,0.92,0.79,0.82,0.85,0.3,0.94,0.95,0.71,0.36,0.82,0.73,0.82,0.93,0.81,0.85,0.45,0.88,0.88,0.75,0.84,0.81
chr19_1066382,0.29,0.4,0.1,0.27,0.17,0.3,0.2,0.38,0.09,0.35,0.21,0.45,0.33,0.2,0.47,0.28,0.12,0.15,0.17,0.41,0.27,0.17,0.2,0.18,0.42,0.18,0.2,0.13,0.2,0.24897435897435896,0.2,0.3,0.1,0.12,0.31,0.1,0.33,0.26,0.29,0.41
chr5_80503837,0.03,0.07,0.0,0.0,0.04,0.09,0.04,0.16,0.04,0.07,0.04,0.0,0.04,0.06,0.1,0.14,0.17,0.06,0.44,0.0,0.06,0.22,0.17,0.33,0.11,0.04,0.42,0.07,0.3,0.07,0.11,0.12,0.55,0.09,0.09,0.06,0.17,0.36,0.2,0.0
chr11_117885949,0.83,0.92,0.86,0.87,0.91,0.9,0.92,0.91,0.82,0.91,0.93,0.86,0.95,0.73,0.84,0.82,0.77,0.76,0.95,0.93,0.8,0.7,0.86,0.76,0.7,0.9,0.78,0.85,0.76,0.69,0.81,0.87,0.76,0.81,0.85,0.82,0.84,0.8,0.81,0.78
chr15_69958125,0.15,0.11,0.14,0.0,0.1,0.14,0.03,0.26,0.05,0.04,0.05,0.0,0.07,0.1,0.3,0.17026315789473687,0.16,0.2,0.35,0.0,0.12,0.15,0.24,0.48,0.2,0.05,0.49,0.14,0.16,0.19,0.34,0.12,0.46,0.17026315789473687,0.27,0.16,0.36,0.22,0.07,0.0
chr10_96645614,0.04,0.04,0.07,0.0,0.11,0.21,0.21,0.2,0.07,0.05,0.13,0.05,0.05,0.08,0.16,0.19,0.3,0.11,0.21,0.08,0.14,0.14,0.2,0.32,0.14,0.08,0.25,0.08,0.16,0.26,0.24,0.19,0.33,0.15,0.29,0.1,0.35,0.34,0.17,0.0
chr5_150298341,0.61,0.93,0.72,0.87,0.85,0.92,0.75,0.85,0.73,0.92,0.81,0.88,0.87,0.95,0.83,0.7773684210526316,0.7,0.91,0.66,0.78,0.66,0.68,0.66,0.66,0.76,0.79,0.86,0.85,0.7773684210526316,0.81,0.82,0.62,0.63,0.66,0.72,0.76,0.8,0.78,0.77,0.71
chr11_65592419,0.69,0.7,0.45,0.64,0.66,0.81,0.68,0.68,0.64,0.69,0.58,0.74,0.74,0.78,0.75,0.75,0.76,0.61,0.84,0.95,0.58,0.59,0.45,0.65,0.77,0.66,0.47,0.6,0.75,0.7,0.65,0.55,0.6,0.73,0.54,0.69,0.46,0.7,0.78,0.77
chr9_137254465,0.83,0.83,0.65,0.64,0.76,0.65,0.6,0.72,0.66,0.75,0.64,0.7,0.71,0.9,0.8,0.7,0.54,0.75,0.58,0.75,0.62,0.6,0.64,0.61,0.65,0.78,0.39,0.74,0.73,0.8,0.45,0.61,0.53,0.72,0.58,0.66,0.64,0.64,0.65,0.61
chr14_88978307,0.5,0.51,0.39,0.36,0.54,0.5,0.65,0.28,0.44,0.47,0.58,0.65,0.65,0.22,0.45,0.78,0.27,0.33,0.14,0.62,0.52,0.4378378378378379,0.14,0.3,0.47,0.4378378378378379,0.43,0.45,0.26,0.62,0.3,0.46,0.4378378378378379,0.4,0.57,0.28,0.26,0.3,0.64,0.47
chr14_69850337,0.6,0.76,0.7,0.77,0.92,0.78,0.77,0.66,0.69,0.52,0.73,0.94,0.72,0.39,0.77,0.61,0.85,0.76,0.81,0.81,0.57,0.51,0.66,0.62,0.74,0.58,0.31,0.57,0.68,0.37,0.77,0.7,0.6,0.77,0.8,0.71,0.65,0.52,0.33,0.66
chr7_628998,0.42,0.83,0.87,0.48,0.88,0.87,0.9,0.91,0.8,0.88,0.4,0.96,0.91,0.8,0.91,0.84,0.48,0.32,0.93,0.46,0.79,0.81,0.94,0.91,0.81,0.44,0.87,0.89,0.87,0.91,0.83,0.47,0.92,0.95,0.9,0.85,0.89,0.89,0.88,0.55
chr7_27250156,0.39,0.28,0.08,0.21,0.27,0.42,0.32,0.23,0.3,0.17,0.17,0.35,0.28,0.2,0.2,0.25,0.45,0.3,0.36,0.33,0.33,0.14,0.23,0.48,0.43,0.52,0.39,0.31,0.31,0.29,0.52,0.34,0.26,0.31,0.29,0.39,0.28,0.27,0.42,0.32
chr9_96877737,0.17,0.05,0.16,0.09,0.21,0.13,0.27,0.17,0.15,0.1,0.17,0.04,0.21,0.18,0.04,0.15,0.19,0.22,0.52,0.07,0.1,0.13157894736842105,0.07,0.11,0.07,0.15,0.21,0.05,0.08,0.0,0.2,0.05,0.08,0.15,0.05,0.1,0.03,0.15,0.06,0.13157894736842105
chr14_36656474,0.06,0.02,0.02,0.02,0.05,0.14,0.05,0.05,0.12,0.03,0.02,0.04,0.09,0.01,0.09,0.2,0.05,0.04,0.5,0.05,0.03,0.03,0.08,0.06,0.0,0.04,0.08,0.04,0.05,0.03,0.09,0.03,0.08,0.03,0.03,0.02,0.01,0.0,0.01,0.02
chr4_88043387,0.47,0.35,0.47,0.53,0.51,0.46,0.31,0.59,0.53,0.62,0.46,0.4,0.51,0.58,0.54,0.33,0.47,0.7,0.45,0.36,0.25,0.3,0.52,0.35,0.56,0.43,0.26,0.56,0.44,0.36,0.3,0.25,0.37,0.27,0.42,0.56,0.33,0.32,0.58,0.22
chr1_200303052,0.51,0.32,0.37,0.59,0.52,0.4,0.48,0.64,0.37,0.31,0.57,0.65,0.57,0.69,0.71,0.52,0.43,0.6,0.51,0.6,0.25,0.24,0.4,0.17,0.62,0.43,0.35,0.53,0.58,0.53,0.3,0.54,0.43,0.66,0.53,0.44,0.16,0.6,0.32,0.77
chr7_158523413,0.606388888888889,0.76,0.5,0.9,0.54,0.6,0.57,0.62,0.63,0.72,0.72,0.13,0.87,0.82,0.62,0.58,0.9,0.606388888888889,0.83,0.7,0.56,0.53,0.65,0.69,0.8,0.0,0.59,0.0,0.46,0.3,0.64,0.6,0.7,0.606388888888889,0.606388888888889,0.61,0.54,0.77,0.78,0.6
chr8_126224430,0.58,0.88,0.83,0.4,0.52,0.44,0.59,0.89,0.45,0.83,0.39,0.51,0.96,0.4,0.9,0.94,0.33,0.25,0.31,0.47,0.41,0.85,0.32,0.82,0.81,0.56,0.0,0.97,0.85,0.92,0.4,0.94,0.8,0.9,0.85,0.88,0.81,0.84,0.58,0.4
chr10_75755746,0.26,0.06,0.14,0.11,0.26,0.34,0.21,0.32,0.19,0.2,0.28,0.11,0.07,0.1,0.38,0.14,0.34,0.33,0.3,0.14,0.14,0.26,0.25,0.44,0.3,0.11,0.15,0.08,0.36,0.47,0.34,0.16,0.39,0.19,0.28,0.17,0.41,0.41,0.25,0.11
chr5_464139,0.07,0.1,0.09,0.0,0.05,0.11,0.06,0.15,0.06,0.12,0.04,0.01,0.01,0.15,0.18,0.06,0.16,0.12,0.11,0.0,0.13,0.12,0.14,0.21,0.26,0.07,0.47,0.07,0.05,0.03,0.21,0.08,0.36,0.16,0.16,0.05,0.15,0.2,0.18,0.0
chr17_81037340,0.82,0.88,0.83,0.87,0.9,0.84,0.55,0.88,0.88,0.34,0.92,0.89,0.83,0.87,1.0,0.82,0.88,0.83,0.89,0.0,0.77,0.82,0.9,0.79,0.82,0.91,0.81,0.91,0.88,0.86,0.92,0.9,0.84,0.93,0.84,0.91,0.88,0.45,0.86,0.77
chr11_75428390,0.14,0.45,0.13,0.28,0.09,0.05,0.41,0.15,0.25,0.0,0.0,0.26,0.46,0.03,0.11,0.17,0.37,0.09,0.15,0.32,0.28,0.39,0.5,0.57,0.19,0.26,0.43,0.24,0.32,0.31,0.19,0.02,0.63,0.35,0.22,0.07,0.0,0.11,0.17,0.25
chr12_31629942,0.84,0.45,0.06,0.0,0.61,0.47,0.66,0.95,0.0,0.0,0.54,0.95,0.91,0.67,0.74,0.0,0.51,0.0,0.44,0.91,0.84,0.42461538461538456,0.0,0.34,0.0,0.33,0.0,0.42,0.0,0.83,0.85,0.61,0.47,0.41,0.0,0.45,0.0,0.27,0.55,0.48
chr19_8312066,0.83,0.72,0.59,0.63,0.42,0.72,0.66,0.89,0.84,0.86,0.73,0.86,0.58,0.32,0.69,0.42,0.85,0.77,0.66,0.76,0.7,0.33,0.39,0.81,0.72,0.74,0.84,0.0,0.76,0.87,0.44,0.38,0.78,0.79,0.0,0.8,0.72,0.8,0.51,0.42
chr14_80211345,0.37,0.45,0.22,0.76,0.55,0.52,0.36,0.55,0.44,0.76,0.34,0.58,0.56,0.46,0.39,0.37,0.41,0.28,0.52,0.43,0.45,0.41,0.51,0.25,0.4,0.38,0.3,0.53,0.19,0.23,0.42,0.27,0.42,0.33,0.4,0.35,0.58,0.3,0.58,0.39
chr14_59869667,0.2,0.46,0.6,0.27,0.36,0.5,0.47,0.62,0.25,0.28,0.39,0.69,0.64,0.45,0.4,0.37,0.46,0.53,0.61,0.64,0.25,0.3,0.45,0.4,0.33,0.38,0.3,0.57,0.61,0.31,0.38,0.45,0.39,0.52,0.5,0.27,0.16,0.39,0.22,0.52
chr4_173699072,0.81,0.48,0.0,0.0,0.16589743589743589,0.0,0.54,0.62,0.39,0.0,0.0,0.0,0.0,0.0,0.62,0.0,0.0,0.0,0.52,0.0,0.02,0.0,0.63,0.0,0.0,0.72,0.45,0.0,0.1,0.0,0.0,0.0,0.0,0.0,0.0,0.0,0.0,0.0,0.0,0.57
chr7_150824227,0.47,0.58,0.78,0.25,0.5,0.0,0.54,0.36,0.79,0.73,0.0,0.17,0.75,0.19,0.0,0.64,0.44,0.33,0.48,0.87,0.5049999999999999,0.5049999999999999,0.84,0.0,0.8,0.58,0.58,0.37,0.28,0.0,0.76,0.53,0.5,0.86,0.73,0.52,0.88,0.75,0.68,0.66
chr20_4050893,0.3,0.8,0.75,0.92,0.89,0.79,0.92,0.33,0.75,0.73,0.68,0.91,0.88,0.42,0.86,0.52,0.8,0.16,0.31,0.94,0.0,0.72,0.42,0.77,0.82,0.88,0.8,0.38,0.8,0.68,0.28,0.8,0.35,0.83,0.85,0.28,0.0,0.79,0.77,0.75
chr13_112969978,0.89,0.7,0.47,0.67,0.48,0.64,0.83,0.61,0.75,0.39,0.53,0.58,0.63,0.78,0.66,0.7,0.61,0.52,0.75,0.7,0.58,0.8,0.77,0.7,0.64,0.6640540540540539,0.66,0.75,0.45,0.84,0.6640540540540539,0.62,0.6640540540540539,0.68,0.62,0.73,0.68,0.84,0.71,0.61
chr17_31696366,0.87,0.93,0.83,0.85,0.92,0.81,0.92,0.78,0.93,0.9,0.93,0.87,0.85,0.87,0.85,0.81,0.75,0.8,0.78,0.82,0.78,0.72,0.83,0.72,0.72,0.88,0.73,0.88,0.84,0.91,0.83,0.93,0.76,0.75,0.73,0.81,0.76,0.73,0.78,0.85
chr6_158027402,0.5,0.29,0.37,0.29,0.53,0.48,0.48,0.51,0.46,0.35,0.54,0.33,0.5,0.61,0.51,0.59,0.35,0.48,0.61,0.51,0.31,0.44,0.33,0.34,0.48,0.43,0.5,0.42,0.39,0.3,0.32,0.33,0.56,0.4,0.47,0.44,0.5,0.44,0.24,0.46
chr2_62181167,0.13,0.06,0.0,0.14,0.0,0.1,0.11,0.12,0.11,0.04,0.07,0.08,0.04,0.07,0.11,0.0,0.25,0.04,0.22,0.11,0.0,0.38,0.03,0.19,0.21,0.0,0.45,0.06,0.21,0.18,0.1,0.19,0.22,0.09,0.11,0.03,0.3,0.2,0.16,0.0
chr5_125447777,0.71,0.82,0.81,0.69,0.85,0.84,0.78,0.79,0.78,0.7,0.91,0.81,0.82,0.85,0.77,0.78,0.77,0.74,0.85,0.85,0.81,0.6,0.66,0.75,0.73,0.78,0.72,0.73,0.9,0.61,0.72,0.7,0.63,0.72,0.75,0.86,0.85,0.7,0.75,0.71
chr9_113399028,0.76,0.63,0.53,0.59,0.63,0.72,0.64,0.71,0.62,0.63,0.53,0.67,0.68,0.74,0.68,0.55,0.66,0.46,0.7,0.69,0.5,0.53,0.73,0.57,0.66,0.69,0.55,0.57,0.7,0.45,0.59,0.62,0.39,0.55,0.61,0.64,0.7,0.63,0.64,0.66
chr18_78238974,0.69,0.38,0.78,0.0,0.32,0.46,0.0,0.9,0.0,0.0,0.01,0.96,0.45,0.9,0.0,0.5,0.47,0.0,0.33,0.0,0.45,0.38,0.7,0.0,0.0,0.0,0.37,0.0,0.0,0.9,0.0,0.38,0.0,0.0,0.48,0.0,0.41,0.39,0.88,0.47
chr22_50177975,0.47,0.48,0.4,0.42,0.75,0.61,0.45,0.66,0.15,0.25,0.63,0.87,0.55,0.65,0.43,0.53,0.56,0.62,0.38,0.59,0.48,0.17,0.4,0.45,0.62,0.55,0.45,0.23,0.72,0.36,0.32,0.76,0.48,0.51,0.27,0.49,0.43,0.48,0.4,0.74
chr1_5815279,0.39,0.73,0.43,0.65,0.51,0.4,0.55,0.77,0.75,0.76,0.64,0.6,0.72,0.6,0.74,0.46,0.52,0.52,0.48,0.75,0.4,0.72,0.64,0.43,0.57,0.48,0.68,0.56,0.6,0.2,0.54,0.45,0.62,0.55,0.3,0.51,0.65,0.73,0.5,0.53
chr9_91886372,0.3,0.43,0.54,0.37,0.4,0.34,0.42,0.64,0.76,0.49,0.29,0.51,0.43,0.63,0.44,0.66,0.6,0.54,0.31,0.56,0.34,0.46,0.43,0.58,0.64,0.48,0.38,0.22,0.42,0.43,0.55,0.33,0.44,0.51,0.39,0.49,0.2,0.36,0.4,0.54
chr10_132221919,0.66,0.53,0.37,0.6,0.52,0.5,0.76,0.61,0.77,0.57,0.5,0.69,0.73,0.84,0.56,0.63,0.54,0.72,0.680810810810811,0.6,0.81,0.64,0.76,0.69,0.76,0.76,0.71,0.78,0.71,0.83,0.66,0.74,0.67,0.68,0.680810810810811,0.680810810810811,0.8,0.9,0.78,0.81
chr4_73723190,0.26,0.33,0.34,0.25,0.31,0.5,0.41,0.47,0.2,0.27,0.58,0.21,0.15,0.24,0.41,0.47,0.45,0.31,0.35,0.36,0.32,0.53,0.38,0.7,0.39,0.15,0.57,0.41,0.35,0.3,0.6,0.13,0.69,0.45,0.33,0.27,0.39,0.52,0.46,0.19
chr21_42222497,0.06,0.13,0.12,0.0,0.08,0.26,0.12,0.24,0.25,0.04,0.1,0.07,0.13,0.13,0.22,0.12,0.38,0.36,0.33,0.08,0.19,0.25,0.36,0.41,0.21,0.27,0.36,0.07,0.13,0.14,0.4,0.16,0.66,0.3,0.2,0.2,0.25,0.51,0.27,0.04
chr22_26671758,0.16,0.14,0.03,0.12,0.06,0.22,0.05,0.27,0.07,0.13,0.03,0.17,0.03,0.08,0.15,0.11,0.16,0.17,0.14,0.04,0.1,0.02,0.16,0.42,0.0,0.12,0.36,0.0,0.2,0.06,0.22,0.08,0.4,0.47,0.1,0.11,0.31,0.23,0.3,0.0
chr20_21670267,0.78,0.69,0.7,0.71,0.78,0.61,0.76,0.68,0.89,0.82,0.79,0.84,0.85,0.68,0.57,0.8,0.69,0.63,0.67,0.92,0.68,0.64,0.69,0.62,0.5,0.62,0.83,0.66,0.55,0.87,0.57,0.77,0.62,0.7,0.69,0.84,0.74,0.66,0.78,0.77
chr18_12076768,0.44,0.51,0.47,0.76,0.35,0.34,0.13,0.46,0.3,0.0,0.16,0.41,0.57,0.15,0.33,0.44,0.28,0.45,0.35,0.03,0.37,0.32,0.22,0.43,0.54,0.38,0.15,0.25,0.44,0.5,0.44,0.67,0.54,0.52,0.31,0.68,0.38,0.31,0.72,0.25
chr5_2371503,0.89,0.93,0.71,0.52,0.95,0.66,0.73,0.81,0.76,0.7818421052631579,0.88,0.81,0.88,0.87,0.75,1.0,0.8,0.9,0.89,0.85,0.61,0.81,0.78,0.76,0.5,0.89,0.67,0.82,0.9,0.57,0.87,0.55,0.9,0.58,0.7818421052631579,0.65,0.63,0.82,0.88,0.93
chr9_86414225,0.64,0.21,0.51,0.5,0.52,0.65,0.63,0.45,0.55,0.5881081081081081,0.61,0.72,0.44,0.58,0.35,0.58,0.4,0.33,0.75,0.66,0.44,0.5881081081081081,0.78,0.44,0.68,0.5881081081081081,0.65,0.71,0.6,0.51,0.8,0.84,0.72,0.5,0.71,0.83,0.75,0.44,0.5,0.78
chr11_116910572,0.06,0.1,0.24,0.08,0.32,0.3,0.24,0.28,0.17,0.13,0.23,0.14,0.14,0.14,0.35,0.22,0.42,0.38,0.41,0.08,0.19,0.11,0.44,0.41,0.4,0.19,0.41,0.05,0.44,0.13,0.5,0.25,0.52,0.5,0.29,0.04,0.48,0.43,0.33,0.06
chr5_149264629,0.83,0.73,0.7237837837837839,0.66,0.89,0.71,0.78,0.85,0.93,0.66,0.75,0.88,0.73,0.85,0.58,0.88,0.72,0.7237837837837839,0.5,0.66,0.59,0.56,0.66,0.62,0.77,0.82,0.54,0.87,0.6,0.73,0.48,0.68,0.78,0.7237837837837839,0.84,0.73,0.56,0.78,0.7,0.88
chr8_144108291,0.7,0.91,0.75,0.86,0.84,0.72,0.85,0.84,0.95,0.8,0.65,0.42,0.83,0.92,0.72,0.4,0.84,0.8,0.72,0.8,0.64,0.37,0.76,0.61,0.66,0.75,0.74,0.72,0.66,0.9,0.65,0.53,0.83,0.7213157894736841,0.7213157894736841,0.7,0.88,0.39,0.46,0.84
chr20_38978503,0.75,0.84,0.9,0.9,0.9,0.0,0.8,0.65,0.23,0.48,0.44,0.91,0.93,0.88,0.0,0.9,0.88,0.86,0.5,0.93,0.6405263157894737,0.54,0.53,0.8,0.9,0.84,0.6405263157894737,0.5,0.8,0.48,0.85,0.21,1.0,1.0,0.38,0.0,0.36,0.63,0.0,0.84
chr3_14297691,0.54,0.69,0.32,0.47,0.54,0.42,0.78,0.54,0.69,0.92,0.76,0.51,0.73,0.38,0.85,0.81,0.81,0.63,0.56,0.85,0.59,0.56,0.77,0.42,0.6,0.52,0.74,0.62,0.56,0.57,0.56,0.43,0.62,0.41,0.65,0.55,0.8,0.55,0.54,0.65
chr12_1547171,0.88,0.72,0.75,0.79,0.9,0.88,0.83,0.77,0.92,1.0,0.92,0.8,0.75,0.76,0.87,0.93,0.8,0.75,0.9,0.93,0.62,0.78,0.81,0.68,0.88,0.82,0.73,0.75,0.77,0.66,0.84,0.89,0.79,0.81,0.73,0.75,0.74,0.8,0.85,0.84
chr13_113607493,0.0,0.05,0.0,0.0,0.15,0.24,0.0,0.13,0.03,0.16,0.17,0.0,0.04,0.0,0.0,0.04,0.0,0.18,0.0,0.0,0.02,0.11,0.14,0.31,0.27,0.05,0.16,0.08,0.04,0.25,0.24,0.13,0.19,0.27,0.16,0.04,0.13,0.33,0.17,0.0
chr7_94241618,0.83,0.73,0.9,0.79,0.8,0.8,0.81,0.77,0.82,0.8,0.83,0.82,0.91,0.84,0.67,0.74,0.66,0.6,0.72,0.92,0.73,0.92,0.78,0.63,0.5,0.86,0.6,0.81,0.76,0.8,0.71,0.8,0.53,0.81,0.78,0.8,0.74,0.62,0.77,0.77
chr14_101706697,0.94,0.8,0.84,0.86,1.0,0.77,0.75,0.79,0.8,0.9,0.9,0.89,0.76,0.88,0.88,0.92,0.78,0.83,0.93,1.0,0.9,0.71,0.65,0.63,0.72,0.84,0.5,0.86,0.65,0.827179487179487,0.88,0.83,0.67,0.68,1.0,1.0,0.83,0.8,0.95,0.94
chr11_112164202,0.09,0.16,0.04,0.0,0.0,0.06,0.05,0.14,0.03,0.03,0.09,0.0,0.08,0.04,0.22,0.03,0.22,0.08,0.05,0.04,0.0,0.21,0.12,0.23,0.09,0.16,0.47,0.0,0.03,0.04,0.2,0.0,0.33,0.15,0.2,0.1,0.22,0.25,0.0,0.0
chr12_52371227,0.88,0.85,0.8,0.72,0.85,0.8,0.89,0.93,0.88,0.83,0.83,0.95,0.89,0.89,0.87,0.86,0.93,0.82,0.87,0.92,0.71,0.76,0.82,0.84,0.88,0.85,0.84,0.88,0.84,0.66,0.82,0.76,0.79,0.86,0.84,0.83,0.84,0.82,0.84,0.96
chr5_141242044,0.42,0.46,0.4,0.26,0.24,0.1,0.16,0.46,0.4,0.08,0.4,0.37,0.25,0.54,0.5,0.5,0.41,0.11,0.55,0.4,0.27,0.28,0.41,0.18,0.3,0.36,0.4,0.14,0.29,0.2,0.3,0.14,0.31,0.5,0.16,0.33,0.3,0.36,0.13,0.38
chr16_3591447,0.13,0.04,0.07,0.11,0.1,0.2,0.31,0.15,0.25,0.05,0.23,0.06,0.0,0.20368421052631575,0.16,0.31,0.31,0.26,0.39,0.16,0.17,0.13,0.19,0.6,0.26,0.16,0.25,0.09,0.20368421052631575,0.18,0.29,0.08,0.55,0.21,0.3,0.1,0.2,0.42,0.22,0.05
chr4_3822252,0.94,0.84,0.79,0.77,0.87,0.85,0.85,0.8,0.86,0.95,0.62,0.76,1.0,0.85,0.94,0.86,0.9,0.73,0.95,0.86,0.81,0.62,0.89,0.77,0.85,0.88,0.88,0.74,0.89,0.9,0.87,0.77,0.89,0.95,0.73,0.93,0.51,0.73,0.0,1.0
chr4_3485170,0.75,0.39,0.36,0.44,0.46,0.3,0.56,0.31,0.58,0.22,0.45,0.65,0.64,0.58,0.58,0.47,0.4964102564102564,0.5,0.3,0.44,0.4,0.51,0.68,0.51,0.57,0.54,0.63,0.61,0.54,0.44,0.48,0.72,0.42,0.55,0.54,0.31,0.42,0.7,0.41,0.4
chr7_128359810,0.86,0.63,0.91,0.88,0.84,0.91,0.7,0.95,0.77,0.8028947368421054,0.76,0.93,0.87,0.8,0.82,1.0,0.79,0.76,0.88,0.93,0.8,0.7,0.92,0.76,0.69,0.82,0.76,0.82,0.73,0.41,0.75,0.83,0.77,1.0,0.6,0.73,0.86,0.8,0.77,0.8028947368421054
chr10_128008204,0.58,0.91,0.9,0.85,0.88,0.8,0.83,0.8,1.0,0.93,0.66,0.68,0.89,0.84,0.83,0.77,0.8,0.7733333333333333,0.7733333333333333,0.75,0.65,0.68,0.79,0.75,0.7733333333333333,0.77,0.75,0.89,0.7733333333333333,0.54,0.72,0.57,0.73,0.88,0.57,0.83,0.76,0.77,0.57,0.92
chr12_47216437,0.04,0.06,0.0,0.04,0.0,0.11,0.0,0.03,0.04,0.0,0.08,0.0,0.0,0.05,0.0,0.04,0.0,0.0,0.05,0.0,0.0,0.06615384615384616,0.08,0.13,0.21,0.08,0.21,0.0,0.07,0.0,0.0,0.03,0.2,0.41,0.0,0.14,0.18,0.2,0.1,0.0
