chr	start	stop	mean difference	#CpGs	mean g1	mean g2	annot.symbol	annot.type	p(MWU)_new	-log10(q)	hue
chr1	939277	939583	-0.019767	12	0.662	0.68177	SAMD11	hg38_genes_promoters	0.1114604281719972	0.819387751743703	0
chr1	151198605	151198847	0.010335	12	0.02675	0.016415	PIP5K1A	hg38_genes_promoters	3.485352834993636e-05	3.565927710376498	0
chr1	151254407	151254509	0.023271	10	0.1372	0.11393	PSMD4	hg38_genes_promoters	0.4866086426208319	0.2935590665585352	0
chr1	151289695	151290077	0.022786	10	0.4162	0.39341	ZNF687	hg38_genes_promoters	0.6545819345956505	0.1766528006815443	0
chr1	151301883	151302293	-0.012747	10	0.8352	0.84795	PI4KB	hg38_genes_promoters	0.1535245961168947	0.7100350022541513	0
chr1	151368812	151369094	-0.020547	10	0.8294	0.84995	SELENBP1	hg38_genes_promoters	0.0148424993530868	1.500709914492775	0
chr1	151373189	151373427	0.036981	10	0.8716	0.83462	SELENBP1	hg38_genes_promoters	1.219117095010126e-05	3.944009482373268	0
chr1	151423948	151424476	-0.012492	11	0.87827	0.89077	POGZ	hg38_genes_promoters	0.0131354249695063	1.5408737665781922	0
chr1	151717160	151717509	-0.032981	10	0.1638	0.19678	CELF3	hg38_genes_promoters	0.0349882569918672	1.2074186381689223	0
chr1	151165505	151165773	0.058051	10	0.2627	0.20465	SCNM1	hg38_genes_promoters	0.0302719791609882	1.2554399070694144	0
chr1	151721804	151722095	0.036724	10	0.1627	0.12598	RIIAD1	hg38_genes_promoters	0.0578899589267034	1.038824735686772	0
chr1	152080885	152081353	0.019872	16	0.80025	0.78038	LOC100131107	hg38_genes_promoters	0.0319889270486275	1.2367895926109862	0
chr1	152189288	152189375	0.012599	13	0.055231	0.042632	FLG-AS1	hg38_genes_promoters	0.7786144051651254	0.1057068188504627	0
chr1	152311899	152312235	0.010601	10	0.8163	0.8057	FLG-AS1	hg38_genes_promoters	0.3393273197185072	0.4291976979785356	0
chr1	152622822	152623266	-0.020388	11	0.16645	0.18684	LCE3A	hg38_genes_promoters	0.1373914762161172	0.7483711793316374	0
chr1	152623282	152623431	-0.021542	10	0.0683	0.089842	LCE3A	hg38_genes_promoters	0.0539116446474884	1.0637012589548946	0
chr1	153565972	153567248	-0.016581	17	0.37182	0.3884	S100A2	hg38_genes_promoters	0.351031305882212	0.4165914630366123	0
chr1	153609058	153609407	0.019789	10	0.775	0.75521	S100A16	hg38_genes_promoters	0.0197329424886104	1.4024843265775886	0
chr1	153627194	153627355	-0.118995	10	0.1989	0.31789	S100A1	hg38_genes_promoters	7.631127268574573e-08	5.7559525303384405	-1
chr1	151825882	151826239	0.023192	10	0.7074	0.68421	RORC	hg38_genes_promoters	0.2955571753653834	0.47799059975134306	0
chr1	153627194	153627355	-0.118995	10	0.1989	0.31789	S100A13	hg38_genes_promoters	7.631127268574573e-08	5.7559525303384405	-1
chr1	151164797	151165247	-0.030072	10	0.575	0.60507	SCNM1	hg38_genes_promoters	0.3548166052419828	0.4124618937875711	0
chr1	150720585	150720870	-0.023581	10	0.8587	0.88228	HORMAD1	hg38_genes_promoters	0.0004504845460182	2.679354031913462	0
chr1	119367508	119368487	-0.039536	16	0.66537	0.70491	HAO2	hg38_genes_promoters	0.0224269971922942	1.359987516663077	0
chr1	119896512	119896946	0.010214	17	0.72771	0.71749	ADAM30	hg38_genes_promoters	0.4215444722035522	0.34834629689702157	0
chr1	120433701	120434076	-0.01649	13	0.82538	0.84188	PFN1P2	hg38_genes_promoters	0.001207092218127	2.3382390398992356	0
chr1	121396685	121396769	-0.022555	13	0.029231	0.051786	LINC02798	hg38_genes_promoters	0.016944306732963	1.4532658368957803	0
chr1	143904449	143904582	-0.022689	10	0.6181	0.64079	LOC105371209	hg38_genes_promoters	0.1271555865468373	0.7737298430404275	0
chr1	145168985	145169394	0.039202	10	0.6481	0.6089	LINC01145	hg38_genes_promoters	0.0003745039672687	2.744310750352226	0
chr1	146052375	146052554	-0.031044	17	0.098	0.12904	RNVU1-6	hg38_genes_promoters	0.0011140484723925	2.367721301313315	0
chr1	146052375	146052554	-0.031044	17	0.098	0.12904	LINC01719	hg38_genes_promoters	0.0011140484723925	2.367721301313315	0
chr1	150926391	150926627	-0.012442	10	0.0059	0.018342	SETDB1	hg38_genes_promoters	0.0025673701478021	2.0806203963942473	0
chr1	147178077	147178272	0.014735	26	0.34081	0.32607	PDIA3P1	hg38_genes_promoters	0.0317593670005789	1.239136322857654	0
chr1	149017486	149018320	-0.013306	13	0.83254	0.84584	PDE4DIP	hg38_genes_promoters	0.005094552940532	1.8530638865411138	0
chr1	149811992	149812099	0.029746	13	0.41292	0.38318	H2BC18	hg38_genes_promoters	0.0142757676161267	1.5141688589726274	0
chr1	149931363	149931961	0.011171	10	0.6982	0.68703	MTMR11	hg38_genes_promoters	0.7736039202255742	0.10845638921990262	0
chr1	149933793	149934257	-0.014216	10	0.866	0.88022	MTMR11	hg38_genes_promoters	0.0026687708314502	2.0676334649060975	0
chr1	149936630	149936965	0.02736	10	0.5922	0.56484	MTMR11	hg38_genes_promoters	0.1140563639168888	0.812016167060669	0
chr1	150158998	150159212	0.024293	10	0.7447	0.72041	LOC105371433	hg38_genes_promoters	0.1126956516080468	0.8161357817696903	0
chr1	150282921	150283050	0.027226	10	0.4026	0.37537	CIART	hg38_genes_promoters	0.1075445688215167	0.8313920949506179	0
chr1	150558560	150558883	-0.040509	12	0.63883	0.67934	ADAMTSL4-AS2	hg38_genes_promoters	0.0036823411453847	1.95991909485107	0
chr1	147773063	147773708	-0.046835	10	0.2883	0.33513	GJA5	hg38_genes_promoters	0.102771602413133	0.8461346992773846	0
chr1	153633460	153633780	0.07706	14	0.55236	0.4753	CHTOP	hg38_genes_promoters	1.1712065235362868e-05	3.956058498438126	0
chr1	153933840	153934287	0.023652	10	0.8549	0.83125	DENND4B	hg38_genes_promoters	0.0083288818750788	1.690502826671192	0
chr1	153944199	153944369	0.027579	10	0.6789	0.65132	DENND4B	hg38_genes_promoters	0.117766536872971	0.8008698383389128	0
chr1	155966178	155966846	0.015338	10	0.748	0.73266	ARHGEF2	hg38_genes_promoters	0.4066646116703323	0.36200219938489175	0
chr1	156136727	156137072	-0.026321	10	0.8121	0.83842	LMNA	hg38_genes_promoters	0.0042901962702923	1.9082250804235823	0
chr1	156285767	156286657	0.016442	24	0.862	0.84556	TMEM79	hg38_genes_promoters	0.0125268892937535	1.5555367109407359	0
chr1	156291424	156291536	-0.013442	10	0.1214	0.13484	SMG5	hg38_genes_promoters	0.0005485517681751	2.610253024385495	0
chr1	156295270	156295647	-0.010253	10	0.0858	0.096053	GLMP	hg38_genes_promoters	0.3472973369732868	0.4204124407026015	0
chr1	156407811	156408222	-0.0162	10	0.7748	0.791	MIR9-1HG	hg38_genes_promoters	0.1766551841625329	0.6600221436470302	0
chr1	156490113	156490736	-0.015738	10	0.196	0.21174	MEF2D	hg38_genes_promoters	0.417626431989433	0.35171408949302757	0
chr1	156581454	156582081	0.030387	17	0.56441	0.53402	TTC24	hg38_genes_promoters	0.092612607484917	0.8799880633259968	0
chr1	155688324	155688435	-0.016964	10	0.017	0.033964	YY1AP1	hg38_genes_promoters	0.0003554312744518	2.7610139768878104	0
chr1	156583970	156584370	-0.022439	10	0.33852	0.36096	TTC24	hg38_genes_promoters	0.6216760331402851	0.19748305402202362	0
chr1	156646705	156646903	0.019706	24	0.18433	0.16463	BCAN	hg38_genes_promoters	0.0077426872807101	1.7136793495730145	0
chr1	156744940	156745296	-0.022824	10	0.4498	0.47262	HDGF	hg38_genes_promoters	0.3686261067894165	0.3984543853993418	0
chr1	156814444	156815121	0.033163	10	0.7174	0.68424	NTRK1	hg38_genes_promoters	0.0362733523554809	1.1956482952500718	0
chr1	156814444	156815121	0.033163	10	0.7174	0.68424	SH2D2A	hg38_genes_promoters	0.0362733523554809	1.1956482952500718	0
chr1	156893710	156893811	-0.010473	10	0.0072	0.017673	PEAR1	hg38_genes_promoters	0.0032041599742362	2.0063182100563908	0
chr1	156947331	156947738	0.022889	10	0.8561	0.83321	ARHGEF11	hg38_genes_promoters	0.0066573565622404	1.7665852317000108	0
chr1	157045366	157045553	-0.013194	10	0.0041	0.017294	ARHGEF11	hg38_genes_promoters	0.0239893511638732	1.3363614832636124	0
chr1	157099340	157099819	-0.016995	10	0.4649	0.48189	ETV3L	hg38_genes_promoters	0.4680118522037165	0.30839502403135194	0
chr1	156642156	156642287	-0.011342	12	0.014667	0.026009	BCAN	hg38_genes_promoters	0.0048774660404888	1.8659376989277707	0
chr1	155688324	155688435	-0.016964	10	0.017	0.033964	DAP3	hg38_genes_promoters	0.0003554312744518	2.7610139768878104	0
chr1	155320265	155320686	-0.053401	13	0.18585	0.23925	RUSC1	hg38_genes_promoters	0.0049420751735047	1.8624019882348295	0
chr1	155211673	155211946	0.036443	12	0.80175	0.76531	MTX1	hg38_genes_promoters	0.0004272236993486	2.69911603567363	0
chr1	153986051	153986239	-0.020974	10	0.0135	0.034474	RAB13	hg38_genes_promoters	3.871548607197544e-07	5.180210535006766	-1
chr1	154154749	154155119	-0.092586	20	0.696	0.78859	NUP210L	hg38_genes_promoters	8.87419025149051e-09	6.5732401692796225	-1
chr1	154330012	154330600	0.013923	10	0.7485	0.73458	ATP8B2	hg38_genes_promoters	0.4511961329808894	0.3224166208979917	0
chr1	154486140	154486721	-0.029945	10	0.5304	0.56035	SHE	hg38_genes_promoters	0.218681939631011	0.5838275411721187	0
chr1	154501631	154501782	-0.043918	18	0.040556	0.084474	TDRD10	hg38_genes_promoters	6.7279147196641e-09	6.671893813010332	-1
chr1	154609530	154609919	0.07134	10	0.3278	0.25646	ADAR	hg38_genes_promoters	0.007869697918113	1.7084907495052761	0
chr1	154970433	154971175	-0.013447	12	0.15175	0.1652	SHC1	hg38_genes_promoters	0.3048427199793969	0.4670935471854601	0
chr1	154971199	154971958	-0.042219	10	0.4812	0.52341	SHC1	hg38_genes_promoters	0.141148563490469	0.7390900906038609	0
chr1	154989418	154990403	-0.016307	10	0.845	0.86131	FLAD1	hg38_genes_promoters	0.2791336440712419	0.4970869806357114	0
chr1	155032874	155033272	0.020146	13	0.84723	0.82709	DCST1	hg38_genes_promoters	0.0141143975059644	1.5176030338138389	0
chr1	155054393	155054738	-0.018679	10	0.8344	0.85308	ADAM15	hg38_genes_promoters	0.0226716220144015	1.3562180103348935	0
chr1	155057754	155057997	0.019321	10	0.8609	0.84158	ADAM15	hg38_genes_promoters	0.0101081544301172	1.6272616216493885	0
chr1	155129947	155130245	-0.025521	10	0.1709	0.19642	EFNA1	hg38_genes_promoters	0.1603304725383493	0.6945337077102626	0
chr1	155130745	155131526	-0.026842	10	0.7009	0.72774	EFNA1	hg38_genes_promoters	0.1596015120709988	0.6961055639762757	0
chr1	155187240	155187628	-0.029245	14	0.73914	0.76839	KRTCAP2	hg38_genes_promoters	0.0206273630054211	1.3882780888393738	0
chr1	155187682	155187889	-0.056268	10	0.6301	0.68637	MUC1	hg38_genes_promoters	0.0012332520748882	2.3313766707330354	0
chr1	155187682	155187889	-0.056268	10	0.6301	0.68637	KRTCAP2	hg38_genes_promoters	0.0012332520748882	2.3313766707330354	0
chr1	155188606	155188709	0.018232	12	0.77942	0.76118	MUC1	hg38_genes_promoters	0.0096480723014259	1.6430116959295902	0
chr1	155188719	155188811	0.062234	10	0.85789	0.79566	MUC1	hg38_genes_promoters	6.402661247864364e-08	5.823432028260365	1
chr1	119367508	119368487	-0.039536	16	0.66537	0.70491	HAO2-IT1	hg38_genes_promoters	0.0224269971922942	1.359987516663077	0
chr1	157925417	157925703	0.02025	16	0.86338	0.84313	LOC105371458	hg38_genes_promoters	0.0006927881607554	2.5281753415639554	0
chr1	118185337	118185473	-0.012232	10	0.0214	0.033632	SPAG17	hg38_genes_promoters	0.0207532131774683	1.3863829386149582	0
chr1	116966931	116967231	-0.016302	13	0.85423	0.87053	PTGFRN	hg38_genes_promoters	0.0083247895876411	1.6905844399412242	0
chr1	67833899	67834187	-0.022733	10	0.7118	0.73453	GNG12	hg38_genes_promoters	0.0133056263791301	1.5362251522896222	0
chr1	68050473	68050944	-0.036223	27	0.39493	0.43115	DIRAS3	hg38_genes_promoters	0.0162255144255498	1.4688346445924099	0
chr1	68051712	68051861	-0.066711	10	0.4325	0.49921	DIRAS3	hg38_genes_promoters	0.0007676262909893	2.4931912992413863	0
chr1	68155240	68156034	-0.016978	10	0.8305	0.84748	WLS	hg38_genes_promoters	0.0420647492541666	1.1453689306591428	0
chr1	71048031	71048251	-0.026842	12	0.059167	0.086009	PTGER3	hg38_genes_promoters	7.858847944240963e-06	4.10096521147922	0
chr1	71048031	71048251	-0.026842	12	0.059167	0.086009	ZRANB2-AS1	hg38_genes_promoters	7.858847944240963e-06	4.10096521147922	0
chr1	75127429	75127908	-0.030689	10	0.1727	0.20339	LHX8	hg38_genes_promoters	0.3462069791562085	0.42148361847421645	0
chr1	77632230	77633263	-0.019524	10	0.7177	0.73722	ZZZ3	hg38_genes_promoters	0.111815800374581	0.8184442589243178	0
chr1	67430038	67430165	0.015029	11	0.038091	0.023062	SERBP1	hg38_genes_promoters	3.9671578201249534e-05	3.519650592793374	0
chr1	78491041	78491157	-0.012613	17	0.0084706	0.021084	PTGFR	hg38_genes_promoters	5.029224989629264e-10	7.663574652150584	-1
chr1	83861255	83861862	-0.025737	10	0.606	0.63174	LOC101927560	hg38_genes_promoters	0.5253910727551243	0.26373101830253853	0
chr1	83861255	83861862	-0.025737	10	0.606	0.63174	LINC01725	hg38_genes_promoters	0.5253910727551243	0.26373101830253853	0
chr1	87371635	87372673	-0.027784	10	0.8535	0.88128	LINC01364	hg38_genes_promoters	0.000386690432596	2.7338703979021295	0
chr1	90717489	90717534	0.040289	10	0.2395	0.19921	BARHL2	hg38_genes_promoters	0.0172644549632591	1.4474797894625409	0
chr1	90832044	90832449	-0.01955	10	0.1421	0.16165	LINC02609	hg38_genes_promoters	0.2004357943858959	0.6147330579826032	0
chr1	90850692	90850800	-0.011542	10	0.0033	0.014842	LINC01763	hg38_genes_promoters	2.013922714249209e-07	5.418600909391625	-1
chr1	91328911	91329334	0.016195	10	0.8193	0.80311	HFM1	hg38_genes_promoters	0.758398833761607	0.11659134252161096	0
chr1	91948811	91949491	0.018505	32	0.78613	0.76762	BRDT	hg38_genes_promoters	0.0447252256200531	1.1238323203127767	0
chr1	81800724	81800758	-0.015043	10	0.0147	0.029743	ADGRL2	hg38_genes_promoters	7.369911866822026e-05	3.3024122597551933	0
chr1	93346292	93346382	-0.011621	10	0.0013	0.012921	CCDC18-AS1	hg38_genes_promoters	2.8752119488199724e-08	6.1231149623479215	-1
chr1	67307788	67307888	-0.010069	13	0.011827	0.021897	IL12RB2	hg38_genes_promoters	0.0005249157870829	2.6250259304416295	0
chr1	67134818	67134975	-0.031205	10	0.0279	0.059105	C1orf141	hg38_genes_promoters	0.0016766440286163	2.2260334798998507	0
chr1	54715036	54715596	0.015226	10	0.5237	0.50847	TTC4	hg38_genes_promoters	0.1632550232822485	0.6880378584948768	0
chr1	54886393	54886671	-0.020911	10	0.0903	0.11121	DHCR24	hg38_genes_promoters	0.1246347919060774	0.7805688124890551	0
chr1	54980461	54980533	-0.013179	10	0.0304	0.043579	TMEM61	hg38_genes_promoters	0.0309036625048276	1.2485481597365808	0
chr1	54980461	54980533	-0.013179	10	0.0304	0.043579	LOC105378736	hg38_genes_promoters	0.0309036625048276	1.2485481597365808	0
chr1	54998856	54999152	-0.0174	10	0.6946	0.712	BSND	hg38_genes_promoters	0.4180067801354309	0.35137608508740964	0
chr1	55039753	55039872	-0.01007	12	0.0071667	0.017237	PCSK9	hg38_genes_promoters	2.3110857443542654e-08	6.205089240102901	-1
chr1	58784922	58785081	-0.012518	13	0.0046923	0.017211	LINC01135	hg38_genes_promoters	1.5018000284139525e-06	4.696939314390735	0
chr1	58784922	58785081	-0.012518	13	0.0046923	0.017211	LOC101926907	hg38_genes_promoters	1.5018000284139525e-06	4.696939314390735	0
chr1	67135001	67135280	-0.025121	10	0.1681	0.19322	C1orf141	hg38_genes_promoters	0.6566398309298065	0.17545381861163745	0
chr1	58784922	58785081	-0.012518	13	0.0046923	0.017211	JUN	hg38_genes_promoters	1.5018000284139525e-06	4.696939314390735	0
chr1	60073808	60073887	-0.0167	10	0.0913	0.108	C1orf87	hg38_genes_promoters	0.0266543099922	1.2997214428438266	0
chr1	61406407	61406752	-0.019641	10	0.8524	0.87204	NFIA	hg38_genes_promoters	0.0012017379449267	2.3395097059937395	0
chr1	61654144	61654303	-0.010012	18	0.83578	0.84579	MGC34796	hg38_genes_promoters	0.0063575138914431	1.7807919054638308	0
chr1	62194683	62194895	0.018958	10	0.1448	0.12584	L1TD1	hg38_genes_promoters	0.2583371473048931	0.525648670526421	0
chr1	62263493	62264188	-0.018005	16	0.79031	0.80832	KANK4	hg38_genes_promoters	0.001650523748785	2.2308722383702597	0
chr1	63317852	63317987	-0.016174	10	0.0784	0.094574	LINC00466	hg38_genes_promoters	0.5393418819574043	0.253520242137471	0
chr1	65148280	65148445	-0.031611	20	0.04185	0.073461	AK4	hg38_genes_promoters	1.626871729567945e-14	11.707955600749905	-1
chr1	65264609	65264869	-0.023332	13	0.026615	0.049948	DNAJC6	hg38_genes_promoters	2.355269927135443e-06	4.538097262935751	0
chr1	59147421	59147790	-0.020247	10	0.8147	0.83495	HSD52	hg38_genes_promoters	0.0246862218593507	1.3266061959916973	0
chr1	93682034	93682267	-0.012489	10	0.1073	0.11979	BCAR3	hg38_genes_promoters	0.5103141532066462	0.27514627236989425	0
chr1	94010906	94011668	0.010807	12	0.588	0.57719	ABCA4	hg38_genes_promoters	0.5437517174177084	0.2502620157381651	0
chr1	94063142	94063707	-0.013947	10	0.5517	0.56565	ABCA4	hg38_genes_promoters	0.3456698119767973	0.4220990682501416	0
chr1	109751551	109752051	0.016689	10	0.8449	0.82821	EPS8L3	hg38_genes_promoters	0.1482370335495076	0.7223067542045605	0
chr1	110017985	110018561	-0.013689	10	0.8678	0.88149	AHCYL1	hg38_genes_promoters	0.0018451585676711	2.193249626130039	0
chr1	110222838	110223102	-0.018216	10	0.8631	0.88132	KCNC4	hg38_genes_promoters	0.0084266008628399	1.6864902606781704	0
chr1	110472676	110472891	0.036789	10	0.786	0.74921	CYMP	hg38_genes_promoters	0.0044450295822773	1.8960703330014117	0
chr1	110472676	110472891	0.036789	10	0.786	0.74921	LOC105378898	hg38_genes_promoters	0.0044450295822773	1.8960703330014117	0
chr1	110606207	110606381	-0.01092	10	0.0173	0.02822	KCNA2	hg38_genes_promoters	0.0126310314157911	1.5525385962003464	0
chr1	110607919	110608531	-0.019216	22	0.29123	0.31044	KCNA2	hg38_genes_promoters	0.4456210857785559	0.32707741937047535	0
chr1	111503848	111504416	-0.038282	10	0.4066	0.44488	ADORA3	hg38_genes_promoters	0.219239620605687	0.5830048473380102	0
chr1	109712097	109712213	0.012263	12	0.1545	0.14224	GSTM5	hg38_genes_promoters	0.1521110343220262	0.7135050174369365	0
chr1	111503848	111504416	-0.038282	10	0.4066	0.44488	TMIGD3	hg38_genes_promoters	0.219239620605687	0.5830048473380102	0
chr1	112711931	112712432	0.017449	10	0.8479	0.83045	RHOC	hg38_genes_promoters	0.1207328243028843	0.7917980787285664	0
chr1	112711931	112712432	0.017449	10	0.8479	0.83045	PPM1J	hg38_genes_promoters	0.1207328243028843	0.7917980787285664	0
chr1	114154864	114155103	-0.02849	13	0.095154	0.12364	SYT6	hg38_genes_promoters	0.006859463639627	1.7555301609253027	0
chr1	114854416	114854831	0.026159	10	0.642	0.61584	SYCP1	hg38_genes_promoters	0.292054628953965	0.4823796545236707	0
chr1	114854842	114854926	0.082621	10	0.6102	0.52758	SYCP1	hg38_genes_promoters	7.460323117635217e-09	6.636833347533032	1
chr1	115671079	115671354	-0.025753	10	0.5333	0.55905	VANGL1	hg38_genes_promoters	0.2711921271790402	0.507591377150085	0
chr1	115976410	115976466	0.012397	10	0.0199	0.0075029	SLC22A15	hg38_genes_promoters	5.464333061686374e-05	3.4076208639350902	0
chr1	116493305	116493551	-0.012984	10	0.8067	0.81968	LOC112268235	hg38_genes_promoters	0.1335727538035311	0.7582242855601032	0
chr1	112697886	112699549	-0.018302	28	0.81414	0.83245	MOV10	hg38_genes_promoters	0.0045443467501451	1.8890809882942972	0
chr1	109669270	109669533	-0.044345	12	0.65042	0.69476	GSTM2	hg38_genes_promoters	0.0001047668878298	3.1774971786761643	0
chr1	109657570	109658262	-0.012582	10	0.8191	0.83168	GSTM4	hg38_genes_promoters	0.131640054764652	0.7621945744760106	0
chr1	109625343	109625452	0.036114	10	0.8304	0.79429	AMPD2	hg38_genes_promoters	1.5943790309730862e-05	3.8496839288243647	0
chr1	94623909	94624751	-0.017758	15	0.82807	0.84582	SLC44A3-AS1	hg38_genes_promoters	0.0012727377122624	2.3197199786776377	0
chr1	94927487	94927582	-0.010811	10	0.0174	0.028211	CNN3-DT	hg38_genes_promoters	0.0059367495320477	1.8019871509975456	0
chr1	94927487	94927582	-0.010811	10	0.0174	0.028211	CNN3	hg38_genes_promoters	0.0059367495320477	1.8019871509975456	0
chr1	98045191	98045411	0.013287	10	0.0509	0.037613	MIR2682	hg38_genes_promoters	0.016999467418041	1.45231803807494	0
chr1	98045191	98045411	0.013287	10	0.0509	0.037613	MIR137HG	hg38_genes_promoters	0.016999467418041	1.45231803807494	0
chr1	98661345	98661419	-0.013568	10	0.0158	0.029368	SNX7	hg38_genes_promoters	0.001304968301265	2.311282904535607	0
chr1	99645397	99646238	-0.052625	14	0.47143	0.52405	PALMD	hg38_genes_promoters	0.0180748258646177	1.4322069960713342	0
chr1	102853851	102854007	0.056765	18	0.82183	0.76507	LOC112268286	hg38_genes_promoters	2.547824313193971e-12	9.773424463483655	1
chr1	103108123	103108258	-0.012963	10	0.0113	0.024263	COL11A1	hg38_genes_promoters	0.0006723596633414	2.537706246900524	0
chr1	108830573	108830807	-0.077022	12	0.42758	0.50461	AKNAD1	hg38_genes_promoters	0.0001121294949261	3.152079268262821	0
chr1	108876066	108876338	-0.024674	10	0.7768	0.80147	GPSM2	hg38_genes_promoters	0.0704845341055121	0.9715414391095663	0
chr1	109190910	109191290	-0.034347	10	0.6786	0.71295	ELAPOR1	hg38_genes_promoters	0.1290620691055156	0.7683345154667481	0
chr1	109199488	109199998	-0.017695	10	0.1122	0.12989	ELAPOR1	hg38_genes_promoters	0.1240209589239795	0.7821399779882271	0
chr1	109235302	109235801	-0.035584	10	0.8221	0.85768	SARS1	hg38_genes_promoters	0.0362049528564875	1.195994864281663	0
chr1	109268810	109269132	0.034452	12	0.85958	0.82513	CELSR2	hg38_genes_promoters	4.064508131220623e-07	5.16546735112042	1
chr1	109281889	109282354	-0.037605	10	0.18	0.21761	PSRC1	hg38_genes_promoters	0.1256324910386094	0.777821375765505	0
chr1	109307231	109307935	-0.036484	13	0.53592	0.57241	MYBPHL	hg38_genes_promoters	0.0466174494430476	1.1113218712215203	0
chr1	109317497	109317740	0.013663	10	0.8654	0.85174	SORT1	hg38_genes_promoters	0.0558801378638246	1.0508989327762415	0
chr1	109489306	109489855	0.020257	10	0.845	0.82474	ATXN7L2	hg38_genes_promoters	0.3492368962334389	0.41852329390647414	0
chr1	118185337	118185473	-0.012232	10	0.0214	0.033632	LOC105378930	hg38_genes_promoters	0.0207532131774683	1.3863829386149582	0
chr1	158177643	158177782	-0.058267	15	0.26573	0.324	CD1D	hg38_genes_promoters	0.0005132491945703	2.6330817820279884	0
chr1	159140798	159141664	-0.050277	13	0.69862	0.74889	AIM2	hg38_genes_promoters	0.0074883404423738	1.7241342040972614	0
chr1	159202659	159203692	0.013348	10	0.7574	0.74405	ACKR1	hg38_genes_promoters	0.7911639405425853	0.09908783905243261	0
chr1	213988928	213989130	-0.010871	10	0.0109	0.021771	PROX1	hg38_genes_promoters	0.0115428394897922	1.5827372762385956	0
chr1	214330641	214331049	-0.035725	12	0.78283	0.81856	SMYD2	hg38_genes_promoters	0.0030815492819395	2.0201059727416815	0
chr1	220747895	220748160	-0.010958	15	0.035533	0.046491	MTARC2	hg38_genes_promoters	0.0044567398177171	1.8952352816871814	0
chr1	222712217	222712449	0.013106	11	0.049545	0.036439	AIDA	hg38_genes_promoters	1.1923391927083158e-05	3.951884582962529	0
chr1	222712217	222712449	0.013106	11	0.049545	0.036439	BROX	hg38_genes_promoters	1.1923391927083158e-05	3.951884582962529	0
chr1	223393275	223393512	0.041692	20	0.1907	0.14901	CCDC185	hg38_genes_promoters	0.0036103855681172	1.9664004138229818	0
chr1	223701159	223701670	0.02341	10	0.8564	0.83299	CAPN2	hg38_genes_promoters	0.0052025142885067	1.8458110909003809	0
chr1	223756598	223757093	-0.023789	14	0.85557	0.87936	CAPN2	hg38_genes_promoters	4.0021759020448925e-05	3.5162438030658727	0
chr1	213988928	213989130	-0.010871	10	0.0109	0.021771	PROX1-AS1	hg38_genes_promoters	0.0115428394897922	1.5827372762385956	0
chr1	223758148	223758646	-0.016605	14	0.85371	0.87032	CAPN2	hg38_genes_promoters	0.0005192289302515	2.6285391475582567	0
chr1	223821097	223821790	-0.029446	15	0.83947	0.86891	TP53BP2	hg38_genes_promoters	0.0054528162899426	1.8311208833965207	0
chr1	224175727	224175879	-0.044061	18	0.0805	0.12456	DEGS1	hg38_genes_promoters	2.020177486936644e-15	12.503847927117244	-1
chr1	225465538	225466133	-0.016696	15	0.73573	0.75243	LINC02765	hg38_genes_promoters	0.2668614063015884	0.5137800929502276	0
chr1	225508621	225509561	-0.01323	13	0.79877	0.812	ENAH	hg38_genes_promoters	0.0458967803969593	1.1156686842194168	0
chr1	225828628	225828893	0.019005	10	0.8002	0.78119	EPHX1	hg38_genes_promoters	0.1024141263625668	0.8472745687858009	0
chr1	225847875	225848578	0.024379	10	0.7328	0.70842	TMEM63A	hg38_genes_promoters	0.1494630867713711	0.7193485185873714	0
chr1	225911815	225912082	-0.018747	10	0.7072	0.72595	LEFTY1	hg38_genes_promoters	0.0465930434394366	1.1113218712215203	0
chr1	225921837	225922118	0.017363	12	0.86383	0.84647	PYCR2	hg38_genes_promoters	0.0467332682746713	1.1107800607359102	0
chr1	223759315	223759450	-0.014753	10	0.8593	0.87405	CAPN2	hg38_genes_promoters	0.011913609320141	1.5726479733723815	0
chr1	226408624	226408795	-0.019364	12	0.81625	0.83561	PARP1	hg38_genes_promoters	0.0032367324577305	2.003083056034965	0
chr1	211829451	211829771	-0.042382	14	0.12929	0.17167	LPGAT1-AS1	hg38_genes_promoters	0.0020950658389442	2.1520666828952564	0
chr1	209652326	209652598	0.024811	12	0.79525	0.77044	LAMB3	hg38_genes_promoters	0.0338677919999974	1.217512676715651	0
chr1	206557366	206557445	0.010904	12	0.030333	0.01943	RASSF5	hg38_genes_promoters	3.2190613568837903e-05	3.5974979704888015	0
chr1	206728622	206728989	-0.015837	13	0.18431	0.20014	MAPKAPK2	hg38_genes_promoters	0.1704356265722416	0.6735837093307212	0
chr1	206772301	206773250	-0.017514	10	0.3266	0.34411	IL10	hg38_genes_promoters	0.3389421724333064	0.4295140001191568	0
chr1	206865150	206865571	-0.017811	10	0.5844	0.60221	IL20	hg38_genes_promoters	0.2307228487989364	0.5653771568287917	0
chr1	207051164	207051460	0.02459	10	0.3767	0.35211	YOD1	hg38_genes_promoters	0.5326452906486979	0.25816619356969084	0
chr1	207669155	207669702	0.017825	41	0.074008	0.056183	CR1L	hg38_genes_promoters	0.449953929847839	0.32344355095921234	0
chr1	207801836	207802560	-0.011	14	0.65614	0.66714	MIR29C	hg38_genes_promoters	0.3038368862554729	0.46828787151439644	0
chr1	209938140	209938197	0.014304	10	0.0928	0.078496	SYT14	hg38_genes_promoters	0.0346976273629769	1.2103549739057757	0
chr1	207801836	207802560	-0.011	14	0.65614	0.66714	MIR29B2	hg38_genes_promoters	0.3038368862554729	0.46828787151439644	0
chr1	207823636	207823723	-0.050178	10	0.2416	0.29178	MIR29B2CHG	hg38_genes_promoters	0.0305521840513921	1.2522363416393432	0
chr1	207910286	207910512	-0.025687	10	0.0673	0.092987	LOC107985253	hg38_genes_promoters	0.0366892981341675	1.1919243412049476	0
chr1	207958822	207959033	-0.027863	10	0.0654	0.093263	LINC02767	hg38_genes_promoters	4.046660042362531e-05	3.5126413268370387	0
chr1	208217548	208217934	0.022966	14	0.82293	0.79996	PLXNA2	hg38_genes_promoters	0.0556602944574047	1.0521823079339359	0
chr1	209428162	209428452	0.017053	10	0.761	0.74395	MIR205HG	hg38_genes_promoters	0.25967158207747	0.5239697641740407	0
chr1	209547781	209548485	-0.024292	10	0.742	0.76629	LOC105372898	hg38_genes_promoters	0.0530764294669071	1.0686033482988249	0
chr1	209618478	209618815	0.020357	12	0.6095	0.58914	LAMB3	hg38_genes_promoters	0.290722871368232	0.4837571442262493	0
chr1	209623575	209623795	0.025927	11	0.85436	0.82844	MIR4260	hg38_genes_promoters	0.0114362783536992	1.5854223502254252	0
chr1	207822673	207823616	-0.024184	13	0.38008	0.40426	MIR29B2CHG	hg38_genes_promoters	0.3955735873442649	0.3726287406704955	0
chr1	226982519	226982801	0.012538	13	0.85023	0.83769	COQ8A	hg38_genes_promoters	0.1938851474783103	0.6262850656675546	0
chr1	227747606	227748060	-0.022711	12	0.83983	0.86254	SNAP47	hg38_genes_promoters	0.0002370478181905	2.9010980514075277	0
chr1	228006413	228006691	-0.010686	27	0.018383	0.029069	WNT3A	hg38_genes_promoters	0.0002861304064291	2.8364252759658672	0
chr1	236753123	236753834	-0.024909	10	0.7398	0.76471	ACTN2	hg38_genes_promoters	0.1954601555516878	0.6236238894208506	0
chr1	241640501	241640734	0.011697	21	0.044857	0.03316	OPN3	hg38_genes_promoters	1.232898861408794e-06	4.769462525033822	0
chr1	241640501	241640734	0.011697	21	0.044857	0.03316	CHML	hg38_genes_promoters	1.232898861408794e-06	4.769462525033822	0
chr1	242449845	242450148	-0.021822	10	0.7222	0.74402	PLD5	hg38_genes_promoters	0.2162789141769717	0.5877166796352778	0
chr1	245788987	245789282	-0.016449	10	0.8596	0.87605	SMYD3	hg38_genes_promoters	0.0033706565097226	1.9894205314452897	0
chr1	246775828	246775960	-0.016221	10	0.8712	0.88742	LINC01341	hg38_genes_promoters	0.003978109593862	1.9332057965903136	0
chr1	246782726	246783121	-0.01333	10	0.11507	0.1284	LINC01341	hg38_genes_promoters	0.0090066333498432	1.6651401394767618	0
chr1	247105079	247105318	-0.021003	10	0.769	0.79	FLJ39095	hg38_genes_promoters	0.2400293739429713	0.5514409971498544	0
chr1	236542575	236543173	-0.055364	10	0.7801	0.83546	LGALS8	hg38_genes_promoters	0.0476086569955974	1.1045905189607972	0
chr1	247105079	247105318	-0.021003	10	0.769	0.79	ZNF669	hg38_genes_promoters	0.2400293739429713	0.5514409971498544	0
chr1	247329818	247330174	-0.020653	10	0.7834	0.80405	ZNF496	hg38_genes_promoters	0.1466116821600608	0.7262051469411935	0
chr1	247415144	247415722	-0.023484	10	0.4942	0.51768	NLRP3	hg38_genes_promoters	0.3532602136483439	0.41413628568981387	0
chr1	247518426	247518488	-0.0281	11	0.373	0.4011	GCSAML	hg38_genes_promoters	0.0996214755937176	0.8568089786640933	0
chr1	247530841	247531018	-0.015489	24	0.46596	0.48145	GCSAML-AS1	hg38_genes_promoters	0.0788070332250641	0.9339413086609648	0
chr1	247548962	247549210	-0.014091	10	0.0659	0.079991	GCSAML	hg38_genes_promoters	0.2807538278910281	0.4953095721672176	0
chr1	247640399	247640663	0.014474	10	0.856	0.84153	LOC102724446	hg38_genes_promoters	0.1116056836211095	0.819041690723377	0
chr1	248691627	248691791	0.01335	14	0.86207	0.84872	LYPD9P	hg38_genes_promoters	0.0079042997004448	1.7071204231470238	0
chr1	248816514	248816854	-0.023475	10	0.6718	0.69527	SH3BP5L	hg38_genes_promoters	0.368451701447009	0.3986015630899829	0
chr1	247329393	247329464	-0.015456	10	0.8456	0.86106	ZNF496	hg38_genes_promoters	0.0777431825421161	0.9388886031616686	0
chr1	235651025	235651187	-0.024636	12	0.07725	0.10189	GNG4	hg38_genes_promoters	0.0029667795290583	2.031050913407816	0
chr1	235440672	235440990	-0.0235	10	0.8548	0.8783	TBCE	hg38_genes_promoters	0.008029371153127	1.7013703356285501	0
chr1	235161267	235161354	-0.012292	13	0.0025385	0.014831	RBM34	hg38_genes_promoters	1.4905186596747858e-06	4.696939314390735	0
chr1	228107899	228108284	0.017052	10	0.8148	0.79775	MRPL55	hg38_genes_promoters	0.1126447630335693	0.8162589872617944	0
chr1	228145268	228145617	0.029075	12	0.87008	0.84101	GUK1	hg38_genes_promoters	5.120847447800573e-05	3.430541818399652	0
chr1	228211699	228211848	0.031852	11	0.86027	0.82842	OBSCN	hg38_genes_promoters	3.016784467151058e-05	3.615855888912074	0
chr1	228215655	228215882	0.032835	13	0.85554	0.8227	OBSCN	hg38_genes_promoters	4.256424187219484e-05	3.4931669132539924	0
chr1	228276564	228276720	-0.02218	14	0.52643	0.54861	OBSCN	hg38_genes_promoters	0.4817464112077718	0.2971318965330895	0
chr1	228352939	228353094	0.037738	10	0.8653	0.82756	OBSCN	hg38_genes_promoters	9.662058111124413e-06	4.024618413846196	0
chr1	229344238	229344432	-0.025805	12	0.70225	0.72805	CCSAP	hg38_genes_promoters	0.2221429740660968	0.5782793777145311	0
chr1	230057765	230058003	-0.029316	10	0.468	0.49732	GALNT2	hg38_genes_promoters	0.0942633249460581	0.8746138008190391	0
chr1	230254275	230255173	-0.023453	10	0.8717	0.89515	GALNT2	hg38_genes_promoters	0.0001684308863579	3.01603148901018	0
chr1	230713942	230714272	-0.023667	12	0.273	0.29667	AGT	hg38_genes_promoters	0.4114257755761434	0.35752185202368797	0
chr1	230921674	230922386	-0.012568	10	0.8758	0.88837	TTC13	hg38_genes_promoters	0.0119925555801874	1.570866079037476	0
chr1	231020387	231021031	-0.029226	10	0.2653	0.29453	MIR1182	hg38_genes_promoters	0.1676721194424772	0.6786022175013956	0
chr1	231027318	231027806	-0.024839	16	0.70444	0.72928	FAM89A	hg38_genes_promoters	0.0317667126250343	1.2391336015325378	0
chr1	231339335	231339599	0.067312	16	0.68931	0.622	SPRTN	hg38_genes_promoters	1.6363268574380553e-07	5.490024214920921	1
chr1	231818318	231819068	0.02418	10	0.7769	0.75272	DISC1	hg38_genes_promoters	0.4445303227296158	0.3279141731844535	0
chr1	232949385	232949901	-0.027211	10	0.8476	0.87481	NTPCR	hg38_genes_promoters	0.0001329276150954	3.096723695844407	0
chr1	232986334	232986514	0.019772	12	0.84017	0.82039	PCNX2	hg38_genes_promoters	0.01928290062736	1.4102302986768165	0
chr1	232999672	233000361	-0.011194	10	0.8598	0.87099	PCNX2	hg38_genes_promoters	0.1403362459424876	0.7411737621571302	0
chr1	233613627	233613705	-0.014231	13	0.034231	0.048462	KCNK1	hg38_genes_promoters	0.0005332803037574	2.619374152616877	0
chr1	206453043	206453384	-0.016446	15	0.87113	0.88758	SRGAP2	hg38_genes_promoters	2.502710435610591e-05	3.685606197756549	0
chr1	205849959	205850295	-0.093807	21	0.36995	0.46376	PM20D1	hg38_genes_promoters	0.0008336102341414	2.46805801293699	0
chr1	205802159	205802487	-0.020411	10	0.8552	0.87561	SLC41A1	hg38_genes_promoters	0.034099327230023	1.2157228069225028	0
chr1	205071934	205072119	-0.01485	10	0.8141	0.82895	CNTN2	hg38_genes_promoters	0.0389934875701586	1.1715589108838491	0
chr1	165445373	165445933	-0.050435	10	0.5153	0.56573	RXRG	hg38_genes_promoters	0.0761242403637319	0.945630289590804	0
chr1	166490024	166490301	-0.012491	10	0.0623	0.074791	LINC01675	hg38_genes_promoters	1.0	-0.0	0
chr1	166989442	166989631	0.047174	10	0.8537	0.80653	MAEL	hg38_genes_promoters	5.777246028575479e-07	5.0382310300879976	1
chr1	167721139	167721516	-0.041165	10	0.0103	0.051465	MPZL1	hg38_genes_promoters	0.0001706052345407	3.0116911677822853	0
chr1	169460407	169460518	0.017623	12	0.10267	0.085044	CCDC181	hg38_genes_promoters	0.2177775248045325	0.5851677489656625	0
chr1	169708171	169708716	-0.044025	10	0.3781	0.42213	SELL	hg38_genes_promoters	0.1683212463820835	0.6775293280405652	0
chr1	172450376	172450751	-0.029355	12	0.54025	0.56961	C1orf105	hg38_genes_promoters	0.140188297950575	0.741428454041577	0
chr1	172658924	172659401	0.020402	10	0.8588	0.8384	FASLG	hg38_genes_promoters	0.0356641493960789	1.2013207849300176	0
chr1	165424850	165425867	-0.018024	10	0.7613	0.77932	RXRG	hg38_genes_promoters	0.0722489794427123	0.9629389091524388	0
chr1	173206873	173207384	-0.016674	10	0.0545	0.071174	TNFSF4	hg38_genes_promoters	0.5721781952888706	0.2302403918742	0
chr1	174799517	174799929	-0.020877	10	0.0647	0.085577	RABGAP1L	hg38_genes_promoters	0.0062926437813408	1.7833744876074913	0
chr1	175193270	175193525	-0.051147	10	0.3028	0.35395	KIAA0040	hg38_genes_promoters	0.033055732047495	1.2252037864840137	0
chr1	177032571	177033364	0.012582	21	0.74157	0.72899	ASTN1	hg38_genes_promoters	0.0229885796392666	1.3511283823466607	0
chr1	178038060	178038148	-0.019143	14	0.0094286	0.028571	CRYZL2P-SEC16B	hg38_genes_promoters	1.1316809450715023e-09	7.349140274465505	-1
chr1	178038060	178038148	-0.019143	14	0.0094286	0.028571	CRYZL2P	hg38_genes_promoters	1.1316809450715023e-09	7.349140274465505	-1
chr1	178486957	178487095	0.015147	15	0.1282	0.11305	CLEC20A	hg38_genes_promoters	0.013004937443479	1.5441467713166743	0
chr1	178500118	178500620	-0.019942	10	0.8149	0.83484	CLEC20A	hg38_genes_promoters	0.0257856487269068	1.3117750839074256	0
chr1	179085527	179085901	0.014154	12	0.87775	0.8636	TOR3A	hg38_genes_promoters	0.0275664012377947	1.2885387998489213	0
chr1	173917854	173918436	-0.016282	10	0.8189	0.83518	SERPINC1	hg38_genes_promoters	0.1968423179327535	0.6211528880696454	0
chr1	165356729	165356788	-0.011039	10	0.0197	0.030739	LMX1A	hg38_genes_promoters	0.0112372333217859	1.5904230790657246	0
chr1	162365201	162365565	0.028838	10	0.8585	0.82966	NOS1AP	hg38_genes_promoters	0.0068252889832797	1.757423620083804	0
chr1	161215079	161215395	-0.022285	10	0.0743	0.096585	FCER1G	hg38_genes_promoters	0.023320179017723	1.3458465302455347	0
chr1	159202659	159203692	0.013348	10	0.7574	0.74405	CADM3-AS1	hg38_genes_promoters	0.7911639405425853	0.09908783905243261	0
chr1	159204365	159204953	-0.024174	10	0.2463	0.27047	ACKR1	hg38_genes_promoters	0.3122528586230011	0.45834626627331027	0
chr1	159826283	159826868	0.018426	11	0.31355	0.29512	SLAMF8	hg38_genes_promoters	0.5740600516805185	0.2289250884936186	0
chr1	159872977	159873387	0.014011	14	0.84093	0.82692	VSIG8	hg38_genes_promoters	0.0937741074000526	0.876339757108624	0
chr1	159872977	159873387	0.014011	14	0.84093	0.82692	SNHG28	hg38_genes_promoters	0.0937741074000526	0.876339757108624	0
chr1	159900201	159900309	-0.015761	10	0.1446	0.16036	MIR4259	hg38_genes_promoters	0.2921438388252773	0.482368395994579	0
chr1	159900201	159900309	-0.015761	10	0.1446	0.16036	CFAP45	hg38_genes_promoters	0.2921438388252773	0.482368395994579	0
chr1	160176045	160176552	-0.01077	10	0.851	0.86177	ATP1A4	hg38_genes_promoters	0.0620780150336119	1.0148525300659126	0
chr1	160285840	160286554	-0.013729	13	0.77754	0.79127	PEX19	hg38_genes_promoters	0.3344792038994343	0.43444269700849497	0
chr1	160285840	160286554	-0.013729	13	0.77754	0.79127	DCAF8	hg38_genes_promoters	0.3344792038994343	0.43444269700849497	0
chr1	160646805	160647334	-0.022797	12	0.17967	0.20246	SLAMF1	hg38_genes_promoters	0.120434304297092	0.7924409534808242	0
chr1	160951063	160951418	0.037842	10	0.786	0.74816	ITLN2	hg38_genes_promoters	0.0618423005611228	1.0161105193992022	0
chr1	161038904	161038988	0.020277	10	0.0597	0.039423	F11R	hg38_genes_promoters	4.913933498755067e-07	5.09728651215973	1
chr1	161038904	161038988	0.020277	10	0.0597	0.039423	TSTD1	hg38_genes_promoters	4.913933498755067e-07	5.09728651215973	1
chr1	161040631	161040855	-0.030195	10	0.8217	0.85189	USF1	hg38_genes_promoters	6.856499168413033e-06	4.152536224783571	0
chr1	161089453	161089597	0.031755	10	0.5902	0.55844	NECTIN4	hg38_genes_promoters	0.1815673386945959	0.6501060333528054	0
chr1	161117959	161118011	-0.016547	10	0.0214	0.037947	NIT1	hg38_genes_promoters	0.0218540572500424	1.368253949529057	0
chr1	161162958	161163105	-0.010284	10	0.8458	0.85608	USP21	hg38_genes_promoters	0.1576945907486447	0.7003741139333634	0
chr1	161198398	161198661	0.017842	12	0.65683	0.63899	NDUFS2	hg38_genes_promoters	0.2139915923154959	0.5914328564851312	0
chr1	179591533	179591667	-0.06064	13	0.093692	0.15433	TDRD5	hg38_genes_promoters	2.6739364642556023e-11	8.821419064202189	-1
chr1	54623786	54624286	-0.028289	10	0.8075	0.83579	FAM151A	hg38_genes_promoters	0.0059809386439974	1.7994811834178546	0
chr1	179818742	179818956	0.020805	10	0.6687	0.64789	LOC105371634	hg38_genes_promoters	0.2833696147125685	0.4919556360086842	0
chr1	180928421	180928572	0.048384	10	0.8327	0.78432	KIAA1614	hg38_genes_promoters	0.0452433889714848	1.1200948436884623	0
chr1	201888372	201888659	-0.017789	10	0.186	0.20379	SHISA4	hg38_genes_promoters	0.307095864342381	0.46443718443057574	0
chr1	202007580	202008325	-0.026589	10	0.7492	0.77579	ELF3	hg38_genes_promoters	0.0418512170952898	1.1466625224884934	0
chr1	202009842	202010439	-0.022022	12	0.54925	0.57127	ELF3	hg38_genes_promoters	0.4000593407535709	0.3683658286188914	0
chr1	202013329	202013942	0.011429	17	0.84494	0.83351	ELF3	hg38_genes_promoters	0.1626831391709365	0.6894265944694022	0
chr1	202185896	202186702	-0.015562	12	0.73933	0.7549	PTPRVP	hg38_genes_promoters	0.1419217529312428	0.7374818838487762	0
chr1	203086081	203086351	0.02808	10	0.8337	0.80562	MYOG	hg38_genes_promoters	0.0137549474459942	1.5255515438491702	0
chr1	203128897	203129098	0.020009	12	0.85233	0.83232	ADORA1	hg38_genes_promoters	0.0027342065358087	2.0596949385187955	0
chr1	203223153	203223639	0.022969	15	0.82907	0.8061	CHIT1	hg38_genes_promoters	0.0031194159762371	2.015824922694396	0
chr1	201828312	201828594	-0.036818	10	0.7282	0.76502	IPO9	hg38_genes_promoters	0.0552565993327936	1.0551720977449508	0
chr1	203351009	203351604	-0.048133	18	0.18183	0.22997	FMOD	hg38_genes_promoters	0.0190201332608601	1.4148111247772182	0
chr1	203765038	203765467	0.032891	13	0.56892	0.53603	LAX1	hg38_genes_promoters	0.1067059998566106	0.8330910849745184	0
chr1	203795643	203795769	-0.017747	10	0.0214	0.039147	ZC3H11A	hg38_genes_promoters	1.167722865193902e-05	3.9568433574104773	0
chr1	203861565	203861669	-0.010637	10	0.004	0.014637	SNRPE	hg38_genes_promoters	0.0001081334561601	3.165464923595987	0
chr1	204196952	204197772	0.027692	13	0.75077	0.72308	KISS1	hg38_genes_promoters	0.0304989133268346	1.2528922842085544	0
chr1	204369244	204369889	-0.023013	11	0.207	0.23001	LINC00628	hg38_genes_promoters	0.1207207745765779	0.7917980787285664	0
chr1	204978946	204979110	0.012368	10	0.886	0.87363	NFASC	hg38_genes_promoters	0.0141407767071995	1.5172551142351556	0
chr1	204997014	204997188	0.037421	10	0.885	0.84758	NFASC	hg38_genes_promoters	3.0071832327783453e-10	7.855623467535232	1
chr1	205043111	205043387	0.018196	28	0.056143	0.037946	CNTN2	hg38_genes_promoters	6.83473347811811e-05	3.328919848370812	0
chr1	203495657	203496233	0.013168	10	0.8008	0.78763	OPTC	hg38_genes_promoters	0.1762655324102231	0.6608477915212319	0
chr1	201718609	201718781	0.024953	10	0.8589	0.83395	MIR5191	hg38_genes_promoters	0.002290283323302	2.119843865226566	0
chr1	201399773	201399868	0.024047	10	0.2051	0.18105	LAD1	hg38_genes_promoters	0.0565032261385045	1.0471100601315313	0
chr1	201386277	201386769	0.014858	10	0.8157	0.80084	LAD1	hg38_genes_promoters	0.3480308078911253	0.41955507169971734	0
chr1	180940562	180941233	0.019723	12	0.85017	0.83044	KIAA1614	hg38_genes_promoters	0.0088997787758944	1.6687700465904525	0
chr1	181317661	181317716	-0.012612	10	0.014	0.026612	CACNA1E	hg38_genes_promoters	0.6073578521299416	0.20714159423566733	0
chr1	182953024	182953090	0.063437	10	0.2487	0.18526	SHCBP1L	hg38_genes_promoters	3.6353979340653206e-05	3.548879507893619	0
chr1	183185961	183186113	-0.018827	14	0.077	0.095827	LAMC2	hg38_genes_promoters	0.0235946859657594	1.342426582005181	0
chr1	183418349	183418441	-0.013195	10	0.0167	0.029895	NMNAT2	hg38_genes_promoters	1.545742263324465e-06	4.686569653159256	0
chr1	183804624	183805068	-0.035151	10	0.4004	0.43555	RGL1	hg38_genes_promoters	0.484572274782642	0.2949299265283188	0
chr1	184386086	184386357	-0.018737	10	0.177	0.19574	C1orf21	hg38_genes_promoters	0.0351135003924958	1.2061530111930094	0
chr1	197735586	197735948	-0.041929	17	0.86129	0.90322	DENND1B	hg38_genes_promoters	2.3448124620468394e-14	11.592357716595508	-1
chr1	200042303	200042439	-0.018382	10	0.037	0.055382	NR5A2	hg38_genes_promoters	0.0883323807417395	0.8956990135027146	0
chr1	200894816	200895095	0.014847	10	0.8629	0.84805	INAVA	hg38_genes_promoters	0.167908355037783	0.678209059057128	0
chr1	200911829	200911922	0.038916	10	0.7806	0.74168	INAVA	hg38_genes_promoters	0.0020352667616774	2.161894593164626	0
chr1	200916485	200916729	0.030697	12	0.71042	0.67972	MROH3P	hg38_genes_promoters	0.0197027726078035	1.4029328184206227	0
chr1	201127102	201127575	0.016528	14	0.76057	0.74404	ASCL5	hg38_genes_promoters	0.0559602087016772	1.0506196472675053	0
chr1	201146412	201146835	0.01681	10	0.8768	0.85999	TMEM9	hg38_genes_promoters	0.0731018139831051	0.9592418471699276	0
chr1	201364304	201365095	0.018761	20	0.82355	0.80479	TNNT2	hg38_genes_promoters	0.0158167146050594	1.4784490564914015	0
chr1	201367992	201368504	0.018259	12	0.73392	0.71566	TNNT2	hg38_genes_promoters	0.39065110298185	0.3771428175856299	0
chr1	201373986	201374607	-0.014649	10	0.5744	0.58905	TNNT2	hg38_genes_promoters	0.7302678373957454	0.13240741190024008	0
chr1	201377574	201377866	-0.037128	10	0.7294	0.76653	TNNT2	hg38_genes_promoters	0.0113858034267739	1.586731617383346	0
chr1	201378197	201379107	-0.011876	14	0.8135	0.82538	TNNT2	hg38_genes_promoters	0.0794514615830906	0.9308018469505197	0
chr1	180195554	180196153	-0.012608	10	0.8085	0.82111	QSOX1	hg38_genes_promoters	0.6298750762364047	0.1924306057293481	0
chr1	54547843	54548183	-0.038976	10	0.0545	0.093476	ACOT11	hg38_genes_promoters	1.383046566545764e-05	3.894901413775162	0
chr1	112957082	112957361	0.063445	10	0.3944	0.33095	SLC16A1	hg38_genes_promoters	0.0015509067410412	2.251342617075552	0
chr1	54405092	54405359	-0.010884	20	0.0101	0.020984	SSBP3	hg38_genes_promoters	1.4103063054959431e-08	6.394169771130683	-1
chr1	12029983	12030206	-0.016498	13	0.79731	0.81381	MIIP	hg38_genes_promoters	0.0106486269205446	1.6095119228229486	0
chr1	12125377	12125882	-0.017095	12	0.52225	0.53935	TNFRSF8	hg38_genes_promoters	0.5619223864014069	0.23735036566252715	0
chr1	12191139	12191518	0.023188	21	0.83514	0.81195	MIR4632	hg38_genes_promoters	0.0005719388741331	2.595842741482003	0
chr1	12191139	12191518	0.023188	21	0.83514	0.81195	TNFRSF1B	hg38_genes_promoters	0.0005719388741331	2.595842741482003	0
chr1	12191524	12191592	0.018337	10	0.8996	0.88126	TNFRSF1B	hg38_genes_promoters	0.0002436620648232	2.891988345157925	0
chr1	12191524	12191592	0.018337	10	0.8996	0.88126	MIR4632	hg38_genes_promoters	0.0002436620648232	2.891988345157925	0
chr1	12478222	12478334	-0.05548	10	0.6078	0.66328	VPS13D	hg38_genes_promoters	0.0025964455902956	2.0771421896296647	0
chr1	12496513	12497241	-0.013037	17	0.81006	0.8231	VPS13D	hg38_genes_promoters	0.0438391458489319	1.13079992319885	0
chr1	11858803	11858989	-0.015963	10	0.2123	0.22826	NPPB	hg38_genes_promoters	0.44061629561682	0.33152730192340085	0
chr1	12505851	12506412	-0.013939	10	0.8648	0.87874	SNORA59A	hg38_genes_promoters	0.0084940425194048	1.6842100079244402	0
chr1	13730864	13731205	-0.011392	10	0.0798	0.091192	PRDM2	hg38_genes_promoters	0.4972002425096584	0.28533150404749624	0
chr1	14419725	14419896	0.024311	14	0.85743	0.83312	KAZN-AS1	hg38_genes_promoters	0.0157152067602959	1.4811321233023096	0
chr1	15305004	15305479	-0.034353	10	0.5427	0.57705	FHAD1	hg38_genes_promoters	0.1011602598354899	0.851876744841604	0
chr1	15324059	15324441	-0.021877	10	0.6131	0.63498	FHAD1	hg38_genes_promoters	0.655240528060919	0.17627081309798015	0
chr1	15326543	15326951	-0.024698	15	0.7986	0.8233	FHAD1	hg38_genes_promoters	0.0004593922758501	2.6718851121922587	0
chr1	15735673	15736399	-0.013664	16	0.70713	0.72079	SLC25A34	hg38_genes_promoters	0.6858268515786567	0.1578781304976024	0
chr1	15736611	15736784	-0.028158	10	0.775	0.80316	SLC25A34	hg38_genes_promoters	0.0569608039996719	1.0444610967737677	0
chr1	15738537	15738756	-0.036116	10	0.7182	0.75432	SLC25A34	hg38_genes_promoters	0.0007740258410914	2.4909351202261227	0
chr1	12596353	12596570	-0.031675	10	0.4934	0.52507	DHRS3	hg38_genes_promoters	0.2265632274586037	0.5713215862786136	0
chr1	15756384	15756650	0.025321	10	0.0859	0.060579	FBLIM1	hg38_genes_promoters	0.1137482703404509	0.8129725580006404	0
chr1	11828659	11828983	-0.012145	12	0.87742	0.88956	CLCN6	hg38_genes_promoters	0.0404158504086361	1.158687834060078	0
chr1	11115125	11116151	-0.025399	13	0.85538	0.88078	MTOR	hg38_genes_promoters	0.0007275661673389	2.5123949820374434	0
chr1	7770042	7770408	-0.041422	10	0.8107	0.85212	VAMP3	hg38_genes_promoters	0.0001817673980208	2.9896011377799194	0
chr1	7784563	7784682	-0.020834	13	0.25354	0.27437	PER3	hg38_genes_promoters	0.3951159286399356	0.37291393809158574	0
chr1	7853397	7853830	-0.022786	10	0.7623	0.78509	UTS2	hg38_genes_promoters	0.0237623643851327	1.3399728852824453	0
chr1	8317939	8317978	0.012737	10	0.032	0.019263	SLC45A1	hg38_genes_promoters	0.0037613037860287	1.9520129609528856	0
chr1	8323754	8324085	-0.019081	11	0.67891	0.69799	SLC45A1	hg38_genes_promoters	0.1773593638991445	0.6587607824208102	0
chr1	9025691	9026589	0.021341	17	0.84406	0.82272	SLC2A7	hg38_genes_promoters	0.0084315375610155	1.686367370049227	0
chr1	54406095	54406149	-0.023615	10	0.0264	0.050015	SSBP3	hg38_genes_promoters	0.0054840145646402	1.8295527571325403	0
chr1	9183113	9183260	0.014547	18	0.039944	0.025397	MIR34AHG	hg38_genes_promoters	0.8790236134480832	0.05448961740760791	0
chr1	11608311	11608625	0.026113	10	0.8459	0.81979	LINC01647	hg38_genes_promoters	0.0034891238949179	1.9776791223481738	0
chr1	9595939	9596233	0.011286	14	0.857	0.84571	TMEM201	hg38_genes_promoters	0.2188035083357337	0.5837043432816343	0
chr1	9687980	9688134	0.042349	15	0.2232	0.18085	PIK3CD	hg38_genes_promoters	4.966442553647188e-05	3.44094382103273	0
chr1	9715855	9715938	0.019897	10	0.6838	0.6639	PIK3CD	hg38_genes_promoters	0.2293263815279477	0.5674981935421116	0
chr1	9824195	9824295	0.017097	10	0.0314	0.014303	CLSTN1	hg38_genes_promoters	0.0010252720425754	2.395927343576111	0
chr1	9824673	9824882	-0.020896	10	0.1857	0.2066	CLSTN1	hg38_genes_promoters	0.1466329661756713	0.7262051469411935	0
chr1	10211356	10211675	-0.020689	10	0.0391	0.059789	KIF1B	hg38_genes_promoters	0.001992125002791	2.168625457010564	0
chr1	10535256	10535732	0.013529	10	0.8912	0.87767	PEX14	hg38_genes_promoters	0.1722287146795685	0.6695739528157201	0
chr1	10705900	10706188	0.017821	10	0.8424	0.82458	CASZ1	hg38_genes_promoters	0.0245049241853742	1.328675278523781	0
chr1	10796874	10797114	-0.033401	10	0.1643	0.1977	CASZ1	hg38_genes_promoters	0.1429451134272159	0.7349165459002792	0
chr1	9687980	9688134	0.042349	15	0.2232	0.18085	PIK3CD-AS2	hg38_genes_promoters	4.966442553647188e-05	3.44094382103273	0
chr1	15942574	15942812	-0.023668	10	0.7977	0.82137	ZBTB17	hg38_genes_promoters	0.0042089904268624	1.9150730980332662	0
chr1	15943648	15943756	0.031774	10	0.8683	0.83653	ZBTB17	hg38_genes_promoters	1.0897582536203522e-05	3.981216034993494	0
chr1	15944161	15944273	0.018111	10	0.8489	0.83079	ZBTB17	hg38_genes_promoters	0.0012264269445868	2.3328381835056073	0
chr1	17755279	17755399	-0.016605	10	0.4765	0.49311	ACTL8	hg38_genes_promoters	0.473380357924531	0.30378075783823166	0
chr1	18883177	18883320	0.025563	10	0.8843	0.85874	MIR4695	hg38_genes_promoters	8.94595419164425e-05	3.2336259112036294	0
chr1	18957447	18957908	0.046895	15	0.57033	0.52344	IFFO2	hg38_genes_promoters	0.0236814871804735	1.3410391611351336	0
chr1	19077998	19078781	-0.020508	13	0.87838	0.89889	UBR4	hg38_genes_promoters	0.0001964087671544	2.9644012790896497	0
chr1	19081383	19081682	-0.024989	10	0.0988	0.12379	UBR4	hg38_genes_promoters	0.0058812938827689	1.804773650181468	0
chr1	19099917	19100459	-0.0129	10	0.8574	0.8703	UBR4	hg38_genes_promoters	0.0450183096553398	1.1216286928184136	0
chr1	19220785	19221366	-0.029304	10	0.4407	0.47	EMC1	hg38_genes_promoters	0.3353608102602147	0.4334178601140891	0
chr1	19222687	19223171	0.019312	10	0.8502	0.83089	EMC1	hg38_genes_promoters	0.0024491584332823	2.0976169257012853	0
chr1	17638640	17639177	0.014288	10	0.8207	0.80641	ARHGEF10L	hg38_genes_promoters	0.0861016257856893	0.9045455235951346	0
chr1	19274205	19274280	0.036384	10	0.0787	0.042316	AKR7L	hg38_genes_promoters	0.017480203493542	1.444084468648281	0
chr1	19923888	19924204	-0.029008	13	0.71654	0.74555	PLA2G2E	hg38_genes_promoters	0.0502322836201574	1.0869441146318162	0
chr1	20242976	20243080	-0.010458	10	0.8007	0.81116	LINC01757	hg38_genes_promoters	0.2849403911364323	0.4902275134723235	0
chr1	20485020	20485110	-0.018584	10	0.0281	0.046684	CAMK2N1	hg38_genes_promoters	0.0003070761783979	2.8120038601042436	0
chr1	20637576	20637908	-0.018742	10	0.8671	0.88584	PINK1	hg38_genes_promoters	0.0003341209112573	2.7808905708158203	0
chr1	21257050	21257887	-0.023319	18	0.81489	0.83821	ECE1	hg38_genes_promoters	0.0006097467686369	2.5724301100682982	0
chr1	21345314	21345383	-0.0127	10	0.0168	0.0295	ECE1	hg38_genes_promoters	0.0004047635783112	2.7176087262008153	0
chr1	21550997	21551288	-0.035342	10	0.7525	0.78784	ALPL	hg38_genes_promoters	0.0063102839092501	1.7827651915691358	0
chr1	21569467	21570330	-0.048063	10	0.692	0.74006	ALPL	hg38_genes_promoters	0.052719504127117	1.0705800947935935	0
chr1	19645326	19645563	0.068801	18	0.22222	0.15342	NBL1	hg38_genes_promoters	3.608181645809123e-09	6.912522674514279	1
chr1	17613957	17614286	-0.013491	10	0.6644	0.67789	ARHGEF10L	hg38_genes_promoters	0.7701569081480116	0.11023318881910232	0
chr1	17406028	17406728	-0.023473	12	0.37592	0.39939	RCC2-AS1	hg38_genes_promoters	0.3942263457812709	0.37376405472620894	0
chr1	17222987	17223468	0.012963	10	0.8357	0.82274	PADI1	hg38_genes_promoters	0.1922442071608602	0.629056368253056	0
chr1	15946059	15946385	0.010648	12	0.86383	0.85319	ZBTB17	hg38_genes_promoters	0.1938729355145849	0.6262850656675546	0
chr1	15952785	15953023	-0.023538	10	0.0841	0.10764	ZBTB17	hg38_genes_promoters	0.0022541681670335	2.1249595409375326	0
chr1	16048968	16049238	0.017975	10	0.2899	0.27192	CLCNKB	hg38_genes_promoters	0.7274259434212927	0.13382900891846133	0
chr1	16134079	16134308	-0.028895	13	0.71592	0.74482	EPHA2	hg38_genes_promoters	0.0358350464490896	1.1997916167283167	0
chr1	16207576	16207736	0.088085	13	0.48792	0.39984	ARHGEF19	hg38_genes_promoters	7.621150747040384e-05	3.2911180260308512	0
chr1	16218127	16218508	-0.029453	10	0.6966	0.72605	ANO7L1	hg38_genes_promoters	0.07494697500711	0.9511953421670877	0
chr1	16228355	16228489	-0.05081	13	0.30923	0.36004	ANO7L1	hg38_genes_promoters	0.0267205568754309	1.29894712008789	0
chr1	16630937	16631138	0.022443	24	0.88192	0.85947	CROCCP2	hg38_genes_promoters	6.099216536458139e-12	9.421903410664425	1
chr1	16692889	16693012	0.029827	14	0.14329	0.11346	ESPNP	hg38_genes_promoters	0.2125441064885469	0.5936710260771954	0
chr1	16759280	16759354	0.014226	10	0.1607	0.14647	MST1L	hg38_genes_promoters	0.3098597547421216	0.46114716241461773	0
chr1	16859766	16859890	0.02903	13	0.58438	0.55535	MIR3675	hg38_genes_promoters	0.0448641911960948	1.1226489990994413	0
chr1	16871066	16871260	0.010209	13	0.81431	0.8041	LOC112267871	hg38_genes_promoters	0.0092044659875349	1.6577630313324825	0
chr1	16872396	16872670	-0.040783	16	0.3105	0.35128	LOC112267871	hg38_genes_promoters	0.0255060370094472	1.3153886105102728	0
chr1	16872743	16872889	-0.047526	14	0.23729	0.28481	LOC112267871	hg38_genes_promoters	0.0002340128530339	2.903768677221636	0
chr1	16922121	16922677	0.014118	10	0.7029	0.68878	CROCC	hg38_genes_promoters	0.2999946875793225	0.4730306066251081	0
chr1	16929860	16930082	0.022629	10	0.8526	0.82997	CROCC	hg38_genes_promoters	0.0389347513258549	1.1719454757526082	0
chr1	16938860	16938987	0.048689	10	0.7789	0.73021	CROCC	hg38_genes_promoters	2.0482531727705746e-06	4.581999221759692	0
chr1	16946790	16946909	0.010942	10	0.8451	0.83416	CROCC	hg38_genes_promoters	0.285098999560733	0.49004693135565563	0
chr1	17000417	17000762	0.032755	10	0.8497	0.81694	ATP13A2	hg38_genes_promoters	0.0021150054502788	2.1483147796454474	0
chr1	7736237	7736394	0.010716	10	0.8664	0.85568	CAMTA1	hg38_genes_promoters	0.0901967601091233	0.8892332398815394	0
chr1	7441693	7442166	0.01035	14	0.8055	0.79515	CAMTA1-AS1	hg38_genes_promoters	0.3144702013669933	0.45599261826651327	0
chr1	7368062	7368809	0.029541	14	0.80586	0.77632	CAMTA1	hg38_genes_promoters	0.0027114673004288	2.061774821368698	0
chr1	6645634	6645940	-0.011732	12	0.85792	0.86965	DNAJC11	hg38_genes_promoters	0.0003844680861604	2.735746256933078	0
chr1	1312670	1312835	0.022675	12	0.87083	0.84816	INTS11	hg38_genes_promoters	0.000120438427069	3.1304028705256317	0
chr1	1312670	1312835	0.022675	12	0.87083	0.84816	MIR6727	hg38_genes_promoters	0.000120438427069	3.1304028705256317	0
chr1	1319646	1319793	-0.028521	10	0.8189	0.84742	INTS11	hg38_genes_promoters	0.0049874706789432	1.8598433023835221	0
chr1	1340132	1340680	0.019297	29	0.83241	0.81312	DVL1	hg38_genes_promoters	0.0001237267506859	3.120685913090834	0
chr1	1340132	1340680	0.019297	29	0.83241	0.81312	MIR6808	hg38_genes_promoters	0.0001237267506859	3.120685913090834	0
chr1	1354304	1354426	0.025484	10	0.1108	0.085316	MXRA8	hg38_genes_promoters	0.0131884462958049	1.5394822808647672	0
chr1	1354909	1354952	0.027984	10	0.2013	0.17332	MXRA8	hg38_genes_promoters	0.0235054468732688	1.3437610606061254	0
chr1	1425653	1426189	0.03264	18	0.62017	0.58753	TMEM88B	hg38_genes_promoters	0.0846719700966433	0.9103348424517721	0
chr1	1298507	1298735	0.020299	10	0.8177	0.7974	ACAP3	hg38_genes_promoters	0.1287776438701669	0.7690081604765624	0
chr1	1433943	1434154	0.015105	10	0.067	0.051895	VWA1	hg38_genes_promoters	0.1739933625086763	0.6657483944680332	0
chr1	1435236	1435408	0.013974	10	0.2535	0.23953	VWA1	hg38_genes_promoters	0.6432928397398656	0.18382466389672916	0
chr1	1462332	1462573	0.039911	10	0.6217	0.58179	ATAD3C	hg38_genes_promoters	0.0104005996261681	1.617630160789905	0
chr1	1522837	1522985	0.027458	10	0.8753	0.84784	ATAD3A	hg38_genes_promoters	3.178105112185081e-06	4.430543900932202	0
chr1	1623915	1623964	0.032747	10	0.8868	0.85405	MIB2	hg38_genes_promoters	1.0682183041368988e-05	3.9878181136688027	0
chr1	1628028	1628176	-0.011504	12	0.83192	0.84342	MIB2	hg38_genes_promoters	0.0180932511776455	1.4318745790957765	0
chr1	1629303	1629389	0.047274	10	0.1968	0.14953	MIB2	hg38_genes_promoters	0.0228725202914462	1.3528573369593087	0
chr1	1632440	1632520	0.016368	10	0.064956	0.048588	MMP23B	hg38_genes_promoters	0.0227613000409554	1.354712585624501	0
chr1	1758949	1759174	-0.028061	13	0.44008	0.46814	NADK	hg38_genes_promoters	0.1398569861372341	0.742316743269443	0
chr1	1435236	1435408	0.013974	10	0.2535	0.23953	LINC01770	hg38_genes_promoters	0.6432928397398656	0.18382466389672916	0
chr1	1296554	1296623	0.042174	10	0.8662	0.82403	MIR6726	hg38_genes_promoters	4.875522092448583e-09	6.794379066126937	1
chr1	1295195	1295504	0.025884	10	0.8452	0.81932	ACAP3	hg38_genes_promoters	0.0062671606074046	1.7847140025300796	0
chr1	1286370	1286730	-0.04028	16	0.55219	0.59247	SCNN1D	hg38_genes_promoters	0.0185970880337335	1.422689050610967	0
chr1	959228	959317	-0.024371	10	0.021133	0.045504	NOC2L	hg38_genes_promoters	6.097316260340995e-05	3.3676588064305033	0
chr1	959804	959857	-0.02385	10	0.0963	0.12015	NOC2L	hg38_genes_promoters	0.0056256525202052	1.820761135209989	0
chr1	959804	959857	-0.02385	10	0.0963	0.12015	KLHL17	hg38_genes_promoters	0.0056256525202052	1.820761135209989	0
chr1	1033480	1033630	0.016688	19	0.042307	0.02562	AGRN	hg38_genes_promoters	1.1513621693673163e-05	3.9619517149270336	0
chr1	1033884	1033963	0.022296	10	0.045336	0.02304	AGRN	hg38_genes_promoters	5.805953822951134e-05	3.3847388644407985	0
chr1	1034574	1034680	0.030044	12	0.2975	0.26746	AGRN	hg38_genes_promoters	0.0199843582800285	1.3986026527284097	0
chr1	1044418	1044516	0.021658	10	0.8825	0.86084	AGRN	hg38_genes_promoters	0.0002116885257294	2.936250931477072	0
chr1	1045389	1045552	0.018447	10	0.8735	0.85505	AGRN	hg38_genes_promoters	0.0528956105626554	1.0698255383172923	0
chr1	1046364	1046650	-0.037668	18	0.81411	0.85178	AGRN	hg38_genes_promoters	2.10725995008244e-09	7.119764015623507	-1
chr1	1047794	1047880	-0.011195	10	0.8157	0.82689	AGRN	hg38_genes_promoters	0.0801009032765416	0.9283313254421229	0
chr1	1051263	1051381	0.021768	10	0.8194	0.79763	AGRN	hg38_genes_promoters	0.0409552661392131	1.1539452651386908	0
chr1	1084479	1084628	0.021389	10	0.8846	0.86321	C1orf159	hg38_genes_promoters	0.0007016378776629	2.5242753834164353	0
chr1	1084874	1084990	-0.025021	10	0.8268	0.85182	C1orf159	hg38_genes_promoters	0.0002760827454067	2.8485465662783525	0
chr1	1087872	1087966	-0.017484	10	0.8472	0.86468	C1orf159	hg38_genes_promoters	0.0205916216573555	1.3889245046384142	0
chr1	1088588	1088744	0.013547	10	0.8536	0.84005	C1orf159	hg38_genes_promoters	0.1310102620066384	0.7637433623374906	0
chr1	1243482	1243634	0.018568	10	0.8652	0.84663	C1QTNF12	hg38_genes_promoters	0.0089257268675158	1.6678031791852805	0
chr1	1243996	1244098	0.033837	10	0.7891	0.75526	C1QTNF12	hg38_genes_promoters	0.0009832204121368	2.411064115784034	0
chr1	1275013	1275231	0.036332	10	0.8817	0.84537	LINC01786	hg38_genes_promoters	1.6230806131127286e-07	5.492488429334169	1
chr1	1280673	1281489	-0.01071	21	0.82219	0.8329	SCNN1D	hg38_genes_promoters	0.1675805943614101	0.678704742767983	0
chr1	2003923	2003969	-0.011347	10	0.0281	0.039447	CFAP74	hg38_genes_promoters	0.1510983213720708	0.7157896394726722	0
chr1	21573809	21574494	-0.017595	15	0.12567	0.14326	ALPL	hg38_genes_promoters	0.0286820748105832	1.2749107721423911	0
chr1	2028268	2028352	-0.014548	12	0.82808	0.84263	GABRD	hg38_genes_promoters	0.0020126991896849	2.1647529769285216	0
chr1	2110914	2111114	0.046221	10	0.8568	0.81058	PRKCZ	hg38_genes_promoters	1.4975742040056067e-05	3.8696687951200075	0
chr1	6045001	6045293	0.024937	10	0.8012	0.77626	KCNAB2	hg38_genes_promoters	0.0050928000510954	1.8530638865411138	0
chr1	6065293	6065439	-0.017058	10	0.833	0.85006	KCNAB2	hg38_genes_promoters	0.0174932371184038	1.4440732701408232	0
chr1	6128380	6128751	0.023231	10	0.8231	0.79987	CHD5	hg38_genes_promoters	0.0164002650022767	1.4650830464687556	0
chr1	6204840	6204999	-0.023904	10	0.2946	0.3185	RNF207	hg38_genes_promoters	0.2305600395401916	0.5655061742295752	0
chr1	6207462	6208109	0.044283	18	0.69333	0.64905	RNF207	hg38_genes_promoters	0.0009891349863455	2.4086718593908616	0
chr1	6208648	6208982	0.01215	42	0.054881	0.042731	RNF207	hg38_genes_promoters	0.0004157223948846	2.708694814342355	0
chr1	6211898	6212030	0.023695	10	0.8448	0.82111	RNF207	hg38_genes_promoters	0.0008515778384457	2.460597697730291	0
chr1	6236636	6237068	-0.016999	13	0.761	0.778	ICMT-DT	hg38_genes_promoters	0.179312297619436	0.6543873223064288	0
chr1	6026497	6026783	0.016595	10	0.0827	0.066105	KCNAB2	hg38_genes_promoters	0.0195563971328805	1.405332166568565	0
chr1	6236636	6237068	-0.016999	13	0.761	0.778	ICMT	hg38_genes_promoters	0.179312297619436	0.6543873223064288	0
chr1	6424607	6424700	-0.011753	12	0.0064167	0.01817	HES2	hg38_genes_promoters	1.2406564407460616e-05	3.937601673451364	0
chr1	6464373	6464681	-0.018958	10	0.7992	0.81816	TNFRSF25	hg38_genes_promoters	0.2212362167142526	0.5796075811888179	0
chr1	6470931	6471097	0.023475	19	0.79889	0.77542	PLEKHG5	hg38_genes_promoters	0.0021248409888389	2.1468635556149485	0
chr1	6471437	6471542	0.035073	13	0.80977	0.7747	PLEKHG5	hg38_genes_promoters	0.0001948721674449	2.96634728820516	0
chr1	6506411	6506500	0.0301	10	0.847	0.8169	PLEKHG5	hg38_genes_promoters	0.002558361020668	2.081646008478296	0
chr1	6519898	6520481	-0.01747	14	0.70836	0.72583	PLEKHG5	hg38_genes_promoters	0.1433363766678421	0.7340397126209645	0
chr1	6579638	6579771	-0.016786	10	0.102	0.11879	ZBTB48	hg38_genes_promoters	0.2361170927603892	0.5573162110173249	0
chr1	6587635	6588143	0.016352	10	0.7252	0.70885	ZBTB48	hg38_genes_promoters	0.3006890923514815	0.4722075909979551	0
chr1	6424607	6424700	-0.011753	12	0.0064167	0.01817	ESPN	hg38_genes_promoters	1.2406564407460616e-05	3.937601673451364	0
chr1	5991394	5991546	-0.0138	10	0.0042	0.018	KCNAB2	hg38_genes_promoters	1.5330570579449484e-06	4.689431166206812	0
chr1	5883265	5883371	0.023395	10	0.8805	0.85711	NPHP4	hg38_genes_promoters	0.0004082303064114	2.7150709302260596	0
chr1	4711115	4711557	-0.018991	12	0.033667	0.052658	AJAP1	hg38_genes_promoters	0.0154928619743111	1.4858474243797	0
chr1	2185106	2185244	0.023559	13	0.857	0.83344	PRKCZ-AS1	hg38_genes_promoters	0.0001616349095293	3.0311370812705722	0
chr1	2392714	2392975	-0.024528	12	0.67183	0.69636	RER1	hg38_genes_promoters	0.1294262710615433	0.7676081330642673	0
chr1	2414454	2414592	-0.016005	10	0.0027	0.018705	PEX10	hg38_genes_promoters	0.0226480240441581	1.3565657241453588	0
chr1	3063768	3063888	0.026897	22	0.77532	0.74842	PRDM16-DT	hg38_genes_promoters	3.45079789950359e-05	3.569414906967483	0
chr1	3063911	3063994	0.03438	14	0.8125	0.77812	PRDM16-DT	hg38_genes_promoters	1.803151046067713e-08	6.3010949912884335	1
chr1	3244100	3244202	0.0138	10	0.8388	0.825	PRDM16	hg38_genes_promoters	0.0628817179381422	1.0104291883352716	0
chr1	3323484	3323654	-0.011516	10	0.0948	0.10632	LOC105378604	hg38_genes_promoters	0.1318046492321563	0.7619788252054625	0
chr1	3423268	3423942	-0.060643	24	0.22154	0.28218	PRDM16	hg38_genes_promoters	0.0009452702727638	2.424960157250122	0
chr1	3453722	3454103	-0.03351	10	0.3412	0.37471	ARHGEF16	hg38_genes_promoters	0.1163549831224291	0.804948442545228	0
chr1	3466000	3466166	0.028021	10	0.7036	0.67558	ARHGEF16	hg38_genes_promoters	0.0842050909726429	0.9120322134690897	0
chr1	3466495	3466733	0.018521	10	0.8591	0.84058	ARHGEF16	hg38_genes_promoters	0.0088957397570059	1.668837490550324	0
chr1	3472541	3472813	0.025732	10	0.8541	0.82837	ARHGEF16	hg38_genes_promoters	0.0055865529971189	1.8230666531405484	0
chr1	3494434	3494709	0.017696	13	0.82608	0.80838	MEGF6	hg38_genes_promoters	0.0215449380531373	1.3737306826099254	0
chr1	3496709	3496987	0.017542	10	0.8427	0.82516	MEGF6	hg38_genes_promoters	0.0020689663816982	2.1564233751307933	0
chr1	3637020	3637228	-0.015395	10	0.8345	0.84989	WRAP73	hg38_genes_promoters	0.1143566925518334	0.8109468554768398	0
chr1	3640557	3640709	0.022763	10	0.8155	0.79274	WRAP73	hg38_genes_promoters	0.0386901736238304	1.1742057010029088	0
chr1	3668872	3669039	-0.0158	10	0.0842	0.1	TP73-AS3	hg38_genes_promoters	0.1071496823243777	0.8322179261329216	0
chr1	3784172	3784325	0.010358	10	0.8752	0.86484	LRRC47	hg38_genes_promoters	0.2789647238987259	0.49728847990874553	0
chr1	3939848	3940213	-0.014065	13	0.78031	0.79437	LINC01346	hg38_genes_promoters	0.1888583874668092	0.6350334516283299	0
chr1	2073740	2073881	0.017625	17	0.86394	0.84632	PRKCZ	hg38_genes_promoters	0.0081786119186697	1.6960309507639957	0
chr1	21830744	21831024	0.027404	10	0.8585	0.8311	HSPG2	hg38_genes_promoters	0.000385585251691	2.7347433458775727	0
chr1	9040045	9040163	-0.016984	10	0.8277	0.84468	SLC2A5	hg38_genes_promoters	0.0473696799013445	1.1065093157212693	0
chr1	21983721	21983834	-0.040591	10	0.6843	0.72489	CELA3B	hg38_genes_promoters	6.317662136104215e-05	3.354130193103811	0
chr1	43591379	43591444	0.018032	10	0.8524	0.83437	PTPRF	hg38_genes_promoters	0.0069730612891637	1.7496351238805938	0
chr1	43597798	43598001	-0.028619	21	0.81043	0.83905	PTPRF	hg38_genes_promoters	6.513818491108225e-07	4.997900146634135	0
chr1	43598009	43598205	0.01233	10	0.8518	0.83947	PTPRF	hg38_genes_promoters	0.1937890240975638	0.6263691253751027	0
chr1	43598726	43598904	0.017461	11	0.85645	0.83899	PTPRF	hg38_genes_promoters	0.1808874018674668	0.6515363293252086	0
chr1	43704352	43704802	-0.021024	13	0.85254	0.87356	KDM4A-AS1	hg38_genes_promoters	0.0002612017020501	2.866589806055019	0
chr1	43735402	43736050	-0.019707	11	0.85845	0.87816	ST3GAL3	hg38_genes_promoters	0.0037997424952813	1.9486870477852387	0
chr1	44017084	44017157	0.042747	10	0.8818	0.83905	SLC6A9	hg38_genes_promoters	1.4995658294913805e-13	10.885751523390939	1
chr1	44118052	44118678	-0.019503	12	0.83225	0.85175	KLF17	hg38_genes_promoters	0.0122331435544051	1.5638043399345574	0
chr1	43543815	43544772	-0.01441	14	0.7695	0.78391	PTPRF	hg38_genes_promoters	0.3812612197564535	0.3862032821759765	0
chr1	44218996	44219245	0.029858	13	0.87885	0.84899	DMAP1	hg38_genes_promoters	1.4509342294629337e-06	4.707560715180337	0
chr1	44411902	44412518	-0.070801	19	0.26995	0.34075	LOC107984951	hg38_genes_promoters	8.212443562664363e-06	4.0845575927960045	0
chr1	44638195	44638354	0.01902	13	0.85323	0.83421	RNF220	hg38_genes_promoters	0.0262479095056697	1.305177086922808	0
chr1	44759788	44760431	0.014988	13	0.85223	0.83724	KIF2C	hg38_genes_promoters	0.0827267809752988	0.9173696810042278	0
chr1	44778161	44778671	-0.011498	13	0.60254	0.61404	SNORD38B	hg38_genes_promoters	0.5148339383514475	0.27165246888704114	0
chr1	44800847	44800931	0.017412	10	0.0482	0.030788	PLK3	hg38_genes_promoters	0.1107850465810549	0.8213907110653798	0
chr1	44808359	44808549	-0.04087	12	0.05375	0.09462	BTBD19	hg38_genes_promoters	8.735333726171236e-09	6.578465870327905	-1
chr1	44813257	44813351	0.0391	10	0.6571	0.618	BTBD19	hg38_genes_promoters	0.0390067546007578	1.1715041596479014	0
chr1	45006681	45007190	-0.0178	10	0.8602	0.878	HECTD3	hg38_genes_promoters	0.0013094504370369	2.3103976878548846	0
chr1	44244604	44245167	-0.013737	10	0.862	0.87574	ERI3-IT1	hg38_genes_promoters	0.1932382978023739	0.6273228215206413	0
chr1	45008826	45009186	-0.016879	10	0.8817	0.89858	HECTD3	hg38_genes_promoters	0.1987656905633918	0.6178449291190986	0
chr1	43452154	43452572	-0.015874	10	0.8516	0.86747	HYI	hg38_genes_promoters	0.0197600753437998	1.402211398973589	0
chr1	43365246	43365642	0.011798	12	0.875	0.8632	MIR6734	hg38_genes_promoters	0.0338717281021334	1.217512676715651	0
chr1	41662695	41662793	0.021898	12	0.041083	0.019185	HIVEP3	hg38_genes_promoters	3.6901219410721326e-05	3.5453096831321833	0
chr1	41662810	41663178	-0.010591	22	0.20091	0.2115	HIVEP3	hg38_genes_promoters	0.3335008675899132	0.4355372605838417	0
chr1	42152369	42153649	-0.021903	22	0.80995	0.83186	GUCA2B	hg38_genes_promoters	0.0333306987142393	1.2225392979532324	0
chr1	42463618	42463725	-0.013968	10	0.023	0.036968	PPCS	hg38_genes_promoters	0.0345797547444216	1.2111809809933445	0
chr1	42463618	42463725	-0.013968	10	0.023	0.036968	CCDC30	hg38_genes_promoters	0.0345797547444216	1.2111809809933445	0
chr1	42740080	42740396	0.019771	10	0.8367	0.81693	CLDN19	hg38_genes_promoters	0.0080413908683655	1.7008540180248368	0
chr1	42747501	42747969	-0.024605	10	0.8195	0.84411	P3H1	hg38_genes_promoters	0.0133229903741091	1.5357764415402302	0
chr1	42784826	42785184	-0.041125	24	0.24354	0.28467	TMEM269	hg38_genes_promoters	0.0007879344359302	2.4850879789661864	0
chr1	43387232	43388329	-0.020844	10	0.5591	0.57994	MED8	hg38_genes_promoters	0.34916588965301	0.41855279964141656	0
chr1	43270674	43270973	0.02391	13	0.061	0.03709	TMEM125	hg38_genes_promoters	0.0005691778960979	2.5971019286381134	0
chr1	43285704	43286179	0.019468	10	0.8161	0.79663	C1orf210	hg38_genes_promoters	0.0088447779133403	1.670943300034355	0
chr1	43306694	43306992	-0.026732	10	0.8049	0.83163	TIE1	hg38_genes_promoters	0.0136882288153163	1.5270268712007427	0
chr1	43308833	43309087	0.016542	10	0.8507	0.83416	TIE1	hg38_genes_promoters	0.0635924309139965	1.0064965384195002	0
chr1	43313093	43313342	-0.016484	10	0.8082	0.82468	TIE1	hg38_genes_promoters	0.0549028665038227	1.0575320443358338	0
chr1	43348790	43349715	0.098708	78	0.66733	0.56862	MPL	hg38_genes_promoters	8.15306827935334e-49	44.18191303104187	1
chr1	43359171	43359387	-0.012435	19	0.0057368	0.018172	CDC20-DT	hg38_genes_promoters	5.608879844238274e-11	8.543015060941926	-1
chr1	43359171	43359387	-0.012435	19	0.0057368	0.018172	CDC20	hg38_genes_promoters	5.608879844238274e-11	8.543015060941926	-1
chr1	43365246	43365642	0.011798	12	0.875	0.8632	ELOVL1	hg38_genes_promoters	0.0338717281021334	1.217512676715651	0
chr1	43270674	43270973	0.02391	13	0.061	0.03709	EBNA1BP2	hg38_genes_promoters	0.0005691778960979	2.5971019286381134	0
chr1	45567982	45568979	-0.018553	14	0.84893	0.86748	AKR1A1	hg38_genes_promoters	2.032311763970838e-05	3.7615937583967085	0
chr1	45623247	45623325	0.04396	13	0.834	0.79004	CCDC17	hg38_genes_promoters	7.680221155199974e-11	8.414686260587198	1
chr1	46184105	46184396	-0.027816	10	0.1005	0.12832	TSPAN1	hg38_genes_promoters	0.0009078314479906	2.4386409580884596	0
chr1	52632916	52633046	0.011974	12	0.091667	0.079693	SHISAL2A	hg38_genes_promoters	0.0457109152728184	1.11673766414979	0
chr1	52725373	52725663	-0.014879	10	0.8213	0.83618	ZYG11B	hg38_genes_promoters	0.0350149972291218	1.2071822675297523	0
chr1	52905082	52905696	-0.023936	14	0.66764	0.69158	ECHDC2	hg38_genes_promoters	0.0764977923159248	0.9443050502795894	0
chr1	52913060	52914042	-0.025933	15	0.67327	0.6992	ECHDC2	hg38_genes_promoters	0.4821195138378381	0.29685204356029626	0
chr1	53078587	53078701	0.030342	12	0.86683	0.83649	PODN	hg38_genes_promoters	2.245893336766025e-08	6.214601433119935	1
chr1	53091226	53092081	0.026011	12	0.69842	0.67241	SLC1A7	hg38_genes_promoters	0.0838285918648646	0.9134181095035374	0
chr1	53195539	53196368	-0.031536	14	0.60007	0.63161	CPT2	hg38_genes_promoters	0.1249730585464484	0.7796064028121508	0
chr1	53218396	53219161	-0.018164	10	0.803	0.82116	CZIB	hg38_genes_promoters	0.1161591821179572	0.8055348780637411	0
chr1	51793270	51794000	-0.027568	10	0.6308	0.65837	LOC105378721	hg38_genes_promoters	0.0587525344510384	1.0338166257054324	0
chr1	53276730	53276848	0.045253	21	0.79876	0.75351	LRP8	hg38_genes_promoters	6.752895654370896e-12	9.384318002604061	1
chr1	53368632	53369154	-0.048206	13	0.40669	0.4549	LINC02812	hg38_genes_promoters	0.0448710130260352	1.1226489990994413	0
chr1	21937660	21937831	-0.012778	19	0.0049644	0.017742	HSPG2	hg38_genes_promoters	1.463998567203329e-12	9.995879320521308	-1
chr1	54018117	54018685	-0.016482	10	0.6812	0.69768	LDLRAD1	hg38_genes_promoters	0.4128650334099737	0.3561775277046371	0
chr1	54190731	54190999	-0.016274	10	0.8629	0.87917	CYB5RL	hg38_genes_promoters	0.0080699864571127	1.6997121033667224	0
chr1	54251646	54252019	-0.016205	10	0.8589	0.87511	SSBP3	hg38_genes_promoters	0.0075099325832929	1.7234261059564513	0
chr1	54252062	54252830	0.015985	15	0.849	0.83302	SSBP3	hg38_genes_promoters	0.0662712704454088	0.9919853869664502	0
chr1	54257666	54258039	-0.025284	10	0.8294	0.85468	SSBP3	hg38_genes_promoters	0.0001434997687392	3.070241034490646	0
chr1	54335990	54336519	-0.01654	10	0.6123	0.62884	SSBP3	hg38_genes_promoters	0.4642476661508963	0.31127974526048474	0
chr1	53328257	53328471	-0.013956	10	0.0214	0.035356	LRP8	hg38_genes_promoters	0.0022085459895983	2.132404313658833	0
chr1	51728813	51729176	0.045283	10	0.3336	0.28832	OSBPL9	hg38_genes_promoters	0.3229750784222914	0.44661386762585775	0
chr1	51594837	51594979	0.034632	10	0.861	0.82637	CALR4P	hg38_genes_promoters	0.0016492159522346	2.230946288666856	0
chr1	51422568	51423289	-0.013393	11	0.82382	0.83721	EPS15	hg38_genes_promoters	0.0716141804286089	0.966101533818199	0
chr1	46198508	46198557	0.015887	10	0.027654	0.011767	POMGNT1	hg38_genes_promoters	0.0001381257968557	3.0836146629749392	0
chr1	46394234	46394297	0.012326	10	0.0368	0.024474	FAAH	hg38_genes_promoters	0.0012185485091592	2.3349545479663294	0
chr1	46405260	46405525	0.027453	10	0.8554	0.82795	FAAH	hg38_genes_promoters	0.0012102669452628	2.337302932599591	0
chr1	46569213	46569776	-0.027119	13	0.83485	0.86197	MKNK1	hg38_genes_promoters	4.404117770368255e-05	3.4832008805031505	0
chr1	46572584	46573334	-0.031128	10	0.7371	0.76823	MKNK1	hg38_genes_promoters	0.0579251114767965	1.0387031348795916	0
chr1	46672628	46673159	-0.010612	10	0.758	0.76861	EFCAB14-AS1	hg38_genes_promoters	0.1247465448094157	0.7803227224397679	0
chr1	47035354	47036150	-0.017733	10	0.728	0.74573	CYP4X1	hg38_genes_promoters	0.4007227637731342	0.36787662452079806	0
chr1	47189837	47190874	-0.018523	23	0.45622	0.47474	PDZK1IP1	hg38_genes_promoters	0.4413843538109815	0.3308278606020481	0
chr1	47190896	47192015	0.020532	10	0.8029	0.78237	PDZK1IP1	hg38_genes_promoters	0.0604887064866488	1.0234707244632493	0
chr1	47224924	47225176	-0.011416	10	0.0349	0.046316	TAL1	hg38_genes_promoters	0.003100042981459	2.018173982239378	0
chr1	47229246	47229487	-0.012259	13	0.023692	0.035951	TAL1	hg38_genes_promoters	0.0006909542065835	2.5290961998079533	0
chr1	47229500	47229998	-0.010939	18	0.031333	0.042273	TAL1	hg38_genes_promoters	0.0110546623205884	1.596724529186398	0
chr1	47230706	47230900	-0.010095	10	0.0203	0.030395	TAL1	hg38_genes_promoters	0.0763332182810346	0.9450003268491146	0
chr1	47409189	47409625	-0.028674	10	0.7868	0.81547	LINC01389	hg38_genes_promoters	0.0001242904650816	3.119041092901233	0
chr1	47688337	47688552	-0.040484	10	0.4525	0.49298	LINC01738	hg38_genes_promoters	0.2837501392069789	0.49180097996499733	0
chr1	47994009	47994285	0.025638	14	0.83629	0.81065	TRABD2B	hg38_genes_promoters	0.0016161605984997	2.2380886911781035	0
chr1	51297509	51297902	-0.023401	13	0.811	0.8344	TTC39A	hg38_genes_promoters	0.0022181110347444	2.1308866964445192	0
chr1	51303083	51303535	0.02286	12	0.82542	0.80256	TTC39A	hg38_genes_promoters	0.0638350379868313	1.0052627142286306	0
chr1	51345301	51345519	-0.033561	12	0.541	0.57456	TTC39A	hg38_genes_promoters	0.1661433265394465	0.6820415099287701	0
chr1	41376008	41376488	-0.025874	10	0.7936	0.81947	FOXO6-AS1	hg38_genes_promoters	0.0174095940869997	1.4451772314011093	0
chr1	40981268	40982108	-0.035844	10	0.8126	0.84844	CTPS1	hg38_genes_promoters	0.016952503255156	1.4531676645646694	0
chr1	53459588	53459774	0.027761	24	0.80921	0.78145	DMRTB1	hg38_genes_promoters	9.306403583980632e-06	4.036674284655687	0
chr1	39965371	39965773	0.026978	10	0.8623	0.83532	MFSD2A	hg38_genes_promoters	0.0013912730544628	2.287480627489985	0
chr1	26850347	26850700	-0.015737	10	0.821	0.83674	ZDHHC18	hg38_genes_promoters	0.0277019157941117	1.286810820756367	0
chr1	26894100	26894460	-0.016316	10	0.862	0.87832	GPATCH3	hg38_genes_promoters	0.0016173152947773	2.2379709758929742	0
chr1	27342494	27342850	0.043874	10	0.1814	0.13753	SYTL1	hg38_genes_promoters	0.0017068726865227	2.21991918601911	0
chr1	27347283	27347585	0.015277	10	0.8467	0.83142	SYTL1	hg38_genes_promoters	0.0562854052693136	1.0483599264142827	0
chr1	27350234	27350392	0.027089	10	0.8043	0.77721	SYTL1	hg38_genes_promoters	0.0002309890577082	2.90746767511365	0
chr1	27392594	27392648	-0.011008	10	0.0148	0.025808	GPR3	hg38_genes_promoters	0.0887898479689717	0.8943383189047305	0
chr1	27623791	27624101	-0.024358	10	0.6668	0.69116	FGR	hg38_genes_promoters	0.1520271699964397	0.7136130173731571	0
chr1	27635117	27635224	-0.018555	11	0.051545	0.070101	FGR	hg38_genes_promoters	4.613669902501364e-09	6.8165774182753776	-1
chr1	26773936	26774574	0.017311	10	0.8671	0.84979	ARID1A	hg38_genes_promoters	0.033379614000984	1.221999141234764	0
chr1	27872119	27872358	-0.017109	10	0.349	0.36611	THEMIS2	hg38_genes_promoters	0.2532820810099984	0.5325507654466848	0
chr1	28176702	28177269	-0.044687	12	0.31067	0.35535	PTAFR	hg38_genes_promoters	0.11137119217293	0.8196623842246012	0
chr1	28530696	28530942	0.019069	16	0.84931	0.83024	RCC1	hg38_genes_promoters	0.0073801605900063	1.7293672169595802	0
chr1	28531503	28532064	-0.020408	11	0.86727	0.88768	RCC1	hg38_genes_promoters	0.0002330286815355	2.90480167979079	0
chr1	28886563	28886738	-0.021795	10	0.1361	0.15789	EPB41	hg38_genes_promoters	0.05022134052104	1.0869510085603296	0
chr1	28913743	28914164	-0.011747	10	0.3722	0.38395	EPB41	hg38_genes_promoters	0.6759939295411332	0.16393149846861788	0
chr1	29278932	29279625	-0.010233	14	0.83586	0.84609	PTPRU	hg38_genes_promoters	0.0355645068385905	1.201848331210494	0
chr1	30953764	30954280	-0.020472	15	0.84547	0.86594	PUM1	hg38_genes_promoters	0.0012198171906312	2.334706850874945	0
chr1	31188044	31188738	0.012247	10	0.8213	0.80905	NKAIN1	hg38_genes_promoters	0.2827543711192496	0.4928108641433002	0
chr1	27882299	27882491	-0.028853	10	0.7942	0.82305	THEMIS2	hg38_genes_promoters	0.009872342581575	1.6351197653445841	0
chr1	26695552	26695601	-0.014311	10	0.0039	0.018211	ARID1A	hg38_genes_promoters	2.1629297421362776e-06	4.563692556020045	0
chr1	26468921	26469108	0.024413	10	0.8373	0.81289	DHDDS-AS1	hg38_genes_promoters	0.0019607523711763	2.1744588337852093	0
chr1	26360323	26360465	0.013481	11	0.037545	0.024064	CRYBG2	hg38_genes_promoters	0.2841780653107951	0.49120763947655205	0
chr1	40752872	40753311	-0.012539	10	0.8495	0.86204	NFYC	hg38_genes_promoters	0.0521303145913401	1.0745923026983435	0
chr1	22000405	22000674	0.010326	10	0.8588	0.84847	CELA3A	hg38_genes_promoters	0.3445233236805484	0.4234240386981233	0
chr1	23436507	23436844	0.056123	17	0.57682	0.5207	ASAP3	hg38_genes_promoters	0.0018642890606782	2.1906355980351733	0
chr1	23436991	23437184	0.041268	10	0.5319	0.49063	ASAP3	hg38_genes_promoters	0.0296286680631229	1.2631943551818945	0
chr1	24112123	24112551	-0.036565	20	0.30665	0.34322	MYOM3	hg38_genes_promoters	0.0481393540625775	1.100397816892498	0
chr1	24187926	24188063	-0.051826	10	0.1037	0.15553	IFNLR1	hg38_genes_promoters	0.0001000098594757	3.1925265710970536	0
chr1	24669423	24669566	-0.021566	10	0.8754	0.89697	SRRM1	hg38_genes_promoters	0.0001543476169406	3.0461839553058754	0
chr1	24960385	24961016	-0.029916	10	0.7564	0.78632	RUNX3-AS1	hg38_genes_promoters	0.0138863435668142	1.5228205179893501	0
chr1	25553886	25554133	-0.022474	10	0.818	0.84047	LDLRAP1	hg38_genes_promoters	0.0014559605686381	2.2713211204343926	0
chr1	25771581	25771819	-0.023593	10	0.1612	0.18479	MAN1C1	hg38_genes_promoters	0.0643892716118115	1.0024237664585198	0
chr1	25771829	25772051	-0.024574	10	0.4089	0.43347	MAN1C1	hg38_genes_promoters	0.3103357639987536	0.4607807870535516	0
chr1	25776682	25777596	-0.023105	13	0.83785	0.86095	MAN1C1	hg38_genes_promoters	0.0002089082003487	2.940595957375099	0
chr1	25871363	25872247	-0.022706	12	0.49142	0.51412	PAQR7	hg38_genes_promoters	0.3369082332726394	0.43183252602129857	0
chr1	26157906	26158985	0.018782	12	0.74525	0.72647	FAM110D	hg38_genes_promoters	0.0886845558966319	0.8946585231972422	0
chr1	26177131	26177375	0.055458	10	0.6423	0.58684	CNKSR1	hg38_genes_promoters	0.0044636438651931	1.8950939939214415	0
chr1	26177391	26177574	0.116791	10	0.5376	0.42081	CNKSR1	hg38_genes_promoters	3.9643834121673556e-10	7.74791149115161	1
chr1	26180537	26181050	0.015892	10	0.8332	0.81731	CNKSR1	hg38_genes_promoters	0.1535908038210938	0.7099161076593095	0
chr1	26224514	26225279	-0.021449	29	0.32762	0.34907	ZPLD2P	hg38_genes_promoters	0.1916693694724203	0.6298303390946215	0
chr1	31577023	31577394	0.022491	21	0.81981	0.79732	TINAGL1	hg38_genes_promoters	0.0001002960939864	3.191975820738985	0
chr1	31584715	31585026	-0.02093	12	0.73683	0.75776	TINAGL1	hg38_genes_promoters	0.0187776341907725	1.419258014981875	0
chr1	23868818	23869140	-0.088737	10	0.241	0.32974	FUCA1	hg38_genes_promoters	0.000234912321191	2.9035861932466176	0
chr1	31736763	31736921	0.046026	12	0.65825	0.61222	ADGRB2	hg38_genes_promoters	0.0003017539719853	2.818450027450446	0
chr1	37634794	37634866	-0.017049	10	0.0289	0.045949	RSPO1	hg38_genes_promoters	0.0093006392631712	1.6542799834290418	0
chr1	37690789	37691134	-0.053305	12	0.20425	0.25755	C1orf109	hg38_genes_promoters	0.0429434043659043	1.1378533448196382	0
chr1	37732020	37732512	0.011611	10	0.8104	0.79879	EPHA10	hg38_genes_promoters	0.3879270892285649	0.3797768280742393	0
chr1	37793464	37793539	0.032158	10	0.249	0.21684	MANEAL	hg38_genes_promoters	0.2984761480169303	0.47475125164676496	0
chr1	37946228	37946847	-0.031363	10	0.0409	0.072263	INPP5B	hg38_genes_promoters	1.4438930338059234e-05	3.881754234970759	0
chr1	38474801	38475283	-0.020939	15	0.16893	0.18987	LINC01685	hg38_genes_promoters	0.0609991003293106	1.0205603824019016	0
chr1	38941559	38941979	0.024131	14	0.75214	0.72801	RHBDL2	hg38_genes_promoters	0.109280490356556	0.8259113773280409	0
chr1	39559652	39559743	0.024198	10	0.6068	0.5826	PPIEL	hg38_genes_promoters	0.0444812817806948	1.1255736263775393	0
chr1	37481656	37481774	0.039982	12	0.43367	0.39368	ZC3H12A	hg38_genes_promoters	0.0089053865103401	1.6686261440994212	0
chr1	39563871	39564712	-0.026889	19	0.72195	0.74884	PABPC4	hg38_genes_promoters	0.0019518252326899	2.1760730755886635	0
chr1	39576503	39576621	-0.011979	23	0.00043478	0.012413	PABPC4	hg38_genes_promoters	5.860044025534813e-07	5.034808860410392	-1
chr1	39672569	39672841	-0.027426	10	0.2191	0.24653	NT5C1A	hg38_genes_promoters	0.1335591894465347	0.7582242855601032	0
chr1	39691980	39692068	0.035811	10	0.1963	0.16049	PPIE	hg38_genes_promoters	0.0722590828026729	0.9629389091524388	0
chr1	39691980	39692068	0.035811	10	0.1963	0.16049	HPCAL4	hg38_genes_promoters	0.0722590828026729	0.9629389091524388	0
chr1	39954120	39954706	-0.03385	13	0.39315	0.427	MFSD2A	hg38_genes_promoters	0.1305020391789545	0.7650064339512705	0
chr1	39760405	39761028	0.026307	12	0.86767	0.84136	PPIE	hg38_genes_promoters	0.0005514388397618	2.6092257715451805	0
chr1	39897141	39897586	-0.023879	10	0.7567	0.78058	MYCL-AS1	hg38_genes_promoters	0.0314926268901936	1.2423103675907499	0
chr1	31684089	31684334	-0.017384	10	0.6553	0.67268	COL16A1	hg38_genes_promoters	0.4968963814338435	0.2855408732379449	0
chr1	39563871	39564712	-0.026889	19	0.72195	0.74884	PABPC4-AS1	hg38_genes_promoters	0.0019518252326899	2.1760730755886635	0
chr1	36859545	36859975	0.020365	10	0.7425	0.72214	GRIK3	hg38_genes_promoters	0.193118703358369	0.6274798079576146	0
chr1	39738880	39738971	-0.010431	10	0.0048	0.015231	PPIE	hg38_genes_promoters	4.639326993108913e-07	5.11519894854033	-1
chr1	36482510	36483449	-0.014397	18	0.11778	0.13218	CSF3R	hg38_genes_promoters	0.1656507231083723	0.6830614949127687	0
chr1	36853662	36853957	-0.021591	12	0.8335	0.85509	GRIK3	hg38_genes_promoters	0.0011822072155051	2.3452327421052237	0
chr1	31756677	31757026	0.031763	10	0.8475	0.81574	ADGRB2	hg38_genes_promoters	0.0009401282503861	2.4267550234412574	0
chr1	32326968	32327385	0.015558	12	0.88275	0.86719	HDAC1	hg38_genes_promoters	0.0243592909516821	1.3307483934719702	0
chr1	32780613	32781765	-0.024245	12	0.66092	0.68516	YARS1	hg38_genes_promoters	0.1524027187939002	0.7127414635386132	0
chr1	32893025	32893109	-0.010016	14	0.016214	0.02623	HPCA	hg38_genes_promoters	0.017988190876285	1.433963243096881	0
chr1	32895718	32895942	-0.032963	10	0.7953	0.82826	TMEM54	hg38_genes_promoters	0.0009275146926507	2.431909195280909	0
chr1	33013034	33013928	-0.013809	13	0.83877	0.85258	AK2	hg38_genes_promoters	0.0597997602222375	1.0278356277644167	0
chr1	33081999	33082307	-0.025707	18	0.26061	0.28632	AZIN2	hg38_genes_promoters	0.130239057708853	0.7657407453938727	0
chr1	34754622	34755238	0.011618	12	0.81925	0.80763	GJB5	hg38_genes_promoters	0.2549620816722588	0.530577968389812	0
chr1	32251205	32251551	0.020735	19	0.46537	0.44463	LCK	hg38_genes_promoters	0.2292140038521571	0.5676043838118711	0
chr1	35573937	35574009	0.015795	10	0.6999	0.68411	TFAP2E-AS1	hg38_genes_promoters	0.3611338677543093	0.4059112623211274	0
chr1	36475819	36476532	-0.033847	10	0.7777	0.81155	CSF3R	hg38_genes_promoters	0.0078580573186762	1.7089997636562257	0
chr1	34926108	34927155	-0.021611	14	0.5135	0.53511	DLGAP3	hg38_genes_promoters	0.5274176983302253	0.26217063779079464	0
chr1	36178789	36178862	-0.031784	10	0.7709	0.80268	MAP7D1	hg38_genes_promoters	0.1524384310572417	0.7127081385411707	0
chr1	36176509	36176879	0.024057	36	0.83033	0.80628	MAP7D1	hg38_genes_promoters	1.4991213248518778e-07	5.520156524409158	1
chr1	31739568	31740078	-0.024134	13	0.51831	0.54244	ADGRB2	hg38_genes_promoters	0.315762257232886	0.4547506889011217	0
chr1	36100145	36100317	-0.036187	10	0.25355	0.28973	COL8A2	hg38_genes_promoters	0.2644174591028529	0.5172810949914532	0
chr1	36086349	36086489	0.029495	10	0.8206	0.79111	TEKT2	hg38_genes_promoters	0.003964467339144	1.9343819599777803	0
chr1	36125599	36125756	-0.034184	10	0.4265	0.46068	COL8A2	hg38_genes_promoters	0.0423684923146275	1.1427932701608525	0
chr1	35574321	35574567	0.016897	21	0.77705	0.76015	TFAP2E-AS1	hg38_genes_promoters	0.0017136984617492	2.219135185899913	0
chr10	101131287	101131439	0.010619	11	0.024182	0.013563	TLX1	hg38_genes_promoters	6.476769644459191e-05	3.3459645573674957	0
chr10	104353221	104353512	-0.012	10	0.0125	0.0245	CFAP58	hg38_genes_promoters	0.1641517170726565	0.6862671901117434	0
chr10	104339222	104339380	-0.011812	10	0.0085	0.020312	ITPRIP	hg38_genes_promoters	0.0623420912817396	1.0134527111642762	0
chr10	104253684	104254300	-0.062558	10	0.3963	0.45886	GSTO1	hg38_genes_promoters	0.0194120314166701	1.4078740699054886	0
chr10	104056830	104057110	-0.012679	10	0.8399	0.85258	COL17A1	hg38_genes_promoters	0.0806141074060781	0.9263954052569714	0
chr10	103443442	103443741	-0.024484	10	0.8082	0.83268	PDCD11	hg38_genes_promoters	0.0015167411271753	2.2578924034831136	0
chr10	102832520	102832816	0.019148	10	0.8613	0.84215	CYP17A1	hg38_genes_promoters	0.0061797477885876	1.7892602481161675	0
chr10	102832520	102832816	0.019148	10	0.8613	0.84215	CYP17A1-AS1	hg38_genes_promoters	0.0061797477885876	1.7892602481161675	0
chr10	102655120	102655291	-0.015905	10	0.7332	0.74911	TRIM8	hg38_genes_promoters	0.1025023803196702	0.846975187158544	0
chr10	102648881	102649272	0.013008	13	0.33823	0.32522	TRIM8	hg38_genes_promoters	0.553368935429865	0.24325944699357369	0
chr10	102436448	102436819	-0.024126	10	0.5904	0.61453	MIR146B	hg38_genes_promoters	0.4121849627448033	0.3567786396041608	0
chr10	101829430	101829559	0.020361	10	0.2415	0.22114	KCNIP2	hg38_genes_promoters	0.3797566414756748	0.38746518167862865	0
chr10	101582799	101583650	-0.013189	12	0.84633	0.85952	POLL	hg38_genes_promoters	0.0041783025903128	1.9173711910283888	0
chr10	101569697	101569798	-0.012853	10	0.0132	0.026053	DPCD	hg38_genes_promoters	0.0023984943882162	2.1035237662488915	0
chr10	101131287	101131439	0.010619	11	0.024182	0.013563	TLX1NB	hg38_genes_promoters	6.476769644459191e-05	3.3459645573674957	0
chr10	109924012	109924430	-0.029311	11	0.76873	0.79804	XPNPEP1	hg38_genes_promoters	0.0164664286771896	1.4638158801339707	0
chr10	102775696	102776438	-0.029184	16	0.11762	0.14681	WBP1L	hg38_genes_promoters	0.000948520330836	2.4238973897566787	0
chr10	102400203	102400398	0.031202	10	0.81894	0.78774	NFKB2	hg38_genes_promoters	0.0010574650955776	2.3846373786044364	0
chr10	114179249	114179349	0.042463	10	0.8572	0.81474	TDRD1	hg38_genes_promoters	9.78684820355935e-07	4.846884241225881	0
chr10	110006988	110007274	0.040184	14	0.49364	0.45346	ADD3	hg38_genes_promoters	0.0097590641044531	1.6390979053843235	0
chr10	119028932	119029088	0.016365	14	0.0905	0.074135	NANOS1	hg38_genes_promoters	0.1648753593506151	0.6846269065868381	0
chr10	117735061	117735141	-0.014495	10	0.0354	0.049895	LINC02674	hg38_genes_promoters	0.0003953910682718	2.7261449418197077	0
chr10	117543571	117543689	-0.010425	13	0.025769	0.036194	EMX2OS	hg38_genes_promoters	0.0114870857771856	1.5841081115708868	0
chr10	117542164	117542287	-0.012168	10	0.0332	0.045368	EMX2	hg38_genes_promoters	0.0015162017101195	2.2578924034831136	0
chr10	117542164	117542287	-0.012168	10	0.0332	0.045368	EMX2OS	hg38_genes_promoters	0.0015162017101195	2.2578924034831136	0
chr10	117240244	117240603	-0.014859	10	0.6246	0.63946	SLC18A2	hg38_genes_promoters	0.466455705906207	0.3094454953823152	0
chr10	116708110	116708313	-0.015257	13	0.79	0.80526	HSPA12A	hg38_genes_promoters	0.0255812780874617	1.3143386301897184	0
chr10	116692644	116693369	-0.015357	10	0.7429	0.75826	HSPA12A	hg38_genes_promoters	0.0707866299536942	0.9700934066660332	0
chr10	116324667	116324848	-0.034637	10	0.6081	0.64274	CCDC172	hg38_genes_promoters	0.1070874309381983	0.8322179261329216	0
chr10	113720481	113720898	-0.036595	10	0.8676	0.9042	CASP7	hg38_genes_promoters	1.1753552665334555e-05	3.9555424637262697	0
chr10	113719124	113719317	-0.067114	12	0.55433	0.62145	CASP7	hg38_genes_promoters	2.7424561295977925e-07	5.305401944591857	-1
chr10	113160741	113161264	-0.014183	10	0.844	0.85818	TCF7L2	hg38_genes_promoters	0.0225975222819985	1.357326020541991	0
chr10	113151395	113151856	-0.023652	10	0.2537	0.27735	TCF7L2	hg38_genes_promoters	0.3153636904341926	0.45514179216340567	0
chr10	112283436	112283842	-0.020468	14	0.75057	0.77104	TECTB	hg38_genes_promoters	0.0745276958712012	0.952988356847583	0
chr10	112214611	112215214	-0.034802	10	0.7124	0.7472	GPAM	hg38_genes_promoters	0.0098298551148183	1.636487284601438	0
chr10	110643204	110643358	-0.012039	12	0.03875	0.050789	RBM20	hg38_genes_promoters	0.0205508873787826	1.3895709054889525	0
chr10	110006988	110007274	0.040184	14	0.49364	0.45346	ADD3-AS1	hg38_genes_promoters	0.0097590641044531	1.6390979053843235	0
chr10	101037016	101037802	0.011496	14	0.833	0.8215	SFXN3	hg38_genes_promoters	0.2835137417634417	0.4918868208349344	0
chr10	97381235	97381748	0.010908	12	0.86608	0.85518	RRP12	hg38_genes_promoters	0.2798470313214463	0.496346663972767	0
chr10	100983387	100983662	0.023279	10	0.8767	0.85342	SEMA4G	hg38_genes_promoters	0.000301709657483	2.818450027450446	0
chr10	96620376	96620787	0.051323	10	0.7799	0.72858	PIK3AP1	hg38_genes_promoters	0.0513811330874354	1.0796597758617512	0
chr10	96359731	96360511	-0.010481	14	0.85057	0.86105	OPALIN	hg38_genes_promoters	0.0338410476208583	1.2175814987721951	0
chr10	96304417	96304713	0.014823	11	0.82745	0.81263	DNTT	hg38_genes_promoters	0.4062464726751492	0.3623914589430535	0
chr10	96227481	96227805	-0.020846	12	0.81525	0.8361	BLNK	hg38_genes_promoters	0.0003800315268347	2.738954215119054	0
chr10	96089746	96090248	-0.039035	32	0.01	0.049035	ENTPD1-AS1	hg38_genes_promoters	1.1628096017317584e-23	20.328755496886316	-1
chr10	95384372	95385081	-0.011204	16	0.85162	0.86283	SORBS1	hg38_genes_promoters	0.0150846056509028	1.4951689332884257	0
chr10	95273428	95273914	-0.030229	10	0.6567	0.68693	PDLIM1	hg38_genes_promoters	0.2183701317674427	0.5841160407302184	0
chr10	93757740	93758331	-0.020224	10	0.1347	0.15492	LGI1	hg38_genes_promoters	0.105498847465717	0.8370680166629436	0
chr10	93661301	93661973	-0.015875	10	0.8633	0.87918	PDE6C	hg38_genes_promoters	0.0205628452675242	1.389425075337754	0
chr10	93075623	93075940	0.018061	10	0.2629	0.24484	CYP26A1	hg38_genes_promoters	0.4394565329796108	0.3325010729929783	0
chr10	93063033	93063085	-0.011889	10	0.0159	0.027789	CYP26A1	hg38_genes_promoters	1.4074710311825044e-05	3.887794238935717	0
chr10	93060279	93060526	0.047759	21	0.31781	0.27005	CYP26C1	hg38_genes_promoters	4.782459451204326e-05	3.4533933681232107	0
chr10	92691068	92691675	-0.013719	27	0.006	0.019719	HHEX	hg38_genes_promoters	5.18460874727918e-08	5.9022645890258	-1
chr10	91153551	91153702	-0.014884	10	0.8528	0.86768	NUDT9P1	hg38_genes_promoters	0.015173206407356	1.493755126362134	0
chr10	91153551	91153702	-0.014884	10	0.8528	0.86768	LOC105378429	hg38_genes_promoters	0.015173206407356	1.493755126362134	0
chr10	119336008	119336694	-0.012232	10	0.7984	0.81063	LOC105378511	hg38_genes_promoters	0.2337506606079892	0.560848900080565	0
chr10	89208191	89208398	-0.012	10	0.025	0.037	CH25H	hg38_genes_promoters	0.0710249536175822	0.9687947353604761	0
chr10	97101412	97102149	0.010879	13	0.83638	0.82551	SLIT1-AS1	hg38_genes_promoters	0.4185269113588363	0.35095068801079626	0
chr10	101030099	101030317	0.032935	13	0.69346	0.66053	SFXN3	hg38_genes_promoters	0.0101267332938905	1.6265897272095113	0
chr10	97366956	97367293	0.024368	16	0.84181	0.81744	RRP12	hg38_genes_promoters	0.0032290066779152	2.003790528163634	0
chr10	97427121	97427543	0.030627	14	0.525	0.49437	PGAM1	hg38_genes_promoters	0.0268993216719839	1.2967591932044342	0
chr10	100979785	100980218	-0.012452	12	0.85075	0.8632	SEMA4G	hg38_genes_promoters	0.0086469939564545	1.678421755888887	0
chr10	100373005	100373227	-0.022858	10	0.1893	0.21216	OLMALINC	hg38_genes_promoters	0.3011416051396632	0.47167519183552026	0
chr10	100330001	100331051	0.028417	18	0.76139	0.73297	PKD2L1	hg38_genes_promoters	0.0108089125840833	1.6043674136569244	0
chr10	100065225	100065499	-0.055654	18	0.48472	0.54038	CPN1	hg38_genes_promoters	0.0095146240880682	1.646704425072101	0
chr10	99658614	99658726	-0.023795	10	0.1431	0.16689	ENTPD7	hg38_genes_promoters	0.0240740446584725	1.3352444386364006	0
chr10	99531163	99531253	-0.011674	10	0.0088	0.020474	LINC01475	hg38_genes_promoters	2.412551871062472e-06	4.529642865390187	0
chr10	99528052	99528239	-0.03258	12	0.02325	0.05583	LINC01475	hg38_genes_promoters	3.022522830024052e-07	5.270875917214337	-1
chr10	99403684	99404857	-0.018917	15	0.5554	0.57432	GOT1	hg38_genes_promoters	0.3135954961821524	0.4568427353251308	0
chr10	97936438	97936928	0.028563	10	0.7503	0.72174	CRTAC1	hg38_genes_promoters	0.0083638543185636	1.6889465979229492	0
chr10	97936170	97936404	0.012086	19	0.79284	0.78076	CRTAC1	hg38_genes_promoters	0.3070720168343773	0.46443718443057574	0
chr10	97850168	97850225	0.020271	10	0.036608	0.016337	GOLGA7B-DT	hg38_genes_promoters	0.0002136114477966	2.933577760904563	0
chr10	97583558	97583729	0.025381	10	0.8789	0.85352	HOGA1	hg38_genes_promoters	0.0008519162921584	2.460597697730291	0
chr10	97583558	97583729	0.025381	10	0.8789	0.85352	PI4K2A	hg38_genes_promoters	0.0008519162921584	2.460597697730291	0
chr10	97572717	97572879	0.0107	10	0.8407	0.83	ANKRD2	hg38_genes_promoters	0.346729349512515	0.4209466389006374	0
chr10	97451706	97451814	0.032326	10	0.8778	0.84547	ZDHHC16	hg38_genes_promoters	6.135706128313141e-06	4.190730779730483	0
chr10	97450149	97451122	-0.020861	10	0.8541	0.87496	ZDHHC16	hg38_genes_promoters	0.0075742463360745	1.7205492721938036	0
chr10	97373569	97373847	0.010658	10	0.8685	0.85784	RRP12	hg38_genes_promoters	0.0830595497909525	0.9160982075991692	0
chr10	119451512	119451670	0.024811	10	0.8666	0.84179	GRK5	hg38_genes_promoters	0.0018992292687402	2.1849099988223593	0
chr10	132036351	132036425	-0.010911	10	0.0083	0.019211	JAKMIP3	hg38_genes_promoters	9.855301130036876e-06	4.017594548500294	0
chr10	119818595	119818661	0.026642	10	0.5428	0.51616	INPP5F	hg38_genes_promoters	0.0105570709210858	1.6125160983176328	0
chr10	132876994	132877349	0.017137	15	0.8084	0.79126	CFAP46	hg38_genes_promoters	0.0428368178886935	1.138355474314831	0
chr10	132836204	132836429	-0.056449	13	0.56177	0.61822	CFAP46	hg38_genes_promoters	0.0034683170326805	1.9791383374456857	0
chr10	132785644	132785699	-0.013978	14	0.018214	0.032193	NKX6-2	hg38_genes_promoters	3.6971034207056474e-08	6.02368306479463	-1
chr10	132764524	132764937	-0.018321	21	0.80476	0.82308	INPP5A	hg38_genes_promoters	0.001944137323537	2.1769492759437883	0
chr10	132688904	132689470	-0.025149	12	0.85392	0.87907	INPP5A	hg38_genes_promoters	0.0032697940690484	1.9991645678200887	0
chr10	132607791	132608445	0.022241	26	0.87535	0.8531	INPP5A	hg38_genes_promoters	0.0005104504890322	2.6347234476784975	0
chr10	132518772	132519192	0.019404	16	0.6325	0.6131	LOC107984282	hg38_genes_promoters	0.2595049535021702	0.5241588274873862	0
chr10	132917380	132917555	-0.010579	10	0.838	0.84858	CFAP46	hg38_genes_promoters	0.012580374241832	1.5538565146519194	0
chr10	132364880	132365466	-0.038507	10	0.335	0.37351	LRRC27	hg38_genes_promoters	0.0226258912304465	1.3568857602913003	0
chr10	132336592	132337063	-0.012601	10	0.3355	0.3481	LRRC27	hg38_genes_promoters	0.4766526730192654	0.30112781005313904	0
chr10	132249976	132250270	-0.018571	10	0.4207	0.43927	STK32C	hg38_genes_promoters	0.5365088947017974	0.25552901443907017	0
chr10	132249436	132249707	0.013016	10	0.8157	0.80268	STK32C	hg38_genes_promoters	0.3268981990992381	0.4423228830667519	0
chr10	132202714	132202870	0.037182	13	0.852	0.81482	DPYSL4	hg38_genes_promoters	6.003866811874662e-08	5.8475574400426735	1
chr10	132202411	132202696	0.014567	19	0.79632	0.78175	DPYSL4	hg38_genes_promoters	0.208280163912645	0.6006526319206419	0
chr10	132142481	132143478	-0.054347	37	0.19976	0.2541	JAKMIP3	hg38_genes_promoters	1.635633269160898e-05	3.84064368307862	0
chr10	132104762	132104949	0.03025	10	0.8141	0.78385	JAKMIP3	hg38_genes_promoters	0.0428035938398646	1.1385389064611573	0
chr10	132347278	132347555	-0.016174	10	0.8463	0.86247	LRRC27	hg38_genes_promoters	0.0093347892594683	1.6531756481747502	0
chr10	132961980	132962807	0.02784	37	0.04227	0.01443	LINC01167	hg38_genes_promoters	0.0011510560071463	2.3551833902496555	0
chr10	132964960	132965263	0.03603	16	0.58106	0.54503	LINC01168	hg38_genes_promoters	0.0034435040695915	1.981930723243638	0
chr10	133088732	133088877	-0.011703	14	0.048786	0.060489	ADGRA1-AS1	hg38_genes_promoters	0.0754724213484847	0.9485628084076617	0
chr10	88585167	88586230	-0.025831	12	0.87867	0.9045	RNLS	hg38_genes_promoters	6.764035587918962e-06	4.155355725127042	0
chr10	133568314	133568402	-0.026147	10	0.8018	0.82795	SYCE1	hg38_genes_promoters	0.0105638829048936	1.6123603806386413	0
chr10	133390810	133391183	0.016425	19	0.79742	0.781	PAOX	hg38_genes_promoters	0.0282071695658302	1.28076441775861	0
chr10	133358213	133358622	-0.019348	30	0.7676	0.78695	FUOM	hg38_genes_promoters	0.0335331710075494	1.220295905359095	0
chr10	133326827	133327035	0.042996	14	0.28307	0.24008	CALY	hg38_genes_promoters	0.0418446084539428	1.1466625224884934	0
chr10	133319625	133319902	-0.02858	10	0.6997	0.72828	TUBGCP2	hg38_genes_promoters	0.0699571547492407	0.9737417885388193	0
chr10	133293545	133293704	0.014753	10	0.8647	0.84995	TUBGCP2	hg38_genes_promoters	0.0262710403370505	1.3049976194429969	0
chr10	133283958	133284176	0.013573	17	0.86271	0.84913	TUBGCP2	hg38_genes_promoters	0.0343991240508572	1.2124972212412113	0
chr10	133276900	133276964	0.02746	12	0.048116	0.020656	ADAM8	hg38_genes_promoters	1.9400893826634076e-09	7.151987495922408	1
chr10	133271529	133271715	0.019355	12	0.85975	0.84039	ADAM8	hg38_genes_promoters	0.0099860229247552	1.6307785744407235	0
chr10	133271281	133271523	-0.011752	10	0.8233	0.83505	ADAM8	hg38_genes_promoters	0.3391495842092189	0.4293073874662167	0
chr10	133264827	133265261	0.022393	13	0.78431	0.76191	ADAM8	hg38_genes_promoters	0.0066130599342677	1.7687752641487544	0
chr10	133248277	133248598	0.019817	12	0.85367	0.83385	MIR202HG	hg38_genes_promoters	0.0478131111266486	1.1031735553248327	0
chr10	133207130	133207249	0.02168	12	0.86475	0.84307	KNDC1	hg38_genes_promoters	0.0005914074242098	2.5835610438127015	0
chr10	133167476	133167616	-0.020901	17	0.85124	0.87214	KNDC1	hg38_genes_promoters	0.0005030541786788	2.640083067140984	0
chr10	133162702	133163248	-0.018681	17	0.78024	0.79892	KNDC1	hg38_genes_promoters	0.0255858076405769	1.3143386301897184	0
chr10	133159706	133160087	0.021752	12	0.13358	0.11183	KNDC1	hg38_genes_promoters	0.2403384283911078	0.5509451640420193	0
chr10	132064398	132064578	0.012301	14	0.86843	0.85613	JAKMIP3	hg38_genes_promoters	0.0434210796030831	1.1342339280933726	0
chr10	131982739	131982844	-0.018562	14	0.037429	0.055991	BNIP3	hg38_genes_promoters	0.0001619157556214	3.031002670556958	0
chr10	131939590	131939843	-0.0228	10	0.8597	0.8825	PPP2R2D	hg38_genes_promoters	0.0007590058864523	2.497362246221631	0
chr10	131938718	131939073	-0.013832	10	0.8538	0.86763	PPP2R2D	hg38_genes_promoters	0.019841557831969	1.40085561067124	0
chr10	124604763	124605034	0.023892	10	0.8429	0.81901	LHPP	hg38_genes_promoters	0.0309813304583242	1.2477527845911844	0
chr10	124403490	124403919	-0.020239	11	0.41455	0.43478	OAT	hg38_genes_promoters	0.3515021180166011	0.4160681224160455	0
chr10	124039304	124039655	-0.011206	11	0.452	0.46321	CHST15	hg38_genes_promoters	0.6725127323137154	0.1658460964321309	0
chr10	124038591	124038807	0.022047	10	0.8521	0.83005	CHST15	hg38_genes_promoters	0.0108158361046456	1.604233597490193	0
chr10	123940417	123940909	-0.028853	11	0.76827	0.79713	CPXM2	hg38_genes_promoters	0.2121763983778254	0.5941232718474774	0
chr10	123892009	123892380	-0.035725	10	0.3992	0.43492	CPXM2	hg38_genes_promoters	0.2121966598072681	0.5941232718474774	0
chr10	123666341	123666402	-0.023071	14	0.061214	0.084286	GPR26	hg38_genes_promoters	3.6450265197005474e-05	3.548297957320092	0
chr10	122879239	122879356	-0.028653	10	0.3854	0.41405	C10orf88B	hg38_genes_promoters	0.2758711677382983	0.5013324982971243	0
chr10	122838199	122839182	-0.013617	11	0.80782	0.82144	CUZD1	hg38_genes_promoters	0.0400837996334881	1.1615306608455576	0
chr10	122506186	122506572	-0.017037	10	0.8317	0.84874	HTRA1	hg38_genes_promoters	0.0038252317122636	1.946739009955607	0
chr10	122458506	122458980	-0.027747	10	0.6682	0.69595	LOC105378525	hg38_genes_promoters	0.1320346158360723	0.7617037961971332	0
chr10	122458506	122458980	-0.027747	10	0.6682	0.69595	HTRA1	hg38_genes_promoters	0.1320346158360723	0.7617037961971332	0
chr10	122290133	122290964	-0.031231	17	0.67876	0.71	BTBD16	hg38_genes_promoters	0.0465328166971734	1.111606869160329	0
chr10	122236885	122237812	-0.017022	19	0.73516	0.75218	TACC2	hg38_genes_promoters	0.0703170710978086	0.9722482078090219	0
chr10	122210587	122210769	0.014558	10	0.8644	0.84984	TACC2	hg38_genes_promoters	0.1339216394021335	0.7573718284492146	0
chr10	122021335	122022130	-0.02341	17	0.75747	0.78088	TACC2	hg38_genes_promoters	0.0138467299244964	1.5235957207396513	0
chr10	122019235	122019597	-0.054133	10	0.5414	0.59553	TACC2	hg38_genes_promoters	0.086970028622851	0.9009654288181946	0
chr10	125033501	125033682	0.010432	10	0.8768	0.86637	MIR4296	hg38_genes_promoters	0.1686470280091213	0.6768911185188788	0
chr10	119516516	119517059	0.01459	19	0.071211	0.05662	RGS10	hg38_genes_promoters	0.0466074737703958	1.1113218712215203	0
chr10	125718920	125719128	-0.031324	18	0.071889	0.10321	EDRF1	hg38_genes_promoters	7.356403131460985e-09	6.638188295833112	-1
chr10	125773872	125774003	-0.031827	14	0.55471	0.58654	MMP21	hg38_genes_promoters	0.1541198321117064	0.7084911381007262	0
chr10	131260337	131260448	0.011626	10	0.8531	0.84147	TCERG1L	hg38_genes_promoters	0.227478765744746	0.5700641859942397	0
chr10	131095195	131095298	-0.041268	10	0.7943	0.83557	TCERG1L-AS1	hg38_genes_promoters	8.734824363044264e-08	5.708420621679282	-1
chr10	130105941	130106025	0.012969	12	0.84608	0.83311	CTAGE7P	hg38_genes_promoters	0.2523963895013784	0.5337602119812692	0
chr10	129842966	129843417	-0.013749	22	0.81395	0.8277	MIR4297	hg38_genes_promoters	0.0012018640952926	2.3395097059937395	0
chr10	129784971	129785257	-0.052435	10	0.2098	0.26224	LINC02666	hg38_genes_promoters	0.0808459157386496	0.9253856248420583	0
chr10	129700908	129701301	-0.011942	10	0.8599	0.87184	LOC105378560	hg38_genes_promoters	0.0015383458033199	2.2540953258694607	0
chr10	128068133	128068309	0.027233	10	0.8314	0.80417	PTPRE	hg38_genes_promoters	0.0021857956953009	2.136361809892374	0
chr10	128047416	128047673	-0.014805	10	0.0563	0.071105	PTPRE	hg38_genes_promoters	0.0557059392145177	1.0520685418031668	0
chr10	127905579	127906163	0.056855	10	0.6555	0.59865	PTPRE	hg38_genes_promoters	0.1803060178357742	0.6526023735876726	0
chr10	126504007	126504327	-0.01529	10	0.4432	0.45849	C10orf90	hg38_genes_promoters	0.7334314321206774	0.13069306028529526	0
chr10	126421776	126422209	-0.032485	10	0.576	0.60848	LINC00601	hg38_genes_promoters	0.1659537152649404	0.6824026626477228	0
chr10	125896479	125896627	0.045161	17	0.41724	0.37207	DHX32	hg38_genes_promoters	0.0002408822925084	2.895268271753725	0
chr10	125896479	125896627	0.045161	17	0.41724	0.37207	FANK1	hg38_genes_promoters	0.0002408822925084	2.895268271753725	0
chr10	125896331	125896461	0.026421	17	0.18447	0.15805	DHX32	hg38_genes_promoters	0.0113373388273388	1.5879715411719617	0
chr10	125896331	125896461	0.026421	17	0.18447	0.15805	FANK1	hg38_genes_promoters	0.0113373388273388	1.5879715411719617	0
chr10	125896194	125896260	0.026049	10	0.1881	0.16205	FANK1	hg38_genes_promoters	0.0441089346876031	1.1285894836824706	0
chr10	125795865	125796602	-0.013882	12	0.7465	0.76038	UROS	hg38_genes_promoters	0.1004098994132013	0.8542861316303146	0
chr10	125747291	125748228	-0.027298	10	0.8735	0.9008	EDRF1	hg38_genes_promoters	1.4094363328310218e-05	3.8876831636991986	0
chr10	88585167	88586230	-0.025831	12	0.87867	0.9045	LIPJ	hg38_genes_promoters	6.764035587918962e-06	4.155355725127042	0
chr10	133248277	133248598	0.019817	12	0.85367	0.83385	MIR202	hg38_genes_promoters	0.0478131111266486	1.1031735553248327	0
chr10	87407767	87408307	-0.047132	19	0.26089	0.30803	FAM245A	hg38_genes_promoters	0.0204582050664891	1.390907600845567	0
chr10	26579491	26579803	0.036816	10	0.8225	0.78568	LOC101929117	hg38_genes_promoters	2.904387861453961e-05	3.6306135749321338	0
chr10	25061831	25062631	-0.029099	15	0.43727	0.46637	ENKUR	hg38_genes_promoters	0.3424204013627516	0.42590619299373905	0
chr10	24953302	24953909	-0.019737	17	0.77094	0.79068	PRTFDC1	hg38_genes_promoters	0.0450382751856218	1.1215264824433449	0
chr10	24465710	24466019	-0.021384	10	0.7413	0.76268	KIAA1217	hg38_genes_promoters	0.0485347028030889	1.097643629091631	0
chr10	24207833	24208740	-0.021145	13	0.55977	0.58091	KIAA1217	hg38_genes_promoters	0.5506119079934411	0.2452619177736193	0
chr10	23343994	23344055	-0.014921	10	0.0265	0.041421	C10orf67	hg38_genes_promoters	0.011372870024004	1.587102765928149	0
chr10	23193313	23193431	-0.017399	10	0.0388	0.056199	PTF1A	hg38_genes_promoters	0.0052207930193759	1.8454668442020228	0
chr10	26944131	26944448	0.022897	10	0.8444	0.8215	FAM238C	hg38_genes_promoters	0.0237119554421519	1.3405844010889287	0
chr10	21533974	21534027	0.010168	10	0.0194	0.0092315	MLLT10	hg38_genes_promoters	0.0010202434159082	2.397764601398189	0
chr10	21524590	21525321	-0.028086	10	0.0144	0.042486	MLLT10	hg38_genes_promoters	0.0285364205218058	1.2767230388847186	0
chr10	19488939	19489132	0.043141	16	0.33594	0.2928	MALRD1	hg38_genes_promoters	0.000853430707473	2.460045089371472	0
chr10	18710215	18710388	0.044997	18	0.78061	0.73561	LOC105376440	hg38_genes_promoters	7.034443533410659e-05	3.318621839168023	0
chr10	18400398	18401118	-0.069625	22	0.13859	0.20822	CACNB2	hg38_genes_promoters	4.326886478199911e-08	5.970276209490285	-1
chr10	18261103	18261306	-0.018246	10	0.7195	0.73775	CACNB2	hg38_genes_promoters	0.0415854023291889	1.1488788052233763	0
chr10	18261103	18261306	-0.018246	10	0.7195	0.73775	LOC107984213	hg38_genes_promoters	0.0415854023291889	1.1488788052233763	0
chr10	17808629	17809149	-0.020018	10	0.6352	0.65522	MRC1	hg38_genes_promoters	0.2899049816767252	0.4846766439755732	0
chr10	21524590	21525321	-0.028086	10	0.0144	0.042486	SKIDA1	hg38_genes_promoters	0.0285364205218058	1.2767230388847186	0
chr10	27743842	27744039	-0.014103	14	0.013	0.027103	MKX	hg38_genes_promoters	0.0006411501170939	2.554852356422933	0
chr10	27743842	27744039	-0.014103	14	0.013	0.027103	MKX-AS1	hg38_genes_promoters	0.0006411501170939	2.554852356422933	0
chr10	29409481	29409580	-0.010344	13	0.027308	0.037652	LOC105376473	hg38_genes_promoters	0.0008069438706063	2.4784252193325993	0
chr10	38403078	38403121	-0.045711	10	0.046	0.091711	LINC00999	hg38_genes_promoters	0.0003462263975396	2.7696467606036856	0
chr10	38356219	38356295	-0.012254	11	0.12909	0.14135	HSD17B7P2	hg38_genes_promoters	0.3846259530334742	0.3830251029790498	0
chr10	38094229	38094357	0.018253	10	0.0262	0.0079474	ZNF37A	hg38_genes_promoters	2.403958701232344e-10	7.9503532111479505	1
chr10	37125550	37125709	0.065328	14	0.78357	0.71824	ANKRD30A	hg38_genes_promoters	2.6202773165421795e-09	7.040374838125629	1
chr10	37124761	37124854	0.022885	10	0.8338	0.81092	ANKRD30A	hg38_genes_promoters	0.0582865628280589	1.0365962006362748	0
chr10	35898964	35899363	-0.023215	13	0.75338	0.7766	LINC02630	hg38_genes_promoters	0.1762451864669677	0.6608477915212319	0
chr10	35640919	35640955	0.013468	10	0.0281	0.014632	LOC105376494	hg38_genes_promoters	1.3379453579794795e-06	4.739117440082652	0
chr10	35127238	35127317	-0.016253	10	0.0128	0.029053	CREM	hg38_genes_promoters	9.402080975327928e-05	3.2155281655572208	0
chr10	35127238	35127317	-0.016253	10	0.0128	0.029053	CUL2	hg38_genes_promoters	9.402080975327928e-05	3.2155281655572208	0
chr10	33005710	33005885	-0.020072	19	0.059263	0.079335	ITGB1	hg38_genes_promoters	0.0349827952449519	1.2074186381689223	0
chr10	31707329	31708191	-0.0106	14	0.044357	0.054957	MACORIS	hg38_genes_promoters	0.2967476464566587	0.4766687326698085	0
chr10	30693164	30693514	0.039893	14	0.817	0.77711	SVIL2P	hg38_genes_promoters	0.0718328797938117	0.9650548500469911	0
chr10	30529470	30529734	-0.02082	20	0.0574	0.07822	LOC105376478	hg38_genes_promoters	0.0711669042669742	0.9682532386683618	0
chr10	29522531	29522784	0.016189	12	0.79408	0.77789	SVIL	hg38_genes_promoters	0.1543766271987934	0.7079047736035102	0
chr10	29487115	29487351	-0.024677	10	0.4612	0.48588	SVIL	hg38_genes_promoters	0.5427031705403003	0.2509890123917828	0
chr10	29481247	29481701	-0.036383	12	0.84808	0.88447	SVIL	hg38_genes_promoters	1.617586290111219e-07	5.492488429334169	-1
chr10	29409481	29409580	-0.010344	13	0.027308	0.037652	SVIL-AS1	hg38_genes_promoters	0.0008069438706063	2.4784252193325993	0
chr10	17386572	17386962	-0.011707	15	0.786	0.79771	LOC105376436	hg38_genes_promoters	0.1371626628792707	0.7490198623768775	0
chr10	17386572	17386962	-0.011707	15	0.786	0.79771	ST8SIA6-AS1	hg38_genes_promoters	0.1371626628792707	0.7490198623768775	0
chr10	16817577	16817823	-0.01069	19	0.012453	0.023143	RSU1	hg38_genes_promoters	3.035368275477273e-05	3.6155291911762792	0
chr10	16817577	16817823	-0.01069	19	0.012453	0.023143	LOC105376435	hg38_genes_promoters	3.035368275477273e-05	3.6155291911762792	0
chr10	5596524	5596787	0.036592	10	0.745	0.70841	LASTR	hg38_genes_promoters	0.1879931185985657	0.63665752761371	0
chr10	3780721	3781207	0.018041	10	0.8339	0.81586	KLF6	hg38_genes_promoters	0.0371524883697414	1.1873454688081164	0
chr10	3259568	3259959	0.021416	10	0.8555	0.83408	LINC02668	hg38_genes_promoters	0.1156224250966967	0.8072811456917718	0
chr10	3258205	3258351	-0.025129	10	0.8375	0.86263	LINC02668	hg38_genes_promoters	0.0035121460374055	1.975472117267726	0
chr10	3173537	3173813	0.042561	12	0.68717	0.64461	PITRM1	hg38_genes_promoters	0.0077110858843482	1.7146482892040293	0
chr10	3150568	3150779	-0.010626	10	0.8601	0.87073	PITRM1	hg38_genes_promoters	0.1639775620134113	0.6865931111025846	0
chr10	3145601	3145947	-0.02235	14	0.85914	0.88149	PITRM1	hg38_genes_promoters	1.856292220876997e-05	3.7935374467535374	0
chr10	3143586	3143941	0.015572	12	0.88267	0.86709	PITRM1	hg38_genes_promoters	0.0101858278952549	1.6244393759038707	0
chr10	3132847	3133322	-0.020549	14	0.85314	0.87369	PFKP	hg38_genes_promoters	0.0011911322888034	2.3423790959219994	0
chr10	3128182	3128835	0.017012	17	0.85029	0.83328	PFKP	hg38_genes_promoters	0.0033640431641619	1.9899460705818692	0
chr10	2501759	2501901	0.076776	16	0.53062	0.45385	LINC02645	hg38_genes_promoters	3.6187088861578734e-06	4.385326698765286	0
chr10	2501759	2501901	0.076776	16	0.53062	0.45385	LOC105376350	hg38_genes_promoters	3.6187088861578734e-06	4.385326698765286	0
chr10	2501271	2501542	0.101882	28	0.56836	0.46647	LOC105376350	hg38_genes_promoters	2.091349061690072e-12	9.855592954933696	1
chr10	1526277	1526755	-0.024903	10	0.3523	0.3772	ADARB2-AS1	hg38_genes_promoters	0.2845295222408494	0.4907930912651191	0
chr10	1159766	1159845	0.020332	10	0.8127	0.79237	LINC00200	hg38_genes_promoters	0.0030327768550409	2.0251961701621237	0
chr10	931821	931874	-0.01104	10	0.007137	0.018177	LARP4B	hg38_genes_promoters	6.263675345224776e-06	4.183459248948104	0
chr10	87659589	87659661	-0.011574	10	0.0246	0.036174	PAPSS2	hg38_genes_promoters	0.0743413345708341	0.9537536407303732	0
chr10	5603930	5604129	-0.026321	12	0.78342	0.80974	LASTR	hg38_genes_promoters	0.1944438363993612	0.6254946843388112	0
chr10	38403078	38403121	-0.045711	10	0.046	0.091711	SEPTIN7P9	hg38_genes_promoters	0.0003462263975396	2.7696467606036856	0
chr10	5612024	5612242	0.025449	10	0.7549	0.72945	LASTR	hg38_genes_promoters	0.0513297833492036	1.0797158104651032	0
chr10	5692746	5692808	0.012398	10	0.0308	0.018402	TASOR2	hg38_genes_promoters	3.316100466632222e-08	6.06676102474573	1
chr10	15860539	15860732	-0.012975	10	0.0606	0.073575	MINDY3	hg38_genes_promoters	0.0733238235705233	0.958299928542361	0
chr10	15235954	15236595	-0.014025	14	0.84957	0.8636	LOC105376433	hg38_genes_promoters	0.0569031792242089	1.0446446816613422	0
chr10	15169209	15169568	0.019456	10	0.5202	0.50074	NMT2	hg38_genes_promoters	0.2546333424222986	0.5309253115739169	0
chr10	14571892	14572422	-0.018344	10	0.3083	0.32664	FAM107B	hg38_genes_promoters	0.601735907797573	0.2106298799081876	0
chr10	14008305	14008573	-0.010371	10	0.0632	0.073571	FRMD4A	hg38_genes_promoters	0.4667329849060123	0.30930058213752426	0
chr10	13990710	13991007	-0.01915	10	0.8337	0.85285	LOC105376425	hg38_genes_promoters	0.0017638505174367	2.2085001696511304	0
chr10	11895141	11895318	-0.020742	10	0.7851	0.80584	PROSER2-AS1	hg38_genes_promoters	0.0194055802004709	1.4079099987946841	0
chr10	11823315	11823365	-0.010022	12	0.0079167	0.017939	PROSER2	hg38_genes_promoters	0.0002230359506109	2.919500431580328	0
chr10	11741679	11741891	0.052137	10	0.5934	0.54126	ECHDC3	hg38_genes_promoters	0.010090179961196	1.6277832500993372	0
chr10	11018671	11018735	-0.018757	15	0.014333	0.03309	CELF2	hg38_genes_promoters	5.845621148947662e-07	5.034808860410392	-1
chr10	7818429	7818496	-0.0128	10	0.0052	0.018	TAF3	hg38_genes_promoters	0.0005756332547334	2.593398180770666	0
chr10	7774852	7775444	-0.036196	12	0.74342	0.77961	KIN	hg38_genes_promoters	0.0274516371054523	1.2898374056498851	0
chr10	7532835	7533302	0.010845	14	0.77964	0.7688	LOC105376390	hg38_genes_promoters	0.3626325434622767	0.40434679493728193	0
chr10	6145689	6145797	0.022892	10	0.089368	0.066476	PFKFB3	hg38_genes_promoters	0.0252660312655578	1.318677071065458	0
chr10	5945834	5946231	-0.011016	12	0.10433	0.11535	LOC105376384	hg38_genes_promoters	0.5917013465419968	0.2171614652480945	0
chr10	5915670	5916895	-0.01999	16	0.80981	0.8298	FBH1	hg38_genes_promoters	0.0064099475959002	1.7783013440577138	0
chr10	5906293	5906628	-0.011726	10	0.8248	0.83653	FBH1	hg38_genes_promoters	0.2585561022247183	0.5253688067295604	0
chr10	5618018	5618565	-0.015968	12	0.82258	0.83855	LINC02677	hg38_genes_promoters	0.1481756213075194	0.7223490381835764	0
chr10	42367800	42368013	-0.028653	10	0.0804	0.10905	LOC441666	hg38_genes_promoters	0.0078757464403593	1.708290900368298	0
chr10	5446472	5446722	-0.014972	19	0.0065789	0.021551	NET1	hg38_genes_promoters	1.7918187719222502e-12	9.915486989703295	-1
chr10	42475654	42476361	-0.036094	52	0.087	0.12309	CCNYL2	hg38_genes_promoters	2.2168666730713475e-14	11.59497268324968	-1
chr10	73842509	73842925	-0.019063	15	0.81087	0.82993	CAMK2G	hg38_genes_promoters	0.1763999721135561	0.6605833525483894	0
chr10	73807558	73807871	0.016178	13	0.86954	0.85336	NDST2	hg38_genes_promoters	0.018152892274739	1.4305554064420092	0
chr10	73801327	73801432	-0.019405	10	0.8167	0.83611	ZSWIM8-AS1	hg38_genes_promoters	0.0120953864227199	1.567640085110623	0
chr10	73793469	73793985	0.028633	10	0.8725	0.84387	ZSWIM8	hg38_genes_promoters	0.0006132657297414	2.570403237165547	0
chr10	73791883	73792121	0.023668	13	0.798	0.77433	ZSWIM8	hg38_genes_promoters	0.0051087943777149	1.8525237927931861	0
chr10	73789937	73790439	-0.021968	10	0.8365	0.85847	ZSWIM8	hg38_genes_promoters	0.0117372055644325	1.5768239477825132	0
chr10	73789124	73789632	0.012368	15	0.86833	0.85596	ZSWIM8	hg38_genes_promoters	0.0350474292547895	1.2068755929984434	0
chr10	73773591	73773708	0.038358	10	0.2122	0.17384	FUT11	hg38_genes_promoters	0.0071017506757532	1.7430649312182138	0
chr10	71761829	71761961	0.031442	10	0.8556	0.82416	VSIR	hg38_genes_promoters	1.3684206160563172e-05	3.898525934631182	0
chr10	71711839	71712558	-0.021304	10	0.7454	0.7667	CDH23	hg38_genes_promoters	0.0528621734499103	1.069889006913412	0
chr10	71616218	71617219	0.013189	12	0.83692	0.82373	CDH23	hg38_genes_promoters	0.129149367380757	0.7681119524045882	0
chr10	71318634	71319033	0.038732	16	0.75062	0.71189	SLC29A3	hg38_genes_promoters	0.0011786359253382	2.3461368913104446	0
chr10	70886122	70886548	-0.042332	12	0.16875	0.21108	PCBD1	hg38_genes_promoters	0.0028044144861773	2.051079695342242	0
chr10	70602889	70603137	0.019662	14	0.69857	0.67891	PRF1	hg38_genes_promoters	0.1261084503931952	0.7766635798311727	0
chr10	70477502	70477966	0.012082	19	0.23026	0.21818	PALD1	hg38_genes_promoters	0.0472848544733467	1.1071880029234737	0
chr10	69943360	69943614	0.019373	12	0.84858	0.82921	COL13A1	hg38_genes_promoters	0.0046349188680378	1.8829501771264474	0
chr10	69925036	69925765	-0.019126	12	0.7845	0.80363	COL13A1	hg38_genes_promoters	0.0585918100465426	1.034582325359517	0
chr10	73852968	73853439	0.021037	10	0.8433	0.82226	CAMK2G	hg38_genes_promoters	0.0374722796376267	1.1846505940923393	0
chr10	69505882	69506168	0.021832	10	0.8522	0.83037	TSPAN15	hg38_genes_promoters	0.0138089465987761	1.5243164108831357	0
chr10	75407913	75408294	0.019099	31	0.047806	0.028707	LOC101929234	hg38_genes_promoters	6.459220620957611e-09	6.687887708532632	1
chr10	75782543	75782875	-0.054262	13	0.66277	0.71703	LRMDA	hg38_genes_promoters	0.0006313908283999	2.558932211925621	0
chr10	42475654	42476361	-0.036094	52	0.087	0.12309	LINC00839	hg38_genes_promoters	2.2168666730713475e-14	11.59497268324968	-1
chr10	86968313	86968478	-0.052253	16	0.050937	0.10319	ADIRF	hg38_genes_promoters	3.2085380257306266e-15	12.327289609289647	-1
chr10	86668419	86668672	-0.0386	10	0.7474	0.786	LDB3	hg38_genes_promoters	0.0046600000630709	1.8810623432492901	0
chr10	86654437	86654660	0.017258	10	0.8551	0.83784	OPN4	hg38_genes_promoters	0.0732130289443486	0.9587817397483336	0
chr10	86264694	86265041	-0.030959	10	0.5735	0.60446	MIR346	hg38_genes_promoters	0.2835343222117878	0.4918868208349344	0
chr10	80356551	80356747	0.014378	21	0.098238	0.08386	DYDC1	hg38_genes_promoters	0.3691731141175778	0.39792707733215565	0
chr10	80356551	80356747	0.014378	21	0.098238	0.08386	DYDC2	hg38_genes_promoters	0.3691731141175778	0.39792707733215565	0
chr10	80289299	80289673	0.031758	10	0.6096	0.57784	MAT1A	hg38_genes_promoters	0.3220821795720133	0.44769697008349535	0
chr10	80276354	80276641	0.013455	14	0.84221	0.82876	MAT1A	hg38_genes_promoters	0.18455718335721	0.6440069963114682	0
chr10	80207425	80207687	0.078916	15	0.55233	0.47342	LINC00857	hg38_genes_promoters	2.308562121817603e-07	5.36651921101236	1
chr10	80207117	80207389	0.028529	22	0.77159	0.74306	LINC00857	hg38_genes_promoters	0.0014491903804449	2.27314729956036	0
chr10	79983383	79983498	-0.023425	10	0.1409	0.16433	SFTPD	hg38_genes_promoters	0.0384800075180588	1.176105200175627	0
chr10	79609823	79611026	0.016037	10	0.4743	0.45826	SFTPA1	hg38_genes_promoters	0.5765579790593287	0.2271537016594732	0
chr10	79242188	79242924	0.016558	53	0.049645	0.033087	ZMIZ1	hg38_genes_promoters	6.434879298661648e-06	4.172873199278113	0
chr10	78248687	78248882	-0.033663	10	0.0626	0.096263	LINC00856	hg38_genes_promoters	0.0045641206937478	1.8876211454743475	0
chr10	77985456	77986084	-0.027472	12	0.86483	0.8923	POLR3A	hg38_genes_promoters	5.341660149623106e-06	4.237130792390642	0
chr10	76886701	76887333	-0.014199	10	0.8427	0.8569	KCNMA1-AS1	hg38_genes_promoters	0.0649677105295263	0.9991212680450691	0
chr10	75741910	75742194	-0.026147	10	0.8358	0.86195	LOC105378367	hg38_genes_promoters	0.0006989817016435	2.5250002617044855	0
chr10	69318303	69318385	0.013042	10	0.0372	0.024158	HK1	hg38_genes_promoters	0.1976943395047892	0.6196694997101291	0
chr10	80172837	80173791	0.01568	12	0.63708	0.6214	ANXA11	hg38_genes_promoters	0.2475534058256989	0.5407368992513806	0
chr10	67884807	67884868	-0.018447	10	0.0041	0.022547	SIRT1	hg38_genes_promoters	2.3227961406788075e-06	4.543172327514468	0
chr10	46582072	46582298	-0.034614	10	0.8175	0.85211	SYT15	hg38_genes_promoters	0.0029454706275493	2.033336066221234	0
chr10	45673192	45673622	-0.029737	12	0.7225	0.75224	ZFAND4	hg38_genes_promoters	0.0589234801091021	1.0328937379585363	0
chr10	44990484	44990862	-0.030004	10	0.1422	0.1722	RASSF4	hg38_genes_promoters	0.0016736937871103	2.2260334798998507	0
chr10	44988669	44989182	-0.012005	10	0.8391	0.85111	RASSF4	hg38_genes_promoters	0.103634853666291	0.843544688707567	0
chr10	44984406	44985274	0.023424	24	0.84638	0.82295	RASSF4	hg38_genes_promoters	0.0014941206982215	2.262257022142334	0
chr10	44911152	44911399	0.040505	10	0.6254	0.58489	TMEM72	hg38_genes_promoters	0.2011538257044066	0.6136362688390604	0
chr10	44310278	44310759	0.02564	12	0.68867	0.66303	CXCL12	hg38_genes_promoters	0.0273590488559363	1.290711138357137	0
chr10	44293525	44293664	-0.021774	10	0.2167	0.23847	CXCL12	hg38_genes_promoters	0.097445694169354	0.863837078397874	0
chr10	44292450	44292816	-0.019752	19	0.29426	0.31401	LINC02881	hg38_genes_promoters	0.3394462875717692	0.4291638032215474	0
chr10	43606265	43606413	-0.01107	10	0.0654	0.07647	ZNF485	hg38_genes_promoters	0.3089609874676302	0.46222842320877355	0
chr10	43322651	43322806	-0.040816	10	0.1515	0.19232	LINC02633	hg38_genes_promoters	0.0202648223400901	1.3940535529698728	0
chr10	43203756	43204076	0.06453	14	0.57936	0.51483	RASGEF1A	hg38_genes_promoters	4.674976442163257e-05	3.4612794343020252	0
chr10	43203445	43203564	0.045363	10	0.5031	0.45774	RASGEF1A	hg38_genes_promoters	0.0037818954365395	1.9499338009311078	0
chr10	69232586	69233140	0.029157	17	0.85859	0.82943	LOC101928994	hg38_genes_promoters	0.0004285379839322	2.6982855797074747	0
chr10	43137518	43137691	0.010861	14	0.1415	0.13064	CSGALNACT2	hg38_genes_promoters	0.3679428853710251	0.3989098747578065	0
chr10	43103986	43104118	-0.035568	10	0.8128	0.84837	RET	hg38_genes_promoters	5.48546907198698e-06	4.227120468734611	0
chr10	46911335	46911451	-0.030745	15	0.23767	0.26841	PTPN20	hg38_genes_promoters	0.0277883928074528	1.286159370205988	0
chr10	47483944	47484457	0.029006	10	0.7781	0.74909	ANXA8	hg38_genes_promoters	0.1082400365308982	0.8292563118096575	0
chr10	43351005	43351091	-0.030988	13	0.32646	0.35745	LOC107984226	hg38_genes_promoters	0.030399866679416	1.2541111169324428	0
chr10	47763938	47764354	0.015108	10	0.807	0.79189	LOC102724488	hg38_genes_promoters	0.5068064359582809	0.2779737912368381	0
chr10	47599708	47599914	0.022156	10	0.8104	0.78824	LINC02675	hg38_genes_promoters	0.1409740044210809	0.739557968629216	0
chr10	61001882	61002137	-0.0333	10	0.4627	0.496	RHOBTB1	hg38_genes_promoters	0.2215948221414223	0.5791603414028023	0
chr10	63520933	63521163	0.032858	10	0.1777	0.14484	REEP3	hg38_genes_promoters	0.025813788602107	1.31140321242437	0
chr10	60140355	60140968	0.040607	10	0.7771	0.73649	ANK3	hg38_genes_promoters	0.0054841772544532	1.8295527571325403	0
chr10	59283380	59283896	0.024353	10	0.5141	0.48975	FAM13C	hg38_genes_promoters	0.50357110246307	0.2805870744341382	0
chr10	56360016	56360759	0.0273	10	0.6903	0.663	ZWINT	hg38_genes_promoters	0.2186427734701486	0.5838309761928678	0
chr10	60872551	60872947	-0.013629	10	0.8467	0.86033	RHOBTB1	hg38_genes_promoters	0.0077256069080376	1.7142350297770346	0
chr10	52314906	52315149	-0.010355	20	0.0085	0.018855	PRKG1-AS1	hg38_genes_promoters	9.906368691666308e-07	4.844731430982672	0
chr10	52314906	52315149	-0.010355	20	0.0085	0.018855	DKK1	hg38_genes_promoters	9.906368691666308e-07	4.844731430982672	0
chr10	49988523	49988783	0.029979	12	0.86675	0.83677	AGAP6	hg38_genes_promoters	0.0061996503060909	1.7882879924705262	0
chr10	55597236	55597309	-0.033725	12	0.8665	0.90023	PCDH15	hg38_genes_promoters	1.251895739591815e-07	5.583376914020223	-1
chr10	48583001	48583237	0.015219	10	0.8011	0.78588	ARHGAP22	hg38_genes_promoters	0.0681487014688837	0.9829036842166435	0
chr10	48493502	48493769	-0.020898	10	0.0641	0.084998	ARHGAP22	hg38_genes_promoters	0.0102216101471282	1.62329268088911	0
chr10	48479455	48479695	-0.023047	10	0.4029	0.42595	ARHGAP22	hg38_genes_promoters	0.2887083909512911	0.4860911715283359	0
chr10	48466538	48466748	0.031419	38	0.84724	0.81582	ARHGAP22	hg38_genes_promoters	4.331828548904539e-11	8.63840643921766	1
chr10	48452092	48452599	-0.015168	10	0.6172	0.63237	ARHGAP22	hg38_genes_promoters	0.4012453881076108	0.3673681644904533	0
chr10	49396098	49396386	-0.011305	10	0.0427	0.054005	DRGX	hg38_genes_promoters	0.7309840157162812	0.13203604299948862	0
chr10	47991711	47992140	0.016748	10	0.8093	0.79255	ANXA8	hg38_genes_promoters	0.0667777860696656	0.9895612063419872	0
chr11	71474071	71474457	-0.030163	10	0.8521	0.88226	NADSYN1	hg38_genes_promoters	0.0010090798432431	2.4016975287683606	0
chr11	70419957	70420112	-0.035421	10	0.755	0.79042	CTTN	hg38_genes_promoters	0.0003015434381947	2.818450027450446	0
chr11	70630769	70631087	-0.019616	10	0.7942	0.81382	SHANK2-AS1	hg38_genes_promoters	0.0544798699284183	1.0603802878937014	0
chr11	70662093	70662266	0.012095	10	0.0772	0.065105	SHANK2	hg38_genes_promoters	0.4964960742386421	0.28583475262675573	0
chr11	70662817	70663260	0.019875	10	0.2758	0.25593	SHANK2	hg38_genes_promoters	0.3138349130271358	0.45657124459868637	0
chr11	70873064	70873578	-0.032213	10	0.3299	0.36211	SHANK2	hg38_genes_promoters	0.1893489330181329	0.6343291262047361	0
chr11	70873064	70873578	-0.032213	10	0.3299	0.36211	MIR3664	hg38_genes_promoters	0.1893489330181329	0.6343291262047361	0
chr11	71423613	71424049	-0.037889	10	0.6044	0.64229	ACTE1P	hg38_genes_promoters	0.1570554165674209	0.7017976083944205	0
chr11	71478355	71478513	-0.051828	10	0.2768	0.32863	NADSYN1	hg38_genes_promoters	0.0060799264872148	1.7932082364601931	0
chr11	71424194	71424497	-0.015093	13	0.84446	0.85955	ACTE1P	hg38_genes_promoters	0.0084687136618206	1.6852446551791957	0
chr11	71482116	71482425	-0.010621	10	0.8418	0.85242	NADSYN1	hg38_genes_promoters	0.6815939481774509	0.16051231956265088	0
chr11	70348243	70348430	-0.020364	10	0.8456	0.86596	PPFIA1	hg38_genes_promoters	0.0074407633818258	1.726087478871894	0
chr11	70084989	70085212	0.010599	13	0.84015	0.82955	ANO1	hg38_genes_promoters	0.0506815194243471	1.0837785922604068	0
chr11	70334711	70334858	-0.010616	10	0.8447	0.85532	PPFIA1	hg38_genes_promoters	0.0976139759434177	0.8635409853254992	0
chr11	68929185	68929395	0.015144	11	0.83773	0.82258	IGHMBP2	hg38_genes_promoters	0.0521232497496321	1.0745923026983435	0
chr11	68935976	68936172	-0.025417	12	0.83933	0.86475	IGHMBP2	hg38_genes_promoters	2.71219230553332e-06	4.489910536778252	0
chr11	69047922	69048273	-0.026682	12	0.5585	0.58518	TPCN2	hg38_genes_promoters	0.3087213922488098	0.4625052377710964	0
chr11	71999327	72000041	-0.024353	10	0.7037	0.72805	IL18BP	hg38_genes_promoters	0.1551929375564962	0.7059558215174113	0
chr11	69082671	69082896	-0.023987	12	0.77192	0.7959	MIR3164	hg38_genes_promoters	0.0089910460530175	1.6656904018436405	0
chr11	69155771	69155946	0.025134	10	0.7541	0.72897	SMIM38	hg38_genes_promoters	0.5877131753064521	0.21998822896717152	0
chr11	70336707	70337261	-0.021368	11	0.88055	0.90191	PPFIA1	hg38_genes_promoters	0.0002368348077422	2.901203231652709	0
chr11	69667889	69668357	-0.011289	12	0.7345	0.74579	LTO1	hg38_genes_promoters	0.3740677087316286	0.3929644981191048	0
chr11	70078532	70078618	-0.016579	14	0.010714	0.027293	ANO1	hg38_genes_promoters	2.4706816720450205e-08	6.180424259847605	-1
chr11	70103449	70103712	-0.042747	10	0.7912	0.83395	ANO1	hg38_genes_promoters	0.0004933204381045	2.647587262623031	0
chr11	70141192	70141359	0.031047	10	0.4681	0.43705	ANO1	hg38_genes_promoters	0.2575124050141245	0.5267888518418211	0
chr11	70169207	70169540	0.017469	10	0.4256	0.40813	ANO1	hg38_genes_promoters	0.2455127613985269	0.5438306007474568	0
chr11	70202638	70202739	-0.029632	10	0.4718	0.50143	FADD	hg38_genes_promoters	0.1456109456802023	0.7284835483747458	0
chr11	70333314	70333551	-0.0152	10	0.7988	0.814	PPFIA1	hg38_genes_promoters	0.0985896070736537	0.8603529261222351	0
chr11	70075337	70075994	-0.016143	15	0.8216	0.83774	LINC02584	hg38_genes_promoters	0.0123063001289318	1.5620550538805325	0
chr11	72014458	72014588	0.030889	10	0.7491	0.71821	NUMA1	hg38_genes_promoters	0.0164468658908801	1.4640756674412665	0
chr11	73342571	73342729	-0.039256	14	0.68014	0.7194	ARHGEF17	hg38_genes_promoters	0.0008505009077887	2.4606629791121306	0
chr11	72430392	72431123	-0.029778	10	0.4301	0.45988	CLPB	hg38_genes_promoters	0.3367047870289577	0.4320357435468018	0
chr11	75443019	75443276	0.0233	10	0.7993	0.776	GDPD5	hg38_genes_promoters	0.1154084014659123	0.8077704872624679	0
chr11	75433408	75433867	0.015463	10	0.7712	0.75574	KLHL35	hg38_genes_promoters	0.1437101509764604	0.7332911791825195	0
chr11	68750401	68750537	0.042365	17	0.23918	0.19681	TESMIN	hg38_genes_promoters	0.0046292798695433	1.8831982493697461	0
chr11	75430239	75430283	0.021421	10	0.047	0.025579	KLHL35	hg38_genes_promoters	7.446052437610217e-05	3.2986759254022084	0
chr11	75352232	75352476	0.013037	10	0.0339	0.020863	ARRB1	hg38_genes_promoters	0.0038973609293992	1.9405309338247159	0
chr11	75312158	75312863	0.01551	11	0.78164	0.76613	ARRB1	hg38_genes_promoters	0.2479427088311461	0.5402422392527485	0
chr11	74467738	74468163	-0.035972	10	0.36	0.39597	KCNE3	hg38_genes_promoters	0.1644014929321834	0.6857419048036308	0
chr11	74311280	74311445	-0.025039	12	0.097417	0.12246	P4HA3-AS1	hg38_genes_promoters	0.0051992930713544	1.845885705112199	0
chr11	73647664	73647918	0.017863	10	0.1626	0.14474	PLEKHB1	hg38_genes_promoters	0.3361923184778623	0.43263812438747506	0
chr11	73646230	73646545	0.024978	12	0.69125	0.66627	PLEKHB1	hg38_genes_promoters	0.075846054673181	0.9470599512761362	0
chr11	73645307	73645699	-0.034576	10	0.1419	0.17648	PLEKHB1	hg38_genes_promoters	0.1219026011241907	0.7887611064917003	0
chr11	73391905	73392446	0.018577	26	0.84546	0.82688	RELT	hg38_genes_promoters	0.0026723247524039	2.0674006018861153	0
chr11	73363217	73363658	-0.014271	10	0.8551	0.86937	ARHGEF17	hg38_genes_promoters	0.0106976043261191	1.6077928215190478	0
chr11	73356229	73356442	0.027194	13	0.85331	0.82611	ARHGEF17	hg38_genes_promoters	0.0004941611594126	2.6470933360861775	0
chr11	73310797	73311224	0.014959	10	0.8487	0.83374	ARHGEF17	hg38_genes_promoters	0.0894584913575149	0.8921209354246965	0
chr11	73288894	73289536	-0.023573	13	0.10469	0.12826	P2RY6	hg38_genes_promoters	0.0578683607225403	1.038824735686772	0
chr11	73272179	73272501	-0.043939	10	0.3347	0.37864	P2RY6	hg38_genes_promoters	0.0705297574698963	0.9714259361792521	0
chr11	73264382	73264580	-0.014925	16	0.056812	0.071737	P2RY6	hg38_genes_promoters	0.0053040785458965	1.8405023630355983	0
chr11	72822069	72822392	0.074624	42	0.44595	0.37133	ATG16L2	hg38_genes_promoters	5.282061206301791e-14	11.284244533521285	1
chr11	72759248	72759715	-0.011441	13	0.31354	0.32498	STARD10	hg38_genes_promoters	0.4869475212534779	0.293319670264022	0
chr11	72757957	72758588	0.012676	12	0.6665	0.65382	STARD10	hg38_genes_promoters	0.5504873214702355	0.24530461378428042	0
chr11	72703576	72704195	0.020653	10	0.8266	0.80595	ARAP1	hg38_genes_promoters	0.0089925525833408	1.6656904018436405	0
chr11	72697355	72697939	0.018562	16	0.87981	0.86125	ARAP1	hg38_genes_promoters	0.0009352548440091	2.4287291717721953	0
chr11	72695567	72695844	0.025245	10	0.8671	0.84186	ARAP1	hg38_genes_promoters	0.0008602014784351	2.457768305538578	0
chr11	72688529	72688956	0.023842	10	0.867	0.84316	ARAP1	hg38_genes_promoters	0.0030565058674297	2.0224808262674068	0
chr11	72643415	72643795	-0.014342	10	0.3435	0.35784	PDE2A	hg38_genes_promoters	0.5538238389235709	0.24302012328228773	0
chr11	72615042	72615239	0.032181	10	0.8246	0.79242	MIR139	hg38_genes_promoters	0.0382867959050747	1.177638040145174	0
chr11	72590602	72590680	-0.031627	10	0.0678	0.099427	PDE2A	hg38_genes_promoters	0.0002488310971761	2.8840033234513025	0
chr11	72579690	72580664	-0.010338	12	0.62308	0.63342	PDE2A	hg38_genes_promoters	0.5355821291835715	0.2562241525449171	0
chr11	72237419	72237723	0.010671	12	0.85225	0.84158	INPPL1	hg38_genes_promoters	0.0415029675555099	1.149372905181571	0
chr11	68437906	68438158	0.021496	12	0.81992	0.79842	LRP5	hg38_genes_promoters	0.0159997052598223	1.4739055071255915	0
chr11	66480448	66480669	-0.011191	15	0.0004	0.011591	DPP3-DT	hg38_genes_promoters	1.4596514238184312e-15	12.627954959549667	-1
chr11	68066584	68067326	-0.019936	10	0.8602	0.88014	CHKA	hg38_genes_promoters	0.0070553225467132	1.7452281478908995	0
chr11	66687123	66687271	0.024469	11	0.87782	0.85335	SPTBN2	hg38_genes_promoters	0.0061005730078059	1.792648033421166	0
chr11	66669048	66669258	-0.013847	10	0.8271	0.84095	RBM4B	hg38_genes_promoters	0.0805574824619542	0.9265475484286736	0
chr11	66567902	66568080	-0.022668	10	0.5797	0.60237	CTSF	hg38_genes_promoters	0.4666454861434745	0.3093254253494203	0
chr11	66513675	66514761	-0.022521	10	0.8138	0.83632	BBS1	hg38_genes_promoters	0.0143065922508791	1.513578226543996	0
chr11	66480448	66480669	-0.011191	15	0.0004	0.011591	DPP3	hg38_genes_promoters	1.4596514238184312e-15	12.627954959549667	-1
chr11	66420547	66420732	-0.023465	10	0.044118	0.067583	NPAS4	hg38_genes_promoters	0.0122112761798303	1.5644612049853326	0
chr11	66291406	66291703	-0.02867	15	0.15367	0.18234	TMEM151A	hg38_genes_promoters	0.0177054764033975	1.4394262286668873	0
chr11	66261798	66261943	0.023247	10	0.8633	0.84005	KLC2	hg38_genes_promoters	0.0109936648490527	1.5986342809316376	0
chr11	66261798	66261943	0.023247	10	0.8633	0.84005	KLC2-AS1	hg38_genes_promoters	0.0109936648490527	1.5986342809316376	0
chr11	66230935	66231249	-0.015521	10	0.8529	0.86842	PACS1	hg38_genes_promoters	0.0024464212382052	2.097751338535043	0
chr11	66220308	66220773	0.011747	12	0.86217	0.85042	PACS1	hg38_genes_promoters	0.2340203286811221	0.5605578003232595	0
chr11	66220012	66220251	-0.016174	10	0.8633	0.87947	PACS1	hg38_genes_promoters	0.0024566460259933	2.0966421665831074	0
chr11	66056798	66057215	-0.032333	10	0.8485	0.88083	SF3B2	hg38_genes_promoters	0.0003795434375871	2.739023319844505	0
chr11	66049106	66049522	-0.012506	14	0.17355	0.18606	GAL3ST3	hg38_genes_promoters	0.0436317488383307	1.1324958079472993	0
chr11	66698871	66699089	0.011205	10	0.8571	0.84589	SPTBN2	hg38_genes_promoters	0.2956131051499636	0.477969007509009	0
chr11	65872745	65872815	0.012407	12	0.025434	0.013026	EFEMP2	hg38_genes_promoters	0.0225907003492681	1.3573525121913386	0
chr11	65867952	65868067	-0.023205	10	0.7839	0.80711	EFEMP2	hg38_genes_promoters	0.0310739773584643	1.2469467874779032	0
chr11	65864979	65865537	0.02612	14	0.86157	0.83545	MUS81	hg38_genes_promoters	0.0009404437741486	2.4267550234412574	0
chr11	65833429	65833634	-0.011163	10	0.0086	0.019763	SNX32	hg38_genes_promoters	6.258151261786132e-05	3.3578633780968614	0
chr11	65791044	65791206	0.026537	10	0.8008	0.77426	OVOL1-AS1	hg38_genes_promoters	0.0378332169719112	1.1815042666735431	0
chr11	65649983	65650629	0.027137	11	0.79847	0.77133	SIPA1	hg38_genes_promoters	0.0383319714149183	1.1773126609032918	0
chr11	65647028	65647209	0.010931	16	0.80106	0.79013	SIPA1	hg38_genes_promoters	0.000153001971519	3.048730762048369	0
chr11	65646815	65646963	-0.014437	20	0.8143	0.82874	SIPA1	hg38_genes_promoters	0.1624398155010893	0.6899413356715309	0
chr11	65646749	65646808	0.019411	10	0.8142	0.79479	SIPA1	hg38_genes_promoters	0.0331072322667158	1.2247506355516324	0
chr11	65646583	65646677	-0.014939	12	0.84467	0.85961	SIPA1	hg38_genes_promoters	0.0161039625585286	1.4717620878141573	0
chr11	65646307	65646451	0.011347	10	0.8424	0.83105	SIPA1	hg38_genes_promoters	0.1256115678219714	0.7778222393546168	0
chr11	65641825	65642166	0.037967	10	0.3348	0.29683	SIPA1	hg38_genes_promoters	0.165252312559787	0.6838745354483551	0
chr11	65641079	65641196	0.012783	10	0.1223	0.10952	SIPA1	hg38_genes_promoters	0.101294546123942	0.851520314510025	0
chr11	75717864	75718300	0.013883	10	0.7916	0.77772	MOGAT2	hg38_genes_promoters	0.0987619764689984	0.8598201509720534	0
chr11	65871174	65871276	0.052253	10	0.5572	0.50495	EFEMP2	hg38_genes_promoters	0.014827265888625	1.5010413635489779	0
chr11	68403957	68404186	-0.03017	11	0.84209	0.87226	LRP5	hg38_genes_promoters	7.043255370030652e-07	4.972187884425253	0
chr11	66728813	66729386	-0.01865	20	0.18535	0.204	SPTBN2	hg38_genes_promoters	0.0442222479553586	1.12765672258876	0
chr11	66852580	66853023	0.023571	10	0.8543	0.83073	PC	hg38_genes_promoters	0.0482588100411123	1.099676282314862	0
chr11	68050110	68050250	0.034021	10	0.8536	0.81958	TCIRG1	hg38_genes_promoters	2.897964763430505e-05	3.6308475167884473	0
chr11	68043358	68043681	0.02588	18	0.82106	0.79518	TCIRG1	hg38_genes_promoters	1.8320100483871014e-05	3.797854235279107	0
chr11	68032909	68033165	0.015654	12	0.86592	0.85026	MIR4691	hg38_genes_promoters	0.0099302977683685	1.6329565117026021	0
chr11	68032909	68033165	0.015654	12	0.86592	0.85026	NDUFS8	hg38_genes_promoters	0.0099302977683685	1.6329565117026021	0
chr11	68021771	68021960	0.013861	11	0.79936	0.7855	ALDH3B1	hg38_genes_promoters	0.0989892504815472	0.8590476320474072	0
chr11	68018534	68018730	0.014517	10	0.6609	0.64638	ALDH3B1	hg38_genes_promoters	0.7084944235591571	0.14430150094665878	0
chr11	68010266	68010495	-0.027289	10	0.0245	0.051789	ALDH3B1	hg38_genes_promoters	9.40239954091636e-06	4.033279310280399	0
chr11	67999160	67999684	0.015462	18	0.86011	0.84465	UNC93B1	hg38_genes_promoters	0.0499248182999277	1.0888203585831406	0
chr11	67674037	67675259	0.017558	23	0.83726	0.8197	ALDH3B2	hg38_genes_promoters	0.0003507975520799	2.7653982119739298	0
chr11	67667685	67668268	0.020873	12	0.57675	0.55588	ALDH3B2	hg38_genes_promoters	0.2877957746681368	0.48687360778534367	0
chr11	67665572	67665897	-0.015774	10	0.6507	0.66647	ALDH3B2	hg38_genes_promoters	0.5947012132342808	0.21540638644563487	0
chr11	67650440	67650934	-0.045007	23	0.35817	0.40318	ACY3	hg38_genes_promoters	0.0010612306957808	2.383814058202369	0
chr11	67647515	67647766	-0.03343	13	0.19181	0.22524	ACY3	hg38_genes_promoters	0.1121866793843298	0.8172985471958776	0
chr11	67615863	67616220	-0.106198	20	0.2455	0.3517	DOC2GP	hg38_genes_promoters	1.239542014543248e-10	8.222689329748638	-1
chr11	66814940	66815558	-0.015613	10	0.8475	0.86311	C11orf80	hg38_genes_promoters	0.0185379537470636	1.423634516691498	0
chr11	67506867	67506961	0.034183	10	0.5946	0.56042	PITPNM1	hg38_genes_promoters	0.0063290371291194	1.7822763870039933	0
chr11	67498620	67498727	-0.014542	10	0.7493	0.76384	PITPNM1	hg38_genes_promoters	0.2045633218959598	0.6076376660921501	0
chr11	67497256	67497420	0.018132	10	0.8475	0.82937	PITPNM1	hg38_genes_promoters	0.0103850253849633	1.6181561256721797	0
chr11	67452192	67452450	-0.034146	17	0.707	0.74115	CABP4	hg38_genes_promoters	0.0014647698870019	2.269097043154593	0
chr11	67440127	67440346	-0.025689	10	0.3691	0.39479	CORO1B	hg38_genes_promoters	0.1303559144886129	0.7654221263896351	0
chr11	67432571	67433351	0.013877	29	0.79597	0.78209	RPS6KB2	hg38_genes_promoters	0.1520492447892027	0.7136130173731571	0
chr11	67407814	67408114	-0.027116	10	0.6862	0.71332	TBC1D10C	hg38_genes_promoters	0.0467126220242365	1.1108070062511475	0
chr11	67407814	67408114	-0.027116	10	0.6862	0.71332	PPP1CA	hg38_genes_promoters	0.0467126220242365	1.1108070062511475	0
chr11	67298815	67299563	0.024081	14	0.834	0.80992	ANKRD13D	hg38_genes_promoters	0.0074452759598011	1.725960081551952	0
chr11	67283737	67284238	0.038498	13	0.30646	0.26796	GRK2	hg38_genes_promoters	0.0096114164538268	1.6442187736051972	0
chr11	67281390	67282176	0.037276	37	0.71741	0.68013	GRK2	hg38_genes_promoters	8.560859398611313e-05	3.2490939836737542	0
chr11	67275966	67276443	-0.019263	12	0.5735	0.59276	GRK2	hg38_genes_promoters	0.2918469398948484	0.48262790231372205	0
chr11	67270777	67271059	0.031449	10	0.1457	0.11425	GRK2	hg38_genes_promoters	0.0311738457469394	1.2458474545643263	0
chr11	66908420	66908816	0.014605	14	0.86107	0.84647	PC	hg38_genes_promoters	0.0469418606427422	1.1098265662407407	0
chr11	66871730	66872189	0.013246	21	0.88405	0.8708	PC	hg38_genes_promoters	0.0086454631651805	1.678421755888887	0
chr11	67502639	67503100	0.016568	10	0.8721	0.85553	PITPNM1	hg38_genes_promoters	0.131649753812129	0.7621945744760106	0
chr11	76206274	76206450	0.020623	24	0.054833	0.034211	WNT11	hg38_genes_promoters	0.0042383788489631	1.9125715038602276	0
chr11	119687741	119688241	0.012997	10	0.6601	0.6471	NECTIN1	hg38_genes_promoters	0.3296900601668325	0.4394019534773953	0
chr11	76630323	76630678	-0.018338	12	0.10092	0.11925	LINC02757	hg38_genes_promoters	1.5887714525733335e-05	3.8507365659672814	0
chr11	125239694	125240224	-0.031235	13	0.38238	0.41362	PKNOX2	hg38_genes_promoters	0.1098651492469413	0.8240351197876142	0
chr11	124924855	124925016	-0.027474	10	0.832	0.85947	HEPACAM	hg38_genes_promoters	0.0002199917826829	2.9229242378534046	0
chr11	124898077	124899054	-0.023483	10	0.4077	0.43118	ROBO4	hg38_genes_promoters	0.3897846106462095	0.37804935902192943	0
chr11	124896945	124897469	-0.014666	10	0.5753	0.58997	ROBO4	hg38_genes_promoters	0.5121174515066521	0.2737262561097752	0
chr11	124865173	124865244	-0.019259	12	0.03675	0.056009	ROBO3	hg38_genes_promoters	4.930326765012881e-06	4.266645745775539	0
chr11	124739251	124739320	0.019795	10	0.8409	0.82111	NRGN	hg38_genes_promoters	0.0353644109023668	1.2036325250890185	0
chr11	124611296	124612159	0.014675	17	0.82665	0.81197	PANX3	hg38_genes_promoters	0.134839535808367	0.7548969777075544	0
chr11	123453870	123454480	-0.024916	10	0.2888	0.31372	GRAMD1B	hg38_genes_promoters	0.7146496318241824	0.14087162788312568	0
chr11	123196170	123196361	-0.010396	19	0.010684	0.02108	CLMP	hg38_genes_promoters	2.54925527268e-09	7.0466562665627706	-1
chr11	122556731	122556977	-0.09309	26	0.33069	0.42378	MIR100HG	hg38_genes_promoters	5.52088001788622e-15	12.143617490987312	-1
chr11	122100383	122100511	0.021389	10	0.0736	0.052211	MIR100HG	hg38_genes_promoters	0.0049208330940593	1.8635794939246246	0
chr11	122100383	122100511	0.021389	10	0.0736	0.052211	MIR125B1	hg38_genes_promoters	0.0049208330940593	1.8635794939246246	0
chr11	121553915	121554148	-0.033498	11	0.79009	0.82359	SORL1	hg38_genes_promoters	0.0033455493822003	1.9920125397012363	0
chr11	121145701	121146031	-0.014522	11	0.83955	0.85407	TECTA	hg38_genes_promoters	0.0580449699386345	1.0380603649983369	0
chr11	120575124	120575422	-0.012042	10	0.7678	0.77984	LOC107984400	hg38_genes_promoters	0.3652797641536643	0.4017726295223122	0
chr11	120129642	120130102	0.030279	10	0.7897	0.75942	TRIM29	hg38_genes_promoters	0.0707759044528288	0.9700934066660332	0
chr11	120121277	120122064	0.027026	10	0.7925	0.76547	TRIM29	hg38_genes_promoters	0.029219597110976	1.2681406934987038	0
chr11	65635227	65635368	0.033033	10	0.8702	0.83717	MIR4690	hg38_genes_promoters	4.165605486973427e-06	4.328255677445461	0
chr11	119607844	119608452	-0.038631	10	0.5626	0.60123	LOC105369520	hg38_genes_promoters	0.1444913731580554	0.7311443207488726	0
chr11	119316496	119316573	-0.013174	10	0.0107	0.023874	MCAM	hg38_genes_promoters	0.0095573566887799	1.6452684494719685	0
chr11	119312299	119312644	0.011184	10	0.7975	0.78632	MCAM	hg38_genes_promoters	0.2152482896897365	0.5894051112728964	0
chr11	119172683	119173095	-0.041164	10	0.6753	0.71646	NLRX1	hg38_genes_promoters	0.0122862265166243	1.562524163007987	0
chr11	119108541	119109663	-0.029283	10	0.5823	0.61158	C2CD2L	hg38_genes_promoters	0.0797812129947249	0.9294001901930928	0
chr11	119108541	119109663	-0.029283	10	0.5823	0.61158	DPAGT1	hg38_genes_promoters	0.0797812129947249	0.9294001901930928	0
chr11	119092086	119092488	0.012126	10	0.8586	0.84647	HMBS	hg38_genes_promoters	0.1104284716579407	0.8225378067133584	0
chr11	119091360	119091635	-0.021694	11	0.82282	0.84451	HMBS	hg38_genes_promoters	0.0018942275863801	2.185759560682345	0
chr11	118883797	118883974	0.020076	10	0.8326	0.81252	CXCR5	hg38_genes_promoters	0.0828905012352751	0.9167470917953522	0
chr11	118641161	118641654	0.020298	10	0.8354	0.8151	PHLDB1	hg38_genes_promoters	0.0304991502183701	1.2528922842085544	0
chr11	118638893	118639290	-0.015505	10	0.8436	0.85911	PHLDB1	hg38_genes_promoters	0.063833962502329	1.0052627142286306	0
chr11	125267072	125267748	0.01817	13	0.76285	0.74468	LOC105369549	hg38_genes_promoters	0.1910208353847466	0.6310387850353043	0
chr11	125886998	125887303	0.022191	21	0.22786	0.20567	HYLS1	hg38_genes_promoters	0.1785506112751772	0.6559867214715914	0
chr11	125904631	125904826	-0.043882	10	0.179	0.22288	DDX25	hg38_genes_promoters	0.2005707173017611	0.6145673947429794	0
chr11	125920201	125920996	-0.011634	10	0.7598	0.77143	DDX25	hg38_genes_promoters	0.3927993903688831	0.37522339020164686	0
chr11	134712321	134712391	-0.036178	11	0.79073	0.8269	LINC02706	hg38_genes_promoters	0.0001194104665669	3.1327994592033406	0
chr11	134436528	134437122	-0.023644	12	0.77775	0.80139	B3GAT1-DT	hg38_genes_promoters	0.0459084704420078	1.11564793315416	0
chr11	134392869	134393149	-0.022721	10	0.8207	0.84342	B3GAT1	hg38_genes_promoters	0.0010989977819302	2.3717597436221154	0
chr11	134387628	134387736	0.017911	10	0.8207	0.80279	B3GAT1	hg38_genes_promoters	0.0338807410351824	1.217512676715651	0
chr11	134346482	134346891	0.019316	10	0.851	0.83168	GLB1L2	hg38_genes_promoters	0.0197487203685086	1.4022451825566553	0
chr11	134330779	134331041	-0.055778	10	0.3664	0.42218	GLB1L2	hg38_genes_promoters	0.0113440742709387	1.5878362015690035	0
chr11	134306629	134307026	-0.02123	10	0.8059	0.82713	GLB1L3	hg38_genes_promoters	0.0457839136489139	1.1162884580877712	0
chr11	134234880	134235052	-0.035563	10	0.8236	0.85916	VPS26B	hg38_genes_promoters	7.117435239420378e-05	3.314754446606198	0
chr11	134153954	134154491	-0.016167	10	0.8624	0.87857	NCAPD3	hg38_genes_promoters	0.0008841509674362	2.447954772626906	0
chr11	134032302	134032898	-0.058972	21	0.35429	0.41326	LINC02731	hg38_genes_promoters	2.463165890145657e-06	4.522979228268544	0
chr11	134026730	134026989	-0.021232	10	0.2624	0.28363	LINC02730	hg38_genes_promoters	0.3754373153543152	0.39188102350827936	0
chr11	134025860	134026319	0.010022	12	0.82208	0.81206	LINC02730	hg38_genes_promoters	0.380424244412894	0.3868675216166731	0
chr11	133810533	133811263	-0.019558	10	0.7497	0.76926	LINC02743	hg38_genes_promoters	0.0733769876906604	0.9582298752995733	0
chr11	132943160	132943394	-0.010553	10	0.0245	0.035053	OPCML	hg38_genes_promoters	0.1274535806536993	0.7728557794604912	0
chr11	118620602	118621257	-0.010284	10	0.3074	0.31768	PHLDB1	hg38_genes_promoters	0.7820932998836969	0.1039332536365848	0
chr11	132332082	132332712	0.035568	10	0.7122	0.67663	NTM	hg38_genes_promoters	0.0724277050542755	0.9622510324771247	0
chr11	132140472	132140923	-0.014131	10	0.781	0.79513	NTM	hg38_genes_promoters	0.0826662637593631	0.9174513178326988	0
chr11	131540614	131541841	-0.021614	15	0.77793	0.79955	LOC101929653	hg38_genes_promoters	0.0085443970038806	1.6825599438073386	0
chr11	130672137	130672568	-0.023016	10	0.7553	0.77832	LINC02873	hg38_genes_promoters	0.0407990184417025	1.1551768891641403	0
chr11	130401871	130402045	-0.017121	10	0.1083	0.12542	ZBTB44-DT	hg38_genes_promoters	0.1960060972235713	0.6225435570690623	0
chr11	130315866	130315956	-0.040468	10	0.1859	0.22637	ZBTB44	hg38_genes_promoters	0.0141636678506133	1.516790657921355	0
chr11	130189454	130189739	0.049489	10	0.8307	0.78121	ST14	hg38_genes_promoters	1.995112264536825e-06	4.586698151607273	0
chr11	130139551	130139797	-0.011613	10	0.8205	0.83211	APLP2	hg38_genes_promoters	0.2155844597084688	0.588856086845258	0
chr11	130137741	130138231	-0.031736	10	0.8151	0.84684	APLP2	hg38_genes_promoters	0.0023242643208202	2.1150299308551923	0
chr11	129895921	129896209	-0.023279	10	0.2398	0.26308	NFRKB	hg38_genes_promoters	0.4585388725649894	0.31614341398186807	0
chr11	129815664	129815905	-0.01031	27	0.028704	0.039014	TMEM45B	hg38_genes_promoters	0.0001403067196956	3.077453435908546	0
chr11	129618007	129618236	-0.055884	17	0.22947	0.28535	LINC01395	hg38_genes_promoters	0.0002237148114308	2.9186923499155464	0
chr11	126404849	126406111	-0.023189	17	0.74765	0.77084	ST3GAL4	hg38_genes_promoters	0.0182733181281	1.4281237250333159	0
chr11	126402538	126403069	0.028905	10	0.8038	0.77489	ST3GAL4	hg38_genes_promoters	0.335311491988162	0.4334225600849324	0
chr11	126336071	126336480	-0.01165	10	0.2736	0.28525	DCPS	hg38_genes_promoters	0.7134651891247347	0.14142861230103587	0
chr11	132146083	132146414	-0.030963	10	0.7763	0.80726	NTM	hg38_genes_promoters	0.0034806972385884	1.978267319510309	0
chr11	118610336	118610503	-0.01354	16	0.015875	0.029415	PHLDB1	hg38_genes_promoters	0.0006696972321506	2.538964907831304	0
chr11	118519312	118519830	-0.034211	10	0.6492	0.68341	KMT2A	hg38_genes_promoters	0.3139287830529653	0.4565390882554838	0
chr11	118438498	118438873	-0.011518	10	0.0254	0.036918	KMT2A	hg38_genes_promoters	0.8734397345229457	0.05720319416102979	0
chr11	95037253	95037659	0.015604	26	0.23269	0.21709	LOC107984375	hg38_genes_promoters	0.0749108481350679	0.9511953421670877	0
chr11	94973790	94973878	-0.014473	10	0.0036	0.018073	KDM4D	hg38_genes_promoters	0.0001222121803837	3.125375507334686	0
chr11	94973790	94973878	-0.014473	10	0.0036	0.018073	CWC15	hg38_genes_promoters	0.0001222121803837	3.125375507334686	0
chr11	94740272	94740430	-0.013074	12	0.032	0.045074	PIWIL4-AS1	hg38_genes_promoters	0.0640654040629108	1.003864853619062	0
chr11	94567312	94567381	0.032121	10	0.8597	0.82758	PIWIL4	hg38_genes_promoters	0.0008425020401849	2.464328339497936	0
chr11	93821045	93821751	-0.01686	10	0.8403	0.85716	VSTM5	hg38_genes_promoters	0.0026841977367314	2.065647772120592	0
chr11	93537832	93538178	-0.029205	10	0.1049	0.13411	SMCO4	hg38_genes_promoters	0.0005203201794005	2.6278711408423323	0
chr11	89065941	89066027	-0.014368	15	0.037667	0.052035	GRM5	hg38_genes_promoters	0.0001591762202249	3.034979330173698	0
chr11	89047489	89047967	-0.019726	10	0.7915	0.81123	GRM5	hg38_genes_promoters	0.0142519431002665	1.514778821876889	0
chr11	88175636	88175894	-0.011779	10	0.0518	0.063579	MIR3166	hg38_genes_promoters	0.3630040480494774	0.4040191003387236	0
chr11	88175636	88175894	-0.011779	10	0.0518	0.063579	RAB38	hg38_genes_promoters	0.3630040480494774	0.4040191003387236	0
chr11	86799580	86799973	-0.039816	12	0.36567	0.40548	PRSS23	hg38_genes_promoters	0.1041214506818739	0.8417347605127227	0
chr11	86374323	86374760	-0.016682	15	0.13127	0.14795	CCDC81	hg38_genes_promoters	0.813635368757107	0.08730344673618622	0
chr11	85682898	85683026	0.032022	12	0.15575	0.12373	CREBZF	hg38_genes_promoters	0.0038088316318427	1.9481274731612666	0
chr11	95037669	95037752	-0.029452	12	0.14375	0.1732	LOC107984375	hg38_genes_promoters	0.0052984926639161	1.8408134245744443	0
chr11	82734015	82734268	-0.010247	10	0.2917	0.30195	FAM181B	hg38_genes_promoters	0.5766266865713975	0.2271537016594732	0
chr11	78962054	78962225	-0.011858	10	0.0173	0.029158	TENM4	hg38_genes_promoters	0.029887736460974	1.2602056055829172	0
chr11	78702030	78702569	-0.013719	12	0.84233	0.85605	TENM4	hg38_genes_promoters	0.0114226636891052	1.5858173924598666	0
chr11	78196452	78196592	0.038168	21	0.5391	0.50093	USP35	hg38_genes_promoters	0.0013550451323271	2.2979401734677016	0
chr11	77588832	77589194	-0.038341	14	0.45007	0.48841	AQP11	hg38_genes_promoters	0.0842747222426297	0.9117515054502536	0
chr11	77301416	77301825	-0.012883	22	0.85045	0.86334	GDPD4	hg38_genes_promoters	0.006536756139824	1.7716225218761603	0
chr11	77203053	77203191	0.032803	10	0.8711	0.8383	MYO7A	hg38_genes_promoters	7.247188327082773e-05	3.3089763248020336	0
chr11	77138054	77138278	0.043016	30	0.21137	0.16835	MYO7A	hg38_genes_promoters	0.0001579228029132	3.037491512671394	0
chr11	77128144	77128406	-0.049851	12	0.25883	0.30868	MYO7A	hg38_genes_promoters	0.0047665701090605	1.8736659742626576	0
chr11	77084680	77084947	-0.014642	10	0.8342	0.84884	CAPN5	hg38_genes_promoters	0.0119275470044171	1.572261046517822	0
chr11	77084091	77084653	0.013363	10	0.8751	0.86174	CAPN5	hg38_genes_promoters	0.0327971437317968	1.2277056104750526	0
chr11	77065957	77066098	-0.033184	10	0.0535	0.086684	CAPN5	hg38_genes_promoters	2.6941959031773607e-06	4.492108711882677	0
chr11	76670215	76670431	-0.014437	10	0.0713	0.085737	LRRC32	hg38_genes_promoters	0.1259293910810615	0.7771534228899031	0
chr11	76656973	76657581	-0.05548	16	0.33162	0.38711	LOC107984360	hg38_genes_promoters	0.0113318120285671	1.5879715411719617	0
chr11	79439200	79439462	-0.01968	12	0.025583	0.045263	TENM4	hg38_genes_promoters	0.0120353412214645	1.5695604850270064	0
chr11	76627085	76628172	-0.022867	13	0.34615	0.36902	LINC02757	hg38_genes_promoters	0.4740399172257952	0.30328905774609627	0
chr11	95067295	95067415	-0.011801	18	0.023111	0.034912	SRSF8	hg38_genes_promoters	3.536833224456268e-08	6.041549176921299	-1
chr11	96507126	96507438	-0.031074	10	0.7907	0.82177	JRKL-AS1	hg38_genes_promoters	0.0006328668002786	2.5583886923927484	0
chr11	118264684	118265370	-0.0201	10	0.8276	0.8477	MPZL2	hg38_genes_promoters	0.0112533219697099	1.5904230790657246	0
chr11	118152898	118152974	-0.028147	10	0.0088	0.036947	SCN4B	hg38_genes_promoters	6.876408636744442e-07	4.977716384635902	0
chr11	117828321	117829153	0.014982	18	0.49922	0.48424	FXYD2	hg38_genes_promoters	0.4467505411019947	0.32603494298762214	0
chr11	117824656	117825005	-0.028674	10	0.2518	0.28047	FXYD2	hg38_genes_promoters	0.2068539616627708	0.603255975570966	0
chr11	117203097	117203708	0.021507	15	0.85353	0.83203	TAGLN	hg38_genes_promoters	0.0049445609217495	1.8624019882348295	0
chr11	117199413	117199846	0.040716	10	0.7834	0.74268	TAGLN	hg38_genes_promoters	0.0020018123766274	2.166742294397998	0
chr11	117192062	117192372	-0.033316	14	0.80943	0.84274	SIDT2	hg38_genes_promoters	1.5033688896672409e-05	3.8693974216917493	0
chr11	114295717	114296970	-0.017427	18	0.61911	0.63654	NNMT	hg38_genes_promoters	0.3142381191341296	0.45625334355765973	0
chr11	114257259	114257859	-0.018136	12	0.71183	0.72997	NNMT	hg38_genes_promoters	0.1956301244787973	0.6233119075967016	0
chr11	114063999	114064277	0.025437	10	0.8007	0.77526	ZBTB16	hg38_genes_promoters	0.0533350558851595	1.067357422065432	0
chr11	113908033	113908454	-0.026689	11	0.79455	0.82123	HTR3B	hg38_genes_promoters	0.0101050985859356	1.6272672893916513	0
chr11	113475065	113475164	-0.012149	12	0.0175	0.029649	DRD2	hg38_genes_promoters	0.0001485232308749	3.0603736627080007	0
chr11	113424467	113424593	-0.014237	10	0.8475	0.86174	DRD2	hg38_genes_promoters	0.0289506193162012	1.271460993716894	0
chr11	113418030	113418913	-0.017824	10	0.7412	0.75902	DRD2	hg38_genes_promoters	0.1317976942013377	0.7619788252054625	0
chr11	95150322	95150660	-0.012748	19	0.016632	0.02938	LOC101929295	hg38_genes_promoters	0.0003895885971116	2.7312848315628164	0
chr11	112167346	112167411	0.044167	10	0.8395	0.79533	TEX12	hg38_genes_promoters	2.9498198325530258e-06	4.459759935727715	0
chr11	111738023	111738563	-0.046563	10	0.5527	0.59926	PPP2R1B	hg38_genes_promoters	0.0511432982666665	1.0808017666477068	0
chr11	111735504	111735784	0.019816	10	0.8265	0.80668	PPP2R1B	hg38_genes_promoters	0.0310509060630384	1.2471419559807735	0
chr11	111540207	111540317	-0.046126	10	0.2124	0.25853	LAYN	hg38_genes_promoters	0.0006637921502989	2.541880834268105	0
chr11	111456135	111456469	-0.027205	10	0.6639	0.69111	BTG4	hg38_genes_promoters	0.1174913282066097	0.8015966404073798	0
chr11	111448655	111449425	0.014056	12	0.66167	0.64761	LOC644277	hg38_genes_promoters	0.4934907933464968	0.2881345495727732	0
chr11	111379384	111379478	-0.0252	10	0.3478	0.373	POU2AF1	hg38_genes_promoters	0.2274858034497976	0.5700641859942397	0
chr11	111097258	111097468	-0.027078	11	0.64845	0.67553	LINC02550	hg38_genes_promoters	0.3042715048165462	0.46778760607011816	0
chr11	110713310	110713598	-0.010763	10	0.0115	0.022263	ARHGAP20	hg38_genes_promoters	0.000618053410867	2.567261891443231	0
chr11	108568290	108568805	-0.013368	10	0.7991	0.81247	EXPH5	hg38_genes_promoters	0.0999585647627392	0.855864488162785	0
chr11	104164828	104165214	-0.02313	10	0.7749	0.79803	PDGFD	hg38_genes_promoters	0.0183315270415806	1.4269622810015548	0
chr11	104036923	104037069	-0.019235	10	0.8239	0.84314	PDGFD	hg38_genes_promoters	0.0006957237520756	2.5265691801582015	0
chr11	102606472	102606825	-0.010947	10	0.858	0.86895	LOC101928477	hg38_genes_promoters	0.008457397769038	1.6854315485270288	0
chr11	101504080	101504593	-0.016179	10	0.7999	0.81608	TRPC6	hg38_genes_promoters	0.0830583998979244	0.9160982075991692	0
chr11	96507126	96507438	-0.031074	10	0.7907	0.82177	LINC02737	hg38_genes_promoters	0.0006328668002786	2.5583886923927484	0
chr11	111912779	111912916	0.028873	12	0.15975	0.13088	CRYAB	hg38_genes_promoters	0.0742765588562002	0.9539711004541653	0
chr11	65630056	65630370	0.019932	10	0.8463	0.82637	PCNX3	hg38_genes_promoters	0.1126254319226142	0.8162605634716997	0
chr11	92882923	92883047	-0.022358	10	0.8188	0.84116	FAT3	hg38_genes_promoters	0.000541535630257	2.613967091138354	0
chr11	65612272	65612786	-0.021638	12	0.33408	0.35572	MAP3K11	hg38_genes_promoters	0.449645814169021	0.32362741519871036	0
chr11	30535883	30536237	-0.015624	14	0.83007	0.8457	MPPED2	hg38_genes_promoters	0.0798440000008264	0.9291379131919738	0
chr11	27722673	27722908	-0.015104	14	0.012857	0.027961	BDNF	hg38_genes_promoters	0.0006295848943729	2.559940727726121	0
chr11	26331411	26332028	-0.014718	10	0.243	0.25772	ANO3-AS1	hg38_genes_promoters	0.5924584183197806	0.21677164610978403	0
chr11	26331411	26332028	-0.014718	10	0.243	0.25772	ANO3	hg38_genes_promoters	0.5924584183197806	0.21677164610978403	0
chr11	23730429	23730536	0.044996	12	0.75925	0.71425	LINC02726	hg38_genes_promoters	1.7235437873999507e-05	3.8215427101834343	0
chr11	22342049	22342747	-0.025974	13	0.070923	0.096897	SLC17A6	hg38_genes_promoters	0.0019239599581631	2.1806600084624863	0
chr11	22337918	22338401	-0.018916	13	0.032077	0.050993	SLC17A6	hg38_genes_promoters	0.0486568706863205	1.0969944901982087	0
chr11	20103132	20103520	0.014826	10	0.8695	0.85467	NAV2	hg38_genes_promoters	0.0356267295336087	1.2013207849300176	0
chr11	20027021	20027498	0.01981	10	0.7698	0.74999	NAV2	hg38_genes_promoters	0.0457637398775504	1.1163899008834022	0
chr11	20021407	20022156	-0.016699	10	0.715	0.7317	NAV2	hg38_genes_promoters	0.429894258137335	0.34068605821836806	0
chr11	18744022	18744224	0.017263	10	0.799	0.78174	PTPN5	hg38_genes_promoters	0.0803309210798836	0.9272903950203044	0
chr11	18455732	18455861	-0.045542	17	0.37176	0.41731	LDHAL6A	hg38_genes_promoters	0.0013858779090351	2.288968399603914	0
chr11	18046283	18046376	-0.026295	10	0.1056	0.13189	TPH1	hg38_genes_promoters	0.0003560050760896	2.7605759181768246	0
chr11	17771747	17771816	-0.018179	10	0.8584	0.87658	LOC107984317	hg38_genes_promoters	0.0122533295231716	1.5635685806165156	0
chr11	17771747	17771816	-0.018179	10	0.8584	0.87658	KCNC1	hg38_genes_promoters	0.0122533295231716	1.5635685806165156	0
chr11	17545003	17545225	-0.01437	10	0.8402	0.85457	USH1C	hg38_genes_promoters	0.0173346580614128	1.4464955885489776	0
chr11	17414154	17414597	0.020489	10	0.5827	0.56221	ABCC8	hg38_genes_promoters	0.5496873821520812	0.245880577046266	0
chr11	17404281	17404737	-0.012949	10	0.8216	0.83455	ABCC8	hg38_genes_promoters	0.1344646104444175	0.7559658164136158	0
chr11	17402655	17403020	0.019964	10	0.8519	0.83194	ABCC8	hg38_genes_promoters	0.1130552226254589	0.8149710810281946	0
chr11	17395663	17396651	0.010725	26	0.84623	0.83551	ABCC8	hg38_genes_promoters	0.0792354480455284	0.9318252830988034	0
chr11	17013136	17013455	-0.020659	23	0.18987	0.21053	PLEKHA7	hg38_genes_promoters	0.0577783564186131	1.039294495185701	0
chr11	16817067	16817200	0.032073	12	0.85858	0.82651	PLEKHA7	hg38_genes_promoters	0.0001018781595035	3.1872435454264294	0
chr11	16791003	16791166	0.043742	10	0.5579	0.51416	PLEKHA7	hg38_genes_promoters	0.0006035246341016	2.576175177628016	0
chr11	14972632	14973114	-0.029732	10	0.2489	0.27863	CALCA	hg38_genes_promoters	0.1626278332667634	0.6895066103239303	0
chr11	13275562	13276371	-0.023999	12	0.738	0.762	ARNTL	hg38_genes_promoters	0.0848236440417113	0.9098251768731062	0
chr11	12377166	12377428	0.01247	13	0.16154	0.14907	PARVA	hg38_genes_promoters	0.4266021948988769	0.34373880306267407	0
chr11	12161683	12162190	-0.033391	10	0.8341	0.86749	MICAL2	hg38_genes_promoters	1.2614418667898904e-05	3.9317022115513613	0
chr11	10500158	10500630	-0.033122	10	0.7544	0.78752	AMPD3	hg38_genes_promoters	0.0053300360468807	1.8386751109940236	0
chr11	10497460	10497803	0.026098	10	0.8775	0.8514	AMPD3	hg38_genes_promoters	0.0078460639888148	1.70939527526188	0
chr11	31805140	31805286	-0.011357	18	0.025778	0.037135	PAX6	hg38_genes_promoters	1.8536177562530468e-05	3.7935374467535374	0
chr11	31810092	31810171	-0.010805	10	0.0233	0.034105	PAX6	hg38_genes_promoters	0.0098964639490236	1.6341862393350604	0
chr11	31825813	31826049	-0.023405	13	0.10754	0.13094	PAUPAR	hg38_genes_promoters	0.0954144138227611	0.8709402204481663	0
chr11	32090446	32090584	-0.033521	10	0.6039	0.63742	RCN1	hg38_genes_promoters	0.0718407171461006	0.9650548500469911	0
chr11	46366651	46366769	0.040326	10	0.7778	0.73747	DGKZ	hg38_genes_promoters	0.0008993810487869	2.4420540867943794	0
chr11	45927883	45928161	0.015663	10	0.7814	0.76574	LARGE2	hg38_genes_promoters	0.1101133418341647	0.823128592588086	0
chr11	45924064	45924390	-0.032581	10	0.6654	0.69798	LARGE2	hg38_genes_promoters	0.0970690624441202	0.8649895002592636	0
chr11	45921964	45922090	-0.031472	12	0.523	0.55447	LARGE2	hg38_genes_promoters	0.100495808306525	0.8539896913044154	0
chr11	45907989	45908425	0.022073	10	0.7588	0.73673	C11orf94	hg38_genes_promoters	0.0858449511213308	0.9056863171523797	0
chr11	45869511	45869834	-0.017127	12	0.86417	0.88129	CRY2	hg38_genes_promoters	0.0005121938489625	2.633731508458293	0
chr11	45803948	45804112	-0.017057	12	0.01075	0.027807	SLC35C1	hg38_genes_promoters	6.672868670566232e-06	4.158783254178192	0
chr11	45722700	45723209	-0.024087	12	0.814	0.83809	LOC100507384	hg38_genes_promoters	0.0492430620353795	1.0931188958045481	0
chr11	44973087	44973261	-0.018879	10	0.7847	0.80358	LINC02685	hg38_genes_promoters	0.1344495687024163	0.7559658164136158	0
chr11	44938114	44938315	-0.02819	13	0.82792	0.85611	TP53I11	hg38_genes_promoters	3.369737572521199e-05	3.578475254840204	0
chr11	44916649	44917321	-0.027105	14	0.25357	0.28068	TSPAN18	hg38_genes_promoters	0.3393275250783329	0.4291976979785356	0
chr11	44572929	44573129	0.012295	10	0.8324	0.82011	CD82	hg38_genes_promoters	0.2039081055056165	0.6087710819186241	0
chr11	44107739	44107995	-0.024532	10	0.8481	0.87263	EXT2	hg38_genes_promoters	0.0009118026547806	2.437177032999765	0
chr11	44078806	44079434	0.031963	10	0.8747	0.84274	ACCS	hg38_genes_promoters	0.1768727392984347	0.6596875646259799	0
chr11	9838959	9839719	-0.015226	10	0.8679	0.88313	LOC101928008	hg38_genes_promoters	0.0513435555966092	1.0797158104651032	0
chr11	43269123	43269412	-0.094605	12	0.30075	0.39535	HNRNPKP3	hg38_genes_promoters	7.66679803993924e-09	6.630224014179192	-1
chr11	36454710	36454822	-0.056226	10	0.7683	0.82453	PRR5L	hg38_genes_promoters	0.0008880817149976	2.446286288583484	0
chr11	36398187	36398498	-0.021617	10	0.8038	0.82542	PRR5L	hg38_genes_promoters	0.0284161156329852	1.2781586560481861	0
chr11	36361870	36362151	-0.035717	10	0.3484	0.38412	PRR5L	hg38_genes_promoters	0.0769507924233174	0.9423803469958623	0
chr11	35280918	35281552	-0.014162	10	0.8639	0.87806	SLC1A2-AS1	hg38_genes_promoters	0.1058897147321964	0.8356846495990268	0
chr11	34941776	34941947	-0.031805	12	0.86775	0.89956	MIR1343	hg38_genes_promoters	5.304191250287386e-07	5.068276487667209	-1
chr11	34916914	34917168	-0.010223	10	0.0125	0.022723	APIP	hg38_genes_promoters	0.2415350789721366	0.5491659241123602	0
chr11	34141158	34141811	-0.014654	10	0.8521	0.86675	NAT10	hg38_genes_promoters	0.1123258758954356	0.8169792015056273	0
chr11	33892843	33893272	-0.028021	10	0.1494	0.17742	LMO2	hg38_genes_promoters	0.0230035416545448	1.3510544105056161	0
chr11	33891521	33892169	-0.042116	12	0.09925	0.14137	LMO2	hg38_genes_promoters	2.3008942474462328e-05	3.714060839826834	0
chr11	33736774	33737203	-0.02899	15	0.17307	0.20206	CD59	hg38_genes_promoters	0.0014988375576217	2.2612818765840776	0
chr11	33541699	33542052	-0.050395	10	0.4095	0.45989	KIAA1549L	hg38_genes_promoters	0.0446864653681393	1.1240880270035132	0
chr11	33015660	33015717	0.011842	10	0.228	0.21616	DEPDC7	hg38_genes_promoters	0.3319093747260534	0.4370222203269029	0
chr11	32399967	32400682	-0.015824	22	0.716	0.73182	WT1	hg38_genes_promoters	0.0343243287712161	1.2132506408464647	0
chr11	32091290	32091370	-0.012789	10	0.02	0.032789	RCN1	hg38_genes_promoters	0.0003052372084727	2.81434217831367	0
chr11	41459597	41460161	-0.023525	14	0.043571	0.067096	LRRC4C	hg38_genes_promoters	0.0001861812927722	2.9816605610002713	0
chr11	9838959	9839719	-0.015226	10	0.8679	0.88313	SBF2	hg38_genes_promoters	0.0513435555966092	1.0797158104651032	0
chr11	8810700	8810780	-0.010921	12	0.0125	0.023421	DENND2B	hg38_genes_promoters	4.397347656649367e-05	3.4832008805031505	0
chr11	8711274	8711588	0.018521	10	0.8381	0.81958	DENND2B	hg38_genes_promoters	0.2551854656555418	0.5302958133904869	0
chr11	1863594	1863756	-0.021395	10	0.2895	0.31089	LSP1	hg38_genes_promoters	0.6739485263924856	0.16497451106316557	0
chr11	1835076	1835336	0.021979	10	0.8454	0.82342	SYT8	hg38_genes_promoters	0.0095863525190866	1.6447450004914885	0
chr11	1830852	1831046	-0.024842	10	0.744	0.76884	SYT8	hg38_genes_promoters	0.0590138121393782	1.0323978057275205	0
chr11	1486566	1486781	0.04583	10	0.8476	0.80177	MOB2	hg38_genes_promoters	2.267299390039876e-06	4.549333953252283	0
chr11	1480964	1481134	0.012342	10	0.8545	0.84216	MOB2	hg38_genes_promoters	0.102686190855755	0.8464211302550907	0
chr11	1473477	1473836	-0.022816	10	0.8105	0.83332	MOB2	hg38_genes_promoters	0.0120458252935776	1.5693028194171181	0
chr11	1454384	1454607	-0.018788	10	0.641	0.65979	BRSK2	hg38_genes_promoters	0.4710359866711141	0.3058804025337399	0
chr11	1453357	1453601	-0.035305	10	0.5268	0.56211	BRSK2	hg38_genes_promoters	0.0528388059816219	1.0699454355240736	0
chr11	1390282	1390342	0.027462	10	0.0876	0.060138	BRSK2	hg38_genes_promoters	0.0116959028590566	1.577990208079213	0
chr11	1257587	1257679	-0.018595	10	0.8473	0.86589	MUC5B	hg38_genes_promoters	0.0043699993592304	1.901621460551747	0
chr11	933423	933813	0.022458	10	0.2413	0.21884	AP2A2	hg38_genes_promoters	0.5305745222431104	0.2598021181620983	0
chr11	848093	848257	0.055556	10	0.7247	0.66914	TSPAN4	hg38_genes_promoters	0.008263395146391	1.6931394632084775	0
chr11	823426	823839	0.025418	24	0.85515	0.82973	PNPLA2	hg38_genes_promoters	0.0001183249669359	3.135744647777359	0
chr11	721172	721290	0.026198	10	0.1112	0.085002	EPS8L2	hg38_genes_promoters	0.0077139232023533	1.7146231626742077	0
chr11	1864170	1864306	-0.063046	10	0.43681	0.49986	LSP1	hg38_genes_promoters	0.000371300583184	2.7462249502546685	0
chr11	720531	720643	-0.023206	12	0.22675	0.24996	EPS8L2	hg38_genes_promoters	0.0238105587219003	1.3393000036060987	0
chr11	419414	419772	0.020174	10	0.8757	0.85553	ANO9	hg38_genes_promoters	0.0035724547374095	1.970503728834036	0
chr11	417577	417757	-0.023785	10	0.1371	0.16088	SIGIRR	hg38_genes_promoters	0.0282388306083961	1.2803771829589525	0
chr11	415395	415585	-0.023057	10	0.1123	0.13536	SIGIRR	hg38_genes_promoters	0.0202104121098564	1.3950067179374286	0
chr11	396527	397420	0.109578	61	0.46249	0.35291	PKP3	hg38_genes_promoters	4.4578393186514505e-28	24.289207740048614	1
chr11	394071	394277	0.031283	13	0.75869	0.72741	PKP3	hg38_genes_promoters	0.0095704546361609	1.6450559204015587	0
chr11	392370	392618	0.040839	16	0.87781	0.83697	PKP3	hg38_genes_promoters	2.1383973186214186e-07	5.39458947829404	1
chr11	379965	380018	0.023984	10	0.8673	0.84332	B4GALNT4	hg38_genes_promoters	4.0469333146279614e-05	3.5126413268370387	0
chr11	379457	379616	0.015445	22	0.79427	0.77883	B4GALNT4	hg38_genes_promoters	0.0001987095712234	2.960556400950553	0
chr11	306507	306834	-0.021471	12	0.84983	0.8713	IFITM2	hg38_genes_promoters	0.0009511449139429	2.423124799151297	0
chr11	299448	299564	0.026026	10	0.767	0.74097	IFITM5	hg38_genes_promoters	0.0245447866565164	1.3284447145003728	0
chr11	291336	291553	0.013039	12	0.87058	0.85754	PGGHG	hg38_genes_promoters	0.3274726551424924	0.44167928965838943	0
chr11	290372	290599	0.033305	15	0.8512	0.81789	PGGHG	hg38_genes_promoters	5.835964177690042e-06	4.210575088954665	0
chr11	287650	287920	0.069729	13	0.67438	0.60466	PGGHG	hg38_genes_promoters	2.4776270317755143e-06	4.521366259148361	0
chr11	65619682	65619807	0.033547	10	0.8826	0.84905	PCNX3	hg38_genes_promoters	1.4455436279204503e-06	4.707719872551134	0
chr11	420400	420492	0.032032	10	0.7144	0.68237	ANO9	hg38_genes_promoters	0.0170817467930251	1.4508426616632204	0
chr11	46375510	46375614	0.019258	10	0.8571	0.83784	DGKZ	hg38_genes_promoters	0.0035390219558005	1.9734568618189283	0
chr11	1864338	1864573	-0.046394	10	0.55385	0.60024	LSP1	hg38_genes_promoters	0.0517652279863805	1.0773798590408163	0
chr11	1919228	1919519	-0.026324	10	0.7135	0.73982	TNNT3	hg38_genes_promoters	0.0914808149012838	0.884336695120157	0
chr11	8683933	8684073	-0.067419	10	0.2793	0.34672	RPL27A	hg38_genes_promoters	0.0009144469577389	2.436566118829715	0
chr11	8683933	8684073	-0.067419	10	0.2793	0.34672	SNORA3A	hg38_genes_promoters	0.0009144469577389	2.436566118829715	0
chr11	7987560	7987703	-0.028464	12	0.063417	0.091881	EIF3F	hg38_genes_promoters	0.000260893570243	2.866589806055019	0
chr11	7673480	7673552	0.011877	10	0.028	0.016123	CYB5R2	hg38_genes_promoters	0.0001661853726226	3.020626635935983	0
chr11	7088901	7089140	0.028187	32	0.62506	0.59688	RBMXL2	hg38_genes_promoters	0.003225968623872	2.004034044168072	0
chr11	5938482	5938851	-0.103451	26	0.57942	0.68287	TRIM5	hg38_genes_promoters	2.2992398995695516e-14	11.59497268324968	-1
chr11	5938482	5938851	-0.103451	26	0.57942	0.68287	OR56A3	hg38_genes_promoters	2.2992398995695516e-14	11.59497268324968	-1
chr11	5596136	5596735	0.038444	14	0.1005	0.062056	TRIM6-TRIM34	hg38_genes_promoters	0.3488714214669151	0.4188604037139203	0
chr11	5596136	5596735	0.038444	14	0.1005	0.062056	TRIM6	hg38_genes_promoters	0.3488714214669151	0.4188604037139203	0
chr11	3823959	3824068	-0.027895	10	0.824	0.85189	PGAP2	hg38_genes_promoters	8.566832462404563e-06	4.067287371494536	0
chr11	3232569	3232791	0.026064	18	0.75589	0.72982	MRGPRE	hg38_genes_promoters	0.0047283859736482	1.876705625663992	0
chr11	3218241	3218371	0.019899	13	0.83269	0.81279	MRGPRG-AS1	hg38_genes_promoters	0.0005784076312636	2.5915484688758075	0
chr11	3165801	3166786	0.014357	27	0.80056	0.7862	OSBPL5	hg38_genes_promoters	0.0412947196804954	1.1507705089533862	0
chr11	3120447	3120618	0.023437	10	0.8567	0.83326	OSBPL5	hg38_genes_promoters	0.0136246143009842	1.528049619245451	0
chr11	1871283	1871489	0.030232	10	0.7206	0.69037	LSP1	hg38_genes_promoters	0.034674171287084	1.2103549739057757	0
chr11	2700178	2700328	0.084599	16	0.54138	0.45678	KCNQ1OT1	hg38_genes_promoters	1.5182646577801408e-15	12.619456803933822	1
chr11	2389238	2389776	0.034858	13	0.44769	0.41283	CD81	hg38_genes_promoters	0.2013929646540194	0.6132539915099797	0
chr11	2385624	2385708	-0.033689	12	0.68925	0.72294	CD81	hg38_genes_promoters	0.3183580539471299	0.45161366269469383	0
chr11	2376156	2376554	-0.024303	12	0.81758	0.84189	CD81	hg38_genes_promoters	0.0036136917436917	1.966278691035024	0
chr11	2302916	2303210	-0.013211	10	0.03	0.043211	C11orf21	hg38_genes_promoters	0.0887973929802889	0.8943383189047305	0
chr11	2301571	2301989	-0.014322	12	0.062833	0.077156	TSPAN32	hg38_genes_promoters	0.0855863101553896	0.9066850023979419	0
chr11	2301571	2301989	-0.014322	12	0.062833	0.077156	C11orf21	hg38_genes_promoters	0.0855863101553896	0.9066850023979419	0
chr11	2140313	2140431	0.021938	10	0.0749	0.052962	IGF2-AS	hg38_genes_promoters	0.16994870960614	0.674383663242103	0
chr11	2140313	2140431	0.021938	10	0.0749	0.052962	IGF2	hg38_genes_promoters	0.16994870960614	0.674383663242103	0
chr11	2139198	2139246	-0.011011	10	0.0232	0.034211	IGF2	hg38_genes_promoters	0.0513540955095124	1.0797139182599786	0
chr11	2137664	2137851	-0.011325	15	0.0218	0.033125	IGF2	hg38_genes_promoters	0.033168345173937	1.2241759100244833	0
chr11	1937642	1937840	0.021126	13	0.84785	0.82672	TNNT3	hg38_genes_promoters	0.0072830043647967	1.7345311829506647	0
chr11	1933523	1933970	0.021732	12	0.83542	0.81368	TNNT3	hg38_genes_promoters	0.0040958515968102	1.9238397673852823	0
chr11	1927718	1927900	0.029319	14	0.76179	0.73247	TNNT3	hg38_genes_promoters	0.0004882142476559	2.6506295651648064	0
chr11	1919694	1920039	0.020301	21	0.83714	0.81684	TNNT3	hg38_genes_promoters	0.0002816786305443	2.8421372967847516	0
chr11	2460139	2460679	0.015863	10	0.8485	0.83264	KCNQ1	hg38_genes_promoters	0.0410397787006535	1.153142204439364	0
chr11	46375510	46375614	0.019258	10	0.8571	0.83784	MIR4688	hg38_genes_promoters	0.0035390219558005	1.9734568618189283	0
chr11	1870916	1871070	0.041516	15	0.77253	0.73102	LSP1	hg38_genes_promoters	9.848934609476095e-07	4.84491964801582	0
chr11	47214254	47214462	0.02606	10	0.0786	0.05254	DDB2	hg38_genes_promoters	0.0753993430766741	0.9489032313349915	0
chr11	64638235	64638424	0.0283	10	0.5263	0.498	NRXN2	hg38_genes_promoters	0.1138303177207216	0.8128049768786861	0
chr11	64622783	64623075	0.033404	19	0.85795	0.82454	NRXN2	hg38_genes_promoters	1.0290546537961484e-08	6.518546232227861	1
chr11	64562017	64562130	0.028263	10	0.838	0.80974	SLC22A11	hg38_genes_promoters	0.0155168833229435	1.4854015450371456	0
chr11	64447917	64448214	-0.024216	10	0.0231	0.047316	LINC02724	hg38_genes_promoters	2.0295852352626e-06	4.583401254705955	0
chr11	64395755	64396049	-0.02204	10	0.2265	0.24854	LINC02723	hg38_genes_promoters	0.48321125216777	0.29603877763119635	0
chr11	64360185	64360260	-0.015276	12	0.10525	0.12053	RPS6KA4	hg38_genes_promoters	0.0167652747831468	1.4574312392846354	0
chr11	64355205	64355384	-0.013999	14	0.042143	0.056142	CCDC88B	hg38_genes_promoters	0.0701416646554504	0.972924702097977	0
chr11	64353150	64353366	0.0314	10	0.8364	0.805	CCDC88B	hg38_genes_promoters	4.013311024332094e-05	3.51544667628714	0
chr11	64352231	64352490	0.025338	12	0.86025	0.83491	CCDC88B	hg38_genes_promoters	7.933233192967462e-06	4.0974164062255	0
chr11	64342584	64342652	0.016011	10	0.0268	0.010789	CCDC88B	hg38_genes_promoters	1.202707028956126e-07	5.5996615660150555	1
chr11	64342584	64342652	0.016011	10	0.0268	0.010789	MIR7155	hg38_genes_promoters	1.202707028956126e-07	5.5996615660150555	1
chr11	64341707	64342123	0.057812	14	0.33943	0.28162	CCDC88B	hg38_genes_promoters	0.0003817890538334	2.7377527249217244	0
chr11	64341707	64342123	0.057812	14	0.33943	0.28162	MIR7155	hg38_genes_promoters	0.0003817890538334	2.7377527249217244	0
chr11	64329554	64330100	-0.031779	12	0.7585	0.79028	LOC102723878	hg38_genes_promoters	0.0035587335110942	1.9715294447670821	0
chr11	64313866	64314046	-0.050216	10	0.7391	0.78932	ESRRA	hg38_genes_promoters	0.0034591607167309	1.9801235152145995	0
chr11	64262536	64262731	0.022416	10	0.8551	0.83268	PLCB3	hg38_genes_promoters	0.0133374227593276	1.5355415007888726	0
chr11	64246591	64246683	-0.044346	17	0.059651	0.104	PPP1R14B	hg38_genes_promoters	4.2356093776694604e-10	7.726389597279213	-1
chr11	64246591	64246683	-0.044346	17	0.059651	0.104	PPP1R14B-AS1	hg38_genes_promoters	4.2356093776694604e-10	7.726389597279213	-1
chr11	64241470	64241551	-0.01048	10	0.005	0.01548	LOC114841035	hg38_genes_promoters	2.3151761773257263e-05	3.712907399779961	0
chr11	64241470	64241551	-0.01048	10	0.005	0.01548	FKBP2	hg38_genes_promoters	2.3151761773257263e-05	3.712907399779961	0
chr11	64237357	64237600	-0.032472	13	0.73877	0.77124	VEGFB	hg38_genes_promoters	0.3028816711308033	0.46947453241680753	0
chr11	64229165	64229432	-0.022442	10	0.8234	0.84584	DNAJC4	hg38_genes_promoters	0.0018704656195487	2.1901288873103497	0
chr11	64229165	64229432	-0.022442	10	0.8234	0.84584	NUDT22	hg38_genes_promoters	0.0018704656195487	2.1901288873103497	0
chr11	64219638	64219975	0.01537	10	0.8448	0.82943	FERMT3	hg38_genes_promoters	0.1170769380087818	0.8026968037799094	0
chr11	64218593	64219592	-0.022934	18	0.78822	0.81116	FERMT3	hg38_genes_promoters	0.1012956574295062	0.851520314510025	0
chr11	64210698	64210774	-0.022411	10	0.7858	0.80821	FERMT3	hg38_genes_promoters	0.0076053068609674	1.7195684295881024	0
chr11	64207489	64207620	0.018611	10	0.0834	0.064789	FERMT3	hg38_genes_promoters	0.0007000261535808	2.5248113733705666	0
chr11	64120110	64120284	0.018364	10	0.8089	0.79054	MACROD1	hg38_genes_promoters	0.0369225377830004	1.1897376890984834	0
chr11	64059610	64059915	-0.047872	10	0.5186	0.56647	FLRT1	hg38_genes_promoters	0.0145738370030137	1.5069221560737942	0
chr11	64713080	64713140	-0.012874	10	0.0326	0.045474	NRXN2	hg38_genes_promoters	0.0005116232598846	2.633971257716161	0
chr11	64745602	64745774	0.010443	10	0.0203	0.0098572	RASGRP2	hg38_genes_promoters	0.0847666135516941	0.9099510710184527	0
chr11	64745976	64746249	0.012833	10	0.0439	0.031067	RASGRP2	hg38_genes_promoters	0.9779432743714728	0.009039903750906372	0
chr11	64767948	64768512	0.030016	10	0.5634	0.53338	SF1	hg38_genes_promoters	0.4360324840068598	0.33549922105147006	0
chr11	65607193	65607399	0.041587	30	0.80833	0.76675	MAP3K11	hg38_genes_promoters	1.2475545975115382e-15	12.678415786822693	1
chr11	46702664	46703041	-0.021146	10	0.6507	0.67185	ZNF408	hg38_genes_promoters	0.3329428142563719	0.4360276838032686	0
chr11	65554149	65554258	0.047016	10	0.8037	0.75668	LTBP3	hg38_genes_promoters	1.0261733479878043e-06	4.834061827409879	0
chr11	65547470	65547813	0.049053	34	0.717	0.66795	LTBP3	hg38_genes_promoters	7.278948110722275e-08	5.772358090806793	1
chr11	65546372	65546457	0.017154	12	0.042417	0.025263	LTBP3	hg38_genes_promoters	9.911152270824793e-08	5.669981564151264	1
chr11	65532504	65532991	-0.012185	13	0.82731	0.83949	SCYL1	hg38_genes_promoters	0.2085513034493024	0.6002256254200673	0
chr11	65383992	65384439	-0.019663	10	0.7116	0.73126	SLC25A45	hg38_genes_promoters	0.3666304058961414	0.40028660369125435	0
chr11	65265755	65266289	-0.018268	10	0.7609	0.77917	POLA2	hg38_genes_promoters	0.0907099951884613	0.8871659716344131	0
chr11	65213530	65214128	0.012266	17	0.084118	0.071851	SLC22A20P	hg38_genes_promoters	0.0833046806121248	0.9149755873891651	0
chr11	65188034	65188289	0.014417	12	0.86608	0.85167	CAPN1	hg38_genes_promoters	0.009409824681155	1.6506202600721824	0
chr11	65186908	65187582	0.012278	10	0.8493	0.83702	CAPN1	hg38_genes_promoters	0.2612464081815021	0.5216539152985895	0
chr11	65184522	65184960	-0.011734	13	0.82854	0.84027	CAPN1	hg38_genes_promoters	0.1553961820609059	0.7055239370477479	0
chr11	65182535	65183215	-0.017781	19	0.64837	0.66615	CAPN1	hg38_genes_promoters	0.279232786438143	0.49705552456678126	0
chr11	65182535	65183215	-0.017781	19	0.64837	0.66615	LOC728975	hg38_genes_promoters	0.279232786438143	0.49705552456678126	0
chr11	64001014	64001293	-0.010748	24	0.064625	0.075373	LOC101927673	hg38_genes_promoters	0.0025925004439226	2.07762896276298	0
chr11	65132739	65133061	-0.017505	10	0.7016	0.71911	SYVN1	hg38_genes_promoters	0.2866150966445051	0.4881709879663898	0
chr11	65130162	65130776	-0.014683	12	0.78058	0.79527	MIR6751	hg38_genes_promoters	0.1026048545371896	0.8466905993001681	0
chr11	65089275	65089949	-0.018152	11	0.85464	0.87279	TMEM262	hg38_genes_promoters	0.0161916987702863	1.4696279732740096	0
chr11	64926877	64927043	-0.022215	13	0.49823	0.52045	PPP2R5B	hg38_genes_promoters	0.3197450932405065	0.4503229122658524	0
chr11	64914284	64914431	-0.017237	10	0.8385	0.85574	ATG2A	hg38_genes_promoters	0.056461931684827	1.0473420905243853	0
chr11	64898663	64898792	0.042808	10	0.8622	0.81939	MIR6750	hg38_genes_promoters	6.936922910085372e-07	4.977161763322103	0
chr11	64898663	64898792	0.042808	10	0.8622	0.81939	ATG2A	hg38_genes_promoters	6.936922910085372e-07	4.977161763322103	0
chr11	64890713	64891301	-0.010274	17	0.82488	0.83516	MIR192	hg38_genes_promoters	0.3641532140534701	0.4029972243301005	0
chr11	64860138	64860297	0.017182	12	0.62217	0.60498	EHD1	hg38_genes_promoters	0.1243941523143672	0.7811933381408017	0
chr11	64845080	64845246	0.020775	10	0.0481	0.027325	CDC42BPG	hg38_genes_promoters	0.0028410101878682	2.0464717779624557	0
chr11	64834375	64834588	0.01315	13	0.86708	0.85393	CDC42BPG	hg38_genes_promoters	0.0154812107976427	1.4860606257615243	0
chr11	64832493	64832736	-0.022689	10	0.8381	0.86079	CDC42BPG	hg38_genes_promoters	0.0090858018668496	1.662242931320286	0
chr11	64802078	64802602	-0.018643	10	0.1322	0.15084	MAP4K2	hg38_genes_promoters	0.0320332078867841	1.2362915399718524	0
chr11	64800416	64800687	-0.014105	10	0.2446	0.25871	MAP4K2	hg38_genes_promoters	0.2405921110873939	0.550549980369288	0
chr11	64796916	64797362	0.014288	10	0.5916	0.57731	MAP4K2	hg38_genes_promoters	0.7285317143473249	0.13338677895768636	0
chr11	65130162	65130776	-0.014683	12	0.78058	0.79527	SYVN1	hg38_genes_promoters	0.1026048545371896	0.8466905993001681	0
chr11	63894299	63894422	0.014278	10	0.8325	0.81822	MARK2	hg38_genes_promoters	0.5825540760965912	0.22337566139690784	0
chr11	65089275	65089949	-0.018152	11	0.85464	0.87279	VPS51	hg38_genes_promoters	0.0161916987702863	1.4696279732740096	0
chr11	63838293	63838495	-0.042047	10	0.3271	0.36915	MARK2	hg38_genes_promoters	0.0587658272911473	1.033803125762703	0
chr11	61429805	61429937	-0.013617	20	0.001	0.014617	SDHAF2	hg38_genes_promoters	4.029242971368265e-15	12.266161903843502	-1
chr11	61429805	61429937	-0.013617	20	0.001	0.014617	CPSF7	hg38_genes_promoters	4.029242971368265e-15	12.266161903843502	-1
chr11	61343115	61343547	-0.019137	10	0.8466	0.86574	TKFC	hg38_genes_promoters	0.0037094746570068	1.9573714958775381	0
chr11	61343115	61343547	-0.019137	10	0.8466	0.86574	DDB1	hg38_genes_promoters	0.0037094746570068	1.9573714958775381	0
chr11	61339020	61339292	-0.019846	13	0.85246	0.87231	TKFC	hg38_genes_promoters	7.217397464946735e-05	3.310035342351897	0
chr11	61311476	61311861	-0.019377	10	0.8732	0.89258	DDB1	hg38_genes_promoters	0.0001434950966775	3.070241034490646	0
chr11	61015692	61016089	-0.012383	12	0.801	0.81338	CD6	hg38_genes_promoters	0.099547646809799	0.8570558066556296	0
chr11	60952186	60952892	-0.014713	18	0.015333	0.030046	SLC15A3	hg38_genes_promoters	0.0002790551306461	2.8448327284112254	0
chr11	60938541	60938920	0.028616	10	0.8543	0.82568	SLC15A3	hg38_genes_promoters	0.0050031819080744	1.8590731045602962	0
chr11	60934591	60934697	0.025895	15	0.85	0.82411	TMEM132A	hg38_genes_promoters	0.0001683115436099	3.01603148901018	0
chr11	60902459	60903585	-0.025235	22	0.77423	0.79946	PRPF19	hg38_genes_promoters	0.0086730424215722	1.6773764349999	0
chr11	60899143	60899529	-0.013474	10	0.4869	0.50037	PRPF19	hg38_genes_promoters	0.2645022234235576	0.5172656084933038	0
chr11	60615661	60615745	0.01461	12	0.77408	0.75947	LINC00301	hg38_genes_promoters	0.1679279908976458	0.678209059057128	0
chr11	59193817	59194123	-0.020226	10	0.8393	0.85953	DTX4	hg38_genes_promoters	0.0003683509175796	2.7485123134836975	0
chr11	61429805	61429937	-0.013617	20	0.001	0.014617	PPP1R32	hg38_genes_promoters	4.029242971368265e-15	12.266161903843502	-1
chr11	58228584	58228959	-0.024516	10	0.8182	0.84272	OR10Q1	hg38_genes_promoters	0.012797472977557	1.5488190598841403	0
chr11	57752883	57753041	0.017116	10	0.8418	0.82468	TMX2-CTNND1	hg38_genes_promoters	0.1031351776857894	0.8450486556215463	0
chr11	57499542	57499695	-0.016171	16	0.22287	0.23905	SLC43A1	hg38_genes_promoters	0.0343607643058967	1.2128858445537685	0
chr11	57427551	57428488	-0.040922	15	0.7026	0.74352	SLC43A3	hg38_genes_promoters	0.0047785264913205	1.8734833707350962	0
chr11	57338319	57338720	-0.012137	10	0.7906	0.80274	P2RX3	hg38_genes_promoters	0.263822210612388	0.5181361192907358	0
chr11	57312191	57312917	-0.018115	17	0.82888	0.847	TNKS1BP1	hg38_genes_promoters	0.0030913304231404	2.019063093842381	0
chr11	50298324	50298428	-0.024776	12	0.58992	0.61469	LINC02750	hg38_genes_promoters	0.2276311643981278	0.5699141055949288	0
chr11	49558391	49558510	-0.031626	10	0.0969	0.12853	GRM5P1	hg38_genes_promoters	0.0012261320457137	2.3328381835056073	0
chr11	47448986	47449165	0.013147	10	0.8532	0.84005	RAPSN	hg38_genes_promoters	0.155046629758202	0.7062288956718668	0
chr11	47414398	47414824	0.030193	12	0.8455	0.81531	SLC39A13	hg38_genes_promoters	0.0004052019493931	2.7176087262008153	0
chr11	47285032	47285351	-0.041569	10	0.8029	0.84447	MADD	hg38_genes_promoters	1.4417818095315524e-05	3.8817682904692976	0
chr11	47274848	47275151	0.010169	14	0.85321	0.84305	MADD	hg38_genes_promoters	0.3101128369122528	0.46103283161906905	0
chr11	47257581	47258186	-0.014951	10	0.0356	0.050551	NR1H3	hg38_genes_promoters	0.0179146177032657	1.4355227874988024	0
chr11	63888237	63888722	0.01077	10	0.0386	0.02783	MARK2	hg38_genes_promoters	0.0234823301084428	1.3438769499841663	0
chr11	47259296	47259819	-0.016874	10	0.2416	0.25847	NR1H3	hg38_genes_promoters	0.4743094341440305	0.3030986872872073	0
chr11	57752883	57753041	0.017116	10	0.8418	0.82468	CTNND1	hg38_genes_promoters	0.1031351776857894	0.8450486556215463	0
chr11	61480962	61481449	0.02118	14	0.65686	0.63568	PPP1R32	hg38_genes_promoters	0.128985590381872	0.7685208346301784	0
chr11	57425940	57426293	-0.014385	10	0.4156	0.42998	SLC43A3	hg38_genes_promoters	0.585831754005389	0.22121514436194323	0
chr11	61485124	61485354	0.018132	10	0.8745	0.85637	PPP1R32	hg38_genes_promoters	0.0114843413047023	1.5841081115708868	0
chr11	63015888	63016101	-0.020601	12	0.62308	0.64368	SLC22A8	hg38_genes_promoters	0.3152906946761714	0.45514179216340567	0
chr11	63817603	63817877	-0.016695	10	0.6572	0.67389	SPINDOC	hg38_genes_promoters	0.4256870279506752	0.3444998938457886	0
chr11	62984451	62984792	0.020005	10	0.7569	0.73689	SLC22A6	hg38_genes_promoters	0.2520680968701858	0.5342006524232809	0
chr11	62799368	62799732	0.016174	12	0.85133	0.83516	NXF1	hg38_genes_promoters	0.0344533610731087	1.2122610919443135	0
chr11	62709954	62710262	-0.010886	10	0.2339	0.24479	BSCL2	hg38_genes_promoters	0.9569098449303892	0.018374712994202548	0
chr11	62690204	62690779	0.014653	10	0.8466	0.83195	LRRN4CL	hg38_genes_promoters	0.1585675374613612	0.698588646315205	0
chr11	62689448	62689873	0.018885	11	0.75936	0.74048	LRRN4CL	hg38_genes_promoters	0.1330347549240693	0.7594205561501626	0
chr11	62634660	62634983	-0.025788	10	0.5568	0.58259	GANAB	hg38_genes_promoters	0.2906550849733966	0.483797631054687	0
chr11	62613486	62613638	-0.01875	10	0.7232	0.74195	EML3	hg38_genes_promoters	0.2287881254043391	0.5682213342523339	0
chr11	62613486	62613638	-0.01875	10	0.7232	0.74195	ROM1	hg38_genes_promoters	0.2287881254043391	0.5682213342523339	0
chr11	62547008	62547404	-0.012545	17	0.018765	0.031309	AHNAK	hg38_genes_promoters	0.0074499576339875	1.7258229436978036	0
chr11	62536511	62536725	-0.022606	13	0.82469	0.8473	AHNAK	hg38_genes_promoters	0.0045633684449616	1.8876211454743475	0
chr11	62417750	62418827	-0.027121	13	0.82785	0.85497	SCGB1A1	hg38_genes_promoters	0.0031695453628238	2.01004086128424	0
chr11	61967525	61967627	0.083313	13	0.43161	0.3483	FTH1	hg38_genes_promoters	2.2419536323108142e-14	11.59497268324968	1
chr11	61967525	61967627	0.083313	13	0.43161	0.3483	LOC399900	hg38_genes_promoters	2.2419536323108142e-14	11.59497268324968	1
chr11	62678049	62678475	0.020743	13	0.50185	0.4811	UBXN1	hg38_genes_promoters	0.5153829001245434	0.2712455655149212	0
chr11	61758256	61758693	0.019494	10	0.8182	0.79871	MYRF-AS1	hg38_genes_promoters	0.0972979507930773	0.8643448480709044	0
chr11	61587344	61587686	0.017289	18	0.2865	0.26921	LOC101927495	hg38_genes_promoters	0.2328849927643251	0.5621634161108164	0
chr11	61498789	61499392	-0.021754	14	0.76179	0.78354	LOC105369329	hg38_genes_promoters	0.0408099749840835	1.1551768891641403	0
chr11	61754375	61755026	0.018124	19	0.79179	0.77367	MYRF	hg38_genes_promoters	0.0156063787694643	1.4834707866053336	0
chr11	61542713	61542796	0.011826	10	0.8333	0.82147	SYT7	hg38_genes_promoters	0.0804828703243696	0.9266281000005052	0
chr11	61777659	61777893	0.090906	23	0.37974	0.28883	MYRF	hg38_genes_promoters	2.6032927548413513e-09	7.040374838125629	1
chr11	61780982	61781428	0.013416	10	0.8441	0.83068	MYRF	hg38_genes_promoters	0.2425780421244869	0.5476720799750903	0
chr11	61829175	61829350	-0.010431	11	0.019091	0.029522	FADS1	hg38_genes_promoters	0.1115482025842996	0.8191922570144671	0
chr11	61904636	61904964	0.019395	10	0.3888	0.3694	RAB3IL1	hg38_genes_promoters	0.3150828667924165	0.4553269996623228	0
chr11	61878544	61878778	0.014982	10	0.7962	0.78122	FADS3	hg38_genes_promoters	0.2081030364747024	0.6009008365241182	0
chr11	61878544	61878778	0.014982	10	0.7962	0.78122	MIR6746	hg38_genes_promoters	0.2081030364747024	0.6009008365241182	0
chr11	61886297	61887202	-0.016033	12	0.82333	0.83937	FADS3	hg38_genes_promoters	0.1518912829084461	0.7139274978780215	0
chr11	61899619	61899885	0.015192	12	0.82275	0.80756	RAB3IL1	hg38_genes_promoters	0.1171894619477276	0.8024968005577537	0
chr11	61829361	61829956	-0.056277	10	0.4621	0.51838	FADS1	hg38_genes_promoters	0.083374823838743	0.9149243124518708	0
chr12	111753272	111753562	-0.045853	10	0.5022	0.54805	ALDH2	hg38_genes_promoters	0.0957665751934059	0.8700989762610135	0
chr12	111098592	111098860	0.019473	10	0.8382	0.81873	CUX2	hg38_genes_promoters	0.0504971549030958	1.0850984982563894	0
chr12	111747112	111747363	0.010974	10	0.8695	0.85853	ACAD10	hg38_genes_promoters	0.1572096654525171	0.7015755456726428	0
chr12	111456036	111456187	-0.017422	10	0.8705	0.88792	ATXN2	hg38_genes_promoters	0.00310352531616	2.017852897185025	0
chr12	109115807	109116242	-0.031896	10	0.1517	0.1836	ACACB	hg38_genes_promoters	0.0517656678370047	1.0773798590408163	0
chr12	113092849	113093118	-0.027789	10	0.0734	0.10119	DTX1	hg38_genes_promoters	0.0017885094194307	2.2037904732177687	0
chr12	113103915	113104022	-0.010642	10	0.0122	0.022842	RASAL1	hg38_genes_promoters	6.032563290976824e-05	3.3715377101054873	0
chr12	113161478	113161761	0.03447	12	0.787	0.75253	DDX54	hg38_genes_promoters	0.005975474189349	1.7997353192350911	0
chr12	113089512	113089655	0.023795	10	0.7799	0.75611	DTX1	hg38_genes_promoters	0.0276673090166151	1.287152874982942	0
chr12	110920574	110921050	-0.01003	14	0.75414	0.76417	MYL2	hg38_genes_promoters	0.4626388475510664	0.312390838561238	0
chr12	109465057	109465342	-0.026903	13	0.86192	0.88883	KCTD10	hg38_genes_promoters	4.63383266619109e-06	4.290021291986642	0
chr12	110344734	110344941	-0.019137	10	0.8486	0.86774	ATP2A2	hg38_genes_promoters	0.0058894114438309	1.804318085391222	0
chr12	109913051	109913567	-0.040929	10	0.7932	0.83413	TCHP	hg38_genes_promoters	0.037227109219755	1.1867346715600036	0
chr12	109773467	109773608	0.016189	12	0.28742	0.27123	FAM222A-AS1	hg38_genes_promoters	0.2061279792190586	0.6046530970853025	0
chr12	109529364	109529846	-0.015351	10	0.8563	0.87165	UBE3B	hg38_genes_promoters	0.0123463046412856	1.5611249213721357	0
chr12	109458870	109459761	-0.04137	13	0.74808	0.78945	KCTD10	hg38_genes_promoters	0.005939334298425	1.8019411319287135	0
chr12	109359471	109360002	-0.017436	15	0.87487	0.8923	LINC01486	hg38_genes_promoters	7.697369604160577e-06	4.1073111522980845	0
chr12	109290266	109290461	0.017495	10	0.8216	0.80411	FOXN4	hg38_genes_promoters	0.0559302174883691	1.0507668472184508	0
chr12	113164130	113164368	-0.026681	12	0.82833	0.85501	DDX54	hg38_genes_promoters	0.0012623106956276	2.322887314923767	0
chr12	109139577	109139958	-0.022447	10	0.7815	0.80395	ACACB	hg38_genes_promoters	0.0502829909696137	1.0866813356377303	0
chr12	110346105	110346452	-0.019769	13	0.78562	0.80538	ATP2A2	hg38_genes_promoters	0.0372126797312755	1.1868089653743985	0
chr12	113221635	113221823	-0.01196	17	0.0031765	0.015137	IQCD	hg38_genes_promoters	6.310916085755278e-07	5.0108122079240145	-1
chr12	119176506	119176889	-0.035831	10	0.5041	0.53993	LOC105370024	hg38_genes_promoters	0.3208597322893499	0.44910992470161665	0
chr12	113332947	113333518	0.024743	11	0.409	0.38426	SLC8B1	hg38_genes_promoters	0.2322700187719586	0.5631676758983705	0
chr12	120224668	120224980	-0.020899	12	0.10542	0.12632	PXN	hg38_genes_promoters	0.0016758555925874	2.2260334798998507	0
chr12	108879694	108880223	-0.025862	12	0.79333	0.8192	DAO	hg38_genes_promoters	0.0187521374009701	1.419738924925915	0
chr12	120216874	120216990	0.035311	10	0.8651	0.82979	PXN	hg38_genes_promoters	0.0006362706080967	2.5572332309177592	0
chr12	119804342	119804428	0.0312	10	0.8342	0.803	CIT	hg38_genes_promoters	2.724202765689827e-06	4.489224374821666	0
chr12	119784786	119784941	-0.012279	13	0.84715	0.85943	CIT	hg38_genes_promoters	0.004168474269241	1.918082184899104	0
chr12	119711005	119711280	-0.014716	10	0.8726	0.88732	CIT	hg38_genes_promoters	0.002423961356921	2.1003491219762838	0
chr12	119676604	119676903	-0.016932	10	0.8207	0.83763	PRKAB1	hg38_genes_promoters	0.0941633424062346	0.8749984641627638	0
chr12	119178579	119178949	-0.010216	20	0.0521	0.062316	LOC105370026	hg38_genes_promoters	0.1070475502578034	0.8322179261329216	0
chr12	119178579	119178949	-0.010216	20	0.0521	0.062316	HSPB8	hg38_genes_promoters	0.1070475502578034	0.8322179261329216	0
chr12	120303761	120303963	-0.022269	10	0.8584	0.88067	SIRT4	hg38_genes_promoters	0.0001156365887514	3.1434135313076976	0
chr12	113291507	113291816	0.011298	14	0.86957	0.85827	MIR6762	hg38_genes_promoters	0.1622662569937001	0.6903379313722457	0
chr12	118980304	118980702	-0.013721	10	0.022	0.035721	SRRM4	hg38_genes_promoters	0.2002810805637381	0.6150031994973096	0
chr12	117331013	117331340	-0.018675	12	0.789	0.80768	NOS1	hg38_genes_promoters	0.0144377775704765	1.5099599011545626	0
chr12	117099778	117100218	0.020852	12	0.43958	0.41873	TESC	hg38_genes_promoters	0.2904150233542911	0.48405266390610346	0
chr12	117054207	117054875	-0.014784	12	0.60717	0.62195	TESC	hg38_genes_promoters	0.4919300906229535	0.28945402924579233	0
chr12	117046753	117047019	0.017211	10	0.853	0.83579	TESC	hg38_genes_promoters	0.0077407650934154	1.7136793495730145	0
chr12	116882207	116882400	-0.013616	10	0.0327	0.046316	HRK	hg38_genes_promoters	0.0042809739196663	1.908694426870035	0
chr12	116720251	116720777	-0.015692	16	0.85006	0.86575	SPRING1	hg38_genes_promoters	0.0002706261021432	2.8545454576057074	0
chr12	114734571	114735041	0.063781	18	0.50372	0.43994	LOC107984437	hg38_genes_promoters	0.001081415908189	2.3775134366871806	0
chr12	113471888	113472073	0.01208	10	0.0318	0.01972	LHX5	hg38_genes_promoters	0.0015405446218492	2.2538646913398868	0
chr12	113471888	113472073	0.01208	10	0.0318	0.01972	LHX5-AS1	hg38_genes_promoters	0.0015405446218492	2.2538646913398868	0
chr12	113425972	113426372	0.020696	10	0.4066	0.3859	SDS	hg38_genes_promoters	0.6018199776336715	0.2106242829893922	0
chr12	117967652	117968353	-0.016332	18	0.10761	0.12394	KSR2	hg38_genes_promoters	0.2877857960000014	0.48687360778534367	0
chr12	108339715	108340138	-0.036414	10	0.6198	0.65621	CMKLR1	hg38_genes_promoters	0.013720226249018	1.5263042701798104	0
chr12	66804045	66804333	-0.023312	13	0.63215	0.65547	GRIP1	hg38_genes_promoters	0.0895693198465946	0.8917374802240404	0
chr12	107684834	107685257	-0.018363	10	0.2406	0.25896	PWP1	hg38_genes_promoters	0.3546101813723351	0.4126559371129378	0
chr12	74292914	74293151	0.023159	10	0.7638	0.74064	LINC02882	hg38_genes_promoters	0.0491382111450411	1.0936915908863154	0
chr12	68933284	68933349	0.011215	12	0.023583	0.012368	CPM	hg38_genes_promoters	3.241177700785757e-06	4.425140507758679	0
chr12	68805326	68806027	-0.020874	12	0.83467	0.85554	LOC100130075	hg38_genes_promoters	0.0758386435227782	0.9470599512761362	0
chr12	65882099	65882583	-0.013039	15	0.047067	0.060105	HMGA2-AS1	hg38_genes_promoters	0.002121804207053	2.1472825750812534	0
chr12	65278250	65278394	-0.034863	10	0.0534	0.088263	MSRB3	hg38_genes_promoters	1.492174333917123e-06	4.696939314390735	0
chr12	65122028	65122145	-0.064932	10	0.6457	0.71063	WIF1	hg38_genes_promoters	0.0028944407377447	2.0397397343192405	0
chr12	63821899	63822004	-0.023195	10	0.2997	0.32289	MIR10527	hg38_genes_promoters	0.1049602512029142	0.8389194562853262	0
chr12	58877257	58877565	-0.018804	12	0.74117	0.75997	LRIG3	hg38_genes_promoters	0.1391597473641309	0.7439993445390348	0
chr12	57896756	57897174	-0.020104	15	0.019667	0.039771	LOC283387	hg38_genes_promoters	1.023679480795882e-06	4.8343492163101125	0
chr12	57756949	57757117	0.022723	10	0.2139	0.19118	CDK4	hg38_genes_promoters	0.7180664326240174	0.1389635171498683	0
chr12	80716814	80717069	-0.022512	18	0.096056	0.11857	MYF5	hg38_genes_promoters	0.0029041801744473	2.0386201325673703	0
chr12	57756949	57757117	0.022723	10	0.2139	0.19118	MARCHF9	hg38_genes_promoters	0.7180664326240174	0.1389635171498683	0
chr12	57630392	57631513	0.021122	10	0.6379	0.61678	B4GALNT1	hg38_genes_promoters	0.5334130407916902	0.2575964242656709	0
chr12	57619273	57619441	-0.029742	10	0.2141	0.24384	SLC26A10	hg38_genes_promoters	0.2108523618484031	0.596172287545937	0
chr12	57615148	57616340	0.011582	25	0.78848	0.7769	SLC26A10	hg38_genes_promoters	0.1165846327944881	0.8043095399185011	0
chr12	57615148	57616340	0.011582	25	0.78848	0.7769	ARHGEF25	hg38_genes_promoters	0.1165846327944881	0.8043095399185011	0
chr12	57609396	57609747	-0.012526	14	0.818	0.83053	ARHGEF25	hg38_genes_promoters	0.2067866273755246	0.6033324853967718	0
chr12	57521694	57521880	-0.028728	10	0.5449	0.57363	MBD6	hg38_genes_promoters	0.2132418634383577	0.5925702559258196	0
chr12	57521694	57521880	-0.028728	10	0.5449	0.57363	DDIT3	hg38_genes_promoters	0.2132418634383577	0.5925702559258196	0
chr12	57478071	57478664	0.034702	10	0.2813	0.2466	ARHGAP9	hg38_genes_promoters	0.2604777471559351	0.5227497490329518	0
chr12	120361637	120361736	0.016851	12	0.07875	0.061899	MSI1	hg38_genes_promoters	0.1652388418280821	0.6838745354483551	0
chr12	57464719	57465158	-0.020126	10	0.8494	0.86953	GLI1	hg38_genes_promoters	0.0017528236295441	2.210845915562723	0
chr12	57738021	57738263	0.038953	34	0.68324	0.64428	AGAP2	hg38_genes_promoters	7.966500127274202e-07	4.924360302869057	0
chr12	108128918	108129161	0.017205	10	0.4901	0.47289	WSCD2	hg38_genes_promoters	0.4955760868354633	0.2865279361136868	0
chr12	80937880	80938084	-0.014001	13	0.0067692	0.020771	LIN7A	hg38_genes_promoters	1.2985818698495957e-07	5.57194153267836	-1
chr12	85836588	85837179	-0.030376	10	0.4443	0.47468	RASSF9	hg38_genes_promoters	0.2931857653538474	0.4811255463582462	0
chr12	106954952	106955046	0.057774	10	0.6643	0.60653	TMEM263	hg38_genes_promoters	0.0007058544420617	2.522357291314476	0
chr12	106773506	106773631	0.039886	10	0.8298	0.78991	RIC8B	hg38_genes_promoters	0.1891686263504698	0.634610893850442	0
chr12	106086822	106087056	-0.0146	10	0.8324	0.847	NUAK1	hg38_genes_promoters	0.0027690167083274	2.0554001519189353	0
chr12	106083785	106084051	-0.055034	10	0.5604	0.61543	NUAK1	hg38_genes_promoters	0.0202514403193987	1.3942332172085696	0
chr12	105208071	105208661	0.014569	10	0.8817	0.86713	APPL2	hg38_genes_promoters	0.4678858401583461	0.3084554283508526	0
chr12	104303583	104303666	0.018317	10	0.0519	0.033583	EID3	hg38_genes_promoters	6.772007303628726e-10	7.5547727639907905	1
chr12	103178375	103178922	0.010639	14	0.79736	0.78672	C12orf42	hg38_genes_promoters	0.9028122937951788	0.043270647455983684	0
chr12	102917118	102917310	-0.019916	10	0.1324	0.15232	PAH	hg38_genes_promoters	0.1169218395191218	0.8031276584451463	0
chr12	102479158	102479534	-0.033987	10	0.3992	0.43319	IGF1	hg38_genes_promoters	0.2733785247169572	0.5045972255109221	0
chr12	84910716	84910928	-0.016975	10	0.0861	0.10307	SLC6A15	hg38_genes_promoters	0.2112159000553204	0.5955535192538893	0
chr12	102062182	102062709	-0.033558	10	0.3248	0.35836	WASHC3	hg38_genes_promoters	0.6220470449274675	0.1973127534453989	0
chr12	100356657	100357018	-0.033324	10	0.3703	0.40362	SLC17A8	hg38_genes_promoters	0.2100166355408408	0.597443962735079	0
chr12	99984028	99984417	-0.011466	12	0.043667	0.055133	ANKS1B	hg38_genes_promoters	0.0452083888626651	1.120340699211168	0
chr12	96254571	96255257	-0.030537	10	0.779	0.80954	ELK3	hg38_genes_promoters	0.0012916413880689	2.3143285732832344	0
chr12	95857979	95858323	-0.027128	14	0.13614	0.16327	SNRPF	hg38_genes_promoters	0.0031204416039251	2.015824922694396	0
chr12	95548323	95548383	-0.016371	10	0.0343	0.050671	USP44	hg38_genes_promoters	0.0113631996520106	1.5873497126567762	0
chr12	94560742	94561190	0.04834	14	0.65493	0.60659	MIR5700	hg38_genes_promoters	0.0057029143835346	1.8158480142953233	0
chr12	94282517	94282932	-0.018709	10	0.2543	0.27301	CEP83	hg38_genes_promoters	0.6698437710997668	0.16746380026934607	0
chr12	90954634	90954964	-0.030646	13	0.81877	0.84942	CCER1	hg38_genes_promoters	0.014137638481425	1.5172551142351556	0
chr12	87784487	87784606	0.013549	10	0.7943	0.78075	MKRN9P	hg38_genes_promoters	0.1577871424363949	0.7001873438257393	0
chr12	86601980	86602130	0.015657	10	0.8377	0.82204	MGAT4C	hg38_genes_promoters	0.304576018095229	0.4674134313982298	0
chr12	101739053	101739183	0.036361	15	0.8838	0.84744	CHPT1	hg38_genes_promoters	9.14098127456111e-07	4.872603980669107	0
chr12	120546175	120546660	-0.019128	10	0.8296	0.84873	RNF10	hg38_genes_promoters	0.0311948580109211	1.2456528472904516	0
chr12	130045094	130045406	-0.026074	10	0.1124	0.13847	LINC02418	hg38_genes_promoters	0.3482900516393294	0.41934940258964465	0
chr12	120650084	120650508	-0.024938	13	0.26392	0.28886	CABP1	hg38_genes_promoters	0.2544773088614904	0.531066990109702	0
chr12	131795094	131795355	-0.014994	10	0.7707	0.78569	SFSWAP	hg38_genes_promoters	0.2693419225153781	0.5102157141247382	0
chr12	131710826	131710904	-0.010663	16	0.001625	0.012288	SFSWAP	hg38_genes_promoters	2.245485762009155e-07	5.37438109697515	-1
chr12	131662389	131662809	-0.039689	13	0.53446	0.57415	LINC02414	hg38_genes_promoters	0.1266635702838158	0.7753422797399909	0
chr12	131346180	131346614	0.037679	10	0.4667	0.42902	LINC02370	hg38_genes_promoters	0.1702425658855243	0.6739419757380661	0
chr12	131091497	131092045	0.014025	10	0.8197	0.80567	ADGRD1	hg38_genes_promoters	0.2629290842727093	0.5194197847825519	0
chr12	131068589	131069318	-0.018576	12	0.71333	0.73191	ADGRD1	hg38_genes_promoters	0.1459228721074366	0.7276923361762327	0
chr12	130871196	130871573	0.030921	10	0.0951	0.064179	RAN	hg38_genes_promoters	0.0041510569710999	1.919588622907803	0
chr12	130633858	130634330	-0.089018	20	0.27285	0.36187	RIMBP2	hg38_genes_promoters	5.256548267212628e-05	3.4217514765383448	0
chr12	130414100	130414739	0.017241	23	0.82835	0.81111	RIMBP2	hg38_genes_promoters	0.0363102649051197	1.1953956839555924	0
chr12	130407900	130408196	-0.014105	10	0.837	0.85111	RIMBP2	hg38_genes_promoters	0.0126770685648077	1.5514620713504548	0
chr12	131836924	131837419	-0.011656	10	0.7428	0.75446	MMP17	hg38_genes_promoters	0.4635033856955949	0.3118633038362506	0
chr12	130046041	130046511	-0.043168	10	0.6292	0.67237	LINC02418	hg38_genes_promoters	0.0357090519995622	1.20113157805962	0
chr12	129110738	129111088	-0.014459	11	0.80745	0.82191	TMEM132D-AS1	hg38_genes_promoters	0.3312268047348349	0.43767904222709	0
chr12	129108453	129109081	-0.0197	10	0.818	0.8377	TMEM132D-AS1	hg38_genes_promoters	0.1888984962543074	0.6350334516283299	0
chr12	128864120	128864517	0.035774	12	0.8095	0.77373	GLT1D1	hg38_genes_promoters	0.000675676486582	2.5376431177053353	0
chr12	128266522	128266616	-0.016974	12	0.045	0.061974	TMEM132C	hg38_genes_promoters	0.0007544711984491	2.4995707292387253	0
chr12	128118234	128118659	-0.029267	12	0.79842	0.82768	LINC02368	hg38_genes_promoters	0.024380043834122	1.3305848697563132	0
chr12	128118234	128118659	-0.029267	12	0.79842	0.82768	LINC02369	hg38_genes_promoters	0.024380043834122	1.3305848697563132	0
chr12	127146439	127146527	-0.047858	10	0.3503	0.39816	LOC107984450	hg38_genes_promoters	0.0270820791645215	1.2944243698616602	0
chr12	127146151	127146198	-0.023383	10	0.0302	0.053583	LOC107984450	hg38_genes_promoters	1.6503995142854086e-06	4.662045609911226	0
chr12	127060360	127060562	0.034332	10	0.8237	0.78937	LINC02405	hg38_genes_promoters	0.0007835385779778	2.486975456316959	0
chr12	126874326	126874870	-0.012658	10	0.3395	0.35216	LINC02372	hg38_genes_promoters	0.5672644633120061	0.23379896434734174	0
chr12	130042558	130042740	-0.033416	10	0.1289	0.16232	LINC02418	hg38_genes_promoters	0.0838604085425839	0.9134181095035374	0
chr12	126874326	126874870	-0.012658	10	0.3395	0.35216	LOC105370061	hg38_genes_promoters	0.5672644633120061	0.23379896434734174	0
chr12	131838910	131839208	0.034851	10	0.8618	0.82695	MMP17	hg38_genes_promoters	1.9462430365688203e-05	3.7776266621627075	0
chr12	131919297	131919523	0.032972	13	0.85662	0.82364	ULK1	hg38_genes_promoters	7.070636539671824e-06	4.140852600406023	0
chr12	57232219	57232513	0.012402	12	0.839	0.8266	SHMT2	hg38_genes_promoters	0.0604977524298769	1.0234707244632493	0
chr12	133236270	133236541	0.045302	25	0.56204	0.51674	ANHX	hg38_genes_promoters	0.0024542938868262	2.0968827480905423	0
chr12	132948713	132948917	0.020995	10	0.8501	0.82911	ZNF605	hg38_genes_promoters	0.0246109154496548	1.327624571021111	0
chr12	132857463	132857607	0.025237	10	0.8705	0.84526	CHFR	hg38_genes_promoters	0.00394599058989	1.9360947936031214	0
chr12	132851594	132851846	0.014945	21	0.86986	0.85491	CHFR	hg38_genes_promoters	0.0001577283904632	3.037713704988069	0
chr12	132847961	132848785	-0.015077	26	0.86523	0.88031	CHFR	hg38_genes_promoters	0.0001410906304988	3.075995625766634	0
chr12	132847563	132847891	0.01852	15	0.82447	0.80595	CHFR	hg38_genes_promoters	0.1340713763060979	0.7570270435453615	0
chr12	132747839	132748265	0.0138	24	0.87362	0.85982	ANKLE2	hg38_genes_promoters	0.002408104415581	2.1023173251639	0
chr12	132736195	132736624	0.019572	14	0.88271	0.86314	ANKLE2	hg38_genes_promoters	0.0007738296974659	2.4909351202261227	0
chr12	132689200	132689300	0.0389	10	0.7792	0.7403	PXMP2	hg38_genes_promoters	0.0058324091121727	1.8075368559289	0
chr12	131915351	131915731	0.028668	10	0.8553	0.82663	ULK1	hg38_genes_promoters	0.0015839031376529	2.244915243255671	0
chr12	132618812	132618905	0.020041	13	0.094692	0.074652	P2RX2	hg38_genes_promoters	0.0011452594407238	2.356549524708089	0
chr12	132571310	132571403	0.026411	10	0.8462	0.81979	FBRSL1	hg38_genes_promoters	0.0010583565773971	2.384572442748541	0
chr12	132506840	132507057	-0.024672	13	0.088769	0.11344	FBRSL1	hg38_genes_promoters	1.0704015383729292e-05	3.987449346699058	0
chr12	132488809	132488994	0.025194	10	0.0642	0.039006	FBRSL1	hg38_genes_promoters	0.022946385577866	1.3517175393074727	0
chr12	132258723	132258852	-0.025474	10	0.826	0.85147	GALNT9	hg38_genes_promoters	0.0001754683966026	3.001934799253677	0
chr12	132207148	132207311	0.057395	10	0.7885	0.73111	GALNT9	hg38_genes_promoters	8.622265637248872e-08	5.711495738509395	1
chr12	132190589	132190759	0.028833	14	0.80879	0.77995	LINC02361	hg38_genes_promoters	0.0026386424456912	2.071181098318264	0
chr12	132143954	132144108	-0.011331	30	0.0040595	0.01539	DDX51	hg38_genes_promoters	2.6989423259036867e-17	14.253105113332884	-1
chr12	132143954	132144108	-0.011331	30	0.0040595	0.01539	NOC4L	hg38_genes_promoters	2.6989423259036867e-17	14.253105113332884	-1
chr12	132140161	132140248	-0.035811	12	0.82792	0.86373	DDX51	hg38_genes_promoters	1.1960240159472024e-09	7.337713504898131	-1
chr12	132103394	132103778	-0.016239	13	0.857	0.87324	EP400P1	hg38_genes_promoters	0.0045144940751306	1.8914843588681154	0
chr12	132610389	132610499	-0.019495	10	0.0944	0.11389	LRCOL1	hg38_genes_promoters	0.0344341355951473	1.2123431271681764	0
chr12	120649885	120650058	-0.044474	10	0.041	0.085474	CABP1	hg38_genes_promoters	1.5033598770968908e-05	3.8693974216917493	0
chr12	126772134	126772431	-0.043231	13	0.71108	0.75431	LINC00944	hg38_genes_promoters	0.0432537709638565	1.1353738531643618	0
chr12	126191193	126191346	-0.012794	12	0.02475	0.037544	LOC105379613	hg38_genes_promoters	0.0025674982911	2.0806203963942473	0
chr12	123617567	123617809	-0.015171	10	0.8389	0.85407	DDX55	hg38_genes_promoters	0.0797747544280596	0.9294001901930928	0
chr12	123268503	123268898	-0.015776	19	0.085	0.10078	CDK2AP1	hg38_genes_promoters	0.0002743562543125	2.849988241967673	0
chr12	123268037	123268485	-0.010338	19	0.068	0.078338	CDK2AP1	hg38_genes_promoters	0.0007084933821138	2.520965643398022	0
chr12	123253383	123253854	-0.015571	10	0.8559	0.87147	MTRFR	hg38_genes_promoters	0.0011506331973671	2.3551833902496555	0
chr12	122948983	122949421	0.018162	13	0.84723	0.82907	ABCB9	hg38_genes_promoters	0.0744445637612196	0.9533120632442256	0
chr12	122947055	122947624	-0.028076	12	0.20058	0.22866	ABCB9	hg38_genes_promoters	0.0510261407365126	1.0813606407397036	0
chr12	122859020	122859380	0.02171	10	0.8535	0.83179	HIP1R	hg38_genes_promoters	0.0252319513247783	1.3191609668556439	0
chr12	122850107	122850374	0.01426	11	0.86609	0.85183	HIP1R	hg38_genes_promoters	0.0512838564901934	1.079948620071099	0
chr12	122849397	122850036	-0.01217	16	0.84519	0.85736	HIP1R	hg38_genes_promoters	0.0133487189346842	1.5354740284692534	0
chr12	122774120	122774329	-0.013647	10	0.0143	0.027947	CCDC62	hg38_genes_promoters	0.0082283258506902	1.694590187659284	0
chr12	123711309	123711511	0.011855	12	0.81725	0.80539	ATP6V0A2	hg38_genes_promoters	0.2751560459204103	0.502198101662885	0
chr12	122399722	122400425	-0.014779	12	0.0785	0.093279	CLIP1	hg38_genes_promoters	0.1852899066208949	0.6424847522685286	0
chr12	122132972	122133404	-0.025466	13	0.76385	0.78931	MLXIP	hg38_genes_promoters	0.0498526449338364	1.0892728546149242	0
chr12	122063001	122063389	-0.033543	10	0.1114	0.14494	LOC100506691	hg38_genes_promoters	0.0005516131106673	2.6092257715451805	0
chr12	121918452	121918793	0.023099	32	0.045781	0.022683	CFAP251	hg38_genes_promoters	1.2718358027807786e-16	13.612052354441948	1
chr12	121673039	121673436	-0.034716	11	0.65055	0.68526	MORN3	hg38_genes_promoters	0.0787211691191879	0.9342556694150983	0
chr12	121581579	121582261	-0.027856	17	0.085824	0.11368	KDM2B	hg38_genes_promoters	0.0551849535622568	1.055649766336794	0
chr12	121549535	121549673	0.0385	10	0.8765	0.838	KDM2B	hg38_genes_promoters	4.229646652901537e-05	3.495501275470576	0
chr12	121535987	121536419	-0.045355	24	0.32467	0.37002	KDM2B	hg38_genes_promoters	0.0051505793875445	1.849429816433422	0
chr12	121335454	121335755	-0.013565	14	0.85936	0.87292	ANAPC5	hg38_genes_promoters	0.003545010066733	1.9728843041094948	0
chr12	121209253	121209453	-0.018695	10	0.8152	0.83389	P2RX4	hg38_genes_promoters	0.0166933496707258	1.4588502363255524	0
chr12	121132755	121133072	-0.010953	10	0.0241	0.035053	P2RX7	hg38_genes_promoters	0.0628108181432265	1.0107016054025415	0
chr12	122251018	122251484	-0.018822	10	0.8632	0.88202	VPS33A	hg38_genes_promoters	0.0046687651218103	1.8803981177764966	0
chr12	126741878	126742455	-0.024838	13	0.71269	0.73753	LINC00943	hg38_genes_promoters	0.0458280736759563	1.1160496385914576	0
chr12	123722416	123723147	-0.022457	12	0.76333	0.78579	ATP6V0A2	hg38_genes_promoters	0.0674121952151028	0.9864710422824501	0
chr12	123973225	123973261	0.032062	10	0.049491	0.017428	CCDC92	hg38_genes_promoters	0.0029743949202682	2.0307813384154896	0
chr12	126191193	126191346	-0.012794	12	0.02475	0.037544	LOC101927531	hg38_genes_promoters	0.0025674982911	2.0806203963942473	0
chr12	125325942	125326598	0.015305	10	0.6732	0.65789	TMEM132B	hg38_genes_promoters	0.4811901176736141	0.2974081360908979	0
chr12	125134555	125134822	-0.015518	10	0.7898	0.80532	AACS	hg38_genes_promoters	0.1476710787368105	0.7234859701734073	0
chr12	125127937	125128337	-0.011574	10	0.8719	0.88347	AACS	hg38_genes_promoters	0.0311226874837257	1.2464626989251593	0
chr12	124967370	124967522	-0.011311	10	0.8489	0.86021	DHX37	hg38_genes_promoters	0.0015059206529818	2.2604134349122815	0
chr12	124966926	124967196	0.022896	10	0.8671	0.8442	DHX37	hg38_genes_promoters	0.0293227469867075	1.2670075147650772	0
chr12	124817567	124817818	0.022743	17	0.87965	0.8569	SCARB1	hg38_genes_promoters	8.93437157505382e-06	4.051726129146927	0
chr12	124814441	124814947	0.014765	10	0.8589	0.84413	SCARB1	hg38_genes_promoters	0.0105321059627743	1.613170837973126	0
chr12	124802924	124803172	-0.014551	12	0.72783	0.74238	SCARB1	hg38_genes_promoters	0.1927461488978138	0.628181929462991	0
chr12	124536514	124536919	-0.020678	13	0.84454	0.86522	NCOR2	hg38_genes_promoters	0.0013197751195559	2.3075898633071894	0
chr12	123973225	123973261	0.032062	10	0.049491	0.017428	ZNF664	hg38_genes_promoters	0.0029743949202682	2.0307813384154896	0
chr12	124518671	124518838	-0.039126	13	0.108	0.14713	NCOR2	hg38_genes_promoters	7.901885569437348e-05	3.278647517414295	0
chr12	124495160	124495357	0.014157	10	0.8261	0.81194	NCOR2	hg38_genes_promoters	0.1601180271107409	0.6949816907808165	0
chr12	124483828	124484361	-0.013955	22	0.80605	0.82	NCOR2	hg38_genes_promoters	0.0408652649802924	1.1548084815672612	0
chr12	124430572	124430726	0.028582	16	0.85319	0.82461	NCOR2	hg38_genes_promoters	3.762840352986376e-05	3.538079600322027	0
chr12	124422445	124422716	0.025211	18	0.84233	0.81712	NCOR2	hg38_genes_promoters	3.912603678926214e-05	3.524432169709217	0
chr12	124389376	124389561	-0.012518	10	0.0192	0.031718	NCOR2	hg38_genes_promoters	0.0034363788793636	1.982504235782785	0
chr12	124336514	124336814	0.020387	20	0.86615	0.84576	NCOR2	hg38_genes_promoters	0.0017741763222264	2.2065312694753225	0
chr12	124332886	124333210	-0.0204	10	0.8566	0.877	NCOR2	hg38_genes_promoters	0.0001416286989886	3.074662692410068	0
chr12	124328439	124328747	-0.014616	10	0.7517	0.76632	NCOR2	hg38_genes_promoters	0.0373927308308421	1.1853708205976992	0
chr12	123973225	123973261	0.032062	10	0.049491	0.017428	ZNF664-RFLNA	hg38_genes_promoters	0.0029743949202682	2.0307813384154896	0
chr12	124518860	124519076	-0.060436	10	0.3179	0.37834	NCOR2	hg38_genes_promoters	0.0007881682427695	2.4850879789661864	0
chr12	57202297	57202503	0.018321	10	0.9039	0.88558	LRP1	hg38_genes_promoters	0.0047496010534365	1.8750637420152372	0
chr12	47078127	47078701	-0.024748	12	0.85158	0.87633	PCED1B	hg38_genes_promoters	4.5359371956898005e-05	3.4727966218340383	0
chr12	57187244	57187389	0.013719	10	0.7385	0.72478	LRP1	hg38_genes_promoters	0.3091653672380131	0.4620013269550208	0
chr12	10112158	10112501	-0.03323	10	0.8804	0.91363	CLEC1A	hg38_genes_promoters	7.68607318654693e-10	7.504194785234399	-1
chr12	9943208	9943658	-0.158071	21	0.48057	0.63864	LINC02470	hg38_genes_promoters	2.055134464000319e-16	13.443151699839754	-1
chr12	9240321	9240417	-0.025684	10	0.122	0.14768	LINC00987	hg38_genes_promoters	0.0935464912829508	0.8770134630747285	0
chr12	9240321	9240417	-0.025684	10	0.122	0.14768	MIR1244-3	hg38_genes_promoters	0.0935464912829508	0.8770134630747285	0
chr12	9065022	9065448	-0.066941	20	0.22385	0.29079	A2M-AS1	hg38_genes_promoters	0.0006740372150738	2.5376431177053353	0
chr12	9065022	9065448	-0.066941	20	0.22385	0.29079	LINC00612	hg38_genes_promoters	0.0006740372150738	2.5376431177053353	0
chr12	8844470	8844865	-0.032081	10	0.7701	0.80218	A2ML1	hg38_genes_promoters	0.0673077606333999	0.9870619850958784	0
chr12	8822978	8823526	-0.015507	12	0.65367	0.66917	A2ML1	hg38_genes_promoters	0.3726484979483223	0.3943241238383155	0
chr12	8235236	8235490	0.020947	10	0.847	0.82605	LINC02449	hg38_genes_promoters	0.0147871125648352	1.5018753368410303	0
chr12	57194435	57194627	0.039995	10	0.8431	0.80311	MIR1228	hg38_genes_promoters	9.012447023303432e-07	4.877963730031211	0
chr12	7209838	7210179	0.040937	10	0.8852	0.84426	PEX5	hg38_genes_promoters	3.962845813794976e-08	6.003082806999993	1
chr12	7209527	7209791	-0.031879	10	0.8607	0.89258	PEX5	hg38_genes_promoters	1.184431731911597e-07	5.601787439387337	-1
chr12	7135722	7136532	-0.014117	12	0.84958	0.8637	CLSTN3	hg38_genes_promoters	0.0723430391214959	0.9625157278476587	0
chr12	7066685	7067619	0.01128	12	0.84558	0.8343	C1S	hg38_genes_promoters	0.5169535565131368	0.2703153748754507	0
chr12	6963418	6963533	-0.033009	12	0.7672	0.80021	MIR200C	hg38_genes_promoters	0.0307045715577279	1.2507649961593823	0
chr12	6963418	6963533	-0.033009	12	0.7672	0.80021	MIR141	hg38_genes_promoters	0.0307045715577279	1.2507649961593823	0
chr12	6962616	6962835	0.019235	13	0.67915	0.65992	MIR200CHG	hg38_genes_promoters	0.2185501427505365	0.5839508168987454	0
chr12	6962616	6962835	0.019235	13	0.67915	0.65992	MIR200C	hg38_genes_promoters	0.2185501427505365	0.5839508168987454	0
chr12	6942901	6943322	-0.042733	10	0.7357	0.77843	C12orf57	hg38_genes_promoters	4.440194565534489e-05	3.480460566139649	0
chr12	6942901	6943322	-0.042733	10	0.7357	0.77843	RNU7-1	hg38_genes_promoters	4.440194565534489e-05	3.480460566139649	0
chr12	6936829	6937180	-0.021382	12	0.12542	0.1468	ATN1	hg38_genes_promoters	0.0324023645794584	1.2320896294714452	0
chr12	10505626	10505826	-0.019352	10	0.842	0.86135	EIF2S3B	hg38_genes_promoters	0.0054054016688618	1.8341849737197642	0
chr12	11752496	11752589	0.01975	10	0.826	0.80625	ETV6	hg38_genes_promoters	0.0383696278615041	1.1770149011659123	0
chr12	12111298	12111531	-0.032158	10	0.765	0.79716	MIR1244-4	hg38_genes_promoters	0.0023316343566728	2.114207633779762	0
chr12	12785195	12785531	-0.022112	10	0.7451	0.76721	APOLD1	hg38_genes_promoters	0.0665547541208626	0.9905136936500939	0
chr12	31077799	31078237	0.016323	16	0.84962	0.8333	DDX11	hg38_genes_promoters	0.0692243594388772	0.9775786801230725	0
chr12	29784003	29784078	-0.011134	10	0.0049	0.016034	TMTC1	hg38_genes_promoters	9.046192640511357e-08	5.698359318485754	-1
chr12	29389466	29389606	0.04203	19	0.77353	0.7315	OVCH1-AS1	hg38_genes_promoters	8.695569716249711e-07	4.891923395420281	0
chr12	29389285	29389418	-0.01782	12	0.83025	0.84807	OVCH1-AS1	hg38_genes_promoters	0.0002800132546586	2.8438872142715104	0
chr12	27243029	27244050	-0.025331	14	0.45614	0.48147	STK38L	hg38_genes_promoters	0.7009377024150583	0.14874046991885492	0
chr12	26630597	26630894	-0.019342	10	0.773	0.79234	ITPR2	hg38_genes_promoters	0.0477163223252127	1.1036983440998165	0
chr12	26064052	26064768	-0.011314	10	0.8174	0.82871	RASSF8	hg38_genes_promoters	0.0180338588991712	1.4330823493904898	0
chr12	24903416	24903790	-0.02191	16	0.0185	0.04041	BCAT1	hg38_genes_promoters	0.0017564480721082	2.2101377669573115	0
chr12	23950397	23950618	-0.012938	10	0.015	0.027938	SOX5	hg38_genes_promoters	0.2509628261670883	0.5358594003698501	0
chr12	22624517	22624788	0.037298	10	0.6097	0.5724	ETNK1	hg38_genes_promoters	0.0256514983570089	1.3134290123064207	0
chr12	6884647	6884772	-0.016702	12	0.80983	0.82654	DSTNP2	hg38_genes_promoters	0.0306065830991417	1.2517003818874182	0
chr12	22334929	22335042	-0.017745	12	0.00066667	0.018412	ST8SIA1	hg38_genes_promoters	1.95452888224554e-06	4.591772730200182	0
chr12	20369189	20369296	-0.011941	12	0.0065	0.018441	PDE3A	hg38_genes_promoters	0.0005280604909745	2.623160775857101	0
chr12	19439977	19440086	0.011711	10	0.0195	0.0077895	AEBP2	hg38_genes_promoters	9.88378917066024e-05	3.1966081739830763	0
chr12	19403681	19404071	-0.027779	12	0.853	0.88078	AEBP2	hg38_genes_promoters	0.0002728046141299	2.851808992097398	0
chr12	16347502	16347892	-0.012068	21	0.0021429	0.014211	MGST1	hg38_genes_promoters	1.837824881097845e-09	7.169374098443078	-1
chr12	14961298	14961995	-0.023865	15	0.032533	0.056398	ARHGDIB	hg38_genes_promoters	0.99294891507908	0.002911576558922448	0
chr12	14665320	14666004	-0.02081	17	0.74176	0.76257	C12orf60	hg38_genes_promoters	0.0245284066189248	1.3284447145003728	0
chr12	13980968	13981073	-0.010602	17	0.010588	0.02119	GRIN2B	hg38_genes_promoters	3.682776222040113e-05	3.545343088433212	0
chr12	12999098	12999533	-0.042411	10	0.7006	0.74301	HTR7P1	hg38_genes_promoters	0.0612197528038593	1.0195810003557806	0
chr12	12999098	12999533	-0.042411	10	0.7006	0.74301	GPRC5D-AS1	hg38_genes_promoters	0.0612197528038593	1.0195810003557806	0
chr12	12927462	12927803	-0.030328	15	0.6408	0.67113	GPRC5D-AS1	hg38_genes_promoters	0.3153638825036128	0.45514179216340567	0
chr12	21942160	21942285	-0.023621	10	0.0408	0.064421	ABCC9	hg38_genes_promoters	0.0001012868930443	3.189427934966599	0
chr12	31100758	31101031	0.026018	12	0.829	0.80298	DDX11	hg38_genes_promoters	0.0160281750868408	1.4735850959395103	0
chr12	6859586	6860107	-0.039021	12	0.82433	0.86335	USP5	hg38_genes_promoters	1.832208854859999e-07	5.450395187726044	-1
chr12	6839673	6840177	0.018405	10	0.8203	0.80189	GNB3	hg38_genes_promoters	0.1797659713947772	0.6535877975712201	0
chr12	4273711	4273910	-0.011163	12	0.011417	0.02258	CCND2	hg38_genes_promoters	1.542295727827824e-05	3.861234885345651	0
chr12	3491206	3491301	0.017432	13	0.039769	0.022338	THCAT155	hg38_genes_promoters	2.031409228959707e-06	4.583401254705955	0
chr12	3491206	3491301	0.017432	13	0.039769	0.022338	PRMT8	hg38_genes_promoters	2.031409228959707e-06	4.583401254705955	0
chr12	3318646	3319268	-0.040766	12	0.74175	0.78252	LINC02827	hg38_genes_promoters	0.0050723670082505	1.8545945137031032	0
chr12	3200840	3200957	-0.021432	15	0.060333	0.081765	TSPAN9	hg38_genes_promoters	5.960946623199264e-07	5.029742255852357	-1
chr12	3199705	3199871	0.012913	23	0.060783	0.047869	TSPAN9	hg38_genes_promoters	0.0123100792232411	1.562041596590459	0
chr12	3010338	3010886	0.0155	20	0.84	0.8245	TEAD4	hg38_genes_promoters	0.0097283492457415	1.6399823157974633	0
chr12	2834917	2835246	-0.023636	12	0.13767	0.1613	NRIP2	hg38_genes_promoters	0.0059064035985213	1.8032102637804237	0
chr12	2650454	2650868	-0.022153	10	0.1719	0.19405	CACNA1C	hg38_genes_promoters	0.2866893122601056	0.48811957347915746	0
chr12	2640494	2640966	-0.019511	10	0.4447	0.46421	CACNA1C	hg38_genes_promoters	0.4448405822487776	0.3277179157256065	0
chr12	1917641	1918010	-0.014083	13	0.086077	0.10016	LOC112268103	hg38_genes_promoters	0.0010540452976426	2.385715311984696	0
chr12	1917071	1917374	-0.03657	12	0.629	0.66557	LOC112268103	hg38_genes_promoters	0.0147356575321763	1.5031066082331286	0
chr12	1827356	1827547	-0.034737	10	0.646	0.68074	LRTM2	hg38_genes_promoters	0.0391410008353784	1.170197965109866	0
chr12	1811686	1812035	0.046047	13	0.71128	0.66524	CACNA2D4	hg38_genes_promoters	0.0013223766619446	2.3071698397856086	0
chr12	1800137	1800666	0.025442	10	0.8026	0.77716	LOC105369602	hg38_genes_promoters	0.0138463661521263	1.5235957207396513	0
chr12	1644273	1644837	-0.072168	10	0.422	0.49417	WNT5B	hg38_genes_promoters	0.0100173592825368	1.6298288941807704	0
chr12	917202	917375	-0.011995	10	0.8729	0.88489	RAD52	hg38_genes_promoters	0.0019831937624634	2.170067220568478	0
chr12	914506	914824	-0.049097	10	0.4341	0.4832	RAD52	hg38_genes_promoters	0.0677208937113609	0.9849808154924753	0
chr12	459550	459684	-0.016254	12	0.0505	0.066754	B4GALNT3	hg38_genes_promoters	0.0085942289156687	1.6804268212156286	0
chr12	203859	203993	-0.056178	13	0.077769	0.13395	SLC6A12	hg38_genes_promoters	0.1681717095130661	0.6776464560716852	0
chr12	4273711	4273910	-0.011163	12	0.011417	0.02258	TIGAR	hg38_genes_promoters	1.542295727827824e-05	3.861234885345651	0
chr12	4719886	4720137	0.042779	10	0.8232	0.78042	GAU1	hg38_genes_promoters	0.0001467862581907	3.063902822048978	0
chr12	4719886	4720137	0.042779	10	0.8232	0.78042	GALNT8	hg38_genes_promoters	0.0001467862581907	3.063902822048978	0
chr12	4809345	4809418	-0.012395	12	0.010917	0.023311	LOC105369614	hg38_genes_promoters	1.1169189081845528e-06	4.801501857666637	0
chr12	6830385	6830746	0.023637	10	0.5939	0.57026	P3H3	hg38_genes_promoters	0.2978567161225415	0.4754116400973051	0
chr12	6789515	6789878	-0.018142	10	0.1697	0.18784	CD4	hg38_genes_promoters	0.0980390762513233	0.8621279037650128	0
chr12	6767472	6767692	-0.011998	12	0.088442	0.10044	MLF2	hg38_genes_promoters	0.2279682547774656	0.5693351072600078	0
chr12	6647380	6647444	-0.015427	10	0.0229	0.038327	ACRBP	hg38_genes_promoters	1.0075027768798364e-06	4.838950719897891	0
chr12	6583101	6583359	0.020111	10	0.8475	0.82739	CHD4	hg38_genes_promoters	0.066932465614289	0.9889497690012016	0
chr12	6551202	6551405	0.015237	10	0.4365	0.42126	IFFO1	hg38_genes_promoters	0.4803151703839816	0.2980292933071154	0
chr12	6522702	6523238	-0.013794	10	0.8735	0.88729	NCAPD2	hg38_genes_promoters	0.0113999066520092	1.5864388146706805	0
chr12	6384716	6384965	-0.051095	10	0.3448	0.39589	LTBR	hg38_genes_promoters	0.0059481642412932	1.8015818587419958	0
chr12	6383969	6384053	-0.01119	12	0.013583	0.024773	LTBR	hg38_genes_promoters	6.598831144419264e-05	3.340239171703488	0
chr12	6383723	6383851	-0.011462	10	0.0255	0.036962	LTBR	hg38_genes_promoters	0.150257938855836	0.717663153783609	0
chr12	6850845	6850991	-0.022179	10	0.6504	0.67258	CDCA3	hg38_genes_promoters	0.227154602972037	0.5703784290166213	0
chr12	6375030	6375547	-0.013326	10	0.8132	0.82653	SCNN1A	hg38_genes_promoters	0.564684435173388	0.2355781401144875	0
chr12	6363866	6364155	-0.014368	24	0.0063333	0.020702	SCNN1A	hg38_genes_promoters	2.7535070651586534e-12	9.76055788494247	-1
chr12	6333378	6333894	0.034959	12	0.64425	0.60929	TNFRSF1A	hg38_genes_promoters	0.1584036503895859	0.6989697829943314	0
chr12	6316800	6317204	0.01399	10	0.8559	0.84191	PLEKHG6	hg38_genes_promoters	0.1019588972142764	0.8489103574347063	0
chr12	6310397	6310489	0.013281	12	0.091833	0.078553	PLEKHG6	hg38_genes_promoters	0.2113709175033584	0.5954288774035239	0
chr12	6309932	6310343	-0.023319	20	0.66095	0.68427	PLEKHG6	hg38_genes_promoters	0.2272490457927136	0.5702616239007166	0
chr12	5945644	5946035	0.014747	10	0.1982	0.18345	ANO2	hg38_genes_promoters	0.2956905900649216	0.4779157621890689	0
chr12	5043213	5043570	-0.027068	10	0.3113	0.33837	KCNA5	hg38_genes_promoters	0.2975263974488866	0.47567200154822614	0
chr12	5017788	5018105	0.018239	14	0.81707	0.79883	LOC100507560	hg38_genes_promoters	0.086353345927553	0.9034334505793887	0
chr12	6375030	6375547	-0.013326	10	0.8132	0.82653	LTBR	hg38_genes_promoters	0.564684435173388	0.2355781401144875	0
chr12	31370114	31370332	-0.024752	10	0.7305	0.75525	LINC02387	hg38_genes_promoters	0.0702228827556556	0.9726126227081516	0
chr12	8227530	8227878	-0.038781	12	0.38017	0.41895	FAM90A1	hg38_genes_promoters	0.0450994695789629	1.1211247149238972	0
chr12	32896718	32896792	-0.038604	10	0.022108	0.060712	PKP2	hg38_genes_promoters	1.9408488510758658e-06	4.594117511402586	0
chr12	53994392	53994511	0.016	10	0.07	0.054	HOXC9	hg38_genes_promoters	0.0613875372833266	1.0188786558461573	0
chr12	53991490	53991841	-0.036912	10	0.1269	0.16381	MIR196A2	hg38_genes_promoters	0.0483373552943666	1.0992359280190893	0
chr12	53968996	53969557	-0.012606	12	0.093583	0.10619	HOTAIR	hg38_genes_promoters	0.2113592037824658	0.5954288774035239	0
chr12	53939738	53939826	-0.010908	12	0.038083	0.048991	HOXC13-AS	hg38_genes_promoters	0.0649044042390488	0.9994616314658104	0
chr12	53750390	53750825	-0.030551	12	0.34192	0.37247	LOC107984525	hg38_genes_promoters	0.1253317642229173	0.7785095190037377	0
chr12	53676760	53677047	-0.013593	14	0.025214	0.038808	ATP5MC2	hg38_genes_promoters	0.0136591128994518	1.5275819459342086	0
chr12	53171009	53171402	0.012613	10	0.8204	0.80779	CSAD	hg38_genes_promoters	0.1391552542084738	0.7439993445390348	0
chr12	53061693	53062274	-0.038469	10	0.7083	0.74677	TNS2	hg38_genes_promoters	0.0302078096199679	1.2561725586576982	0
chr12	52904565	52904840	-0.014254	12	0.81417	0.82842	KRT8	hg38_genes_promoters	0.1411717428227084	0.7390883140645497	0
chr12	52849132	52849810	-0.017877	11	0.77109	0.78897	KRT78	hg38_genes_promoters	0.1154454486043789	0.8077037034688686	0
chr12	52848856	52849112	0.016566	10	0.8399	0.82333	KRT78	hg38_genes_promoters	0.3332404264484169	0.435758113889158	0
chr12	52601389	52601476	-0.020895	10	0.105	0.12589	KRT73-AS1	hg38_genes_promoters	0.0320845130017503	1.2359812928539624	0
chr12	52601389	52601476	-0.020895	10	0.105	0.12589	KRT72	hg38_genes_promoters	0.0320845130017503	1.2359812928539624	0
chr12	52573557	52573903	-0.010526	12	0.82825	0.83878	KRT74	hg38_genes_promoters	0.0843445845045089	0.9114698904186486	0
chr12	52552685	52553220	0.035106	12	0.81592	0.78081	KRT71	hg38_genes_promoters	0.0645190981127464	1.0018814014412318	0
chr12	52519992	52520194	-0.019247	10	0.8237	0.84295	KRT5	hg38_genes_promoters	0.0065656884682405	1.7702476068436568	0
chr12	52434296	52434617	-0.011536	10	0.7084	0.71994	KRT75	hg38_genes_promoters	0.3650468079261602	0.40199125624678145	0
chr12	52291380	52291550	-0.014298	12	0.63083	0.64513	KRT81	hg38_genes_promoters	0.1985272854890899	0.6181842631410134	0
chr12	52248721	52249279	-0.012947	12	0.8285	0.84145	KRT86	hg38_genes_promoters	0.2059944439748046	0.6048696334822881	0
chr12	52245411	52245594	0.011745	13	0.80762	0.79587	KRT7	hg38_genes_promoters	0.2169757933559057	0.5865124663500749	0
chr12	53994392	53994511	0.016	10	0.07	0.054	HOXC6	hg38_genes_promoters	0.0613875372833266	1.0188786558461573	0
chr12	53996777	53996990	0.025847	10	0.2677	0.24185	HOXC-AS2	hg38_genes_promoters	0.1813846435313042	0.6504105149129674	0
chr12	54080251	54080521	0.01922	16	0.79931	0.78009	LOC100240735	hg38_genes_promoters	0.1500785181144251	0.717907438916766	0
chr12	54106343	54106543	-0.011991	20	0.05575	0.067741	FLJ12825	hg38_genes_promoters	0.0068545781700379	1.7557017801184962	0
chr12	57186269	57186820	-0.015135	12	0.84042	0.85555	LRP1	hg38_genes_promoters	0.0179816264382459	1.4340115742118942	0
chr12	57105186	57105548	0.01387	12	0.87267	0.8588	STAT6	hg38_genes_promoters	0.1261129648971936	0.7766635798311727	0
chr12	57091191	57091442	0.022155	10	0.8389	0.81675	NAB2	hg38_genes_promoters	0.0662674711356216	0.9919853869664502	0
chr12	56995340	56995530	-0.022027	10	0.8203	0.84233	GPR182	hg38_genes_promoters	0.0206642561976321	1.3877154352111503	0
chr12	56752059	56752184	-0.013034	10	0.0103	0.023334	PRIM1	hg38_genes_promoters	0.0820560410833657	0.9200725885866855	0
chr12	56752059	56752184	-0.013034	10	0.0103	0.023334	HSD17B6	hg38_genes_promoters	0.0820560410833657	0.9200725885866855	0
chr12	56469197	56469565	0.050916	10	0.4216	0.37068	MIP	hg38_genes_promoters	0.0378122458122178	1.1816513764201952	0
chr12	56324089	56324597	-0.011512	10	0.8574	0.86891	PAN2	hg38_genes_promoters	0.0676340207739794	0.9852228747627166	0
chr12	56314793	56315400	-0.011206	10	0.3921	0.40331	CNPY2	hg38_genes_promoters	0.9138557531309212	0.03809838759093477	0
chr12	52243049	52243738	0.022778	10	0.81	0.78722	KRT7	hg38_genes_promoters	0.0979102416793409	0.8625267731527392	0
chr12	56245197	56245548	0.011498	10	0.8499	0.8384	ANKRD52	hg38_genes_promoters	0.687172176472741	0.1571361677359211	0
chr12	56235614	56236414	0.024797	12	0.84542	0.82062	SLC39A5	hg38_genes_promoters	0.0080189172443402	1.701669371806706	0
chr12	56104564	56104627	-0.016553	10	0.0205	0.037053	PA2G4	hg38_genes_promoters	0.0004448737241684	2.6840464480776838	0
chr12	56101123	56101330	-0.017021	10	0.7094	0.72642	PA2G4	hg38_genes_promoters	0.0844298361068507	0.9112022874793746	0
chr12	56021531	56021764	0.012551	10	0.1006	0.088049	IKZF4	hg38_genes_promoters	0.6786191401090607	0.16230278037397883	0
chr12	55935769	55935852	-0.021016	10	0.8083	0.82932	DGKA	hg38_genes_promoters	0.1184917021895064	0.7987818037678074	0
chr12	55698690	55698884	0.026696	10	0.7766	0.7499	ITGA7	hg38_genes_promoters	0.0253630824179849	1.317318808594114	0
chr12	54984637	54985161	-0.015146	10	0.0415	0.056646	TESPA1	hg38_genes_promoters	0.0033064820351304	1.9961079285577232	0
chr12	54473196	54473670	-0.024162	16	0.62725	0.65141	GTSF1	hg38_genes_promoters	0.150357562168695	0.7175125448372631	0
chr12	54390997	54391286	0.03809	22	0.10591	0.067819	ZNF385A	hg38_genes_promoters	1.536242877867034e-05	3.8617776684938185	0
chr12	54183190	54183744	0.013026	12	0.86917	0.85614	SMUG1	hg38_genes_promoters	0.0346947413453032	1.2103549739057757	0
chr12	32327939	32328352	-0.030479	10	0.856	0.88648	BICD1	hg38_genes_promoters	5.554352772760981e-07	5.051892029008484	-1
chr12	52079633	52079751	0.04647	14	0.82636	0.77989	SMIM41	hg38_genes_promoters	1.6924994754081172e-09	7.199159318863003	1
chr12	56244717	56245150	-0.014141	12	0.8385	0.85264	ANKRD52	hg38_genes_promoters	0.0565245734985812	1.047031477076376	0
chr12	52012999	52013512	0.03291	10	0.8693	0.83639	TAMALIN	hg38_genes_promoters	0.0034837230782878	1.9781894436469363	0
chr12	49130844	49130936	0.0102	14	0.014372	0.0041729	TUBA1B	hg38_genes_promoters	2.301806434275789e-07	5.366649057554881	1
chr12	48940254	48941040	0.010464	11	0.58482	0.57435	FKBP11	hg38_genes_promoters	0.633061749347095	0.19045837991176495	0
chr12	48823351	48823809	0.010728	12	0.85183	0.8411	CACNB3	hg38_genes_promoters	0.1755215574025166	0.6623511909820723	0
chr12	48788360	48788700	-0.013446	15	0.012133	0.025579	ADCY6-DT	hg38_genes_promoters	0.0001594694496236	3.034819388870102	0
chr12	48776485	48776578	0.023853	10	0.8298	0.80595	ADCY6	hg38_genes_promoters	0.0015004938735419	2.2611955997736866	0
chr12	47998923	47999839	-0.034741	10	0.5638	0.59854	COL2A1	hg38_genes_promoters	0.3640179052454703	0.4030884333576683	0
chr12	47989295	47989798	-0.022011	10	0.8426	0.86461	COL2A1	hg38_genes_promoters	0.0130395047472377	1.5433485163806913	0
chr12	47820963	47821382	-0.02238	12	0.6485	0.67088	HDAC7	hg38_genes_promoters	0.3009896120243521	0.47183410598598574	0
chr12	47818756	47819327	0.016768	16	0.079375	0.062607	HDAC7	hg38_genes_promoters	0.0269830703572338	1.2956112002679712	0
chr12	47813016	47813111	0.014917	12	0.035	0.020083	HDAC7	hg38_genes_promoters	2.8439445475388475e-06	4.474369088100799	0
chr12	49130844	49130936	0.0102	14	0.014372	0.0041729	LOC105369760	hg38_genes_promoters	2.301806434275789e-07	5.366649057554881	1
chr12	47798055	47798727	0.032122	16	0.84475	0.81263	HDAC7	hg38_genes_promoters	6.487864527433369e-05	3.3459645573674957	0
chr12	47791929	47792198	0.018235	12	0.85964	0.84141	HDAC7	hg38_genes_promoters	0.0762017889278289	0.9453582999586027	0
chr12	47772251	47772757	0.017362	10	0.7649	0.74754	SLC48A1	hg38_genes_promoters	0.5816608052512473	0.22389037739455125	0
chr12	47751111	47751286	0.028971	10	0.8547	0.82573	RAPGEF3	hg38_genes_promoters	0.0076021534749271	1.7196135174915508	0
chr12	47740334	47740769	0.015575	13	0.521	0.50543	RAPGEF3	hg38_genes_promoters	0.5290096009002119	0.2609175868688003	0
chr12	46825838	46826014	-0.022884	15	0.22613	0.24902	SLC38A4	hg38_genes_promoters	0.0428491449323409	1.138355474314831	0
chr12	46382547	46382949	-0.022466	10	0.506	0.52847	LOC100288798	hg38_genes_promoters	0.2427927611967643	0.5473507051358464	0
chr12	45611250	45611460	-0.048075	12	0.18575	0.23382	LOC105369744	hg38_genes_promoters	0.0002659657108724	2.860370175882932	0
chr12	45611250	45611460	-0.048075	12	0.18575	0.23382	LOC105369743	hg38_genes_promoters	0.0002659657108724	2.860370175882932	0
chr12	44875491	44875683	-0.010437	10	0.0123	0.022737	NELL2	hg38_genes_promoters	0.0010349257869402	2.3928241301640516	0
chr12	52055476	52056184	0.024135	16	0.8385	0.81436	NR4A1	hg38_genes_promoters	0.0309936531783642	1.2476782808919875	0
chr12	47793179	47793534	-0.031	10	0.8224	0.8534	HDAC7	hg38_genes_promoters	5.927623672768461e-05	3.3783997170755895	0
chr12	49337405	49337857	0.0213	10	0.1172	0.0959	C1QL4	hg38_genes_promoters	0.117701311378645	0.8009658206008414	0
chr12	47080896	47081013	-0.025104	14	0.032857	0.057961	AMIGO2	hg38_genes_promoters	0.0293187672194168	1.2670075147650772	0
chr12	49389182	49389377	-0.082319	17	0.36112	0.44344	LOC100335030	hg38_genes_promoters	5.047780615897624e-09	6.781068746004762	-1
chr12	52010172	52010546	-0.016462	10	0.2333	0.24976	TAMALIN	hg38_genes_promoters	0.7690809647089301	0.110731876570224	0
chr12	49345902	49346036	-0.012382	12	0.019417	0.031798	DNAJC22	hg38_genes_promoters	0.0459652939403502	1.115212274138912	0
chr12	52005928	52006340	-0.017126	10	0.0411	0.058226	TAMALIN	hg38_genes_promoters	0.0004966251918702	2.6451786309687786	0
chr12	51915375	51915634	0.021092	17	0.82882	0.80773	ACVRL1	hg38_genes_promoters	0.0015190907837806	2.2574160746636904	0
chr12	51814854	51814931	-0.014605	10	0.0385	0.053105	TMDD1	hg38_genes_promoters	0.0110049544047524	1.598435214547411	0
chr12	51324136	51324285	0.028626	10	0.1221	0.093474	BIN2	hg38_genes_promoters	0.0067351656273374	1.7622302113652517	0
chr12	50924354	50925280	-0.011856	12	0.00675	0.018606	METTL7A	hg38_genes_promoters	0.0094769790138646	1.6481708234821657	0
chr12	50842854	50843102	-0.068491	21	0.42229	0.49078	TMPRSS12	hg38_genes_promoters	0.000108485027501	3.164572751381453	0
chr12	50841920	50842851	-0.022831	11	0.72436	0.74719	TMPRSS12	hg38_genes_promoters	0.0561237102470957	1.0494381995386002	0
chr12	49966563	49966890	0.043268	12	0.30875	0.26548	AQP6	hg38_genes_promoters	0.086691220153369	0.9020488270506025	0
chr12	49962866	49963359	-0.035274	10	0.5722	0.60747	AQP5	hg38_genes_promoters	0.0534597022470419	1.0669482073466507	0
chr12	51914348	51914572	0.034959	10	0.8184	0.78344	ACVRL1	hg38_genes_promoters	0.0056140907439433	1.821220677764661	0
chr12	49961067	49961171	0.030522	12	0.18592	0.15539	AQP5	hg38_genes_promoters	0.0297944385986001	1.2614644846556105	0
chr12	49962866	49963359	-0.035274	10	0.5722	0.60747	AQP5-AS1	hg38_genes_promoters	0.0534597022470419	1.0669482073466507	0
chr12	49540869	49541360	-0.030704	16	0.766	0.7967	KCNH3	hg38_genes_promoters	0.0006836034523825	2.5332257522393786	0
chr12	49559391	49559522	0.012579	10	0.873	0.86042	MCRS1	hg38_genes_promoters	0.280037156468048	0.49611304572360526	0
chr12	49806071	49806593	-0.0177	13	0.81631	0.83401	NCKAP5L	hg38_genes_promoters	0.0510831356384373	1.081050722726973	0
chr12	49706814	49706896	0.013547	10	0.0303	0.016753	TMBIM6	hg38_genes_promoters	0.0251420137894028	1.3203023226717048	0
chr12	49903578	49903737	-0.038289	10	0.4147	0.45299	LINC02395	hg38_genes_promoters	0.2592256966871524	0.5245299982583719	0
chr12	49903578	49903737	-0.038289	10	0.4147	0.45299	FAIM2	hg38_genes_promoters	0.2592256966871524	0.5245299982583719	0
chr12	49950505	49950872	0.029357	14	0.78579	0.75643	AQP2	hg38_genes_promoters	0.0042892763443507	1.9082250804235823	0
chr12	49897217	49898067	-0.010086	10	0.8162	0.82629	FAIM2	hg38_genes_promoters	0.1507238906814308	0.7165243278122777	0
chr12	49544199	49544264	-0.014731	10	0.3855	0.40023	KCNH3	hg38_genes_promoters	0.49408138432444	0.2877836295033698	0
chr13	110424794	110424964	-0.011273	10	0.7558	0.76707	COL4A2	hg38_genes_promoters	0.2284383251842966	0.5686314269657357	0
chr13	110461803	110462007	0.014044	10	0.8278	0.81376	COL4A2	hg38_genes_promoters	0.5684588576623899	0.2329619104230616	0
chr13	110813162	110813240	-0.045535	12	0.50517	0.5507	LINC00567	hg38_genes_promoters	0.0384687786238076	1.176105200175627	0
chr13	110647125	110647447	0.012338	13	0.86346	0.85112	CARS2	hg38_genes_promoters	0.2864701820034673	0.4883295908982908	0
chr13	110665674	110666095	-0.04913	10	0.219	0.26813	CARS2	hg38_genes_promoters	0.060247826752907	1.024931262942523	0
chr13	110678948	110679163	-0.024942	10	0.8379	0.86284	CARS2	hg38_genes_promoters	0.000118205282792	3.135744647777359	0
chr13	110712376	110712438	0.056246	10	0.0676	0.011354	ING1	hg38_genes_promoters	1.0953560423881808e-12	10.110583653476947	1
chr13	111186756	111187002	-0.013711	10	0.7985	0.81221	ARHGEF7	hg38_genes_promoters	0.1725699952461652	0.668914839553045	0
chr13	111115410	111115446	-0.01062	10	0.005	0.01562	ARHGEF7	hg38_genes_promoters	0.0002881473337686	2.833998779252864	0
chr13	111185208	111186056	0.018911	10	0.5117	0.49279	ARHGEF7	hg38_genes_promoters	0.4630794823300581	0.31214738624991356	0
chr13	111201770	111202162	-0.025449	10	0.3851	0.41055	ARHGEF7	hg38_genes_promoters	0.3193301325992559	0.45064807934597445	0
chr13	111203854	111204539	-0.042014	14	0.44121	0.48323	ARHGEF7	hg38_genes_promoters	0.1487498334879302	0.721082199768252	0
chr13	111241000	111241362	-0.017164	14	0.81186	0.82902	ARHGEF7	hg38_genes_promoters	0.0306944498089059	1.2507649961593823	0
chr13	110129157	110129310	-0.015188	12	0.87083	0.88602	LOC101927646	hg38_genes_promoters	0.0002983429940033	2.821278954101825	0
chr13	111282729	111283245	-0.022237	21	0.80948	0.83171	ARHGEF7	hg38_genes_promoters	0.0003425208510013	2.7725957755050334	0
chr13	111095613	111095845	-0.020733	14	0.77893	0.79966	LINC00368	hg38_genes_promoters	0.0169739509182864	1.4527303896545458	0
chr13	109400283	109400582	-0.013236	10	0.0616	0.074836	LINC00399	hg38_genes_promoters	0.1383895687449456	0.7461305554793676	0
chr13	99311922	99312871	-0.027135	12	0.39592	0.42305	UBAC2	hg38_genes_promoters	0.0982156553359122	0.8615512668999069	0
chr13	106376158	106376775	-0.020109	10	0.522	0.54211	LINC00460	hg38_genes_promoters	0.4996349583164936	0.28359956139221265	0
chr13	111319334	111319704	-0.027241	11	0.80345	0.8307	TEX29	hg38_genes_promoters	0.0037522331270676	1.9528740627109855	0
chr13	98430955	98431248	0.019463	10	0.8402	0.82074	FARP1	hg38_genes_promoters	0.018337084754994	1.426940483113555	0
chr13	98577866	98578255	-0.032819	12	0.62425	0.65707	STK24	hg38_genes_promoters	0.1358920008448662	0.7520815280236949	0
chr13	98831213	98831804	-0.028482	12	0.68717	0.71565	DOCK9	hg38_genes_promoters	0.1562080135811807	0.703738405815552	0
chr13	98831213	98831804	-0.028482	12	0.68717	0.71565	DOCK9-AS1	hg38_genes_promoters	0.1562080135811807	0.703738405815552	0
chr13	99015678	99016220	-0.03485	12	0.73183	0.76668	DOCK9	hg38_genes_promoters	0.012742462117444	1.5501546226920337	0
chr13	99307894	99308783	-0.017567	10	0.6098	0.62737	UBAC2	hg38_genes_promoters	0.5353921738542994	0.2562667681417767	0
chr13	108595498	108596140	-0.021908	10	0.5536	0.57551	MYO16	hg38_genes_promoters	0.3792984137837116	0.3878642809575933	0
chr13	99307894	99308783	-0.017567	10	0.6098	0.62737	GPR183	hg38_genes_promoters	0.5353921738542994	0.2562667681417767	0
chr13	100533922	100534283	-0.024458	10	0.7789	0.80336	GGACT	hg38_genes_promoters	0.0114744679592159	1.5842189763409096	0
chr13	100636234	100637320	-0.018364	10	0.8245	0.84286	TMTC4	hg38_genes_promoters	0.1436690709089183	0.7333461147568856	0
chr13	100638815	100639621	-0.015161	10	0.8649	0.88006	TMTC4	hg38_genes_promoters	0.00107484959454	2.3795319567137354	0
chr13	100642952	100643457	-0.023133	18	0.86061	0.88374	TMTC4	hg38_genes_promoters	4.29137358163338e-08	5.972521148147681	-1
chr13	102367585	102367932	-0.010716	10	0.8236	0.83432	FGF14-IT1	hg38_genes_promoters	0.086610666726416	0.9022969275971965	0
chr13	102879835	102880113	-0.044426	10	0.8061	0.85053	METTL21EP	hg38_genes_promoters	4.086275473594536e-07	5.164953507735684	-1
chr13	105410659	105410839	0.072508	10	0.5554	0.48289	LOC105370344	hg38_genes_promoters	0.0001196916193927	3.1321100141134215	0
chr13	100089549	100090219	-0.011469	10	0.134	0.14547	PCCA-DT	hg38_genes_promoters	0.7245294080483595	0.13534422191219125	0
chr13	111587776	111588448	-0.018811	10	0.8254	0.84421	LOC102724489	hg38_genes_promoters	0.0221704008968794	1.364041094217843	0
chr13	113483851	113484410	-0.013036	16	0.84831	0.86135	DCUN1D2	hg38_genes_promoters	0.0084261762327659	1.6864902606781704	0
chr13	111899422	111899609	-0.023649	12	0.816	0.83965	LINC00354	hg38_genes_promoters	6.691586009102266e-05	3.335471883311866	0
chr13	113449480	113450197	-0.022487	20	0.78925	0.81174	ADPRHL1	hg38_genes_promoters	0.0009939191293002	2.407000903862773	0
chr13	113453853	113454410	-0.023058	15	0.84833	0.87139	ADPRHL1	hg38_genes_promoters	0.0008658776875816	2.4552848605142326	0
chr13	113491708	113491856	-0.024955	13	0.034923	0.059879	DCUN1D2	hg38_genes_promoters	1.330511821018098e-09	7.293497828335078	-1
chr13	113495655	113495926	0.013979	14	0.83736	0.82338	TMCO3	hg38_genes_promoters	0.2469961161654554	0.54159045152054	0
chr13	113547466	113547663	0.017011	10	0.8408	0.82379	TMCO3	hg38_genes_promoters	0.0202059571201017	1.3950067179374286	0
chr13	113666573	113667151	-0.026282	10	0.7839	0.81018	GRK1	hg38_genes_promoters	0.033007022845638	1.225614851067403	0
chr13	113767703	113768264	0.018654	19	0.83405	0.8154	TMEM255B	hg38_genes_promoters	0.0133503313403054	1.5354740284692534	0
chr13	113799788	113799975	0.033466	16	0.85794	0.82447	TMEM255B	hg38_genes_promoters	1.5878062267140418e-06	4.677766444736438	0
chr13	113814590	113815264	-0.030207	13	0.80869	0.8389	GAS6-AS1	hg38_genes_promoters	0.0196110842889298	1.4047424365733867	0
chr13	113834193	113834499	-0.011807	15	0.85433	0.86614	GAS6	hg38_genes_promoters	0.0150655941402425	1.4953741722982035	0
chr13	113883284	113883376	0.033153	10	0.8801	0.84695	LINC00454	hg38_genes_promoters	6.7690764524852565e-06	4.155355725127042	0
chr13	113974552	113974949	-0.044654	10	0.8261	0.87075	C13orf46	hg38_genes_promoters	1.9204932117210892e-05	3.781560924923847	0
chr13	114037113	114037456	-0.030825	18	0.81178	0.8426	RASA3	hg38_genes_promoters	8.865660889014499e-07	4.884303553399944	0
chr13	114109579	114109856	0.021297	17	0.80888	0.78759	RASA3-IT1	hg38_genes_promoters	0.0007603865679443	2.4968559566998247	0
chr13	98176981	98177130	0.018149	17	0.85518	0.83703	FARP1	hg38_genes_promoters	0.0138711603519946	1.5231793081378047	0
chr13	113355278	113355442	-0.012326	10	0.8362	0.84853	GRTP1	hg38_genes_promoters	0.047218958869753	1.1075375253674318	0
chr13	113321629	113321768	-0.042142	10	0.8047	0.84684	LAMP1	hg38_genes_promoters	0.0002220030565593	2.920944814785327	0
chr13	113262871	113263221	-0.107776	10	0.27845	0.38623	MIR8075	hg38_genes_promoters	9.785907692767926e-05	3.2005840665664533	0
chr13	113188196	113188641	-0.035026	10	0.8655	0.90053	PCID2	hg38_genes_promoters	2.4276986356870524e-06	4.527583271745087	0
chr13	112588563	112588658	0.019043	12	0.32675	0.30771	TUBGCP3	hg38_genes_promoters	0.4892859980667916	0.2915135878658311	0
chr13	112702581	112702780	0.021632	10	0.83	0.80837	ATP11A	hg38_genes_promoters	0.0207327416536402	1.3864917844756768	0
chr13	112702783	112703257	-0.020874	10	0.5926	0.61347	ATP11A	hg38_genes_promoters	0.3858445318996726	0.3818251141516507	0
chr13	112754925	112755038	0.014684	10	0.856	0.84132	ATP11A-AS1	hg38_genes_promoters	0.0724180572957185	0.9622510324771247	0
chr13	112835347	112835544	-0.022547	10	0.8164	0.83895	ATP11A	hg38_genes_promoters	0.0058587317836309	1.8060122810961472	0
chr13	112842041	112842472	-0.022384	10	0.8649	0.88728	ATP11A	hg38_genes_promoters	0.0001003887004595	3.1919684336769225	0
chr13	111893026	111893738	0.020644	51	0.067765	0.047121	LINC00354	hg38_genes_promoters	0.9791902532805858	0.00859429159364727	0
chr13	112857995	112858185	-0.017532	10	0.8691	0.88663	ATP11A	hg38_genes_promoters	9.773114269548092e-05	3.2008054626605884	0
chr13	112901432	112901895	-0.025444	10	0.8028	0.82824	MCF2L	hg38_genes_promoters	0.0002131411546545	2.933947291609796	0
chr13	112978638	112979065	-0.024942	10	0.5669	0.59184	MCF2L	hg38_genes_promoters	0.1569036037062179	0.7021495004244978	0
chr13	113122451	113122795	0.025123	10	0.7147	0.68958	F10	hg38_genes_promoters	0.0291254270738987	1.2692444378994665	0
chr13	113129756	113130204	0.05386	38	0.37061	0.31675	F10-AS1	hg38_genes_promoters	1.049531402517539e-05	3.9934047236706776	0
chr13	113158209	113158652	-0.030219	12	0.68167	0.71189	PROZ	hg38_genes_promoters	0.0573429711609158	1.0420624455670444	0
chr13	113164319	113165004	-0.071624	17	0.50471	0.57633	PROZ	hg38_genes_promoters	0.0002691371080139	2.8563851273836294	0
chr13	113178714	113179496	-0.041723	12	0.83575	0.87747	PCID2	hg38_genes_promoters	1.0948171923572073e-07	5.630233851971516	-1
chr13	112871530	112871820	-0.026004	10	0.8447	0.8707	ATP11A	hg38_genes_promoters	0.0047180903401801	1.8771984063722924	0
chr13	46437995	46438203	0.051343	21	0.63876	0.58742	RUBCNL	hg38_genes_promoters	2.458177223340475e-05	3.6911798770119124	0
chr13	96994052	96994725	-0.013575	46	0.014913	0.028488	OXGR1	hg38_genes_promoters	2.9612585216915476e-11	8.780120279041247	-1
chr13	24459962	24460457	-0.019278	10	0.8401	0.85938	PARP4	hg38_genes_promoters	0.0468173851452441	1.11026673127686	0
chr13	24763462	24764598	-0.038025	49	0.80129	0.83931	RNF17	hg38_genes_promoters	5.026476524821045e-15	12.177300286862085	-1
chr13	24932023	24932245	-0.054804	20	0.0786	0.1334	LOC107987187	hg38_genes_promoters	1.968999298749553e-10	8.031984659385351	-1
chr13	25095885	25096032	0.013472	15	0.15453	0.14106	PABPC3	hg38_genes_promoters	0.8505316638315342	0.06858355224905101	0
chr13	25096037	25096139	0.040654	13	0.16846	0.12781	PABPC3	hg38_genes_promoters	0.0011128283408086	2.3677826103399813	0
chr13	27442071	27442577	-0.080526	15	0.316	0.39653	MTIF3	hg38_genes_promoters	0.0009826306456426	2.411064115784034	0
chr13	27988450	27988749	-0.023252	10	0.8063	0.82955	URAD	hg38_genes_promoters	0.0220809864409636	1.364955328015024	0
chr13	29487779	29488259	-0.011732	10	0.7559	0.76763	MTUS2-AS1	hg38_genes_promoters	0.4485359141038738	0.3245870875725095	0
chr13	29936041	29936316	-0.014394	10	0.0334	0.047794	LINC00544	hg38_genes_promoters	0.1089480743684655	0.8269401665007623	0
chr13	30373508	30373985	-0.023911	10	0.3913	0.41521	LINC00426	hg38_genes_promoters	0.4305362173406923	0.3400951521738679	0
chr13	30906219	30906279	0.032521	10	0.2311	0.19858	MEDAG	hg38_genes_promoters	0.0095571730096152	1.6452684494719685	0
chr13	30932912	30933262	0.032263	10	0.708	0.67574	TEX26-AS1	hg38_genes_promoters	0.2215615565476638	0.5791615199678347	0
chr13	35475988	35476959	-0.013059	34	0.075941	0.089	NBEA	hg38_genes_promoters	0.2252468850184368	0.573403446246119	0
chr13	35475988	35476959	-0.013059	34	0.075941	0.089	MAB21L1	hg38_genes_promoters	0.2252468850184368	0.573403446246119	0
chr13	35697175	35697772	0.039895	10	0.602	0.56211	LINC00445	hg38_genes_promoters	0.1064165011468103	0.8339745020886654	0
chr13	24271747	24272419	-0.010336	25	0.06912	0.079456	SPATA13	hg38_genes_promoters	0.5567842557626919	0.24082328363648797	0
chr13	36131375	36131422	-0.012795	10	0.0071	0.019895	DCLK1	hg38_genes_promoters	7.037043560718243e-07	4.972187884425253	0
chr13	24254521	24255175	-0.015968	10	0.3354	0.35137	SPATA13-AS1	hg38_genes_promoters	0.4451183542549173	0.32751076348319214	0
chr13	24223065	24223254	0.015105	10	0.854	0.83889	SPATA13	hg38_genes_promoters	0.0454255982594445	1.1189163138833742	0
chr13	18194280	18194375	-0.057102	10	0.6265	0.6836	FAM230C	hg38_genes_promoters	0.0032117154155056	2.005460884927077	0
chr13	19118318	19118696	-0.051476	10	0.7363	0.78778	LOC107984132	hg38_genes_promoters	0.1900663708311194	0.6329460248349986	0
chr13	19181719	19181910	0.027466	16	0.80912	0.78166	LOC101928697	hg38_genes_promoters	0.0005493544811383	2.610188028976469	0
chr13	19181719	19181910	0.027466	16	0.80912	0.78166	TUBA3C	hg38_genes_promoters	0.0005493544811383	2.610188028976469	0
chr13	19344866	19344999	-0.023173	14	0.14386	0.16703	LINC00421	hg38_genes_promoters	0.0185038344349783	1.4239964489094659	0
chr13	19344866	19344999	-0.023173	14	0.14386	0.16703	ANKRD26P3	hg38_genes_promoters	0.0185038344349783	1.4239964489094659	0
chr13	19561259	19561816	0.043155	46	0.79939	0.75624	LINC00350	hg38_genes_promoters	2.581510969328776e-14	11.560885563397916	1
chr13	19586747	19587145	0.086651	16	0.23362	0.14697	LINC00350	hg38_genes_promoters	4.107439743634455e-07	5.163610040180741	1
chr13	20101835	20102657	-0.042695	14	0.62193	0.66462	LINC01072	hg38_genes_promoters	0.0245305023550745	1.3284447145003728	0
chr13	20903607	20903880	0.025844	12	0.83425	0.80841	XPO4	hg38_genes_promoters	0.0088371507979547	1.6711881133285285	0
chr13	22898131	22898291	0.031846	10	0.8215	0.78965	BASP1P1	hg38_genes_promoters	0.0835867567589378	0.9141373057652334	0
chr13	23354948	23355489	-0.024519	10	0.7863	0.81082	SACS	hg38_genes_promoters	0.0278241156815105	1.2860021623234181	0
chr13	23577896	23578719	-0.011334	22	0.60636	0.6177	TNFRSF19	hg38_genes_promoters	0.2681379247340487	0.5119547287103384	0
chr13	23891332	23891947	-0.016605	13	0.85385	0.87045	PCOTH	hg38_genes_promoters	0.0079807731106595	1.703473209529482	0
chr13	23954024	23954162	-0.023084	10	0.7576	0.78068	LOC105370115	hg38_genes_promoters	0.0688203355195593	0.9797253735053912	0
chr13	24251086	24251913	0.042073	22	0.70459	0.66252	SPATA13	hg38_genes_promoters	0.0253485542135919	1.3174654246844406	0
chr13	36214626	36214888	0.032112	23	0.85248	0.82037	SOHLH2	hg38_genes_promoters	5.416942835482253e-07	5.061078747259864	1
chr13	20193614	20193746	-0.015642	10	0.0078	0.023442	GJB2	hg38_genes_promoters	0.0139925011336925	1.5206745997594093	0
chr13	37869956	37870034	-0.014905	10	0.0392	0.054105	TRPC4	hg38_genes_promoters	0.0007668360652548	2.493413295018222	0
chr13	51340816	51341364	-0.023807	10	0.7936	0.81741	SERPINE3	hg38_genes_promoters	0.0021517702901423	2.1422750036158775	0
chr13	51974904	51975848	-0.010183	12	0.85708	0.86727	ATP7B	hg38_genes_promoters	0.1284793444439611	0.7698018234658133	0
chr13	52195348	52195527	0.022551	20	0.05215	0.029599	MRPS31P5	hg38_genes_promoters	0.3566764177769977	0.41046214331877917	0
chr13	52739436	52739565	-0.012	10	0.022	0.034	CNMD	hg38_genes_promoters	0.0488447176013593	1.0957632715470207	0
chr13	70108789	70109186	-0.01913	12	0.75475	0.77388	KLHL1	hg38_genes_promoters	0.0023882109645564	2.105212919010381	0
chr13	75326235	75326382	0.028295	10	0.7774	0.74911	TBC1D4	hg38_genes_promoters	0.0349748242939978	1.2074186381689223	0
chr13	77662966	77663199	0.012737	11	0.84618	0.83344	LOC100129307	hg38_genes_promoters	0.1579156406870562	0.7000252273999599	0
chr13	79481025	79481093	0.016679	10	0.0311	0.014421	NDFIP2	hg38_genes_promoters	1.1242201534868562e-06	4.799778772785966	0
chr13	90230419	90231116	0.026607	10	0.8452	0.81859	MIR622	hg38_genes_promoters	0.0007234744029361	2.513705920406677	0
chr13	94702373	94702606	-0.013823	14	0.054071	0.067895	LOC101927284	hg38_genes_promoters	0.0024113778035755	2.1020232401964623	0
chr13	94712138	94712174	-0.011174	10	0.0093	0.020474	SOX21-AS1	hg38_genes_promoters	1.427686853026618e-05	3.884069735291193	0
chr13	95074278	95074533	-0.022663	10	0.8902	0.91286	ABCC4	hg38_genes_promoters	1.080666344821606e-05	3.983821770070289	0
chr13	96947755	96947937	-0.013022	12	0.85408	0.86711	LOC112268107	hg38_genes_promoters	0.0248474287719264	1.3243956814712747	0
chr13	96948867	96949474	0.010812	12	0.83908	0.82827	LINC00359	hg38_genes_promoters	0.0287429299870542	1.2742891601142132	0
chr13	36921205	36921710	-0.016664	10	0.8495	0.86616	SMAD9	hg38_genes_promoters	0.0283164382081079	1.2793851260619997	0
chr13	51335444	51335751	-0.023528	10	0.8513	0.87483	SERPINE3	hg38_genes_promoters	0.050649437284448	1.0839660081822715	0
chr13	51066295	51066824	-0.010858	10	0.0383	0.049158	GUCY1B2	hg38_genes_promoters	0.0215023097998289	1.3742736985396788	0
chr13	94596124	94596216	-0.010902	10	0.0061	0.017002	TGDS	hg38_genes_promoters	0.0495368294814615	1.0914170190444128	0
chr13	50842889	50843236	0.031275	10	0.5512	0.51992	DLEU7	hg38_genes_promoters	0.1065408580852751	0.8336155361854953	0
chr13	40172258	40172322	-0.011053	10	0.057	0.068053	LINC00332	hg38_genes_promoters	0.0914046413290983	0.8846216657888026	0
chr13	51065816	51066226	-0.037653	10	0.1044	0.14205	GUCY1B2	hg38_genes_promoters	0.0080659034324508	1.6997986923355022	0
chr13	40350576	40351051	-0.027866	12	0.76058	0.78845	LINC00548	hg38_genes_promoters	0.1135478675383407	0.8135739409155783	0
chr13	42573880	42574165	-0.013506	11	0.11345	0.12696	TNFSF11	hg38_genes_promoters	0.0114958553843527	1.583898762387608	0
chr13	45387015	45387223	-0.024053	10	0.0914	0.11545	TPT1-AS1	hg38_genes_promoters	0.0149444858785881	1.498308091861875	0
chr13	45851720	45852074	-0.031625	10	0.1764	0.20802	SIAH3	hg38_genes_promoters	0.0940029096937181	0.8755258113102479	0
chr13	96994732	96994983	-0.035174	10	0.2813	0.31647	OXGR1	hg38_genes_promoters	0.1478373245068214	0.723135107086754	0
chr13	43023292	43023583	-0.040955	22	0.060409	0.10136	DNAJC15	hg38_genes_promoters	7.195091759755928e-08	5.775273872341266	-1
chr13	48001720	48001862	0.046456	10	0.5414	0.49494	SUCLA2	hg38_genes_promoters	0.0068789027791514	1.7547143025134235	0
chr13	50715462	50715681	-0.049179	10	0.2164	0.26558	LOC107984567	hg38_genes_promoters	0.0030243861133552	2.0258966392341455	0
chr13	48492532	48492638	-0.023626	10	0.0459	0.069526	RCBTB2	hg38_genes_promoters	0.1037968720757017	0.8430162690228235	0
chr13	49995723	49996037	-0.023045	10	0.0433	0.066345	TRIM13	hg38_genes_promoters	0.0050668567117997	1.8547987686964713	0
chr13	49995723	49996037	-0.023045	10	0.0433	0.066345	KCNRG	hg38_genes_promoters	0.0050668567117997	1.8547987686964713	0
chr13	50527475	50528295	-0.0399	12	0.27858	0.31848	DLEU1-AS1	hg38_genes_promoters	0.1654117973457884	0.6836209289484431	0
chr13	46896853	46897129	-0.015271	10	0.0763	0.091571	HTR2A	hg38_genes_promoters	0.0986079086309431	0.8603476141965833	0
chr13	50715462	50715681	-0.049179	10	0.2164	0.26558	DLEU7	hg38_genes_promoters	0.0030243861133552	2.0258966392341455	0
chr14	101021058	101021656	0.010318	10	0.8295	0.81918	MIR379	hg38_genes_promoters	0.0257463994726326	1.3122329397680386	0
chr14	101048753	101049402	-0.02121	15	0.84013	0.86134	MIR655	hg38_genes_promoters	5.728859838136454e-06	4.215004579270677	0
chr14	101045733	101046056	0.028807	10	0.8105	0.78169	MIR487B	hg38_genes_promoters	0.0172389511891368	1.447787877495115	0
chr14	101045733	101046056	0.028807	10	0.8105	0.78169	MIR381	hg38_genes_promoters	0.0172389511891368	1.447787877495115	0
chr14	101045061	101045243	0.027985	10	0.8252	0.79721	MIR381	hg38_genes_promoters	0.0174779153708134	1.444084468648281	0
chr14	101040241	101040615	-0.028188	12	0.85483	0.88302	MIR376B	hg38_genes_promoters	4.790472855137497e-06	4.277959701489297	0
chr14	101042451	101043054	-0.015837	10	0.8431	0.85894	MIR1185-1	hg38_genes_promoters	0.0217933381920602	1.3691746394692748	0
chr14	101040241	101040615	-0.028188	12	0.85483	0.88302	MIR376A1	hg38_genes_promoters	4.790472855137497e-06	4.277959701489297	0
chr14	101055139	101055472	0.012777	13	0.85723	0.84445	MIR323B	hg38_genes_promoters	0.0221242845880059	1.3648403881194284	0
chr14	101040241	101040615	-0.028188	12	0.85483	0.88302	MIR300	hg38_genes_promoters	4.790472855137497e-06	4.277959701489297	0
chr14	101045061	101045243	0.027985	10	0.8252	0.79721	MIR381HG	hg38_genes_promoters	0.0174779153708134	1.444084468648281	0
chr14	101055139	101055472	0.012777	13	0.85723	0.84445	MIR485	hg38_genes_promoters	0.0221242845880059	1.3648403881194284	0
chr14	101076663	101076910	0.024254	13	0.83492	0.81067	LOC105370670	hg38_genes_promoters	0.0013127263051164	2.309513673653256	0
chr14	101059601	101060200	0.018379	17	0.84547	0.82709	MIR154	hg38_genes_promoters	0.1151124680400692	0.8086676557625585	0
chr14	101059601	101060200	0.018379	17	0.84547	0.82709	MIR496	hg38_genes_promoters	0.1151124680400692	0.8086676557625585	0
chr14	101065341	101065530	-0.017291	13	0.85085	0.86814	MIR369	hg38_genes_promoters	0.0005464786340736	2.6114157102956956	0
chr14	101065341	101065530	-0.017291	13	0.85085	0.86814	MIR412	hg38_genes_promoters	0.0005464786340736	2.6114157102956956	0
chr14	101065341	101065530	-0.017291	13	0.85085	0.86814	MIR410	hg38_genes_promoters	0.0005464786340736	2.6114157102956956	0
chr14	101068734	101069282	-0.048854	26	0.59746	0.64632	MEG9	hg38_genes_promoters	0.000160878877585	3.031931488947109	0
chr14	101442013	101442211	-0.030393	10	0.8284	0.85879	LINC02314	hg38_genes_promoters	0.0001306256054927	3.101710018735811	0
chr14	101985923	101986136	0.026642	10	0.8748	0.84816	DYNC1H1	hg38_genes_promoters	0.0014904991212988	2.2631139763020336	0
chr14	102027424	102027707	-0.023995	10	0.8789	0.90289	DYNC1H1	hg38_genes_promoters	1.1935944570895775e-05	3.951884582962529	0
chr14	102038257	102038514	-0.025747	10	0.8481	0.87385	DYNC1H1	hg38_genes_promoters	0.0019708976345622	2.1724011872654616	0
chr14	100896743	100896936	0.024895	10	0.674	0.64911	MEG8	hg38_genes_promoters	0.0366777812691012	1.1919663691859554	0
chr14	102044422	102044766	-0.022414	14	0.82014	0.84256	LOC107984661	hg38_genes_promoters	0.0011699417931449	2.349146434901149	0
chr14	101055139	101055472	0.012777	13	0.85723	0.84445	MIR668	hg38_genes_promoters	0.0221242845880059	1.3648403881194284	0
chr14	100896743	100896936	0.024895	10	0.674	0.64911	SNORD112	hg38_genes_promoters	0.0366777812691012	1.1919663691859554	0
chr14	99792968	99793050	0.013613	10	0.0452	0.031587	EML1	hg38_genes_promoters	0.0494232939150859	1.0922374265282677	0
chr14	100874486	100874648	0.025289	10	0.8685	0.84321	MIR337	hg38_genes_promoters	0.0139028525252384	1.522691440056852	0
chr14	102048578	102048754	0.026004	12	0.83592	0.80991	DYNC1H1	hg38_genes_promoters	0.001878645761518	2.1886050708564553	0
chr14	94581253	94581482	-0.023105	10	0.092	0.11511	SERPINA5	hg38_genes_promoters	0.0303521650854222	1.2544971112668144	0
chr14	95210851	95211007	-0.036083	10	0.8123	0.84838	CLMN	hg38_genes_promoters	0.0048578684444162	1.867535902772546	0
chr14	95320314	95320464	-0.024275	10	0.4361	0.46038	LINC02292	hg38_genes_promoters	0.7259862709554968	0.13459126805626667	0
chr14	95320314	95320464	-0.024275	10	0.4361	0.46038	CLMN	hg38_genes_promoters	0.7259862709554968	0.13459126805626667	0
chr14	95475709	95476135	-0.019153	10	0.5409	0.56005	SYNE3	hg38_genes_promoters	0.4621584381128519	0.3127853712900338	0
chr14	96204269	96204445	0.020991	14	0.34257	0.32158	BDKRB2	hg38_genes_promoters	0.1962754545153195	0.6220781160286193	0
chr14	96204269	96204445	0.020991	14	0.34257	0.32158	BDKRB1	hg38_genes_promoters	0.1962754545153195	0.6220781160286193	0
chr14	96663100	96663287	0.035516	10	0.8522	0.81668	LOC105370645	hg38_genes_promoters	0.0085011590738664	1.6841084717616388	0
chr14	99603448	99603686	-0.01947	39	0.15069	0.17016	HHIPL1	hg38_genes_promoters	3.177618140432662e-05	3.6010080380424125	0
chr14	100239315	100239403	-0.018882	10	0.021211	0.040093	YY1	hg38_genes_promoters	0.007546936835922	1.7217574078929703	0
chr14	100292323	100292476	0.028869	25	0.85228	0.82341	SLC25A29	hg38_genes_promoters	5.3982849900624255e-08	5.889895002331104	1
chr14	100884640	100885011	0.019097	13	0.86946	0.85036	MIR136	hg38_genes_promoters	0.0269802185646653	1.2956112002679712	0
chr14	100297322	100297682	-0.034875	14	0.097786	0.13266	SLC25A29	hg38_genes_promoters	0.0011054245128405	2.3700590524238705	0
chr14	100307276	100307475	-0.020368	16	0.017	0.037368	SLC25A29	hg38_genes_promoters	1.1556798356273078e-13	10.969915827331505	-1
chr14	100323030	100323438	-0.023045	12	0.81467	0.83771	SLC25A47	hg38_genes_promoters	0.0964587459879675	0.8671986806079008	0
chr14	100476401	100477090	-0.020587	13	0.86177	0.88236	WDR25	hg38_genes_promoters	7.365239349017911e-05	3.3024122597551933	0
chr14	100569447	100569917	-0.047955	14	0.29843	0.34638	BEGAIN	hg38_genes_promoters	0.0204932195354478	1.390363837030179	0
chr14	100570727	100570925	-0.010749	10	0.7683	0.77905	BEGAIN	hg38_genes_promoters	0.2981486367023396	0.4750466833935109	0
chr14	100657261	100657530	0.019295	12	0.73092	0.71162	LINC00523	hg38_genes_promoters	0.2876031841180354	0.48704238989042564	0
chr14	100726875	100726963	-0.016936	16	0.018062	0.034998	DLK1	hg38_genes_promoters	0.0002160716131611	2.9295211308216147	0
chr14	100826037	100826271	0.038737	18	0.49678	0.45804	MEG3	hg38_genes_promoters	2.495491509093605e-06	4.518899659244093	0
chr14	100832582	100832813	-0.015767	12	0.8355	0.85127	MEG3	hg38_genes_promoters	0.005984487293655	1.7993663709600314	0
chr14	100835752	100836059	-0.024499	10	0.7991	0.8236	MEG8	hg38_genes_promoters	0.0537935749192547	1.064416914848118	0
chr14	100845365	100845597	0.040621	10	0.8095	0.76888	MEG3	hg38_genes_promoters	0.0072618159275288	1.7352983109084477	0
chr14	100874486	100874648	0.025289	10	0.8685	0.84321	MIR665	hg38_genes_promoters	0.0139028525252384	1.522691440056852	0
chr14	100307276	100307475	-0.020368	16	0.017	0.037368	MIR345	hg38_genes_promoters	1.1556798356273078e-13	10.969915827331505	-1
chr14	102052767	102053067	0.013006	10	0.8081	0.79509	LOC107984661	hg38_genes_promoters	0.4873646432672393	0.2930536435859599	0
chr14	104931992	104932140	0.012447	16	0.80663	0.79418	PLD4	hg38_genes_promoters	0.0119915468002386	1.570866079037476	0
chr14	102234889	102235314	-0.057482	22	0.49759	0.55507	MOK	hg38_genes_promoters	0.0022080477805361	2.132404313658833	0
chr14	104776658	104776839	0.033176	10	0.8673	0.83412	AKT1	hg38_genes_promoters	0.0004340583178789	2.693229765560803	0
chr14	104794170	104794315	0.049584	10	0.1489	0.099316	AKT1	hg38_genes_promoters	0.079489155080967	0.9306753036159877	0
chr14	104893747	104893990	0.014776	12	0.81092	0.79614	CEP170B	hg38_genes_promoters	0.1467072892271266	0.7260540262850637	0
chr14	104931739	104931974	0.011833	17	0.774	0.76217	PLD4	hg38_genes_promoters	0.0672653353119755	0.9872534142148387	0
chr14	94561002	94561494	0.045395	10	0.7655	0.72011	SERPINA5	hg38_genes_promoters	0.0195906829387233	1.4050863662600555	0
chr14	104978827	104978973	0.030132	12	0.26417	0.23404	AHNAK2	hg38_genes_promoters	0.0514043560740509	1.079550728940287	0
chr14	104985034	104985147	-0.017032	10	0.7886	0.80563	CLBA1	hg38_genes_promoters	0.1861949064620609	0.6405671925814749	0
chr14	105055440	105055827	-0.019056	17	0.82582	0.84488	GPR132	hg38_genes_promoters	0.0063176309224139	1.7826383391666687	0
chr14	105065517	105065987	0.017059	13	0.14046	0.1234	GPR132	hg38_genes_promoters	0.2241324474172343	0.5749188380887307	0
chr14	105147244	105147386	0.024972	11	0.862	0.83703	JAG2	hg38_genes_promoters	0.0696512210911486	0.97523628998646	0
chr14	105148115	105148227	0.030294	12	0.88692	0.85662	JAG2	hg38_genes_promoters	6.856783416248733e-06	4.152536224783571	0
chr14	105150938	105151129	0.028293	10	0.7589	0.73061	MIR6765	hg38_genes_promoters	0.0608559404444572	1.0210755464412655	0
chr14	105173986	105174455	0.020639	10	0.3682	0.34756	NUDT14	hg38_genes_promoters	0.6317692259870596	0.19123628816589494	0
chr14	105182175	105182427	-0.019574	10	0.7869	0.80647	NUDT14	hg38_genes_promoters	0.0268739286163396	1.2970683049045955	0
chr14	105182175	105182427	-0.019574	10	0.7869	0.80647	JAG2	hg38_genes_promoters	0.0268739286163396	1.2970683049045955	0
chr14	105223312	105223508	-0.027905	10	0.8522	0.88011	BRF1	hg38_genes_promoters	0.000103809336348	3.1808014168037895	0
chr14	105247365	105247782	-0.051484	12	0.73417	0.78565	BRF1	hg38_genes_promoters	3.9104959172210784e-05	3.524432169709217	0
chr14	105247365	105247782	-0.051484	12	0.73417	0.78565	BTBD6	hg38_genes_promoters	3.9104959172210784e-05	3.524432169709217	0
chr14	105313515	105313829	-0.017791	10	0.0697	0.087491	PACS2	hg38_genes_promoters	0.0578975602528471	1.038824735686772	0
chr14	105335401	105335491	0.023858	10	0.8297	0.80584	PACS2	hg38_genes_promoters	0.0221885514308776	1.3638956463420855	0
chr14	105335821	105335941	-0.016335	10	0.8533	0.86964	PACS2	hg38_genes_promoters	0.0219684807501092	1.3667527431342315	0
chr14	105382814	105383195	0.013303	17	0.85241	0.83911	PACS2	hg38_genes_promoters	0.5246126333913236	0.2642633044840176	0
chr14	105448121	105448704	0.016632	19	0.82242	0.80579	MTA1	hg38_genes_promoters	0.0814915968946323	0.9226418682691921	0
chr14	105464613	105464703	0.033024	11	0.88345	0.85043	MTA1	hg38_genes_promoters	4.79623219858532e-07	5.1051627950614815	1
chr14	105478462	105478588	0.058267	10	0.3099	0.25163	CRIP2	hg38_genes_promoters	0.000816301076392	2.4743040408895194	0
chr14	104743480	104743883	0.038437	12	0.859	0.82056	ADSS1	hg38_genes_promoters	0.0013769180464377	2.2911858393682993	0
chr14	104735775	104736463	-0.031959	12	0.50783	0.53979	ADSS1	hg38_genes_promoters	0.2144384742224389	0.5906557291358819	0
chr14	104729220	104729479	-0.020079	10	0.8135	0.83358	ADSS1	hg38_genes_promoters	0.0051020967575814	1.8528805257452596	0
chr14	104714950	104715040	0.020089	10	0.8663	0.84621	INF2	hg38_genes_promoters	0.0118920472240302	1.573247158936151	0
chr14	102544803	102544862	0.015789	10	0.057	0.041211	LINC02323	hg38_genes_promoters	0.016469487313388	1.4638158801339707	0
chr14	102776856	102776930	-0.058385	10	0.62091	0.6793	TRAF3	hg38_genes_promoters	0.0074160624351681	1.7273956448234022	0
chr14	102927779	102928007	-0.029326	10	0.0625	0.091826	AMN	hg38_genes_promoters	0.02954670891166	1.2641991073570829	0
chr14	103099717	103100510	-0.052326	21	0.718	0.77033	EXOC3L4	hg38_genes_promoters	4.477315302542516e-06	4.301954997208728	0
chr14	103107378	103107666	-0.013562	15	0.8188	0.83236	EXOC3L4	hg38_genes_promoters	0.5928384139007272	0.21654833624146777	0
chr14	103121996	103122657	-0.016208	17	0.038765	0.054973	TNFAIP2	hg38_genes_promoters	0.0057373447307894	1.8139545022225974	0
chr14	103127432	103127585	0.043143	21	0.86267	0.81952	TNFAIP2	hg38_genes_promoters	1.2871629084753298e-18	15.488750572353046	1
chr14	103189678	103189795	-0.03211	10	0.4435	0.47561	LINC00605	hg38_genes_promoters	0.1092751547622262	0.8259113773280409	0
chr14	103521130	103521220	-0.012985	10	0.0075	0.020485	CKB	hg38_genes_promoters	0.0729425174110329	0.9599040310752587	0
chr14	103528205	103528576	0.036654	10	0.6556	0.61895	TRMT61A	hg38_genes_promoters	0.1288410517571993	0.7689366490205857	0
chr14	103698900	103699073	-0.015674	10	0.5198	0.53547	KLC1	hg38_genes_promoters	0.3797995008213901	0.38746518167862865	0
chr14	103727613	103727733	0.02786	12	0.839	0.81114	ZFYVE21	hg38_genes_promoters	0.0001701508260224	3.0125422105239634	0
chr14	102231864	102232374	-0.015616	10	0.7967	0.81232	MOK	hg38_genes_promoters	0.2162390229333313	0.5877324737225935	0
chr14	103740260	103740373	0.033616	10	0.8603	0.82668	PPP1R13B	hg38_genes_promoters	0.0001537282724479	3.0471166575744815	0
chr14	103879969	103880182	-0.01523	10	0.0183	0.03353	LOC105370690	hg38_genes_promoters	0.2483253267268457	0.5396977042401536	0
chr14	103928384	103928616	0.05655	29	0.64348	0.58693	TDRD9	hg38_genes_promoters	1.0234007009865629e-07	5.658376245277226	1
chr14	103928384	103928616	0.05655	29	0.64348	0.58693	ATP5MJ	hg38_genes_promoters	1.0234007009865629e-07	5.658376245277226	1
chr14	104085120	104085301	-0.043484	10	0.4292	0.47268	ASPG	hg38_genes_promoters	0.0345365955569278	1.211436101463926	0
chr14	104104628	104104749	-0.02301	10	0.7208	0.74381	ASPG	hg38_genes_promoters	0.0776705431113234	0.9392148673944009	0
chr14	104107210	104107334	-0.016737	10	0.806	0.82274	ASPG	hg38_genes_promoters	0.1264690418941809	0.7758671746551928	0
chr14	104118129	104118293	0.060966	13	0.66477	0.6038	MIR203B	hg38_genes_promoters	9.334561437565886e-06	4.035893495671885	0
chr14	104688087	104688999	-0.029619	37	0.47438	0.504	INF2	hg38_genes_promoters	0.0532979097259708	1.0674729065518405	0
chr14	104689000	104689254	-0.051703	17	0.081412	0.13311	INF2	hg38_genes_promoters	7.420146848406089e-09	6.636833347533032	-1
chr14	104701104	104701291	-0.043484	10	0.5642	0.60768	INF2	hg38_genes_promoters	0.0379865746089389	1.1801219576464999	0
chr14	104706873	104707072	-0.021382	12	0.80125	0.82263	INF2	hg38_genes_promoters	0.0125878962155888	1.5538565146519194	0
chr14	104710447	104710636	-0.040863	10	0.826	0.86686	INF2	hg38_genes_promoters	4.53456920521626e-06	4.2970360826758744	0
chr14	103746749	103747161	0.012932	10	0.8244	0.81147	PPP1R13B	hg38_genes_promoters	0.1205749008689879	0.7920063242590389	0
chr14	94561002	94561494	0.045395	10	0.7655	0.72011	SERPINA4	hg38_genes_promoters	0.0195906829387233	1.4050863662600555	0
chr14	100882948	100883129	-0.026742	10	0.8461	0.87284	MIR127	hg38_genes_promoters	2.284469708825997e-06	4.548696302336101	0
chr14	91253960	91254234	-0.059555	10	0.3528	0.41236	GPR68	hg38_genes_promoters	0.0091930907781422	1.658046339001876	0
chr14	24310062	24310694	-0.024989	10	0.1668	0.19179	LTB4R2	hg38_genes_promoters	0.6509454505191803	0.17885315588922246	0
chr14	24310062	24310694	-0.024989	10	0.1668	0.19179	LTB4R	hg38_genes_promoters	0.6509454505191803	0.17885315588922246	0
chr14	24310719	24310824	-0.026595	10	0.0103	0.036895	CIDEB	hg38_genes_promoters	5.8717798620765575e-05	3.380988069387432	0
chr14	24310719	24310824	-0.026595	10	0.0103	0.036895	LTB4R	hg38_genes_promoters	5.8717798620765575e-05	3.380988069387432	0
chr14	24312495	24313332	0.012566	10	0.3269	0.31433	LTB4R	hg38_genes_promoters	0.5877028452739307	0.21998822896717152	0
chr14	24332601	24332665	-0.019605	10	0.0495	0.069105	ADCY4	hg38_genes_promoters	0.0021816968571998	2.136997026350117	0
chr14	24339990	24340644	-0.011069	10	0.2173	0.22837	RIPK3	hg38_genes_promoters	0.5730614635439211	0.22962585378582892	0
chr14	24373398	24373806	-0.014668	13	0.85285	0.86751	NFATC4	hg38_genes_promoters	0.0022678664288375	2.1232229118468893	0
chr14	24427852	24428357	0.015905	15	0.7318	0.71589	KHNYN	hg38_genes_promoters	0.0594698587997593	1.02964676883547	0
chr14	27845621	27845767	0.012495	15	0.83213	0.81964	LOC728755	hg38_genes_promoters	0.1634548256221799	0.687574285836898	0
chr14	28765929	28765993	-0.013668	10	0.0287	0.042368	FOXG1	hg38_genes_promoters	0.0003625705771213	2.753687938622453	0
chr14	28765929	28765993	-0.013668	10	0.0287	0.042368	FOXG1-AS1	hg38_genes_promoters	0.0003625705771213	2.753687938622453	0
chr14	28785554	28785780	-0.011368	12	0.057667	0.069035	LINC02282	hg38_genes_promoters	0.1035024933343708	0.8437283166471518	0
chr14	30874754	30874845	-0.012074	10	0.0074	0.019474	COCH	hg38_genes_promoters	3.921354919759077e-07	5.1755763002904	-1
chr14	31457331	31457438	-0.069521	10	0.0879	0.15742	HEATR5A	hg38_genes_promoters	1.1603921629517342e-11	9.171644123707793	-1
chr14	31457331	31457438	-0.069521	10	0.0879	0.15742	DTD2	hg38_genes_promoters	1.1603921629517342e-11	9.171644123707793	-1
chr14	31944478	31944939	0.025055	10	0.6627	0.63764	LINC02313	hg38_genes_promoters	0.6599682949966104	0.17342213257757177	0
chr14	35809129	35809278	0.011553	12	0.028833	0.017281	RALGAPA1	hg38_genes_promoters	1.491002416042078e-07	5.520728658955338	1
chr14	36513294	36513519	-0.013768	10	0.0356	0.049368	SFTA3	hg38_genes_promoters	0.0170710117915407	1.4509244494598934	0
chr14	36582833	36583050	0.017255	11	0.062818	0.045563	NKX2-8	hg38_genes_promoters	0.035844511236477	1.1997717393642757	0
chr14	37611103	37611203	0.015965	12	0.1375	0.12154	TTC6	hg38_genes_promoters	0.341900904283772	0.42632967411894435	0
chr14	38255421	38255521	-0.010805	10	0.0143	0.025105	LOC112268136	hg38_genes_promoters	0.0020554208101062	2.1583770746386315	0
chr14	41607816	41608144	-0.011871	13	0.012308	0.024179	LRFN5	hg38_genes_promoters	0.0024313643440193	2.099377139243484	0
chr14	44962899	44964360	-0.047854	32	0.24344	0.29129	KLHL28	hg38_genes_promoters	0.0010687825837747	2.381572091443004	0
chr14	24205548	24205790	0.026588	10	0.8899	0.86331	TSSK4	hg38_genes_promoters	0.265774536292144	0.5154906949050522	0
chr14	24183265	24183859	0.02357	14	0.84271	0.81914	IPO4	hg38_genes_promoters	0.0045759187836676	1.886838073473142	0
chr14	24172152	24172350	-0.019239	15	0.072867	0.092105	REC8	hg38_genes_promoters	0.0007444780428367	2.5046834456917937	0
chr14	24135810	24135938	-0.011071	11	0.0033636	0.014434	PSME1	hg38_genes_promoters	1.1778086931627917e-05	3.9555424637262697	0
chr14	92449622	92450118	0.025767	12	0.85908	0.83332	SLC24A4	hg38_genes_promoters	0.0511037117293749	1.0809632529716706	0
chr14	19300946	19301107	0.023883	16	0.66606	0.64218	BMS1P17	hg38_genes_promoters	0.0504370104010731	1.0855284329496238	0
chr14	19435026	19435097	0.041789	16	0.485	0.44321	POTEG	hg38_genes_promoters	0.000543838692502	2.6127374198576923	0
chr14	20891141	20891831	-0.046705	10	0.1808	0.22751	RNASE3	hg38_genes_promoters	0.004795252350281	1.8721166200706454	0
chr14	21074475	21074765	0.020856	16	0.85469	0.83383	ARHGEF40	hg38_genes_promoters	0.0087465790633575	1.6743614797185515	0
chr14	21087320	21087415	-0.047323	10	0.7529	0.80022	ARHGEF40	hg38_genes_promoters	0.0016738733561237	2.2260334798998507	0
chr14	21099132	21099621	-0.027807	10	0.4568	0.48461	ZNF219	hg38_genes_promoters	0.2575637430619365	0.526764423054195	0
chr14	21269277	21269448	-0.012477	14	0.00014286	0.01262	HNRNPC	hg38_genes_promoters	1.1439532700005112e-08	6.48043002965648	-1
chr14	21394911	21395079	-0.024627	13	0.87708	0.9017	CHD8	hg38_genes_promoters	2.471861810366036e-05	3.690104486350679	0
chr14	22589837	22590069	-0.018332	10	0.1893	0.20763	DAD1	hg38_genes_promoters	0.9084632968895402	0.040614692240152836	0
chr14	22819730	22820396	-0.015256	10	0.2905	0.30576	SLC7A7	hg38_genes_promoters	0.6535974545727866	0.1771957910328754	0
chr14	22837096	22837366	-0.018629	18	0.0072222	0.025851	MMP14	hg38_genes_promoters	4.766299681005349e-13	10.419374139115387	-1
chr14	49853874	49854090	0.015758	14	0.0645	0.048742	RN7SL3	hg38_genes_promoters	0.607450044093754	0.2071306821986585	0
chr14	22876191	22876600	0.019	10	0.857	0.838	LRP10	hg38_genes_promoters	0.0080183691443662	1.701669371806706	0
chr14	22921995	22923265	-0.038082	10	0.7466	0.78468	PRMT5	hg38_genes_promoters	0.0036205059734293	1.965828606263837	0
chr14	22981620	22981699	-0.030954	10	0.1607	0.19165	AJUBA	hg38_genes_promoters	0.0127409276077117	1.5501546226920337	0
chr14	22981620	22981699	-0.030954	10	0.1607	0.19165	AJUBA-DT	hg38_genes_promoters	0.0127409276077117	1.5501546226920337	0
chr14	23095286	23095459	-0.010003	10	0.0039	0.013903	ACIN1	hg38_genes_promoters	0.158384770748078	0.6989697829943314	0
chr14	23095286	23095459	-0.010003	10	0.0039	0.013903	C14orf119	hg38_genes_promoters	0.158384770748078	0.6989697829943314	0
chr14	23118477	23119688	0.054228	25	0.39632	0.34209	CEBPE	hg38_genes_promoters	0.0004349511786922	2.6925885916394607	0
chr14	23119846	23120256	0.01535	11	0.19027	0.17492	CEBPE	hg38_genes_promoters	0.4523223334114956	0.321390739819772	0
chr14	23353565	23354215	-0.013529	10	0.8083	0.82183	SLC22A17	hg38_genes_promoters	0.1619070493625276	0.6911383456969953	0
chr14	23969863	23969915	-0.021037	10	0.0157	0.036737	DHRS4L1	hg38_genes_promoters	0.0445971299108918	1.1248063746934494	0
chr14	23969863	23969915	-0.021037	10	0.0157	0.036737	DHRS4L2	hg38_genes_promoters	0.0445971299108918	1.1248063746934494	0
chr14	23988986	23989313	-0.064306	16	0.035562	0.099868	DHRS4-AS1	hg38_genes_promoters	2.669483446331164e-07	5.315335842860295	-1
chr14	23988986	23989313	-0.064306	16	0.035562	0.099868	DHRS4L2	hg38_genes_promoters	2.669483446331164e-07	5.315335842860295	-1
chr14	22882666	22883295	-0.018889	10	0.54804	0.56693	REM2	hg38_genes_promoters	0.4083013956813179	0.3603152272912426	0
chr14	50982175	50982372	-0.022558	10	0.8466	0.86916	TRIM9	hg38_genes_promoters	0.0006094647594823	2.5724301100682982	0
chr14	24071025	24071631	0.040278	16	0.538	0.49772	CPNE6	hg38_genes_promoters	0.0936252224111639	0.8768008357850591	0
chr14	55578966	55579267	-0.019813	10	0.5362	0.55601	KTN1	hg38_genes_promoters	0.1481706410709657	0.7223490381835764	0
chr14	75069874	75070638	-0.01723	22	0.67191	0.68914	ACYP1	hg38_genes_promoters	0.2763008521452524	0.5009025766934883	0
chr14	75971247	75971806	-0.010836	10	0.8544	0.86524	TGFB3	hg38_genes_promoters	0.1392709300838597	0.7437222384315408	0
chr14	76058055	76058253	-0.011684	11	0.87291	0.88459	IFT43	hg38_genes_promoters	0.0007352389468185	2.50897438448221	0
chr14	76310479	76310892	-0.012961	10	0.2215	0.23446	ESRRB	hg38_genes_promoters	0.4263471899384858	0.3439412983765478	0
chr14	76310479	76310892	-0.012961	10	0.2215	0.23446	LOC105370575	hg38_genes_promoters	0.4263471899384858	0.3439412983765478	0
chr14	76439465	76439596	-0.014769	13	0.82985	0.84462	ESRRB	hg38_genes_promoters	0.0101948860916325	1.6243042242782733	0
chr14	76761230	76761323	-0.015532	10	0.0171	0.032632	VASH1	hg38_genes_promoters	0.0024199630463839	2.1007134248402926	0
chr14	76769182	76769994	-0.019823	12	0.76408	0.78391	VASH1	hg38_genes_promoters	0.0890286146182716	0.8937453987592298	0
chr14	77265579	77266151	0.025982	13	0.78292	0.75694	MIR1260A	hg38_genes_promoters	0.0035206055259766	1.9749135581305883	0
chr14	77327677	77328230	-0.025355	10	0.8506	0.87596	GSTZ1	hg38_genes_promoters	0.0010747393237832	2.3795319567137354	0
chr14	77761121	77761298	-0.011391	15	0.0036	0.014991	SNW1	hg38_genes_promoters	7.537658463508415e-05	3.293728834734085	0
chr14	80211264	80211383	0.082468	10	0.5611	0.47863	DIO2	hg38_genes_promoters	0.0016773741451872	2.2260334798998507	0
chr14	80211264	80211383	0.082468	10	0.5611	0.47863	DIO2-AS1	hg38_genes_promoters	0.0016773741451872	2.2260334798998507	0
chr14	80955183	80955583	-0.01977	10	0.0636	0.08337	TSHR	hg38_genes_promoters	0.0698413028910203	0.9743798442731699	0
chr14	81276920	81277374	-0.021483	12	0.81467	0.83615	STON2	hg38_genes_promoters	0.0256906614950731	1.312868422735837	0
chr14	81323858	81324153	-0.021352	12	0.82517	0.84652	STON2	hg38_genes_promoters	0.0044814776571811	1.8935993104341828	0
chr14	81427198	81428067	-0.030844	10	0.1223	0.15314	STON2	hg38_genes_promoters	0.1103860038700444	0.8225378067133584	0
chr14	82642507	82642739	0.019514	14	0.75807	0.73856	LINC02301	hg38_genes_promoters	0.083361952352394	0.9149243124518708	0
chr14	85531833	85531941	-0.012634	20	0.00605	0.018684	LOC100506731	hg38_genes_promoters	5.932445194085275e-10	7.6078021056394025	-1
chr14	89412075	89412480	-0.01312	13	0.84892	0.86204	FOXN3	hg38_genes_promoters	0.0230793230306106	1.3500429397666114	0
chr14	90454302	90455131	0.014053	25	0.779	0.76495	LINC02317	hg38_genes_promoters	0.1510868730379914	0.7157896394726722	0
chr14	90454302	90455131	0.014053	25	0.779	0.76495	LINC00642	hg38_genes_promoters	0.1510868730379914	0.7157896394726722	0
chr14	90617995	90618533	-0.011164	10	0.8726	0.88376	TTC7B	hg38_genes_promoters	0.0465262349464358	1.111606869160329	0
chr14	52313017	52313668	-0.021489	10	0.0807	0.10219	PTGER2	hg38_genes_promoters	0.1481662330308009	0.7223490381835764	0
chr14	90657440	90658226	-0.041124	10	0.8222	0.86332	TTC7B	hg38_genes_promoters	0.0055450898302558	1.8255773203691525	0
chr14	74348427	74348702	0.036621	10	0.7572	0.72058	VRTN	hg38_genes_promoters	0.0948986455321536	0.8725307060474958	0
chr14	73740135	73741120	-0.053112	10	0.4892	0.54231	MIDEAS	hg38_genes_promoters	0.1770950028421395	0.6593420039583224	0
chr14	78242442	78243089	0.011142	10	0.8273	0.81616	NRXN3	hg38_genes_promoters	0.2286425579721774	0.5683069431036135	0
chr14	61995003	61996213	-0.013252	10	0.677	0.69025	SYT16	hg38_genes_promoters	0.7104441881719776	0.14316246601835284	0
chr14	58646443	58646593	0.021305	10	0.8512	0.82989	LINC01500	hg38_genes_promoters	0.0283823725089396	1.2785330924879699	0
chr14	73729743	73729942	0.025579	13	0.88169	0.85611	MIDEAS	hg38_genes_promoters	0.0022309357111566	2.1285793117885023	0
chr14	58828106	58828361	0.011279	10	0.8587	0.84742	LINC01500	hg38_genes_promoters	0.1366485880000917	0.7503007511457923	0
chr14	59465472	59465571	-0.010958	10	0.0061	0.017058	GPR135	hg38_genes_promoters	0.0005358561497539	2.6180083299089403	0
chr14	60515507	60515587	-0.012279	10	0.0383	0.050579	C14orf39	hg38_genes_promoters	0.0143235586752969	1.5131787992104124	0
chr14	61281494	61281822	0.034223	12	0.49408	0.45986	TMEM30B	hg38_genes_promoters	0.1346512938211965	0.7554334953621438	0
chr14	61751058	61751243	0.011005	22	0.029545	0.018541	HIF1A-AS3	hg38_genes_promoters	0.0001312609780084	3.0999950451110085	0
chr14	61864241	61864504	0.03239	22	0.81641	0.78402	SYT16	hg38_genes_promoters	5.228058648762129e-10	7.649051508838375	1
chr14	63045121	63045305	-0.010829	10	0.0145	0.025329	KCNH5	hg38_genes_promoters	0.0028787759136786	2.0414171545814352	0
chr14	63204798	63205085	0.045167	12	0.406	0.36083	RHOJ	hg38_genes_promoters	0.0943638514630183	0.8742271091173763	0
chr14	63761794	63762051	-0.032308	19	0.38279	0.4151	SYNE2	hg38_genes_promoters	0.0344176405361081	1.2124553367158062	0
chr14	64212939	64213527	-0.014251	13	0.87923	0.89348	SYNE2	hg38_genes_promoters	0.0024019360023424	2.103077835146329	0
chr14	58828106	58828361	0.011279	10	0.8587	0.84742	LOC107984642	hg38_genes_promoters	0.1366485880000917	0.7503007511457923	0
chr14	64215345	64215855	-0.01164	12	0.84117	0.85281	SYNE2	hg38_genes_promoters	0.0890239176701353	0.8937453987592298	0
chr14	72929254	72929459	-0.024124	10	0.8458	0.86992	DCAF4	hg38_genes_promoters	0.0002294525703764	2.909789019597992	0
chr14	64505270	64505366	0.010254	10	0.0133	0.0030464	ZBTB25	hg38_genes_promoters	1.1238760141823448e-12	10.103213548233306	1
chr14	64727673	64727926	-0.025785	14	0.84907	0.87486	PLEKHG3	hg38_genes_promoters	3.207662935427679e-05	3.5977692499592107	0
chr14	69153904	69154128	-0.015723	10	0.0316	0.047323	DCAF5	hg38_genes_promoters	0.1708046314022273	0.6727114123006118	0
chr14	69657906	69658393	-0.012011	11	0.81164	0.82365	SUSD6	hg38_genes_promoters	0.5817160169833084	0.22389037739455125	0
chr14	70223718	70223823	0.071032	10	0.7304	0.65937	LOC646548	hg38_genes_promoters	0.0008550523965267	2.459876165024906	0
chr14	72679259	72679685	0.028783	16	0.80294	0.77415	DPF3	hg38_genes_promoters	0.0098429331535345	1.6362891069116632	0
chr14	72925939	72926093	0.010845	16	0.039562	0.028717	DCAF4	hg38_genes_promoters	0.0372481402288271	1.186583445406354	0
chr14	64260646	64260948	-0.029606	15	0.8146	0.84421	ESR2	hg38_genes_promoters	6.81218925223355e-05	3.329615502598946	0
chr14	72958648	72958750	-0.012153	10	0.8559	0.86805	DCAF4	hg38_genes_promoters	0.0136613640278831	1.5275819459342086	0
chr14	73105886	73106055	-0.027116	15	0.86367	0.89078	RBM25	hg38_genes_promoters	9.691254185001265e-06	4.023834173259456	0
chr14	73246099	73246154	-0.014005	10	0.0201	0.034105	PAPLN-AS1	hg38_genes_promoters	0.0014811497801884	2.265452446641178	0
chr14	73725336	73726071	-0.034924	10	0.5578	0.59272	MIDEAS	hg38_genes_promoters	0.0318718391420898	1.2381450760712238	0
chr15	75042898	75043183	-0.029347	10	0.0534	0.082747	PPCDC	hg38_genes_promoters	0.0217362999326131	1.3702072018193736	0
chr15	75234827	75235432	0.016592	10	0.811	0.79441	LOC105376731	hg38_genes_promoters	0.0911027555575265	0.8858261923383756	0
chr15	75048557	75048863	-0.014823	10	0.857	0.87182	PPCDC	hg38_genes_promoters	0.0892088205661497	0.893170177146481	0
chr15	75049395	75049661	-0.034168	10	0.4582	0.49237	PPCDC	hg38_genes_promoters	0.1239573420397991	0.7822911241656001	0
chr15	75480566	75480839	0.044792	41	0.84985	0.80506	PTPN9	hg38_genes_promoters	7.594166046065304e-28	24.115844008716238	1
chr15	74854172	74854757	0.018271	14	0.88421	0.86594	SCAMP2	hg38_genes_promoters	0.001803425403411	2.2007479074103653	0
chr15	81296555	81296932	-0.016268	10	0.0481	0.064368	IL16	hg38_genes_promoters	0.0069550327028355	1.7504845599619334	0
chr15	74816028	74816218	0.0143	10	0.7943	0.78	LMAN1L	hg38_genes_promoters	0.2954820371922446	0.47804043033896565	0
chr15	74799068	74799348	0.031278	11	0.80519	0.77391	CSK	hg38_genes_promoters	0.007608654017177	1.7195123140317206	0
chr15	74789268	74789623	0.012023	10	0.096	0.083977	MIR4513	hg38_genes_promoters	0.0412995480002141	1.1507705089533862	0
chr15	75722569	75723313	-0.015377	13	0.81731	0.83268	ODF3L1	hg38_genes_promoters	0.0595238158184461	1.0294219639437148	0
chr15	74620123	74620196	0.021437	10	0.8707	0.84926	CLK3	hg38_genes_promoters	0.0027168334659152	2.061256452909243	0
chr15	74339366	74339995	0.015741	15	0.8422	0.82646	CYP11A1	hg38_genes_promoters	0.2468294749277164	0.5417582913011625	0
chr15	74843694	74844051	-0.043922	10	0.5109	0.55482	ULK3	hg38_genes_promoters	0.0688102316074655	0.9797253735053912	0
chr15	76336782	76336865	-0.018211	10	0.066	0.084211	ISL2	hg38_genes_promoters	0.402560908393474	0.36606175513917094	0
chr15	80405011	80406321	0.013516	19	0.41295	0.39943	LOC101929560	hg38_genes_promoters	0.5372814954833309	0.2551268298635248	0
chr15	77032272	77032453	0.023518	13	0.80546	0.78194	PSTPIP1	hg38_genes_promoters	0.002080630418653	2.1546254603810366	0
chr15	77083896	77084087	-0.010726	10	0.0098	0.020526	TSPAN3	hg38_genes_promoters	2.4696527371374644e-05	3.690104486350679	0
chr15	77641345	77641688	0.012147	11	0.80709	0.79494	LINGO1-AS1	hg38_genes_promoters	0.3403608974257316	0.4281722647111635	0
chr15	77696502	77696942	-0.02247	10	0.6657	0.68817	LINGO1	hg38_genes_promoters	0.4331968096857694	0.3377051819679054	0
chr15	77787028	77787336	0.026082	10	0.7904	0.76432	LINGO1	hg38_genes_promoters	0.0247271676203635	1.3260919854488054	0
chr15	78181985	78182140	-0.0115	10	0.864	0.8755	ACSBG1	hg38_genes_promoters	0.0136308356326314	1.5279684628969765	0
chr15	78564606	78564813	-0.021153	10	0.2848	0.30595	CHRNA5	hg38_genes_promoters	0.1925471787595518	0.6284382480980459	0
chr15	78979013	78979151	0.046082	10	0.8648	0.81872	RASGRF1	hg38_genes_promoters	0.0005678946300806	2.5976036310985684	0
chr15	79006243	79006354	-0.030463	10	0.7448	0.77526	RASGRF1	hg38_genes_promoters	0.0087581917345692	1.6739155001651735	0
chr15	79283790	79283921	-0.01217	13	0.019692	0.031862	ANKRD34C-AS1	hg38_genes_promoters	4.07875885451146e-07	5.164953507735684	-1
chr15	80059548	80059594	-0.010311	10	0.0039	0.014211	ZFAND6	hg38_genes_promoters	1.99676218592237e-06	4.586698151607273	0
chr15	81133953	81134512	-0.013135	33	0.097727	0.11086	CFAP161	hg38_genes_promoters	0.0268620724554579	1.2970683049045955	0
chr15	74203012	74203296	0.034032	10	0.6734	0.63937	STRA6	hg38_genes_promoters	0.0149281779586669	1.4985535105608716	0
chr15	81196853	81197194	0.026944	10	0.845	0.81806	IL16	hg38_genes_promoters	0.0017920484938261	2.203120157208309	0
chr15	76994587	76995091	0.054059	10	0.3994	0.34534	PSTPIP1	hg38_genes_promoters	0.0704331353846111	0.9717767007980956	0
chr15	74174123	74174416	0.024932	10	0.7253	0.70037	ISLR	hg38_genes_promoters	0.1414918502872707	0.7385911132527536	0
chr15	67184652	67185112	-0.045931	10	0.7809	0.82683	SMAD3	hg38_genes_promoters	0.0028737217598733	2.0420102869097527	0
chr15	74129227	74129415	0.011163	10	0.0419	0.030737	LOC283731	hg38_genes_promoters	0.0107859781847772	1.6050625951929383	0
chr15	66502706	66503435	-0.013203	10	0.6144	0.6276	SNORD16	hg38_genes_promoters	0.4848288972374055	0.29492524782295054	0
chr15	82849600	82849945	-0.018309	18	0.020111	0.03842	HOMER2	hg38_genes_promoters	2.7452744429615407e-08	6.141786718896805	-1
chr15	67063307	67063849	-0.037215	12	0.67125	0.70846	SMAD3	hg38_genes_promoters	0.0207501340755124	1.3863829386149582	0
chr15	67063971	67064888	-0.066887	29	0.45397	0.52085	SMAD3	hg38_genes_promoters	1.1011266332194252e-06	4.805745179018763	0
chr15	67125521	67125873	0.019976	10	0.5573	0.53732	SMAD3	hg38_genes_promoters	0.3127971974611744	0.4576498337887839	0
chr15	67413767	67414217	-0.019432	10	0.4062	0.42563	IQCH-AS1	hg38_genes_promoters	0.4804658353793352	0.29794950561649747	0
chr15	67819629	67819878	-0.024224	12	0.19275	0.21697	SKOR1	hg38_genes_promoters	0.2137376153318363	0.5917874342659244	0
chr15	67838852	67839072	-0.02598	16	0.015	0.04098	LOC101929076	hg38_genes_promoters	1.1653346997381324e-14	11.832963405971295	-1
chr15	68197713	68198306	-0.013632	10	0.793	0.80663	CALML4	hg38_genes_promoters	0.1497396880388598	0.718614264738891	0
chr15	68200478	68200811	-0.020079	10	0.7135	0.73358	CALML4	hg38_genes_promoters	0.1403227266653249	0.7411737621571302	0
chr15	68205268	68205552	-0.024725	10	0.1285	0.15322	CALML4	hg38_genes_promoters	0.0356868189462748	1.2013071853722226	0
chr15	68616026	68616622	-0.011139	12	0.80983	0.82097	CORO2B	hg38_genes_promoters	0.2338497326021148	0.5607479465331181	0
chr15	68781845	68782237	-0.028049	14	0.070786	0.098835	ANP32A	hg38_genes_promoters	0.1000163219736566	0.855691753259665	0
chr15	74129227	74129415	0.011163	10	0.0419	0.030737	ISLR2	hg38_genes_promoters	0.0107859781847772	1.6050625951929383	0
chr15	69031680	69031738	-0.012547	10	0.0164	0.028947	NOX5	hg38_genes_promoters	5.613140029277785e-06	4.219206450779362	0
chr15	69297820	69298496	0.016398	14	0.807	0.7906	PAQR5	hg38_genes_promoters	0.0339675808890934	1.2169444478158598	0
chr15	69298512	69298658	0.054205	10	0.6711	0.61689	PAQR5	hg38_genes_promoters	0.0013983702291372	2.285669816483341	0
chr15	69452041	69452352	0.039874	16	0.25931	0.21944	RPLP1	hg38_genes_promoters	0.0014274837107957	2.2787102669659354	0
chr15	71547190	71547371	0.022079	10	0.8105	0.78842	THSD4	hg38_genes_promoters	0.0890295183221101	0.8937453987592298	0
chr15	72272772	72273126	-0.012745	14	0.13729	0.15003	PARP6	hg38_genes_promoters	0.1163110702881349	0.8050398807491516	0
chr15	72305944	72306754	-0.014027	12	0.34192	0.35594	CELF6	hg38_genes_promoters	0.836265937791759	0.075713402498918	0
chr15	72319896	72320215	0.01209	10	0.022896	0.010806	CELF6	hg38_genes_promoters	0.0382678706642636	1.1776603821184366	0
chr15	72685576	72685853	-0.024293	10	0.0596	0.083893	BBS4	hg38_genes_promoters	0.5847774264982659	0.2219422377239987	0
chr15	73334920	73335304	-0.036307	10	0.6153	0.65161	LOC105370890	hg38_genes_promoters	0.2219511824833634	0.5785905026217563	0
chr15	73442646	73443034	-0.024142	15	0.81927	0.84341	REC114	hg38_genes_promoters	0.0011481812856791	2.355856358171136	0
chr15	73633319	73633389	0.012584	10	0.018276	0.0056921	NPTN	hg38_genes_promoters	0.0081910239714875	1.6959809792325058	0
chr15	73699071	73699933	-0.029975	12	0.66933	0.69931	CD276	hg38_genes_promoters	0.5620496346282391	0.2373321194267162	0
chr15	73946402	73946523	-0.038499	10	0.1428	0.1813	LOXL1	hg38_genes_promoters	0.0661880636726898	0.9922174984941772	0
chr15	74023197	74023303	0.040079	12	0.8635	0.82342	PML	hg38_genes_promoters	3.809363860672388e-11	8.680112961171606	1
chr15	69278420	69278688	-0.021963	10	0.8253	0.84726	PAQR5	hg38_genes_promoters	0.0220610789333388	1.3652418308273946	0
chr15	83285089	83285252	-0.013442	15	0.043333	0.056776	BNC1	hg38_genes_promoters	0.0021256200384089	2.1468635556149485	0
chr15	100861652	100861866	0.0198	10	0.8188	0.799	GCAWKR	hg38_genes_promoters	0.1401633450341234	0.7414361147771216	0
chr15	84884101	84884665	-0.011347	10	0.7986	0.80995	SLC28A1	hg38_genes_promoters	0.2804488972929906	0.49565892624636043	0
chr15	95327039	95327180	-0.015009	14	0.070071	0.085081	LOC105370994	hg38_genes_promoters	0.0119726951857546	1.571245055761891	0
chr15	95327039	95327180	-0.015009	14	0.070071	0.085081	LETR1	hg38_genes_promoters	0.0119726951857546	1.571245055761891	0
chr15	95327676	95327926	-0.036148	10	0.3608	0.39695	LOC105370994	hg38_genes_promoters	0.1394796483693144	0.7432213096863498	0
chr15	95327676	95327926	-0.036148	10	0.3608	0.39695	LETR1	hg38_genes_promoters	0.1394796483693144	0.7432213096863498	0
chr15	96332019	96332063	0.020467	10	0.0813	0.060833	NR2F2	hg38_genes_promoters	0.0078527811649038	1.709157564086512	0
chr15	97522495	97522695	-0.013311	10	0.8349	0.84821	LINC02254	hg38_genes_promoters	0.0146683730628595	1.50457368806472	0
chr15	97874205	97874595	-0.031845	12	0.81583	0.84768	LINC00923	hg38_genes_promoters	0.0001591820214721	3.034979330173698	0
chr15	97875706	97875868	0.053511	24	0.52854	0.47503	LINC00923	hg38_genes_promoters	1.1085538575874094e-06	4.8035895792822085	0
chr15	98088471	98088866	0.071411	13	0.79923	0.72782	LINC01582	hg38_genes_promoters	5.838757748747106e-06	4.210575088954665	0
chr15	98421425	98421618	-0.014618	13	0.087462	0.10208	LINC02351	hg38_genes_promoters	0.0848324146165902	0.9098251768731062	0
chr15	98707811	98708312	0.015332	10	0.8611	0.84577	IGF1R	hg38_genes_promoters	0.0234132352870655	1.3446371562123924	0
chr15	98899908	98900110	-0.071075	10	0.6125	0.68358	IGF1R	hg38_genes_promoters	0.0026708477065736	2.067468201026456	0
chr15	99005624	99006078	0.025462	10	0.5082	0.48274	PGPEP1L	hg38_genes_promoters	0.2886450512400488	0.4860911715283359	0
chr15	99014204	99014887	0.030224	26	0.23919	0.20897	LUNAR1	hg38_genes_promoters	0.0126911363116609	1.55119277294055	0
chr15	94856634	94856893	0.022687	21	0.808	0.78531	LOC105370991	hg38_genes_promoters	0.0011822117792075	2.3452327421052237	0
chr15	99976022	99976214	0.031332	12	0.776	0.74467	LOC105371022	hg38_genes_promoters	0.0015901719520159	2.2435863283981723	0
chr15	100338917	100339298	-0.020011	10	0.3482	0.36821	ADAMTS17	hg38_genes_promoters	0.4348524667239243	0.33644800227619226	0
chr15	100341608	100341643	0.010316	10	0.022	0.011684	ADAMTS17	hg38_genes_promoters	0.0001766866431936	2.999235290728745	0
chr15	100544464	100544675	0.041901	26	0.31312	0.27121	CERS3	hg38_genes_promoters	0.7695841019224243	0.1105020874687087	0
chr15	100558447	100558541	0.062182	13	0.81085	0.74866	LOC102723335	hg38_genes_promoters	1.947831915737198e-09	7.151987495922408	1
chr15	100849578	100849721	0.015916	10	0.0626	0.046684	GCAWKR	hg38_genes_promoters	0.0434388751243522	1.1341469744144301	0
chr15	100919046	100919094	-0.010321	10	0.0131	0.023421	LRRK1	hg38_genes_promoters	0.004888858189632	1.865675238590354	0
chr15	100919046	100919094	-0.010321	10	0.0131	0.023421	ALDH1A3-AS1	hg38_genes_promoters	0.004888858189632	1.865675238590354	0
chr15	101049434	101049683	0.028808	10	0.8608	0.83199	LOC105371026	hg38_genes_promoters	0.0044601824523529	1.8950939939214415	0
chr15	101052905	101053083	-0.012518	13	0.86323	0.87575	LRRK1	hg38_genes_promoters	0.0006508885212375	2.5494738709929563	0
chr15	101086129	101086213	0.026521	10	0.8861	0.85958	LOC105371026	hg38_genes_promoters	0.0003221214528293	2.7933869879504933	0
chr15	101188028	101188290	-0.033845	10	0.4012	0.43505	CHSY1	hg38_genes_promoters	0.2257728569317704	0.5724543266350939	0
chr15	101313048	101313474	-0.020096	17	0.78088	0.80098	PCSK6	hg38_genes_promoters	0.0205125384420466	1.3900615248231047	0
chr15	101458626	101458769	-0.027074	10	0.8404	0.86747	PCSK6	hg38_genes_promoters	0.0001189081600844	3.1342980388961084	0
chr15	66502706	66503435	-0.013203	10	0.6144	0.6276	RPL4	hg38_genes_promoters	0.4848288972374055	0.29492524782295054	0
chr15	99976904	99977321	-0.038908	10	0.6794	0.71831	ADAMTS17	hg38_genes_promoters	0.1697294254741301	0.6747167420544494	0
chr15	84570241	84570337	-0.011199	14	0.0034286	0.014627	LINC00933	hg38_genes_promoters	1.1753259821531984e-06	4.784538390429649	0
chr15	94070595	94070850	-0.028968	10	0.5954	0.62437	LOC105369203	hg38_genes_promoters	0.1170697619685001	0.8026968037799094	0
chr15	93900545	93900679	0.03167	10	0.8661	0.83443	LINC01580	hg38_genes_promoters	0.0007372964936874	2.508214054775122	0
chr15	86079823	86079948	-0.015692	10	0.8604	0.87609	AGBL1	hg38_genes_promoters	0.0464464732283214	1.1119335518237874	0
chr15	88626505	88626702	0.011667	11	0.87082	0.85915	AEN	hg38_genes_promoters	0.2549831985577789	0.530577968389812	0
chr15	89116193	89116484	-0.034249	11	0.74073	0.77498	ABHD2	hg38_genes_promoters	0.2869637755782406	0.4878260256845629	0
chr15	89362302	89362416	0.015459	10	0.0792	0.063741	MIR9-3HG	hg38_genes_promoters	0.2851857843198668	0.4899758377837847	0
chr15	89367940	89368024	-0.010904	12	0.048	0.058904	MIR9-3HG	hg38_genes_promoters	0.159570629725287	0.6961217003421336	0
chr15	89367940	89368024	-0.010904	12	0.048	0.058904	MIR9-3	hg38_genes_promoters	0.159570629725287	0.6961217003421336	0
chr15	89625381	89625559	0.035214	10	0.8861	0.85089	TICRR	hg38_genes_promoters	2.324358340311897e-06	4.543172327514468	0
chr15	89633701	89633801	0.016547	10	0.8756	0.85905	KIF7	hg38_genes_promoters	0.027817462405815	1.2860058742004736	0
chr15	89802699	89803001	-0.042559	10	0.4926	0.53516	ANPEP	hg38_genes_promoters	0.0220906833859642	1.3648698421450864	0
chr15	89806359	89806526	0.026307	12	0.82292	0.79661	ANPEP	hg38_genes_promoters	1.2225427844747388e-06	4.770893028347325	0
chr15	89908301	89908408	0.025312	10	0.8391	0.81379	ARPIN-AP3S2	hg38_genes_promoters	0.0003324656812938	2.7823406537860356	0
chr15	90067422	90067676	0.043141	25	0.86992	0.82678	ZNF710	hg38_genes_promoters	1.9323122435280743e-16	13.460369318571102	1
chr15	90224782	90225073	-0.060213	11	0.73218	0.79239	SEMA4B	hg38_genes_promoters	0.0001252502187938	3.1160295484762814	0
chr15	90660702	90661116	-0.013904	10	0.0541	0.068004	LINC01585	hg38_genes_promoters	0.0472860276479757	1.1071880029234737	0
chr15	93900545	93900679	0.03167	10	0.8661	0.83443	LINC01579	hg38_genes_promoters	0.0007372964936874	2.508214054775122	0
chr15	90839245	90839765	-0.038912	10	0.1479	0.18681	LOC105370969	hg38_genes_promoters	0.0036530746272468	1.9629033583845592	0
chr15	90874235	90874611	-0.025667	12	0.211	0.23667	FURIN	hg38_genes_promoters	0.0613900423561048	1.0188786558461573	0
chr15	90883971	90884210	-0.039722	10	0.0356	0.075322	FES	hg38_genes_promoters	5.9736132397909834e-09	6.718397550358378	-1
chr15	90889296	90889636	0.021716	15	0.82807	0.80635	FES	hg38_genes_promoters	0.0034275036978396	1.9833010530004698	0
chr15	90910536	90910945	0.018238	10	0.8644	0.84616	MAN2A2	hg38_genes_promoters	0.0051366689689546	1.8503765908917322	0
chr15	90915813	90916093	-0.029273	10	0.1145	0.14377	MAN2A2	hg38_genes_promoters	0.0799496217644236	0.928881136448255	0
chr15	90930084	90930281	-0.027842	22	0.010273	0.038115	UNC45A	hg38_genes_promoters	1.1153793116189961e-08	6.489856321567903	-1
chr15	90946784	90946973	-0.02158	10	0.837	0.85858	UNC45A	hg38_genes_promoters	0.0064230211068527	1.7778360145516798	0
chr15	90949339	90949638	-0.042716	10	0.4826	0.52532	UNC45A	hg38_genes_promoters	0.088503158461787	0.8952382018306166	0
chr15	90956738	90956913	0.016945	24	0.057625	0.04068	RCCD1	hg38_genes_promoters	0.0004745283367864	2.660753874821336	0
chr15	92734188	92734237	-0.034548	10	0.1252	0.15975	FAM174B	hg38_genes_promoters	0.0008968876719033	2.4430434284503852	0
chr15	92818658	92819573	-0.021492	14	0.83236	0.85385	CHASERR	hg38_genes_promoters	0.1028836072545935	0.8457362847853999	0
chr15	93311696	93311984	-0.012945	11	0.76736	0.78031	LOC105370982	hg38_genes_promoters	0.0474640798556939	1.1057336125075634	0
chr15	93899911	93900154	-0.013368	13	0.82938	0.84275	LINC01579	hg38_genes_promoters	0.0023364670147373	2.113840540607788	0
chr15	93899911	93900154	-0.013368	13	0.82938	0.84275	LINC01580	hg38_genes_promoters	0.0023364670147373	2.113840540607788	0
chr15	90868056	90868941	-0.020681	14	0.79257	0.81325	FURIN	hg38_genes_promoters	0.023077601024663	1.3500429397666114	0
chr15	66502706	66503435	-0.013203	10	0.6144	0.6276	SNORD18A	hg38_genes_promoters	0.4848288972374055	0.29492524782295054	0
chr15	51681415	51681534	-0.0244	10	0.0236	0.048	SCG3	hg38_genes_promoters	0.0007156658975573	2.517505904333979	0
chr15	66497880	66498290	-0.020233	10	0.164	0.18423	MIR4512	hg38_genes_promoters	0.6261526245483734	0.19478528968502096	0
chr15	25709961	25710349	0.039579	10	0.4288	0.38922	ATP10A	hg38_genes_promoters	0.0924158534864334	0.8806108764415254	0
chr15	25863978	25864378	-0.037165	16	0.70456	0.74173	ATP10A	hg38_genes_promoters	0.0001615192447758	3.0311378708511936	0
chr15	25863978	25864378	-0.037165	16	0.70456	0.74173	ATP10A-DT	hg38_genes_promoters	0.0001615192447758	3.0311378708511936	0
chr15	26629281	26629611	0.041913	17	0.68071	0.63879	GABRB3	hg38_genes_promoters	0.0005067967292429	2.6375697607256217	0
chr15	26666400	26666723	-0.023456	10	0.6241	0.64756	GABRB3	hg38_genes_promoters	0.3160463096444498	0.45442000756158274	0
chr15	26772628	26772665	-0.024919	10	0.06	0.084919	GABRB3	hg38_genes_promoters	0.0051998530891787	1.845885705112199	0
chr15	26867732	26867810	-0.010937	15	0.0198	0.030737	GABRA5	hg38_genes_promoters	5.566554912475457e-06	4.2215492107070265	0
chr15	33194382	33194686	-0.031251	15	0.037267	0.068518	FMN1	hg38_genes_promoters	0.0004639065753063	2.6690964872885967	0
chr15	33857793	33857913	0.021974	10	0.8923	0.87033	RYR3	hg38_genes_promoters	0.1464393447718265	0.7265720678964515	0
chr15	33857793	33857913	0.021974	10	0.8923	0.87033	AVEN	hg38_genes_promoters	0.1464393447718265	0.7265720678964515	0
chr15	34437810	34437899	-0.016792	12	0.0505	0.067292	GOLGA8A	hg38_genes_promoters	0.0002083772364647	2.9411098919959873	0
chr15	35237263	35237341	0.021842	10	0.879	0.85716	ANP32AP1	hg38_genes_promoters	0.122601047726425	0.7865670817911908	0
chr15	36818442	36818653	-0.024653	15	0.80773	0.83239	CSNK1A1P1	hg38_genes_promoters	2.985339918295769e-06	4.455828760554228	0
chr15	25249096	25249778	-0.011667	12	0.77525	0.78692	SNORD115-43	hg38_genes_promoters	0.3422204073532857	0.42600804535193587	0
chr15	37096344	37096581	-0.013203	10	0.1554	0.1686	MEIS2	hg38_genes_promoters	0.2441940758355508	0.5455423173389903	0
chr15	37490683	37490919	-0.011499	21	0.84133	0.85283	LOC105370772	hg38_genes_promoters	0.0116217227659973	1.5802667085841877	0
chr15	38251907	38251974	-0.013805	10	0.003	0.016805	SPRED1	hg38_genes_promoters	1.830137637647349e-05	3.797854235279107	0
chr15	39587350	39587545	-0.024171	13	0.84438	0.86856	THBS1	hg38_genes_promoters	2.568670793133601e-06	4.509600465525496	0
chr15	40239669	40240040	0.013511	14	0.78829	0.77477	PAK6	hg38_genes_promoters	0.1464367712703961	0.7265720678964515	0
chr15	40265897	40266081	0.026895	10	0.873	0.84611	PAK6	hg38_genes_promoters	0.0001218144008287	3.126130842306205	0
chr15	40290996	40291112	0.064407	10	0.768	0.70359	PLCB2	hg38_genes_promoters	4.1128493893085484e-09	6.862906670307584	1
chr15	40294237	40294379	0.026005	10	0.8749	0.84889	PLCB2	hg38_genes_promoters	0.0003721371861823	2.7457673140597927	0
chr15	40322803	40323006	0.045441	10	0.7915	0.74606	INAFM2	hg38_genes_promoters	0.0027333728559125	2.0596949385187955	0
chr15	40340891	40341031	-0.017032	10	0.0616	0.078632	CCDC9B	hg38_genes_promoters	0.0134118448461991	1.5338299210880695	0
chr15	40415411	40416111	0.020325	12	0.87133	0.85101	IVD	hg38_genes_promoters	0.000854560260224	2.459907797647529	0
chr15	40470552	40470758	-0.011939	12	0.044083	0.056022	CHST14	hg38_genes_promoters	0.0528282486528191	1.0699454885406159	0
chr15	40695356	40695417	-0.010541	10	0.0081	0.018641	RAD51	hg38_genes_promoters	7.127387692938197e-05	3.314754446606198	0
chr15	40695356	40695417	-0.010541	10	0.0081	0.018641	RAD51-AS1	hg38_genes_promoters	7.127387692938197e-05	3.314754446606198	0
chr15	40769783	40770160	0.022186	15	0.23647	0.21428	C15orf62	hg38_genes_promoters	0.110307058494371	0.8226589721646529	0
chr15	37100727	37100757	-0.015394	10	0.0062126	0.021606	MEIS2	hg38_genes_promoters	2.611070285868561e-06	4.503784821014539	0
chr15	40808139	40808454	-0.011632	10	0.111	0.12263	DNAJC17	hg38_genes_promoters	0.6217245089853123	0.19748305402202362	0
chr15	25246137	25246517	0.029513	10	0.7969	0.76739	SNORD115-42	hg38_genes_promoters	0.0114525530160884	1.5849270070624653	0
chr15	25242575	25243055	0.041293	10	0.7207	0.67941	SNORD115-40	hg38_genes_promoters	0.0029722058493488	2.0307813384154896	0
chr15	66502706	66503435	-0.013203	10	0.6144	0.6276	SNORD18B	hg38_genes_promoters	0.4848288972374055	0.29492524782295054	0
chr15	20866695	20866751	0.018267	10	0.8142	0.79593	POTEB2	hg38_genes_promoters	0.0762306833003744	0.9453582999586027	0
chr15	22494535	22494644	-0.020558	15	0.026562	0.04712	HERC2P2	hg38_genes_promoters	0.0024253338504751	2.1002795057982944	0
chr15	23447184	23447442	0.021768	10	0.7794	0.75763	GOLGA6L2	hg38_genes_promoters	0.0980305519684871	0.8621279037650128	0
chr15	23647736	23647975	0.041264	10	0.4096	0.36834	MAGEL2	hg38_genes_promoters	8.677912225310397e-05	3.2443187271697767	0
chr15	24101730	24101830	-0.035442	10	0.2474	0.28284	PWRN3	hg38_genes_promoters	0.0093997466873571	1.6507018200967496	0
chr15	24823584	24823756	0.039879	10	0.4183	0.37842	SNRPN	hg38_genes_promoters	5.912375652505864e-05	3.37913819449189	0
chr15	25056503	25056803	0.01885	10	0.7811	0.76225	SNORD116-3	hg38_genes_promoters	0.258577618749139	0.5253688067295604	0
chr15	25074354	25075020	-0.017616	10	0.6795	0.69712	SNORD116-11	hg38_genes_promoters	0.07780785101445	0.938686871843992	0
chr15	25074354	25075020	-0.017616	10	0.6795	0.69712	SNHG14	hg38_genes_promoters	0.07780785101445	0.938686871843992	0
chr15	25181970	25182591	0.013788	13	0.795	0.78121	SNORD115-7	hg38_genes_promoters	0.2079546002951273	0.6010810233345762	0
chr15	25188336	25189264	-0.014218	14	0.73129	0.7455	SNORD115-11	hg38_genes_promoters	0.2311986196322706	0.5646857684532856	0
chr15	25188336	25189264	-0.014218	14	0.73129	0.7455	SNHG14	hg38_genes_promoters	0.2311986196322706	0.5646857684532856	0
chr15	25193275	25194014	0.012287	12	0.78892	0.77663	SNHG14	hg38_genes_promoters	0.3083258051092856	0.4630019735488428	0
chr15	25243135	25243618	0.023998	12	0.7925	0.7685	SNORD115-40	hg38_genes_promoters	0.0345075658153708	1.2117055045422547	0
chr15	25193275	25194014	0.012287	12	0.78892	0.77663	SNORD115-14	hg38_genes_promoters	0.3083258051092856	0.4630019735488428	0
chr15	25200091	25200487	0.023884	10	0.7557	0.73182	SNORD115-17	hg38_genes_promoters	0.0389758157397465	1.1716627709188534	0
chr15	25202056	25202899	0.02211	23	0.80248	0.78037	SNORD115-18	hg38_genes_promoters	0.0019495068518703	2.1762213475015617	0
chr15	25204661	25205125	0.026753	10	0.8257	0.79895	SNHG14	hg38_genes_promoters	0.0103041030250463	1.620553392941569	0
chr15	25206739	25207087	0.021439	10	0.8137	0.79226	SNORD115-21	hg38_genes_promoters	0.0324381871328127	1.2319017215098431	0
chr15	25206739	25207087	0.021439	10	0.8137	0.79226	SNHG14	hg38_genes_promoters	0.0324381871328127	1.2319017215098431	0
chr15	25207527	25208153	-0.022057	10	0.7671	0.78916	SNHG14	hg38_genes_promoters	0.3059870821631288	0.4657071561551057	0
chr15	25207527	25208153	-0.022057	10	0.7671	0.78916	SNORD115-21	hg38_genes_promoters	0.3059870821631288	0.4657071561551057	0
chr15	25214864	25215436	0.036052	10	0.7709	0.73485	SNORD115-25	hg38_genes_promoters	0.0158210173549676	1.4784440106851366	0
chr15	25217722	25218370	-0.015011	14	0.74879	0.7638	SNORD115-26	hg38_genes_promoters	0.2913997380070158	0.4831857061841943	0
chr15	25217722	25218370	-0.015011	14	0.74879	0.7638	SNHG14	hg38_genes_promoters	0.2913997380070158	0.4831857061841943	0
chr15	25229766	25230508	0.017134	12	0.77633	0.7592	SNHG14	hg38_genes_promoters	0.2647055690157387	0.5170555350428875	0
chr15	25229766	25230508	0.017134	12	0.77633	0.7592	SNORD115-33	hg38_genes_promoters	0.2647055690157387	0.5170555350428875	0
chr15	25232275	25232872	0.017396	10	0.8282	0.8108	SNHG14	hg38_genes_promoters	0.0380744942761917	1.179398650587962	0
chr15	25232275	25232872	0.017396	10	0.8282	0.8108	SNORD115-34	hg38_genes_promoters	0.0380744942761917	1.179398650587962	0
chr15	25193275	25194014	0.012287	12	0.78892	0.77663	SNORD115-13	hg38_genes_promoters	0.3083258051092856	0.4630019735488428	0
chr15	40808139	40808454	-0.011632	10	0.111	0.12263	ZFYVE19	hg38_genes_promoters	0.6217245089853123	0.19748305402202362	0
chr15	25170055	25170296	-0.02009	10	0.8353	0.85539	SNORD115-1	hg38_genes_promoters	0.0063056096012863	1.7827651915691358	0
chr15	40893200	40893459	0.047853	10	0.4078	0.35995	VPS18	hg38_genes_promoters	0.0975441860787969	0.8637005658790791	0
chr15	55499008	55499390	-0.027123	10	0.7954	0.82252	DNAAF4	hg38_genes_promoters	0.0126492308218454	1.552152048437579	0
chr15	55588542	55588588	-0.012157	10	0.0038	0.015957	PYGO1	hg38_genes_promoters	0.0006002816011947	2.5778045474831557	0
chr15	55915806	55916887	-0.026287	17	0.86647	0.89276	NEDD4	hg38_genes_promoters	0.0001842911509501	2.985159268566714	0
chr15	56365331	56365417	-0.011379	10	0.0092	0.020579	TEX9	hg38_genes_promoters	0.0006750374643398	2.5376431177053353	0
chr15	56886488	56886999	-0.014865	10	0.1231	0.13796	LOC105370833	hg38_genes_promoters	0.2572382552967344	0.5271892983695559	0
chr15	57706795	57706915	-0.012168	16	0.013687	0.025855	POLR2M	hg38_genes_promoters	1.5334813303913202e-09	7.233891478423536	-1
chr15	58065660	58065713	-0.011526	10	0.023	0.034526	ALDH1A2	hg38_genes_promoters	0.0151066468113947	1.4946489116122281	0
chr15	59171838	59172115	0.034263	10	0.845	0.81074	MIR2116	hg38_genes_promoters	0.2862451699264611	0.48860980414268934	0
chr15	60399311	60399704	-0.02974	17	0.57765	0.60739	ANXA2	hg38_genes_promoters	0.1035500567789696	0.8436033121936497	0
chr15	60479357	60480018	0.023721	10	0.3265	0.30278	ICE2	hg38_genes_promoters	0.4416504443330981	0.33062305364904454	0
chr15	62243357	62243680	0.023074	10	0.8376	0.81453	GOLGA2P11	hg38_genes_promoters	0.0367673639384976	1.1913783246410397	0
chr15	62762234	62762843	-0.013163	10	0.8741	0.88726	TLN2	hg38_genes_promoters	0.0064598734522932	1.776049688445783	0
chr15	55499008	55499390	-0.027123	10	0.7954	0.82252	DNAAF4-CCPG1	hg38_genes_promoters	0.0126492308218454	1.552152048437579	0
chr15	62835656	62835962	-0.031249	10	0.7162	0.74745	LOC105370854	hg38_genes_promoters	0.142393254472056	0.7363190275075756	0
chr15	63060874	63061124	0.017325	12	0.85917	0.84184	TPM1	hg38_genes_promoters	0.0092961673749849	1.6543605303546622	0
chr15	63188800	63189068	-0.01478	10	0.0441	0.05888	RAB8B	hg38_genes_promoters	0.9213888378313188	0.034587044140811686	0
chr15	63677949	63678328	-0.025755	10	0.8699	0.89566	HERC1	hg38_genes_promoters	0.0001871356372	2.9803032731195302	0
chr15	65067892	65067956	-0.012716	10	0.0426	0.055316	RASL12	hg38_genes_promoters	0.0245489356036305	1.3284447145003728	0
chr15	65102182	65102290	0.066574	13	0.81177	0.74519	UBAP1L	hg38_genes_promoters	3.385162111637179e-07	5.2292356300797955	1
chr15	65334667	65335377	0.018649	20	0.75525	0.7366	IGDCC3	hg38_genes_promoters	0.6389226403695989	0.18667548865695396	0
chr15	65355994	65356086	-0.022795	10	0.0601	0.082895	IGDCC3	hg38_genes_promoters	0.0433935307499733	1.1343505181385531	0
chr15	65643385	65643887	-0.015373	11	0.83936	0.85474	SLC24A1	hg38_genes_promoters	0.0091316124263083	1.660479061468126	0
chr15	65651829	65652741	-0.010639	12	0.793	0.80364	SLC24A1	hg38_genes_promoters	0.0835835600433995	0.9141373057652334	0
chr15	66328844	66329164	-0.024187	13	0.86377	0.88796	DIS3L	hg38_genes_promoters	8.533506044880167e-07	4.898503112271146	0
chr15	66387270	66387395	-0.017766	14	0.016286	0.034051	TIPIN	hg38_genes_promoters	8.683149712110998e-05	3.2443187271697767	0
chr15	40809671	40810255	-0.043277	13	0.76531	0.80858	ZFYVE19	hg38_genes_promoters	3.787583917995889e-05	3.5356473347744677	0
chr15	66497880	66498290	-0.020233	10	0.164	0.18423	SNAPC5	hg38_genes_promoters	0.6261526245483734	0.19478528968502096	0
chr15	62843130	62843842	-0.019914	10	0.8123	0.83221	LOC105370854	hg38_genes_promoters	0.1081032968226085	0.8296831800622	0
chr15	53759345	53759522	-0.012095	10	0.0368	0.048895	WDR72	hg38_genes_promoters	0.0010601997745752	2.384026501804099	0
chr15	65396841	65396906	-0.016895	10	0.049	0.065895	IGDCC4	hg38_genes_promoters	0.0006335026097483	2.558355473780607	0
chr15	52140460	52141236	-0.014089	11	0.82045	0.83454	GNB5	hg38_genes_promoters	0.0788813259153906	0.9336116042170282	0
chr15	52243404	52243817	-0.017906	10	0.6507	0.66861	MYO5C	hg38_genes_promoters	0.2854995507125067	0.4895593599615701	0
chr15	40893502	40893640	-0.029605	10	0.7335	0.76311	VPS18	hg38_genes_promoters	0.0189008587266551	1.4170719041977045	0
chr15	41403010	41403216	0.012322	10	0.1668	0.15448	NDUFAF1	hg38_genes_promoters	0.385165671669301	0.38247404812014896	0
chr15	41620975	41621171	-0.015268	11	0.023364	0.038632	MGA	hg38_genes_promoters	0.0030683054397817	2.021038726291547	0
chr15	41024434	41024623	-0.029148	10	0.8312	0.86035	INO80-AS1	hg38_genes_promoters	0.0061518126698812	1.7903408631669966	0
chr15	41834837	41835067	0.022926	10	0.9014	0.87847	JMJD7	hg38_genes_promoters	0.0069991350324971	1.7482889300499405	0
chr15	41834837	41835067	0.022926	10	0.9014	0.87847	JMJD7-PLA2G4B	hg38_genes_promoters	0.0069991350324971	1.7482889300499405	0
chr15	41836808	41836959	0.031168	10	0.8668	0.83563	PLA2G4B	hg38_genes_promoters	0.2431247607179911	0.546880317820791	0
chr15	42084539	42084612	-0.018542	10	0.0103	0.028842	PLA2G4D	hg38_genes_promoters	0.2913251790549832	0.4831857061841943	0
chr15	42094527	42095092	0.016968	10	0.8016	0.78463	PLA2G4D	hg38_genes_promoters	0.3394085792880018	0.4291638032215474	0
chr15	42162077	42162886	-0.02822	12	0.79408	0.8223	VPS39	hg38_genes_promoters	0.0003601833389476	2.7560329991526493	0
chr15	42402065	42402432	0.034726	10	0.5982	0.56347	CAPN3	hg38_genes_promoters	0.1423890280753426	0.7363190275075756	0
chr15	42403550	42403965	0.012195	10	0.8613	0.84911	CAPN3	hg38_genes_promoters	0.1351268404809991	0.754112970887863	0
chr15	43220764	43221665	-0.024038	10	0.6927	0.71674	EPB42	hg38_genes_promoters	0.2137534945610347	0.5917874342659244	0
chr15	43420326	43420764	-0.024544	14	0.871	0.89554	TP53BP1	hg38_genes_promoters	1.664904866428804e-06	4.659305162249703	0
chr15	41660412	41660482	-0.014884	10	0.0158	0.030684	MGA	hg38_genes_promoters	0.014199601978311	1.5161228695109892	0
chr15	43794418	43795128	-0.013174	13	0.823	0.83617	MIR1282	hg38_genes_promoters	0.0492083483111351	1.0933367835462144	0
chr15	43649425	43649524	0.0621	10	0.8701	0.808	CATSPER2	hg38_genes_promoters	1.709321665533653e-07	5.477410654265464	1
chr15	51738034	51738700	-0.01394	11	0.50009	0.51403	LYSMD2	hg38_genes_promoters	0.6676627719437715	0.1687424428493958	0
chr15	48191862	48192105	-0.015184	10	0.0675	0.082684	CTXN2-AS1	hg38_genes_promoters	0.0172857285240364	1.4472786613787059	0
chr15	48191862	48192105	-0.015184	10	0.0675	0.082684	CTXN2	hg38_genes_promoters	0.0172857285240364	1.4472786613787059	0
chr15	47764667	47764894	0.032258	10	0.8321	0.79984	SEMA6D	hg38_genes_promoters	0.0745221178504585	0.952988356847583	0
chr15	45704446	45704783	-0.010307	18	0.0375	0.047807	LOC105370802	hg38_genes_promoters	0.0727225799213479	0.9608106400761365	0
chr15	50423422	50423677	-0.022081	12	0.83408	0.85616	USP8	hg38_genes_promoters	0.0609883692066577	1.0205603824019016	0
chr15	45279038	45279400	0.012671	24	0.034208	0.021537	SLC28A2-AS1	hg38_genes_promoters	0.1119140989744552	0.8181357529059075	0
chr15	44289040	44289192	-0.010811	12	0.00875	0.019561	GOLM2	hg38_genes_promoters	0.0009961907759621	2.4062215466147503	0
chr15	45376608	45377072	0.0363	10	0.4556	0.4193	GATM	hg38_genes_promoters	0.0390478959447008	1.1711393072267278	0
chr15	44956496	44956805	-0.018224	13	0.84469	0.86292	TERB2	hg38_genes_promoters	0.0041824248746265	1.9172544758866297	0
chr15	45152428	45152506	-0.027142	10	0.8697	0.89684	DUOX1	hg38_genes_promoters	1.6517332930209367e-06	4.662045609911226	0
chr15	52136304	52137051	-0.012172	12	0.39967	0.41184	GNB5	hg38_genes_promoters	0.6905492339605479	0.1551161783539551	0
chr16	69933128	69933344	-0.017053	10	0.342	0.35905	WWP2	hg38_genes_promoters	0.6241474532107552	0.19601356835637546	0
chr16	71357920	71358192	-0.049021	10	0.2184	0.26742	CALB2	hg38_genes_promoters	0.0461695847713482	1.1138132243823131	0
chr16	70744500	70744960	-0.032801	10	0.8169	0.8497	VAC14	hg38_genes_promoters	0.0032805841087678	1.9983930634221614	0
chr16	70700008	70700344	-0.021546	13	0.27715	0.2987	VAC14	hg38_genes_promoters	0.2445713724739637	0.5449689315875034	0
chr16	71699560	71699945	-0.010164	10	0.8625	0.87266	SNORA70D	hg38_genes_promoters	0.0603566918861646	1.02431591116291	0
chr16	70579515	70579886	0.026445	10	0.7563	0.72986	IL34	hg38_genes_promoters	0.0479584851532279	1.1019438694734711	0
chr16	70474256	70474674	0.018129	11	0.86191	0.84378	FCSK	hg38_genes_promoters	0.0032590743882126	2.0002606852165132	0
chr16	71384944	71385345	-0.025711	10	0.7175	0.74321	CALB2	hg38_genes_promoters	0.2767345308101248	0.5002930010479724	0
chr16	70294810	70294888	0.033489	10	0.8487	0.81521	DDX19B	hg38_genes_promoters	9.477943537983224e-05	3.2123864467463425	0
chr16	70268139	70268584	0.012391	10	0.8717	0.85931	AARS1	hg38_genes_promoters	0.4400761665595191	0.3320030625157912	0
chr16	69936749	69936930	-0.020681	10	0.8441	0.86478	WWP2	hg38_genes_promoters	0.0017943260027869	2.202756692545165	0
chr16	68371197	68371434	0.028931	13	0.83262	0.80368	SMPD3	hg38_genes_promoters	0.0004012590717954	2.7205135598772396	0
chr16	69351631	69351924	-0.023074	10	0.8334	0.85647	TMED6	hg38_genes_promoters	0.0032962261520373	1.9968210366060566	0
chr16	69318794	69318869	0.021989	10	0.8682	0.84621	VPS4A	hg38_genes_promoters	0.0052961946249297	1.8408552284356405	0
chr16	69107509	69107575	0.016268	10	0.0359	0.019632	HAS3	hg38_genes_promoters	0.0009930473559804	2.4071697804129593	0
chr16	68770516	68771032	-0.038072	10	0.6738	0.71187	CDH1	hg38_genes_promoters	0.0609516878628405	1.020561282617438	0
chr16	68372224	68372369	0.034116	10	0.8638	0.82968	SMPD3	hg38_genes_promoters	0.0001796625094254	2.993504856529738	0
chr16	68371004	68371166	0.020316	13	0.43015	0.40984	SMPD3	hg38_genes_promoters	0.29044379096865	0.48405266390610346	0
chr16	68236024	68236101	-0.013937	14	0.0055714	0.019509	ESRP2	hg38_genes_promoters	6.057629437765169e-05	3.3701160252965225	0
chr16	67993691	67994222	-0.012118	10	0.0872	0.099318	DPEP2	hg38_genes_promoters	0.0159962774604847	1.4739055071255915	0
chr16	67993691	67994222	-0.012118	10	0.0872	0.099318	DUS2	hg38_genes_promoters	0.0159962774604847	1.4739055071255915	0
chr16	67942917	67943140	-0.043053	10	0.788	0.83105	LCAT	hg38_genes_promoters	0.0061552231690001	1.7903408631669966	0
chr16	67967290	67967670	0.039853	10	0.3628	0.32295	SLC12A4	hg38_genes_promoters	0.0300733800826333	1.257714198744651	0
chr16	67945526	67945812	0.011263	13	0.84908	0.83781	SLC12A4	hg38_genes_promoters	0.0356604727036976	1.2013207849300176	0
chr16	69566660	69566711	-0.013158	10	0.003	0.016158	MIR1538	hg38_genes_promoters	4.351586356785546e-06	4.312521768705326	0
chr16	72107581	72107771	0.020446	10	0.8736	0.85315	DHX38	hg38_genes_promoters	0.0322195539301612	1.2343520593579136	0
chr16	81035996	81036053	-0.013047	10	0.0169	0.029947	ATMIN	hg38_genes_promoters	0.0006652095519472	2.5414199516489377	0
chr16	74740986	74741382	-0.022179	12	0.77567	0.79785	FA2H	hg38_genes_promoters	0.0459735593130134	1.115212274138912	0
chr16	81692293	81692625	-0.0195	10	0.8765	0.896	CMIP	hg38_genes_promoters	0.0002349467382283	2.9035861932466176	0
chr16	81692183	81692290	0.047061	10	0.8724	0.82534	CMIP	hg38_genes_promoters	0.0003006863760873	2.818450027450446	0
chr16	67930989	67931569	-0.020962	10	0.8327	0.85366	CTRL	hg38_genes_promoters	0.0147106265766017	1.5036186884042178	0
chr16	81644891	81645100	-0.030368	10	0.834	0.86437	CMIP	hg38_genes_promoters	2.131377442999291e-05	3.7441221199650507	0
chr16	81610260	81610507	0.01782	12	0.74242	0.7246	MIR6504	hg38_genes_promoters	0.1927483861005231	0.628181929462991	0
chr16	81610260	81610507	0.01782	12	0.74242	0.7246	CMIP	hg38_genes_promoters	0.1927483861005231	0.628181929462991	0
chr16	81495123	81495468	-0.028791	12	0.11942	0.14821	CMIP	hg38_genes_promoters	0.0273453918018066	1.2908272303405548	0
chr16	81365249	81365431	-0.02256	10	0.8413	0.86386	GAN	hg38_genes_promoters	0.0135930055078344	1.5288240325687863	0
chr16	81238331	81238895	-0.019782	10	0.1669	0.18668	BCO1	hg38_genes_promoters	0.9007408358386436	0.04421428640110686	0
chr16	81220053	81220542	-0.014081	15	0.7702	0.78428	PKD1L2	hg38_genes_promoters	0.150232614219737	0.717663153783609	0
chr16	81189214	81189658	-0.023883	13	0.77992	0.80381	PKD1L2	hg38_genes_promoters	0.0258680030530091	1.3107755566115271	0
chr16	81096967	81097428	-0.029987	10	0.8121	0.84209	C16orf46	hg38_genes_promoters	0.0065927390708888	1.7692961042363182	0
chr16	74717196	74718087	0.025057	10	0.7905	0.76544	FA2H	hg38_genes_promoters	0.0493852554594025	1.0924837251132615	0
chr16	81096967	81097428	-0.029987	10	0.8121	0.84209	CENPN-AS1	hg38_genes_promoters	0.0065927390708888	1.7692961042363182	0
chr16	81035996	81036053	-0.013047	10	0.0169	0.029947	CENPN-AS1	hg38_genes_promoters	0.0006652095519472	2.5414199516489377	0
chr16	77431519	77431820	-0.016008	10	0.7827	0.79871	ADAMTS18	hg38_genes_promoters	0.1761631632647375	0.6609667057220547	0
chr16	76277151	76277515	-0.010455	15	0.036333	0.046788	CNTNAP4	hg38_genes_promoters	0.0487533471317157	1.0962227052746625	0
chr16	75628789	75629536	-0.019367	14	0.82179	0.84115	KARS1	hg38_genes_promoters	0.0325943866906279	1.2301072493414344	0
chr16	75535010	75535541	0.029077	25	0.71576	0.68668	CHST5	hg38_genes_promoters	0.0022610795200862	2.123988050439945	0
chr16	75465648	75465840	-0.018146	11	0.85309	0.87124	TMEM170A	hg38_genes_promoters	0.0154174254370936	1.4877401373273798	0
chr16	75242823	75242992	0.020968	10	0.8296	0.80863	BCAR1	hg38_genes_promoters	0.0293815108358928	1.2662372997633216	0
chr16	75225943	75226512	-0.048586	13	0.56485	0.61343	LOC100506281	hg38_genes_promoters	0.0204471134770595	1.391021154541575	0
chr16	75222239	75222601	-0.031545	12	0.50358	0.53513	CTRB1	hg38_genes_promoters	0.0933417719360785	0.8775828587610287	0
chr16	75207884	75208216	0.035474	10	0.719	0.68353	CTRB2	hg38_genes_promoters	0.0741871726386253	0.954090998176103	0
chr16	75206452	75206650	0.02539	10	0.8579	0.83251	CTRB2	hg38_genes_promoters	0.0199184531436731	1.3996067241448666	0
chr16	75116557	75116982	-0.049402	10	0.439	0.4884	LDHD	hg38_genes_promoters	0.0596503844132775	1.0286684675265299	0
chr16	81096967	81097428	-0.029987	10	0.8121	0.84209	GCSH	hg38_genes_promoters	0.0065927390708888	1.7692961042363182	0
chr16	67881916	67882070	0.027844	10	0.8439	0.81606	EDC4	hg38_genes_promoters	0.0025410752910365	2.0838923625177754	0
chr16	57761071	57761146	-0.025825	12	0.82483	0.85066	KIFC3	hg38_genes_promoters	0.0003831981504056	2.7369257888594802	0
chr16	67645153	67645261	0.011444	12	0.03725	0.025806	CARMIL2	hg38_genes_promoters	0.0542837706667009	1.0614252739740326	0
chr16	57646019	57646274	-0.02957	13	0.38685	0.41642	ADGRG1	hg38_genes_promoters	0.0833508098714206	0.9149243124518708	0
chr16	57628147	57628332	-0.028589	10	0.3582	0.38679	ADGRG1	hg38_genes_promoters	0.2258231488369277	0.5724214022311594	0
chr16	57620434	57620625	0.013928	12	0.82008	0.80615	ADGRG1	hg38_genes_promoters	0.1817457826335935	0.6497457694804244	0
chr16	57537098	57537193	-0.012289	10	0.0245	0.036789	CCDC102A	hg38_genes_promoters	0.093090208557563	0.878372493954552	0
chr16	57372440	57372599	-0.026421	10	0.685	0.71142	CX3CL1	hg38_genes_promoters	0.0639072064260215	1.0048553036309984	0
chr16	57128761	57129341	0.021682	12	0.4495	0.42782	CPNE2	hg38_genes_promoters	0.4525279838215521	0.3212501049589512	0
chr16	57091517	57091786	-0.016108	12	0.072417	0.088524	CPNE2	hg38_genes_promoters	0.0248648995667544	1.3242695649697234	0
chr16	57025452	57025650	0.033012	10	0.8613	0.82829	NLRC5	hg38_genes_promoters	0.0268098319247458	1.2978020592317605	0
chr16	57003863	57004232	-0.015726	10	0.2238	0.23953	NLRC5	hg38_genes_promoters	0.4269689673759014	0.343422755403599	0
chr16	56961563	56962051	-0.052217	10	0.3804	0.43262	CETP	hg38_genes_promoters	0.0155981450713476	1.4835866556636372	0
chr16	56960615	56960940	-0.023956	10	0.7885	0.81246	CETP	hg38_genes_promoters	0.0010660221888786	2.382067168080924	0
chr16	56865125	56865395	0.02733	10	0.8485	0.82117	SLC12A3	hg38_genes_promoters	0.0022317707848064	2.1285793117885023	0
chr16	56858471	56858619	-0.019453	10	0.2346	0.25405	MIR138-2	hg38_genes_promoters	0.384567007799362	0.3830337244891145	0
chr16	56647790	56647973	0.023571	10	0.3298	0.30623	MT1B	hg38_genes_promoters	0.3422936293584859	0.42600804535193587	0
chr16	56643641	56643892	0.011963	10	0.1217	0.10974	MT1DP	hg38_genes_promoters	0.077323285844857	0.9407584334566588	0
chr16	56642781	56643242	-0.033477	10	0.3721	0.40558	MT1DP	hg38_genes_promoters	0.2957579841870199	0.4778773554292006	0
chr16	56635660	56635769	0.01798	13	0.074538	0.056559	MT1JP	hg38_genes_promoters	0.1207665840026542	0.7917486612780179	0
chr16	56607499	56608112	-0.047307	12	0.548	0.59531	MT2A	hg38_genes_promoters	0.0246280411304668	1.3274253216634586	0
chr16	55323240	55323551	0.031699	15	0.40533	0.37363	IRX6	hg38_genes_promoters	0.1534111276333175	0.710219361013846	0
chr16	53373645	53373766	-0.099298	12	0.26417	0.36346	MPHOSPH10P1	hg38_genes_promoters	1.6488874180158661e-07	5.488826963083067	-1
chr16	50879914	50880113	-0.057475	12	0.16708	0.22456	LOC112267895	hg38_genes_promoters	0.0001857130636742	2.9824524498641316	0
chr16	50879914	50880113	-0.057475	12	0.16708	0.22456	LINC02128	hg38_genes_promoters	0.0001857130636742	2.9824524498641316	0
chr16	50841152	50841265	-0.022504	15	0.022533	0.045038	LINC02128	hg38_genes_promoters	0.0018523191445546	2.192687783614529	0
chr16	83998115	83998300	0.036696	10	0.8152	0.7785	NECAB2	hg38_genes_promoters	0.001850810444806	2.1928551447183997	0
chr16	50741835	50741919	-0.012944	10	0.0091	0.022044	MIR3181	hg38_genes_promoters	0.0008714928568226	2.452913178709282	0
chr16	57753445	57753527	0.018933	10	0.8833	0.86437	KATNB1	hg38_genes_promoters	0.0254325534928023	1.3165395265422124	0
chr16	67667375	67667539	-0.024107	10	0.0463	0.070407	ENKD1	hg38_genes_promoters	0.0531783130467916	1.0682033205229666	0
chr16	57984504	57984609	0.053211	10	0.237	0.18379	TEPP	hg38_genes_promoters	0.0002761468450927	2.8485465662783525	0
chr16	58115308	58115621	-0.016449	10	0.8566	0.87305	CFAP20	hg38_genes_promoters	0.0196583908554578	1.403804151028867	0
chr16	67540140	67540531	0.010452	13	0.82254	0.81209	RIPOR1	hg38_genes_promoters	0.2914315924003611	0.4831857061841943	0
chr16	67391890	67392270	0.020084	10	0.6403	0.62022	TPPP3	hg38_genes_promoters	0.2759922453588925	0.5012649439586498	0
chr16	67326832	67326912	-0.020551	10	0.039	0.059551	KCTD19	hg38_genes_promoters	0.1333795485172	0.7587114925843472	0
chr16	67326832	67326912	-0.020551	10	0.039	0.059551	LRRC36	hg38_genes_promoters	0.1333795485172	0.7587114925843472	0
chr16	67237280	67237519	0.030732	12	0.86192	0.83118	FHOD1	hg38_genes_promoters	8.793610938444981e-05	3.24001313733923	0
chr16	67237280	67237519	0.030732	12	0.86192	0.83118	SLC9A5	hg38_genes_promoters	8.793610938444981e-05	3.24001313733923	0
chr16	67203113	67203281	-0.028562	10	0.6919	0.72046	MIR328	hg38_genes_promoters	0.0398249527113933	1.1638811259330015	0
chr16	67199330	67199451	0.042364	10	0.7535	0.71114	ELMO3	hg38_genes_promoters	0.0040457106006083	1.9282484561812645	0
chr16	67180155	67180513	0.026464	16	0.84394	0.81747	KIAA0895L	hg38_genes_promoters	0.001228700425614	2.3325753021031046	0
chr16	67174177	67174229	-0.011063	10	0.0022	0.013263	NOL3	hg38_genes_promoters	6.171471143500436e-07	5.018848751430803	-1
chr16	67169610	67169823	-0.029811	10	0.1384	0.16821	NOL3	hg38_genes_promoters	0.0355355637254533	1.2021068082638655	0
chr16	67163045	67163122	-0.015561	12	0.0515	0.067061	HSF4	hg38_genes_promoters	0.0007265343927279	2.5125563030489104	0
chr16	66940457	66940644	0.031975	10	0.8753	0.84333	CES2	hg38_genes_promoters	2.317505352346228e-05	3.712907399779961	0
chr16	66925361	66925464	-0.018337	10	0.0384	0.056737	RRAD	hg38_genes_promoters	0.0192047438436766	1.411776995750785	0
chr16	66801677	66801862	0.022425	12	0.86892	0.84649	TERB1	hg38_genes_promoters	0.0204429570200174	1.391021154541575	0
chr16	66605380	66605491	0.017008	13	0.031077	0.014069	CMTM3	hg38_genes_promoters	0.0105534421732043	1.6125409451071873	0
chr16	66578761	66578965	-0.020004	12	0.027583	0.047588	CMTM2	hg38_genes_promoters	0.0002820740138135	2.8418029019540683	0
chr16	66566602	66566702	0.014395	10	0.8665	0.85211	CMTM1	hg38_genes_promoters	0.0187110572497037	1.420526808957119	0
chr16	66566317	66566491	0.010783	17	0.86571	0.85492	CMTM1	hg38_genes_promoters	0.0280361297206302	1.2832058688203274	0
chr16	66366500	66366757	-0.039137	10	0.1646	0.20374	CDH5	hg38_genes_promoters	0.0124825091659304	1.5568433883030117	0
chr16	62036631	62036770	-0.022778	17	0.037588	0.060366	CDH8	hg38_genes_promoters	1.1911717448252206e-09	7.337713504898131	-1
chr16	58501302	58501691	0.013465	27	0.039074	0.025609	NDRG4	hg38_genes_promoters	2.6427450031056093e-08	6.152621478624708	1
chr16	58498431	58499333	-0.028912	17	0.70688	0.73579	NDRG4	hg38_genes_promoters	0.0666224064141357	0.990269151572296	0
chr16	58464022	58464071	-0.013701	10	0.0115	0.025201	NDRG4	hg38_genes_promoters	7.711646584921408e-07	4.936869267945545	0
chr16	58295230	58295596	0.024905	10	0.7901	0.7652	PRSS54	hg38_genes_promoters	0.0404551526413237	1.158358124246953	0
chr16	58040018	58040142	0.024532	10	0.8749	0.85037	MMP15	hg38_genes_promoters	1.3125940621192678e-05	3.9161179188901887	0
chr16	84042839	84043139	-0.035042	10	0.4188	0.45384	SLC38A8	hg38_genes_promoters	0.1487172846522803	0.721082199768252	0
chr16	88846323	88846500	0.014594	10	0.8582	0.84361	GALNS	hg38_genes_promoters	0.2997025296793628	0.47339338050255797	0
chr16	84093276	84093686	-0.02102	10	0.8607	0.88172	MBTPS1	hg38_genes_promoters	0.0029324134252342	2.0349269321717087	0
chr16	89552345	89552525	0.020135	15	0.86113	0.841	SPG7	hg38_genes_promoters	0.0395156179559674	1.1666247841566713	0
chr16	89547981	89548109	-0.026125	14	0.83536	0.86148	SPG7	hg38_genes_promoters	8.794106387118105e-05	3.24001313733923	0
chr16	89541787	89542014	-0.021016	13	0.82008	0.84109	SPG7	hg38_genes_promoters	0.0008935038639677	2.444468604186483	0
chr16	89536627	89536730	0.018492	13	0.86515	0.84666	SPG7	hg38_genes_promoters	0.0117960492696991	1.5756043089675167	0
chr16	89532466	89532607	0.036377	15	0.654	0.61762	SPG7	hg38_genes_promoters	0.0035610440724725	1.9714090418047907	0
chr16	89529210	89529535	-0.012199	14	0.87243	0.88463	SPG7	hg38_genes_promoters	0.0071738859798469	1.739360134399729	0
chr16	89507042	89507223	0.013985	10	0.0996	0.085615	SPG7	hg38_genes_promoters	0.8992848544794821	0.044862879693443276	0
chr16	89429984	89430153	-0.015377	10	0.8565	0.87188	LOC101927817	hg38_genes_promoters	0.024552846399254	1.3284447145003728	0
chr16	89373008	89373525	-0.0344	19	0.77689	0.81129	ANKRD11	hg38_genes_promoters	8.731079772234953e-06	4.061187008464822	0
chr16	90106262	90106361	-0.051304	10	0.4763	0.5276	FAM157C	hg38_genes_promoters	0.0234255111305072	1.344617405896357	0
chr16	89290775	89291127	0.019118	12	0.85417	0.83505	ANKRD11	hg38_genes_promoters	0.0772259099145133	0.9411498022855174	0
chr16	89288994	89289138	0.027447	10	0.8235	0.79605	ANKRD11	hg38_genes_promoters	0.0677897908577813	0.9848210787762305	0
chr16	89275039	89275168	-0.014895	10	0.832	0.84689	ANKRD11	hg38_genes_promoters	0.0121260627678353	1.5666604408452092	0
chr16	89202544	89202617	-0.023221	10	0.1352	0.15842	SLC22A31	hg38_genes_promoters	0.0431022725254707	1.1364321234144994	0
chr16	89144823	89145274	-0.023942	10	0.8449	0.86884	ACSF3	hg38_genes_promoters	0.0066128586079479	1.7687752641487544	0
chr16	89111461	89111581	-0.036263	10	0.832	0.86826	ACSF3	hg38_genes_promoters	7.414747292265094e-05	3.3001420831619925	0
chr16	89101551	89101804	0.022616	10	0.7613	0.73868	ACSF3	hg38_genes_promoters	0.1547786738389935	0.7068435127821495	0
chr16	88902825	88903109	0.048616	10	0.7843	0.73568	CBFA2T3	hg38_genes_promoters	1.905537093824166e-07	5.437498798982426	1
chr16	88866661	88867045	0.020813	14	0.83943	0.81862	PABPN1L	hg38_genes_promoters	0.0183599671950628	1.42664313167247	0
chr16	88856370	88856496	0.036133	11	0.17358	0.13744	TRAPPC2L	hg38_genes_promoters	0.0134342583265302	1.5333395004894366	0
chr16	88842047	88842171	0.03643	12	0.8495	0.81307	GALNS	hg38_genes_promoters	2.8664943043514286e-05	3.634578185591056	0
chr16	88839215	88839480	0.028318	22	0.71709	0.68877	GALNS	hg38_genes_promoters	0.0014246265152817	2.2793818702836948	0
chr16	88837571	88838004	0.027276	12	0.79508	0.76781	GALNS	hg38_genes_promoters	0.0466582163437621	1.1110315990235282	0
chr16	88804928	88805369	0.038017	10	0.465	0.42698	CDT1	hg38_genes_promoters	0.0781310199806712	0.9369664636708919	0
chr16	88736411	88736536	-0.013042	10	0.8308	0.84384	LOC100289580	hg38_genes_promoters	0.0956469626248536	0.8705090348202877	0
chr16	89574808	89574888	0.012916	10	0.0246	0.011684	CPNE7	hg38_genes_promoters	0.0573596180436043	1.0420276908802542	0
chr16	88727619	88728009	0.023551	17	0.83924	0.81568	PIEZO1	hg38_genes_promoters	0.0009827796870073	2.411064115784034	0
chr16	89584143	89584288	0.030832	16	0.87356	0.84273	CPNE7	hg38_genes_promoters	4.063071853668013e-09	6.866396650329784	1
chr16	89588243	89588622	0.015598	10	0.8322	0.8166	CPNE7	hg38_genes_promoters	0.0989400868706878	0.859177277942734	0
chr16	50741835	50741919	-0.012944	10	0.0091	0.022044	CYLD	hg38_genes_promoters	0.0008714928568226	2.452913178709282	0
chr16	90106262	90106361	-0.051304	10	0.4763	0.5276	LOC105376781	hg38_genes_promoters	0.0234255111305072	1.344617405896357	0
chr16	90018875	90018932	0.012267	10	0.047	0.034733	GAS8	hg38_genes_promoters	0.2629311258536696	0.5194197847825519	0
chr16	89972122	89972179	-0.029	11	0.096455	0.12545	CENPBD1P	hg38_genes_promoters	0.0002588708122074	2.869079507909842	0
chr16	89972122	89972179	-0.029	11	0.096455	0.12545	AFG3L1P	hg38_genes_promoters	0.0002588708122074	2.869079507909842	0
chr16	89971594	89971815	0.037016	10	0.7157	0.67868	AFG3L1P	hg38_genes_promoters	0.065554198543831	0.995467316626812	0
chr16	89963280	89963480	0.021226	10	0.8383	0.81707	DEF8	hg38_genes_promoters	0.052200283238549	1.0741836806724188	0
chr16	89961061	89961357	0.021877	12	0.86683	0.84496	DEF8	hg38_genes_promoters	0.02105018138861	1.3813829056840718	0
chr16	89957338	89957555	0.025625	10	0.5905	0.56488	DEF8	hg38_genes_promoters	0.1426563956313538	0.7356559268382664	0
chr16	89947842	89947970	0.05848	10	0.3881	0.32962	DEF8	hg38_genes_promoters	0.0921923533336098	0.8815090744210234	0
chr16	89909919	89910075	0.020116	10	0.8178	0.79768	TCF25	hg38_genes_promoters	0.0428711577689487	1.1383107442767664	0
chr16	89905613	89905813	0.031637	10	0.8529	0.82126	TCF25	hg38_genes_promoters	0.0001442184804934	3.0689128278104247	0
chr16	89895554	89895747	-0.012825	12	0.85867	0.87149	TCF25	hg38_genes_promoters	0.0042730930005391	1.9093394756140751	0
chr16	89854089	89854248	-0.015292	14	0.85914	0.87443	SPIRE2	hg38_genes_promoters	0.0025200970581678	2.0869684345890254	0
chr16	89817559	89817720	0.018101	12	0.85986	0.84176	FANCA	hg38_genes_promoters	0.0443552082876616	1.1267156583269906	0
chr16	89817559	89817720	0.018101	12	0.85986	0.84176	SPIRE2	hg38_genes_promoters	0.0443552082876616	1.1267156583269906	0
chr16	89778946	89779174	-0.011718	10	0.744	0.75572	FANCA	hg38_genes_promoters	0.3751864317053887	0.39194266629191443	0
chr16	89744953	89745221	-0.015694	11	0.84536	0.86106	FANCA	hg38_genes_promoters	0.3330271631942124	0.43597690878594475	0
chr16	89723332	89723506	0.045587	10	0.79005	0.74446	ZNF276	hg38_genes_promoters	0.0004197189908127	2.705045785661565	0
chr16	89722909	89723083	0.028539	10	0.17224	0.14371	ZNF276	hg38_genes_promoters	0.07274102965851	0.960781475850401	0
chr16	89710951	89711099	0.052151	17	0.86388	0.81173	VPS9D1	hg38_genes_promoters	1.3460799607630098e-13	10.918405760986346	1
chr16	89710951	89711099	0.052151	17	0.86388	0.81173	VPS9D1-AS1	hg38_genes_promoters	1.3460799607630098e-13	10.918405760986346	1
chr16	89648350	89648412	0.054663	10	0.83991	0.78525	CHMP1A	hg38_genes_promoters	0.040629006252791	1.1567728891828346	0
chr16	89625951	89626075	0.016416	10	0.8081	0.79168	DPEP1	hg38_genes_promoters	0.3334035105716479	0.4356048476648503	0
chr16	89595407	89595498	0.013595	10	0.8577	0.84411	CPNE7	hg38_genes_promoters	0.051374313897993	1.0796597758617512	0
chr16	89587757	89587925	-0.034329	18	0.81244	0.84677	CPNE7	hg38_genes_promoters	0.0001654166510245	3.0223312107167124	0
chr16	88724054	88724268	0.0214	12	0.87283	0.85143	PIEZO1	hg38_genes_promoters	0.0039360042743234	1.9368790819761978	0
chr16	88716824	88716947	-0.015179	10	0.8224	0.83758	MIR4722	hg38_genes_promoters	0.2028349751753609	0.6108677296896444	0
chr16	88716824	88716947	-0.015179	10	0.8224	0.83758	PIEZO1	hg38_genes_promoters	0.2028349751753609	0.6108677296896444	0
chr16	85781838	85782161	-0.012569	10	0.2087	0.22127	EMC8	hg38_genes_promoters	0.6155207801929198	0.20167345281000218	0
chr16	85751781	85752295	0.041626	10	0.4931	0.45147	C16orf74	hg38_genes_promoters	0.0907335681687201	0.8871300665360811	0
chr16	85689543	85689847	-0.022951	10	0.7035	0.72645	GINS2	hg38_genes_promoters	0.1605072127965848	0.6941230589857145	0
chr16	85663064	85663501	0.023895	22	0.83555	0.81165	GSE1	hg38_genes_promoters	0.0006340228486363	2.558300929785189	0
chr16	85654136	85654372	0.036911	10	0.8467	0.80979	GSE1	hg38_genes_promoters	2.814974774053885e-05	3.6420189415386917	0
chr16	85356244	85356545	-0.044882	10	0.8181	0.86298	GSE1	hg38_genes_promoters	0.0001465324372891	3.063902822048978	0
chr16	85171032	85171201	-0.012263	10	0.754	0.76626	GSE1	hg38_genes_promoters	0.2008286530625143	0.6141434233571923	0
chr16	85112481	85112574	0.024816	10	0.7425	0.71768	CIBAR2	hg38_genes_promoters	0.0469295874393567	1.1098265662407407	0
chr16	85108108	85108292	0.040589	14	0.85221	0.81163	CIBAR2	hg38_genes_promoters	1.5521974537040864e-05	3.859415341471906	0
chr16	85107625	85108096	0.013331	10	0.7719	0.75857	CIBAR2	hg38_genes_promoters	0.5568377095858511	0.24082328363648797	0
chr16	84849164	84849313	0.072219	10	0.6785	0.60628	CRISPLD2	hg38_genes_promoters	0.0002342211882288	2.903768677221636	0
chr16	84819209	84819436	-0.019809	12	0.31733	0.33714	CRISPLD2	hg38_genes_promoters	0.4347077219356443	0.33653553521984786	0
chr16	84657763	84657854	0.038253	10	0.8562	0.81795	KLHL36	hg38_genes_promoters	0.0001875828666481	2.979733674607404	0
chr16	84656932	84657038	-0.026811	10	0.8444	0.87121	KLHL36	hg38_genes_promoters	3.8357479644349865e-05	3.5313997870367393	0
chr16	84656826	84656931	0.0144	10	0.8534	0.839	KLHL36	hg38_genes_promoters	0.2378146196193217	0.554836422821036	0
chr16	84505195	84505407	0.047919	13	0.43338	0.38547	MEAK7	hg38_genes_promoters	0.0832987648353034	0.9149755873891651	0
chr16	84197046	84197503	-0.053735	10	0.5807	0.63444	LOC654780	hg38_genes_promoters	0.2752296056543328	0.5021590800132205	0
chr16	84195804	84196174	0.030585	16	0.78056	0.74998	ADAD2	hg38_genes_promoters	0.0122985623310638	1.562208288729411	0
chr16	84194347	84194742	-0.037007	10	0.2603	0.29731	ADAD2	hg38_genes_promoters	0.1258832731540091	0.7772410871756948	0
chr16	84194347	84194742	-0.037007	10	0.2603	0.29731	LOC654780	hg38_genes_promoters	0.1258832731540091	0.7772410871756948	0
chr16	84191364	84191391	-0.043715	10	0.7934	0.83711	ADAD2	hg38_genes_promoters	8.518652808501172e-08	5.71553140834179	-1
chr16	84185082	84185410	-0.018911	10	0.7393	0.75821	TAF1C	hg38_genes_promoters	0.1133815745958792	0.8140107482918236	0
chr16	84181524	84181650	0.058761	10	0.8392	0.78044	TAF1C	hg38_genes_promoters	1.2826625044588233e-06	4.755237005872739	0
chr16	84175429	84176003	-0.031628	10	0.1925	0.22413	DNAAF1	hg38_genes_promoters	0.1579130252643056	0.7000252273999599	0
chr16	84174432	84174788	-0.02703	11	0.70091	0.72794	DNAAF1	hg38_genes_promoters	0.0305722803345844	1.2520493277454834	0
chr16	85935236	85935365	0.014736	11	0.84436	0.82963	LOC105371388	hg38_genes_promoters	0.1610849167459933	0.6929695050670605	0
chr16	86196056	86196304	-0.037781	15	0.6084	0.64618	LINC01082	hg38_genes_promoters	0.0968320629649041	0.8658240687125129	0
chr16	86286184	86286587	0.045327	10	0.1663	0.12097	LINC01081	hg38_genes_promoters	0.0122437701203057	1.563667452201177	0
chr16	86286184	86286587	0.045327	10	0.1663	0.12097	LINC02135	hg38_genes_promoters	0.0122437701203057	1.563667452201177	0
chr16	88714907	88715133	0.024043	15	0.81847	0.79442	CTU2	hg38_genes_promoters	0.0478100668858499	1.1031735553248327	0
chr16	88703610	88703780	0.014832	10	0.0772	0.062368	RNF166	hg38_genes_promoters	0.3757351404215705	0.39161475578349453	0
chr16	88701147	88701373	0.025666	12	0.08418	0.058514	RNF166	hg38_genes_promoters	0.0059431921311842	1.8018021096530634	0
chr16	88659234	88659427	0.034558	18	0.86228	0.82772	MVD	hg38_genes_promoters	6.629600758880356e-10	7.561781346273112	1
chr16	88655361	88655448	0.031384	10	0.8787	0.84732	MVD	hg38_genes_promoters	6.03331827497246e-07	5.02700763399496	1
chr16	88651026	88651097	0.028779	10	0.0741	0.045321	CYBA	hg38_genes_promoters	0.0250476489919583	1.321628094217034	0
chr16	88623206	88623304	0.013829	12	0.85308	0.83925	ZC3H18	hg38_genes_promoters	0.105957942806935	0.8355457339170584	0
chr16	88607588	88608169	-0.016781	12	0.88183	0.89861	ZC3H18	hg38_genes_promoters	0.0035184084690296	1.9750226470960628	0
chr16	88468234	88468319	0.034265	10	0.8497	0.81544	MIR5189	hg38_genes_promoters	0.0001817925119608	2.9896011377799194	0
chr16	88452395	88452596	0.010874	15	0.046867	0.035992	ZFPM1	hg38_genes_promoters	0.6062166501100796	0.2077933266811526	0
chr16	88186499	88186934	0.065645	38	0.66379	0.59814	LINC02182	hg38_genes_promoters	2.619280983704327e-12	9.769713484186079	1
chr16	88186499	88186934	0.065645	38	0.66379	0.59814	LOC105371401	hg38_genes_promoters	2.619280983704327e-12	9.769713484186079	1
chr16	84091595	84091821	-0.017196	10	0.8538	0.871	MBTPS1	hg38_genes_promoters	0.0059189335792089	1.802576580371667	0
chr16	88101183	88101688	0.061703	23	0.46383	0.40212	LOC400553	hg38_genes_promoters	0.0002381055247703	2.8997344816711808	0
chr16	87982446	87982628	-0.030947	10	0.7864	0.81735	BANP	hg38_genes_promoters	0.4580324495141253	0.3165666332109034	0
chr16	87959702	87959961	0.040102	13	0.19569	0.15559	BANP	hg38_genes_promoters	0.0294026003280425	1.2661241271368084	0
chr16	87837612	87837865	-0.050952	12	0.76642	0.81737	SLC7A5	hg38_genes_promoters	1.12116378629373e-05	3.9704217578508607	0
chr16	87765932	87766004	-0.010687	10	0.0078	0.018487	KLHDC4	hg38_genes_promoters	0.1287763295614364	0.7690081604765624	0
chr16	87711198	87711364	0.01707	12	0.8665	0.84943	KLHDC4	hg38_genes_promoters	0.0151734765661927	1.493755126362134	0
chr16	87699676	87700065	-0.025936	16	0.84119	0.86712	KLHDC4	hg38_genes_promoters	3.562007501837916e-05	3.557318037065451	0
chr16	87492906	87492967	-0.019432	19	0.0086842	0.028116	ZCCHC14-DT	hg38_genes_promoters	2.881110561059196e-26	22.6750668712015	-1
chr16	87305857	87306301	-0.016283	16	0.77587	0.79216	C16orf95	hg38_genes_promoters	0.0883018708809858	0.8957623318569256	0
chr16	87056967	87057271	-0.016953	10	0.8231	0.84005	LINC02181	hg38_genes_promoters	0.0153335327656548	1.489541543275452	0
chr16	86734510	86734615	-0.075648	10	0.2833	0.35895	LINC02188	hg38_genes_promoters	0.0007242812268859	2.513449778174868	0
chr16	86733991	86734151	-0.012805	10	0.5283	0.54111	LINC02188	hg38_genes_promoters	0.6003816518967429	0.21144312957245046	0
chr16	86345844	86346431	-0.019936	10	0.452	0.47194	LINC00917	hg38_genes_promoters	0.6052042870085642	0.20846415812278665	0
chr16	88036430	88036573	0.020347	10	0.8704	0.85005	BANP	hg38_genes_promoters	0.0511253678563593	1.0808666613500477	0
chr16	50711076	50711231	-0.014393	13	0.83731	0.8517	NOD2	hg38_genes_promoters	0.0018322150502341	2.1957456491358003	0
chr16	89343807	89343921	-0.012295	10	0.8416	0.85389	ANKRD11	hg38_genes_promoters	0.0194729471597455	1.4067642313423518	0
chr16	50681223	50681451	0.014263	10	0.084	0.069737	SNX20	hg38_genes_promoters	0.0342890253443605	1.2136015661174846	0
chr16	2114351	2114519	0.021114	12	0.84967	0.82855	PKD1	hg38_genes_promoters	0.0117001331018061	1.5779547583269595	0
chr16	2112864	2113022	0.016703	10	0.8043	0.7876	PKD1	hg38_genes_promoters	0.0279936028114857	1.2837650999949017	0
chr16	2110241	2110444	0.023859	13	0.84608	0.82222	PKD1	hg38_genes_promoters	0.0054730227119119	1.8300966634697888	0
chr16	2109407	2109573	0.014476	10	0.8505	0.83602	PKD1	hg38_genes_promoters	0.1050332642824356	0.8386917630162852	0
chr16	2106565	2106664	0.040679	10	0.8495	0.80882	PKD1	hg38_genes_promoters	0.0006756921011056	2.5376431177053353	0
chr16	2105396	2105565	0.015656	14	0.84307	0.82742	PKD1	hg38_genes_promoters	0.0145457203124929	1.5074158337946444	0
chr16	2103393	2103485	0.038519	10	0.8623	0.82378	PKD1	hg38_genes_promoters	0.009431469118788	1.6500059279584454	0
chr16	2099841	2100107	0.021874	21	0.8341	0.81222	PKD1	hg38_genes_promoters	0.0004848465905525	2.652895603924241	0
chr16	2093574	2093828	0.023613	12	0.843	0.81939	PKD1	hg38_genes_promoters	0.0262081571059449	1.3056321448019144	0
chr16	2091417	2091558	0.037051	24	0.83308	0.79603	LOC105371049	hg38_genes_promoters	4.5084265833941956e-14	11.336836199866063	1
chr16	2091417	2091558	0.037051	24	0.83308	0.79603	PKD1	hg38_genes_promoters	4.5084265833941956e-14	11.336836199866063	1
chr16	2086200	2086363	0.01863	10	0.8434	0.82477	TSC2	hg38_genes_promoters	0.0098420980604569	1.6362891069116632	0
chr16	2084436	2084545	0.025689	10	0.8859	0.86021	TSC2	hg38_genes_promoters	6.208604007595194e-05	3.360880885342851	0
chr16	2082861	2083114	0.07579	10	0.6207	0.54491	TSC2	hg38_genes_promoters	0.0002673389432485	2.858739336778805	0
chr16	2082322	2082526	0.014611	10	0.7904	0.77579	TSC2	hg38_genes_promoters	0.0463173833511676	1.112932389694281	0
chr16	2079450	2079595	0.015489	10	0.8777	0.86221	TSC2	hg38_genes_promoters	0.0129587662366295	1.5453365190201265	0
chr16	2077123	2077358	-0.015803	12	0.86525	0.88105	TSC2	hg38_genes_promoters	0.0031916215252297	2.0078554123933174	0
chr16	2071867	2072073	0.026342	10	0.8525	0.82616	TSC2	hg38_genes_promoters	0.0008310719255834	2.4689426471240226	0
chr16	2064340	2064720	-0.017568	14	0.85307	0.87064	TSC2	hg38_genes_promoters	0.0016495140844544	2.230946288666856	0
chr16	2063056	2063169	0.018111	10	0.8789	0.86079	TSC2	hg38_genes_promoters	0.0339507246651813	1.2169444478158598	0
chr16	2029410	2029574	0.045155	12	0.82567	0.78051	SLC9A3R2	hg38_genes_promoters	5.184539138254378e-07	5.075753295889994	1
chr16	2000969	2001094	-0.011116	10	0.8642	0.87532	ZNF598	hg38_genes_promoters	0.0525250158146281	1.0719247731682704	0
chr16	1999907	2000163	0.038875	14	0.80786	0.76898	ZNF598	hg38_genes_promoters	4.217773316375803e-05	3.4963152949479372	0
chr16	1974955	1975081	-0.014399	12	0.85025	0.86465	TBL3	hg38_genes_promoters	0.0362970221645976	1.1954595592303874	0
chr16	1974225	1974460	0.021868	10	0.8495	0.82763	TBL3	hg38_genes_promoters	0.0049569295787572	1.8619143503553202	0
chr16	2114527	2114714	0.032932	10	0.8793	0.84637	PKD1	hg38_genes_promoters	5.849070192516719e-05	3.3819077419458035	0
chr16	1962419	1962641	0.028063	10	0.8078	0.77974	SNORA10	hg38_genes_promoters	0.0183250653787036	1.4270055136177922	0
chr16	2209834	2210307	0.026496	25	0.82664	0.80014	BRICD5	hg38_genes_promoters	2.1095900970750507e-05	3.7476729807366747	0
chr16	2234997	2235266	0.017919	13	0.85569	0.83777	DNASE1L2	hg38_genes_promoters	0.0331601989053893	1.2241857224029826	0
chr16	3112076	3112508	-0.018952	10	0.4554	0.47435	ZNF205-AS1	hg38_genes_promoters	0.7139005758922101	0.1412726094884793	0
chr16	3017430	3017614	-0.017676	10	0.8453	0.86298	TNFRSF12A	hg38_genes_promoters	0.0142433842269176	1.5149242539870398	0
chr16	2975546	2975739	0.01846	10	0.8469	0.82844	PKMYT1	hg38_genes_promoters	0.0135531806411099	1.5298638616878653	0
chr16	2955187	2955675	-0.030346	17	0.3208	0.35115	LOC105371055	hg38_genes_promoters	0.2171509508011306	0.5862262941120625	0
chr16	2954217	2954476	0.026367	11	0.77245	0.74609	LOC105371055	hg38_genes_promoters	0.0072965037888579	1.7339099811939611	0
chr16	2934446	2934698	-0.024259	12	0.59758	0.62184	FLYWCH1	hg38_genes_promoters	0.2543961993609627	0.5310819722222923	0
chr16	2933262	2933542	0.019011	20	0.8718	0.85279	FLYWCH1	hg38_genes_promoters	4.6639554939499044e-08	5.939027465627646	1
chr16	2857573	2858027	-0.04422	30	0.0683	0.11252	PRSS22	hg38_genes_promoters	3.806824127055993e-09	6.891069198268756	-1
chr16	2842742	2842911	-0.013137	10	0.1266	0.13974	PRSS30P	hg38_genes_promoters	0.3493540072106511	0.418436480354209	0
chr16	2817862	2817966	0.0193	10	0.7553	0.736	PRSS21	hg38_genes_promoters	0.1216282962195518	0.7893083230412961	0
chr16	2817807	2817859	0.029811	10	0.7886	0.75879	PRSS21	hg38_genes_promoters	0.0106231049505913	1.6104298184449628	0
chr16	2798310	2798461	0.063949	10	0.5384	0.47445	PRSS41	hg38_genes_promoters	0.0071222411441534	1.7420875086718544	0
chr16	2766360	2766535	0.011596	12	0.85717	0.84557	SRRM2	hg38_genes_promoters	0.0201208218670086	1.3960772447060592	0
chr16	2751646	2751792	-0.029774	10	0.8167	0.84647	SRRM2	hg38_genes_promoters	0.0001770336590326	2.998993129106412	0
chr16	2751646	2751792	-0.029774	10	0.8167	0.84647	SRRM2-AS1	hg38_genes_promoters	0.0001770336590326	2.998993129106412	0
chr16	2519561	2519640	0.032032	10	0.8134	0.78137	AMDHD2	hg38_genes_promoters	0.0030043108165601	2.0277817583829156	0
chr16	2513134	2513392	0.03781	10	0.31882	0.28101	AMDHD2	hg38_genes_promoters	0.2262602982319849	0.5717090894077078	0
chr16	2513134	2513392	0.03781	10	0.31882	0.28101	ATP6V0C	hg38_genes_promoters	0.2262602982319849	0.5717090894077078	0
chr16	2445372	2445621	0.031947	13	0.87992	0.84798	MIR6767	hg38_genes_promoters	0.0004608583420196	2.671094660589979	0
chr16	2341950	2342068	0.017014	15	0.074733	0.057719	ABCA17P	hg38_genes_promoters	0.2244367490725518	0.5745213013097048	0
chr16	2284148	2284309	0.024479	10	0.8429	0.81842	ABCA3	hg38_genes_promoters	0.007271682070809	1.7348449993220894	0
chr16	2271597	2271918	0.020594	10	0.7804	0.75981	MIR940	hg38_genes_promoters	0.1514448978039494	0.7150687218567864	0
chr16	2269515	2270139	-0.024748	10	0.686	0.71075	MIR3677	hg38_genes_promoters	0.1180237855142688	0.7999944942965115	0
chr16	2264167	2264360	0.010877	12	0.83167	0.82079	RNPS1	hg38_genes_promoters	0.3800487566145201	0.3872383276703009	0
chr16	2236805	2236873	-0.014936	10	0.0435	0.058436	DNASE1L2	hg38_genes_promoters	0.0174024260410934	1.4452451350610145	0
chr16	2234249	2234326	0.038253	10	0.8772	0.83895	E4F1	hg38_genes_promoters	2.868287681863519e-07	5.288823916436849	1
chr16	1954637	1954920	-0.024301	10	0.7118	0.7361	RPL3L	hg38_genes_promoters	0.2941712457863185	0.4797288419232989	0
chr16	1793624	1793814	-0.024137	10	0.7156	0.73974	IGFALS	hg38_genes_promoters	0.1460795571910889	0.7274333806890689	0
chr16	1793624	1793814	-0.024137	10	0.7156	0.73974	SPSB3	hg38_genes_promoters	0.1460795571910889	0.7274333806890689	0
chr16	1079022	1079126	0.022016	10	0.8377	0.81568	SSTR5-AS1	hg38_genes_promoters	0.0219049762427033	1.3677295054832375	0
chr16	1078544	1078646	0.028747	10	0.7518	0.72305	SSTR5	hg38_genes_promoters	0.0239643092279791	1.3367116297504997	0
chr16	1073522	1073724	-0.056712	10	0.5213	0.57801	SSTR5-AS1	hg38_genes_promoters	0.0160141759907071	1.4736587493912914	0
chr16	977144	977387	-0.031947	10	0.7356	0.76755	CEROX1	hg38_genes_promoters	0.0028854875181393	2.0408825409299287	0
chr16	965096	965268	-0.013868	10	0.8845	0.89837	LMF1	hg38_genes_promoters	0.0019171035945024	2.1818411581066965	0
chr16	948161	948795	-0.064366	28	0.76389	0.82826	LMF1	hg38_genes_promoters	2.693041830310665e-12	9.76679473216933	-1
chr16	947963	948144	-0.032368	10	0.775	0.80737	LMF1	hg38_genes_promoters	0.0974665068867601	0.8638199059788129	0
chr16	920948	921186	-0.035189	10	0.7926	0.82779	LMF1-AS1	hg38_genes_promoters	1.7696541544597256e-05	3.811017681693583	0
chr16	920062	920265	-0.014425	12	0.84492	0.85934	LMF1-AS1	hg38_genes_promoters	0.0001442565870224	3.0689128278104247	0
chr16	791900	792011	-0.020826	10	0.8407	0.86153	CHTF18	hg38_genes_promoters	0.0003552636464895	2.7610139768878104	0
chr16	791347	791571	0.016556	18	0.88267	0.86611	CHTF18	hg38_genes_promoters	8.46446837079583e-05	3.253060880996287	0
chr16	770121	770294	0.02164	10	0.8014	0.77976	MIR662	hg38_genes_promoters	0.1310460503637801	0.763695525251989	0
chr16	695853	695942	-0.012589	10	0.0182	0.030789	FBXL16	hg38_genes_promoters	0.0107280819193261	1.6070281710902774	0
chr16	695764	695833	-0.02407	12	0.019833	0.043904	FBXL16	hg38_genes_promoters	2.077994496004016e-05	3.753313322843732	0
chr16	670688	670824	0.023653	10	0.8536	0.82995	RHOT2	hg38_genes_promoters	0.0043069171250197	1.9066906932001475	0
chr16	582072	582223	0.032095	10	0.7892	0.75711	PIGQ	hg38_genes_promoters	0.0183526454473305	1.4266819236901818	0
chr16	560343	560399	0.013588	10	0.0408	0.027212	PRR35	hg38_genes_promoters	0.0016333319425091	2.2344602173085644	0
chr16	552268	552373	0.039434	13	0.87069	0.83126	CAPN15	hg38_genes_promoters	3.505954861422741e-06	4.396000449275787	0
chr16	551940	552063	0.019342	10	0.8735	0.85416	CAPN15	hg38_genes_promoters	0.0058446552397314	1.8067696720556352	0
chr16	540093	540201	0.011134	11	0.83936	0.82823	CAPN15	hg38_genes_promoters	0.5397099555814286	0.2532796272262309	0
chr16	376272	376536	0.021795	10	0.8689	0.84711	PGAP6	hg38_genes_promoters	0.0016728666178645	2.2260334798998507	0
chr16	375780	375929	0.018942	10	0.8838	0.86486	PGAP6	hg38_genes_promoters	0.0454323116519518	1.1189163138833742	0
chr16	284530	284664	-0.022637	10	0.8011	0.82374	PDIA2	hg38_genes_promoters	0.0070699558257123	1.7444654735716716	0
chr16	254604	254690	-0.020958	10	0.8442	0.86516	FAM234A	hg38_genes_promoters	0.0034909269465932	1.977617136235919	0
chr16	50696818	50697273	-0.029121	10	0.3292	0.35832	NOD2	hg38_genes_promoters	0.2614159365340706	0.5215581107719772	0
chr16	1079379	1079486	0.020798	13	0.81023	0.78943	SSTR5-AS1	hg38_genes_promoters	0.0046954108697455	1.8786851357609908	0
chr16	1096084	1096336	0.015192	14	0.52207	0.50688	C1QTNF8	hg38_genes_promoters	0.4806538271294215	0.2978360254258187	0
chr16	1194416	1194675	0.02467	11	0.64582	0.62115	CACNA1H	hg38_genes_promoters	0.2371081221268043	0.5559392373370237	0
chr16	1209280	1209374	0.022777	13	0.82569	0.80291	CACNA1H	hg38_genes_promoters	6.682544502975403e-05	3.335471883311866	0
chr16	1759789	1759941	0.032542	10	0.8596	0.82706	MAPK8IP3	hg38_genes_promoters	0.0018503446530833	2.1928551447183997	0
chr16	1714437	1714815	-0.024351	10	0.7984	0.82275	LOC101929480	hg38_genes_promoters	0.0067244822995593	1.7627814364068723	0
chr16	1680052	1680560	-0.013939	14	0.80964	0.82358	JPT2	hg38_genes_promoters	0.0336563700709955	1.219073971905062	0
chr16	1611162	1611284	0.02041	14	0.038241	0.017831	IFT140	hg38_genes_promoters	0.0001471194889207	3.0633783132816883	0
chr16	1579941	1580803	-0.023218	18	0.67867	0.70188	LOC105371046	hg38_genes_promoters	0.0950688720831525	0.8720599931392443	0
chr16	1564751	1564996	0.017684	10	0.849	0.83132	IFT140	hg38_genes_promoters	0.03039102439264	1.2541111169324428	0
chr16	1534149	1534265	-0.012594	14	0.34786	0.36045	IFT140	hg38_genes_promoters	0.4709754488112893	0.3058804025337399	0
chr16	1527861	1528158	-0.021904	12	0.29283	0.31474	IFT140	hg38_genes_promoters	0.1109297774531379	0.8211674190941997	0
chr16	1527861	1528158	-0.021904	12	0.29283	0.31474	TMEM204	hg38_genes_promoters	0.1109297774531379	0.8211674190941997	0
chr16	1520548	1520701	-0.043975	10	0.8325	0.87648	IFT140	hg38_genes_promoters	7.380893886908787e-07	4.95428993851284	0
chr16	1492536	1492942	0.028642	13	0.578	0.54936	TELO2	hg38_genes_promoters	0.2731681604004309	0.5048416444856194	0
chr16	1471739	1472114	-0.023893	10	0.1693	0.19319	CLCN7	hg38_genes_promoters	0.2299221172273206	0.5666459642028272	0
chr16	3112076	3112508	-0.018952	10	0.4554	0.47435	ZNF205	hg38_genes_promoters	0.7139005758922101	0.1412726094884793	0
chr16	1452703	1452856	0.019662	12	0.86058	0.84092	CLCN7	hg38_genes_promoters	0.0492862941195131	1.0929339080107647	0
chr16	1445013	1445185	0.053366	12	0.5825	0.52913	CCDC154	hg38_genes_promoters	0.0077400227406481	1.7136793495730145	0
chr16	1438077	1438492	0.014211	14	0.83786	0.82365	CCDC154	hg38_genes_promoters	0.030876406016577	1.2486364320272627	0
chr16	1435896	1436127	0.014985	14	0.84529	0.8303	CCDC154	hg38_genes_promoters	0.0666174509815404	0.990269151572296	0
chr16	1435245	1435427	-0.017179	10	0.8544	0.87158	CCDC154	hg38_genes_promoters	0.0052504660833571	1.8435172502065533	0
chr16	1366025	1366341	-0.03069	19	0.38732	0.41801	UNKL	hg38_genes_promoters	0.184200105542109	0.6445831806568253	0
chr16	1345968	1346136	0.052169	10	0.8073	0.75513	BAIAP3	hg38_genes_promoters	3.0213463416381407e-05	3.6156315791992277	0
chr16	1344917	1345256	-0.027341	12	0.71658	0.74392	BAIAP3	hg38_genes_promoters	0.1273374501834327	0.7731804110828442	0
chr16	1313751	1313877	0.029884	10	0.8476	0.81772	UBE2I	hg38_genes_promoters	0.0026920461920814	2.0645521436851815	0
chr16	1312129	1312286	-0.041372	10	0.171	0.21237	UBE2I	hg38_genes_promoters	0.1241251801457006	0.781990150685509	0
chr16	1311754	1312000	-0.053651	16	0.2025	0.25615	UBE2I	hg38_genes_promoters	0.0129584245527225	1.5453365190201265	0
chr16	1240193	1240588	-0.016388	18	0.56561	0.582	TPSAB1	hg38_genes_promoters	0.2887352834583494	0.4860911715283359	0
chr16	1230624	1230833	0.011353	10	0.7763	0.76495	TPSB2	hg38_genes_promoters	0.2164045634971558	0.5875287519103816	0
chr16	1450248	1450358	0.017079	10	0.8275	0.81042	CLCN7	hg38_genes_promoters	0.0064304537347463	1.7775336321665738	0
chr16	3305078	3305213	0.01636	21	0.079	0.06264	TIGD7	hg38_genes_promoters	0.0003404275821364	2.77446142239367	0
chr16	1526771	1527091	-0.014314	12	0.36442	0.37873	IFT140	hg38_genes_promoters	0.3253520385720645	0.44390722107036645	0
chr16	3365079	3365309	0.014464	17	0.14753	0.13307	LOC105371059	hg38_genes_promoters	0.3237808981346404	0.44588910060376213	0
chr16	30769105	30769406	0.010852	10	0.8546	0.84375	RNF40	hg38_genes_promoters	0.3889389805779224	0.3787611989714786	0
chr16	30768902	30769014	0.0191	10	0.8661	0.847	RNF40	hg38_genes_promoters	0.0128680015630496	1.5472040908708928	0
chr16	30739499	30739764	0.015933	13	0.83354	0.81761	TMEM265	hg38_genes_promoters	0.0642767918818919	1.0030167853801049	0
chr16	30739499	30739764	0.015933	13	0.83354	0.81761	PHKG2	hg38_genes_promoters	0.0642767918818919	1.0030167853801049	0
chr16	30660322	30660598	0.022376	10	0.1097	0.087324	FBRS	hg38_genes_promoters	0.0696249351238416	0.9753183945800606	0
chr16	30194768	30194846	0.043879	10	0.1958	0.15192	BOLA2B	hg38_genes_promoters	0.0150797870637254	1.495193562505714	0
chr16	30194768	30194846	0.043879	10	0.1958	0.15192	SLX1A-SULT1A3	hg38_genes_promoters	0.0150797870637254	1.495193562505714	0
chr16	30187080	30187217	0.011874	10	0.6074	0.59553	CORO1A	hg38_genes_promoters	0.4978496329069197	0.2848768799079848	0
chr16	30184937	30185371	0.054958	10	0.5684	0.51344	CORO1A	hg38_genes_promoters	0.0080890563110344	1.6992194373525136	0
chr16	30184937	30185371	0.054958	10	0.5684	0.51344	CORO1A-AS1	hg38_genes_promoters	0.0080890563110344	1.6992194373525136	0
chr16	30095370	30095761	0.038607	13	0.20361	0.16501	YPEL3-DT	hg38_genes_promoters	0.029773224588345	1.2616748559148976	0
chr16	30095370	30095761	0.038607	13	0.20361	0.16501	YPEL3	hg38_genes_promoters	0.029773224588345	1.2616748559148976	0
chr16	29863855	29864226	0.028328	10	0.6381	0.60977	CDIPT	hg38_genes_promoters	0.1449688458263361	0.7298499122442412	0
chr16	29863855	29864226	0.028328	10	0.6381	0.60977	CDIPTOSP	hg38_genes_promoters	0.1449688458263361	0.7298499122442412	0
chr16	29819565	29819718	0.019126	10	0.8326	0.81347	MVP	hg38_genes_promoters	0.0293975347932145	1.2661241271368084	0
chr16	29815284	29815468	-0.01578	14	0.037214	0.052994	PAGR1	hg38_genes_promoters	0.0013474742147457	2.2999731991904238	0
chr16	29807519	29807597	0.015291	13	0.041	0.025709	MAZ	hg38_genes_promoters	0.0461002577014454	1.114371889905	0
chr16	29220621	29220718	0.014895	10	0.842	0.82711	LOC101928188	hg38_genes_promoters	0.0954765785861367	0.8708851163062471	0
chr16	29218769	29218845	-0.024963	10	0.8013	0.82626	LOC101928188	hg38_genes_promoters	0.001382403152608	2.2898472680143476	0
chr16	28984722	28985096	0.016167	12	0.069417	0.05325	LAT	hg38_genes_promoters	0.2005724798404131	0.6145673947429794	0
chr16	28983886	28984233	-0.019066	12	0.68558	0.70465	LAT	hg38_genes_promoters	0.2112716951066183	0.595503481102111	0
chr16	28937024	28937240	0.023972	16	0.82169	0.79772	RABEP2	hg38_genes_promoters	0.0060834272441788	1.7931007547284412	0
chr16	28924446	28924600	0.044387	10	0.6185	0.57411	RABEP2	hg38_genes_promoters	0.0471677470302731	1.1078307737928896	0
chr16	28866389	28866657	0.021056	14	0.84136	0.8203	SH2B1	hg38_genes_promoters	0.0127508148685338	1.5499890347262186	0
chr16	28844010	28844301	0.014829	10	0.8662	0.85137	MIR4721	hg38_genes_promoters	0.1679163906007492	0.678209059057128	0
chr16	30984945	30985217	-0.010665	10	0.0426	0.053265	HSD3B7	hg38_genes_promoters	0.0549961244533307	1.0568808493886146	0
chr16	28623289	28623732	0.010138	56	0.018125	0.0079867	SULT1A1	hg38_genes_promoters	0.0038744276391593	1.942301353675959	0
chr16	31038522	31038660	0.010432	10	0.8668	0.85637	LOC101928762	hg38_genes_promoters	0.1325300429175869	0.7607824018979873	0
chr16	31042305	31042656	0.028823	27	0.76126	0.73244	LOC101928762	hg38_genes_promoters	0.0002677456180364	2.858357853812509	0
chr16	50288001	50288245	0.017013	12	0.56008	0.54307	ADCY7	hg38_genes_promoters	0.347133701511101	0.42055823926214897	0
chr16	3305078	3305213	0.01636	21	0.079	0.06264	ZNF75A	hg38_genes_promoters	0.0003404275821364	2.77446142239367	0
chr16	49664736	49664986	0.015981	10	0.8349	0.81892	ZNF423	hg38_genes_promoters	0.0928874899901656	0.8790896665112914	0
chr16	49465094	49465641	0.040255	31	0.39678	0.35652	LINC02179	hg38_genes_promoters	0.0077789381721387	1.7122630059435346	0
chr16	49454970	49455542	0.017798	10	0.8272	0.8094	LOC105371244	hg38_genes_promoters	0.3181678369553745	0.45181345365324227	0
chr16	48187363	48187685	0.017194	10	0.8611	0.84391	ABCC11	hg38_genes_promoters	0.1043948153543327	0.8406704632032944	0
chr16	48156266	48156748	0.0274	12	0.57092	0.54352	ABCC12	hg38_genes_promoters	0.2492981713168711	0.538380538297434	0
chr16	48091119	48091273	0.024149	10	0.6525	0.62835	ABCC12	hg38_genes_promoters	0.1075760844100686	0.8313386355836772	0
chr16	46883494	46883769	-0.012616	10	0.0267	0.039316	GPT2	hg38_genes_promoters	0.1207318476214613	0.7917980787285664	0
chr16	46569134	46569562	0.024488	27	0.71304	0.68855	ANKRD26P1	hg38_genes_promoters	0.0199543230963093	1.3990406495709005	0
chr16	46569072	46569133	0.0535	10	0.7645	0.711	ANKRD26P1	hg38_genes_promoters	6.956268162309087e-06	4.146832527226839	0
chr16	35746924	35747492	0.036335	10	0.7822	0.74587	LINC02167	hg38_genes_promoters	0.0068741160781239	1.7548789379787004	0
chr16	35506031	35506214	-0.049722	10	0.4634	0.51312	TP53TG3HP	hg38_genes_promoters	0.0451080934939525	1.1211247149238972	0
chr16	35207468	35207741	-0.036347	17	0.47529	0.51164	LOC105371200	hg38_genes_promoters	0.0137959434703371	1.5246089813909214	0
chr16	35195304	35195459	-0.082177	10	0.6411	0.72328	LOC112268173	hg38_genes_promoters	0.0018086478355997	2.1999596987619157	0
chr16	35143778	35144059	-0.05386	19	0.61763	0.67149	LOC105371197	hg38_genes_promoters	0.000377442030972	2.7411758065156704	0
chr16	32885289	32885366	0.07654	12	0.76308	0.68654	SLC6A10P	hg38_genes_promoters	5.025305698719452e-06	4.258949438957223	0
chr16	31493622	31493741	0.030673	10	0.8877	0.85703	RUSF1	hg38_genes_promoters	0.0032214035466883	2.004483699717745	0
chr16	31464736	31464832	0.048542	10	0.8927	0.84416	ARMC5	hg38_genes_promoters	1.5679164573188822e-14	11.717455127379761	1
chr16	31392984	31393858	-0.047482	11	0.555	0.60248	ITGAD	hg38_genes_promoters	0.1922150872636319	0.6290563700854855	0
chr16	31371139	31371410	0.019731	10	0.8593	0.83957	ITGAX	hg38_genes_promoters	0.0136935680605634	1.5270268712007427	0
chr16	31142932	31142997	0.046548	10	0.2792	0.23265	PRSS36	hg38_genes_promoters	0.0044615349734165	1.8950939939214415	0
chr16	31135400	31135709	-0.019313	13	0.76208	0.78139	PRSS8	hg38_genes_promoters	0.0688981787958281	0.9794660916203571	0
chr16	31095423	31095574	-0.014595	10	0.5723	0.58689	PRSS53	hg38_genes_promoters	0.4329535491796084	0.3378920246822633	0
chr16	31088657	31089407	-0.030542	10	0.8283	0.85884	PRSS53	hg38_genes_promoters	0.0001029185937613	3.183859520453074	0
chr16	31038522	31038660	0.010432	10	0.8668	0.85637	STX4	hg38_genes_promoters	0.1325300429175869	0.7607824018979873	0
chr16	28623289	28623732	0.010138	56	0.018125	0.0079867	NUPR1	hg38_genes_promoters	0.0038744276391593	1.942301353675959	0
chr16	31095423	31095574	-0.014595	10	0.5723	0.58689	VKORC1	hg38_genes_promoters	0.4329535491796084	0.3378920246822633	0
chr16	28610715	28611301	-0.030012	10	0.5806	0.61061	SULT1A1	hg38_genes_promoters	0.2289276101695172	0.5680202212010398	0
chr16	7653826	7653891	0.023561	12	0.71733	0.69377	RBFOX1	hg38_genes_promoters	0.1048215932053429	0.8393449067472997	0
chr16	6483773	6484022	-0.012331	21	0.037619	0.04995	RBFOX1	hg38_genes_promoters	9.2480745714899e-05	3.2216539160936675	0
chr16	6018935	6018982	-0.011711	10	0.0335	0.045211	RBFOX1	hg38_genes_promoters	0.0274523010891912	1.2898374056498851	0
chr16	4937763	4937926	-0.027089	10	0.6717	0.69879	PPL	hg38_genes_promoters	0.2176804518525663	0.5852971266386325	0
chr16	4795283	4795721	0.019511	10	0.7283	0.70879	SMIM22	hg38_genes_promoters	0.1241824171942458	0.7818615696176313	0
chr16	4701147	4701276	0.018973	10	0.8764	0.85743	ANKS3	hg38_genes_promoters	0.2943618127542873	0.4795082188790625	0
chr16	4680778	4680973	0.030882	12	0.6511	0.62022	MGRN1	hg38_genes_promoters	0.0408490231305516	1.154888889419119	0
chr16	4680354	4680440	-0.029474	10	0.219	0.24847	MGRN1	hg38_genes_promoters	0.0868776750220913	0.9012713300509111	0
chr16	4556277	4556687	-0.02438	12	0.80317	0.82755	C16orf96	hg38_genes_promoters	0.0037425382329177	1.9538205016158463	0
chr16	4263346	4263828	0.031551	27	0.72	0.68845	TFAP4	hg38_genes_promoters	0.007901044018272	1.7071656496851755	0
chr16	4242028	4242233	0.025837	10	0.8251	0.79926	SRL	hg38_genes_promoters	0.0042095139020327	1.9150730980332662	0
chr16	8712737	8712899	-0.028079	10	0.4135	0.44158	ABAT	hg38_genes_promoters	0.2029434997046082	0.6107004368214575	0
chr16	4115012	4115123	0.036032	10	0.7984	0.76237	ADCY9	hg38_genes_promoters	6.506156102086234e-05	3.345489346097194	0
chr16	3850253	3850395	0.029347	10	0.8754	0.84605	CREBBP	hg38_genes_promoters	0.001823069190664	2.197544390407549	0
chr16	3731112	3731413	0.036365	18	0.87278	0.83641	CREBBP	hg38_genes_promoters	9.906024575582917e-08	5.669981564151264	1
chr16	3656632	3656982	0.011283	13	0.86677	0.85549	DNASE1	hg38_genes_promoters	0.2899942703620805	0.4846037262375459	0
chr16	3655124	3655399	0.035705	12	0.83808	0.80238	DNASE1	hg38_genes_promoters	0.000484753713233	2.652895603924241	0
chr16	3500204	3500345	-0.026358	19	0.098316	0.12467	CLUAP1	hg38_genes_promoters	1.1765047302238928e-05	3.9555424637262697	0
chr16	3496396	3496517	-0.013216	10	0.8361	0.84932	C16orf90	hg38_genes_promoters	0.0482484046391127	1.0996812567538388	0
chr16	3484567	3484769	0.021111	10	0.8799	0.85879	NAA60	hg38_genes_promoters	0.0250396015968364	1.3216651598927964	0
chr16	3482387	3482548	0.024853	10	0.8868	0.86195	NAA60	hg38_genes_promoters	0.0004609840832872	2.671094660589979	0
chr16	3443506	3443774	-0.02873	15	0.45187	0.4806	ZNF597	hg38_genes_promoters	0.0139090713694265	1.522691440056852	0
chr16	28623289	28623732	0.010138	56	0.018125	0.0079867	SULT1A2	hg38_genes_promoters	0.0038744276391593	1.942301353675959	0
chr16	3365079	3365309	0.014464	17	0.14753	0.13307	NAA60	hg38_genes_promoters	0.3237808981346404	0.44588910060376213	0
chr16	3443506	3443774	-0.02873	15	0.45187	0.4806	NAA60	hg38_genes_promoters	0.0139090713694265	1.522691440056852	0
chr16	3950568	3950848	-0.017543	13	0.80554	0.82308	LINC02861	hg38_genes_promoters	0.0043714746699227	1.901621460551747	0
chr16	10775214	10775541	-0.02272	13	0.83454	0.85726	TVP23A	hg38_genes_promoters	0.0094702612133699	1.6483510694105448	0
chr16	4240504	4240767	-0.027843	10	0.7788	0.80664	SRL	hg38_genes_promoters	0.0337207970639428	1.2187021922923216	0
chr16	11390531	11391131	-0.024211	10	0.7193	0.74351	LOC400499	hg38_genes_promoters	0.0756853350627654	0.9478208335097583	0
chr16	28494165	28494796	-0.011456	10	0.0592	0.070656	CLN3	hg38_genes_promoters	0.8461959130504049	0.07074906810997188	0
chr16	28494165	28494796	-0.011456	10	0.0592	0.070656	APOBR	hg38_genes_promoters	0.8461959130504049	0.07074906810997188	0
chr16	28111869	28112088	0.033698	10	0.8359	0.8022	XPO6	hg38_genes_promoters	0.0591370206785354	1.0317242994694296	0
chr16	11276282	11276639	0.026237	14	0.85936	0.83312	PRM2	hg38_genes_promoters	0.0012936670770048	2.313850044600679	0
chr16	27888019	27888234	-0.0177	10	0.0653	0.083	GSG1L	hg38_genes_promoters	0.1071578657592442	0.8322179261329216	0
chr16	27489620	27489741	0.024389	10	0.8396	0.81521	GTF3C1	hg38_genes_promoters	0.0018149329514966	2.198924520150701	0
chr16	27344721	27344911	0.012107	10	0.8535	0.84139	IL4R	hg38_genes_promoters	0.4335577078609072	0.3374006151268554	0
chr16	27230721	27231092	0.021034	12	0.71242	0.69138	NSMCE1	hg38_genes_promoters	0.1320315996263483	0.7617037961971332	0
chr16	24845886	24846119	-0.019689	10	0.5741	0.59379	SLC5A11	hg38_genes_promoters	0.4357057817958284	0.3357677227937547	0
chr16	24776701	24777190	-0.045036	10	0.7852	0.83024	TNRC6A	hg38_genes_promoters	0.0010032023041763	2.4039132680374484	0
chr16	23713149	23713272	-0.013197	12	0.03575	0.048947	ERN2	hg38_genes_promoters	0.0018995560791089	2.1849099988223593	0
chr16	22437196	22437307	-0.010843	13	0.008	0.018843	SMG1P1	hg38_genes_promoters	0.0003431618857433	2.7723140183338004	0
chr16	22437196	22437307	-0.010843	13	0.008	0.018843	RRN3P3	hg38_genes_promoters	0.0003431618857433	2.7723140183338004	0
chr16	24821366	24821763	-0.026968	10	0.8244	0.85137	TNRC6A	hg38_genes_promoters	0.0088793919340015	1.669376821031117	0
chr16	21346984	21347228	0.033089	10	0.8183	0.78521	SNX29P1	hg38_genes_promoters	0.0104568004372342	1.6156640574339027	0
chr16	11781865	11782570	-0.023474	10	0.6916	0.71507	ZC3H7A	hg38_genes_promoters	0.2886155252066565	0.4860911715283359	0
chr16	11402141	11402457	-0.015287	11	0.778	0.79329	LOC400499	hg38_genes_promoters	0.2581907055105253	0.5258328083455043	0
chr16	14200291	14200421	-0.015914	11	0.89509	0.911	MRTFB	hg38_genes_promoters	0.0008381773861497	2.465953909560445	0
chr16	14247236	14247630	-0.012997	10	0.8508	0.8638	MRTFB	hg38_genes_promoters	0.0195731688243951	1.4052585180367276	0
chr16	17972428	17972842	0.027677	16	0.74575	0.71807	LOC107984893	hg38_genes_promoters	0.0133443003684028	1.5354740284692534	0
chr16	17134492	17134594	-0.015426	10	0.7941	0.80953	LOC102723692	hg38_genes_promoters	0.0189843569764869	1.4154844544848229	0
chr16	11392132	11392404	0.013558	11	0.82964	0.81608	LOC400499	hg38_genes_promoters	0.1238696702782856	0.7825267025507467	0
chr16	19180031	19180435	-0.031106	10	0.3809	0.41201	SYT17	hg38_genes_promoters	0.2107743567022809	0.5962682858007483	0
chr16	19183486	19183814	-0.04097	20	0.7848	0.82577	SYT17	hg38_genes_promoters	7.306860000764753e-07	4.957857106125814	0
chr16	20073818	20073864	-0.013232	10	0.0214	0.034632	GPR139	hg38_genes_promoters	6.801505638650334e-05	3.3299270601366717	0
chr16	19169438	19169713	-0.041626	10	0.4169	0.45853	SYT17	hg38_genes_promoters	0.194772446931124	0.6248269138912153	0
chr17	68346593	68346865	-0.022282	10	0.0788	0.10108	ARSG	hg38_genes_promoters	0.2541595914826113	0.5314226894290579	0
chr17	66877232	66877422	-0.020668	10	0.8147	0.83537	CACNG5	hg38_genes_promoters	0.0075143793449442	1.7233620906596205	0
chr17	67044393	67044564	0.022042	10	0.8402	0.81816	CACNG1	hg38_genes_promoters	0.0438228637614043	1.130870386305426	0
chr17	68259140	68259303	0.013624	22	0.031591	0.017967	ARSG	hg38_genes_promoters	3.484845626438352e-13	10.542276641901648	1
chr17	68424592	68425074	-0.019095	10	0.8551	0.87419	MIR635	hg38_genes_promoters	7.237816508773183e-05	3.3091735030599216	0
chr17	72121545	72121774	-0.011657	25	0.01788	0.029537	SOX9-AS1	hg38_genes_promoters	1.5513889284771886e-09	7.232152165070624	-1
chr17	68514933	68515445	-0.025028	10	0.5645	0.58953	PRKAR1A	hg38_genes_promoters	0.3202988566414936	0.44969077332720436	0
chr17	72057625	72058125	0.021226	11	0.757	0.73577	LOC102723517	hg38_genes_promoters	0.3702546416654602	0.3968898714847838	0
chr17	73369342	73369541	0.028596	12	0.68417	0.65557	SDK2	hg38_genes_promoters	0.1133172561538755	0.8141843201617162	0
chr17	72516840	72517131	-0.033942	10	0.4229	0.45684	LINC00673	hg38_genes_promoters	0.2525781464827573	0.5336347337327221	0
chr17	72593189	72593505	-0.012737	10	0.8179	0.83064	LINC00673	hg38_genes_promoters	0.0871960707851018	0.9002266874504639	0
chr17	66834802	66835024	-0.021829	10	0.0797	0.10153	CACNG5	hg38_genes_promoters	0.0528138357663629	1.0699454885406159	0
chr17	72640416	72640540	-0.029189	15	0.2566	0.28579	LINC00511	hg38_genes_promoters	0.0972042748993973	0.8644606378857669	0
chr17	73438032	73438366	-0.018206	12	0.81008	0.82829	SDK2	hg38_genes_promoters	0.0946439035168905	0.8732768647815919	0
chr17	65536448	65536859	-0.016313	18	0.84661	0.86292	AXIN2	hg38_genes_promoters	0.0012027917719504	2.3393795228680574	0
chr17	62680394	62680630	0.031173	18	0.87661	0.84544	MRC2	hg38_genes_promoters	2.2454516077151112e-08	6.214601433119935	1
chr17	63859355	63860213	-0.013279	10	0.8183	0.83158	TCAM1P	hg38_genes_promoters	0.1001558308014661	0.8553114375774397	0
chr17	63856669	63857163	-0.027314	10	0.7489	0.77621	TCAM1P	hg38_genes_promoters	0.1101584427893965	0.823024201395715	0
chr17	63689383	63689609	0.010604	11	0.878	0.8674	MAP3K3	hg38_genes_promoters	0.2431262435464769	0.546880317820791	0
chr17	63484470	63484927	-0.018276	12	0.83392	0.85219	ACE	hg38_genes_promoters	0.0030549441919482	2.022535517675258	0
chr17	63446862	63447095	0.011976	22	0.045636	0.03366	CYB561	hg38_genes_promoters	0.1199230358491316	0.794072247500949	0
chr17	63437537	63437687	0.033585	10	0.8206	0.78702	CYB561	hg38_genes_promoters	0.0001318338476827	3.0990136410828244	0
chr17	63435178	63435335	-0.022628	13	0.088385	0.11101	CYB561	hg38_genes_promoters	0.0001318329379926	3.0990136410828244	0
chr17	62704912	62705369	-0.052703	10	0.49	0.5427	LOC105371855	hg38_genes_promoters	0.0623641267252829	1.0133829357868391	0
chr17	62478900	62479026	-0.041303	16	0.12	0.1613	TLK2	hg38_genes_promoters	0.007478871068752	1.7245480424673885	0
chr17	61591129	61591380	-0.014395	16	0.86425	0.87865	NACA2	hg38_genes_promoters	0.0009222675422719	2.433728555297453	0
chr17	61411067	61411150	0.010852	10	0.025	0.014148	LINC02875	hg38_genes_promoters	1.8709567131087935e-05	3.7910520145280286	0
chr17	60135780	60136106	-0.015979	10	0.0646	0.080579	LOC100996660	hg38_genes_promoters	0.0427218905220531	1.1392772573106198	0
chr17	74113597	74113792	0.025277	16	0.86706	0.84179	LINC02074	hg38_genes_promoters	2.447506876548349e-05	3.6926230300510974	0
chr17	61135975	61136085	-0.040277	10	0.7332	0.77348	LOC107984992	hg38_genes_promoters	0.0052940122514271	1.8408875758358243	0
chr17	63972942	63973272	0.013274	10	0.8588	0.84553	SCN4A	hg38_genes_promoters	0.2761066125968475	0.501146508839983	0
chr17	74215501	74215861	-0.016605	10	0.6911	0.70771	TTYH2	hg38_genes_promoters	0.3631378626909731	0.40391752221596555	0
chr17	75897157	75897228	0.030589	10	0.2577	0.22711	TRIM65	hg38_genes_promoters	0.3038139612966604	0.46828787151439644	0
chr17	74361902	74362518	-0.022707	12	0.25975	0.28246	BTBD17	hg38_genes_promoters	0.2612156441406398	0.5216539152985895	0
chr17	75753768	75753925	0.015728	25	0.04876	0.033032	ITGB4	hg38_genes_promoters	1.6876031459109686e-10	8.096412705545752	1
chr17	75758367	75758529	-0.017118	12	0.82275	0.83987	GALK1	hg38_genes_promoters	0.0058697765531592	1.8053379203256983	0
chr17	75784094	75784289	0.040778	10	0.64103	0.60025	UNK	hg38_genes_promoters	0.0991421851705095	0.858452403142772	0
chr17	75840164	75840338	0.023645	10	0.86	0.83636	UNC13D	hg38_genes_promoters	0.0003678700696156	2.7486817958800236	0
chr17	75848217	75848593	-0.032988	10	0.6828	0.71579	WBP2	hg38_genes_promoters	0.1579202406965849	0.7000252273999599	0
chr17	75877373	75877569	-0.023404	15	0.011333	0.034737	TRIM47	hg38_genes_promoters	3.9070699530280745e-10	7.751802925771148	-1
chr17	75750963	75751111	-0.046346	10	0.7061	0.75245	ITGB4	hg38_genes_promoters	4.391910992922295e-05	3.4832008805031505	0
chr17	76000098	76000218	-0.023595	10	0.7903	0.81389	TEN1-CDK3	hg38_genes_promoters	0.3165728194709013	0.453816730866541	0
chr17	76074293	76074400	-0.015805	10	0.0189	0.034705	GALR2	hg38_genes_promoters	3.554748609667399e-05	3.557784972840578	0
chr17	76078930	76079255	0.0331	10	0.6411	0.608	ZACN	hg38_genes_promoters	0.0811590609494795	0.9240228340368171	0
chr17	76087736	76088199	0.024095	16	0.82906	0.80497	EXOC7	hg38_genes_promoters	0.004002258461076	1.9310505822217992	0
chr17	60102550	60102751	-0.015041	20	0.0465	0.061541	LOC653653	hg38_genes_promoters	0.2409353253936056	0.5501197754623931	0
chr17	76089938	76090141	0.031532	10	0.8299	0.79837	EXOC7	hg38_genes_promoters	0.0103160835973674	1.6201738713037666	0
chr17	76027305	76027810	-0.049063	19	0.35111	0.40017	EVPL	hg38_genes_promoters	0.0063615069698089	1.7807919054638308	0
chr17	74249410	74249954	0.038241	10	0.8048	0.76656	TTYH2	hg38_genes_promoters	0.0002339959411397	2.903768677221636	0
chr17	75723672	75723981	0.013112	10	0.8588	0.84569	ITGB4	hg38_genes_promoters	0.1767838197415623	0.6597726726953909	0
chr17	75640114	75640237	0.022711	10	0.8165	0.79379	RECQL5	hg38_genes_promoters	0.0516180096387916	1.0782722242961127	0
chr17	74531285	74532147	-0.021002	10	0.5527	0.5737	CD300LB	hg38_genes_promoters	0.3605161488769909	0.4063033874032745	0
chr17	74567734	74568187	-0.015763	10	0.7775	0.79326	CD300H	hg38_genes_promoters	0.0949716465655238	0.8722762510801035	0
chr17	74599394	74599565	-0.042926	10	0.1663	0.20923	LOC101928343	hg38_genes_promoters	0.0345910843730415	1.2111344253697567	0
chr17	74670922	74671221	-0.048576	21	0.15248	0.20105	RAB37	hg38_genes_promoters	1.2001852599561729e-06	4.77741381533568	0
chr17	74868512	74868813	-0.052163	10	0.4681	0.52026	FDXR	hg38_genes_promoters	0.0001977117055785	2.9622486652782003	0
chr17	75645698	75647254	-0.013282	29	0.36145	0.37473	SMIM6	hg38_genes_promoters	0.400220231560132	0.36824881486652156	0
chr17	74935876	74936102	-0.01852	17	0.038941	0.057461	OTOP3	hg38_genes_promoters	9.179789928325278e-05	3.2241731491024046	0
chr17	75287395	75287696	-0.023112	10	0.8401	0.86321	SLC25A19	hg38_genes_promoters	0.0007165692408986	2.5171864611433756	0
chr17	75522011	75522359	0.011555	26	0.85623	0.84468	TSEN54	hg38_genes_promoters	0.0490768073200824	1.093969682623021	0
chr17	75570296	75570472	0.038322	12	0.86192	0.82359	LLGL2	hg38_genes_promoters	1.7999006409279755e-05	3.804428983190135	0
chr17	75589859	75590026	0.043572	17	0.72994	0.68637	MYO15B	hg38_genes_promoters	0.0021553976922773	2.1419039073020736	0
chr17	75629261	75629563	0.023008	14	0.78436	0.76135	RECQL5	hg38_genes_promoters	0.0012279089493043	2.332651395551346	0
chr17	75635704	75635932	-0.025443	12	0.19508	0.22053	SMIM5	hg38_genes_promoters	0.0016426571268165	2.23237174216661	0
chr17	75087938	75088025	0.016878	16	0.050875	0.033997	SLC16A5	hg38_genes_promoters	1.437260435965252e-05	3.882327638196215	0
chr17	58531643	58531786	0.017521	10	0.0731	0.055579	SEPTIN4	hg38_genes_promoters	0.0386310273818143	1.1746837689055754	0
chr17	48627631	48628157	0.018935	15	0.7248	0.70587	HOXB-AS4	hg38_genes_promoters	0.0947460393368528	0.8730048135476235	0
chr17	58488407	58488463	0.082232	10	0.7376	0.65537	HSF5	hg38_genes_promoters	4.9048992639197865e-08	5.922432011901902	1
chr17	50172161	50172472	0.012389	10	0.8406	0.82821	SGCA	hg38_genes_promoters	0.2124109801519166	0.5938394998683934	0
chr17	50167162	50167517	0.034109	13	0.83562	0.80151	SGCA	hg38_genes_promoters	2.8955344024155968e-05	3.6308475167884473	0
chr17	50161710	50162023	0.010932	10	0.1913	0.18037	LOC105371818	hg38_genes_promoters	0.6638289017737438	0.17110783639564733	0
chr17	50145063	50145224	-0.022865	10	0.7603	0.78317	PPP1R9B	hg38_genes_promoters	0.1241247093782841	0.781990150685509	0
chr17	50130469	50131027	-0.027089	10	0.1846	0.21169	SAMD14	hg38_genes_promoters	0.5942687598459407	0.2156671865296946	0
chr17	50118269	50118532	0.023179	10	0.8096	0.78642	SAMD14	hg38_genes_promoters	0.0081079414528794	1.6984726409254811	0
chr17	50105950	50106090	-0.024121	10	0.8413	0.86542	PDK2	hg38_genes_promoters	9.542760396860246e-05	3.2097746762674286	0
chr17	50087288	50087896	-0.0268	10	0.4657	0.4925	ITGA3	hg38_genes_promoters	0.2816179964350874	0.4941586824253225	0
chr17	50075630	50075706	0.018011	10	0.8828	0.86479	ITGA3	hg38_genes_promoters	0.0014663200884236	2.268835382980406	0
chr17	49219713	49219876	-0.02518	10	0.2937	0.31888	ABI3	hg38_genes_promoters	0.3386872530169326	0.4297225978902227	0
chr17	49210728	49211087	0.035784	10	0.6061	0.57032	GNGT2	hg38_genes_promoters	0.1051951005902779	0.8380974082424032	0
chr17	49013645	49013786	0.048604	10	0.5646	0.516	IGF2BP1	hg38_genes_promoters	0.0258447863639294	1.3109838067297543	0
chr17	48728619	48728768	-0.012249	15	0.014067	0.026316	HOXB13	hg38_genes_promoters	4.053774895518081e-07	5.165709995044382	-1
chr17	48704559	48705335	-0.043907	10	0.696	0.73991	LINC02086	hg38_genes_promoters	0.0419870519598298	1.1458703916871444	0
chr17	48634541	48634707	0.043351	10	0.4422	0.39885	HOXB7	hg38_genes_promoters	0.1115132348588783	0.8192552381045431	0
chr17	48633501	48633647	0.048852	21	0.518	0.46915	MIR196A1	hg38_genes_promoters	0.0081938430848302	1.6959809792325058	0
chr17	48633501	48633647	0.048852	21	0.518	0.46915	HOXB7	hg38_genes_promoters	0.0081938430848302	1.6959809792325058	0
chr17	76090306	76090530	-0.015569	16	0.85769	0.87326	EXOC7	hg38_genes_promoters	0.0003337227782944	2.780968801220902	0
chr17	48556230	48557547	-0.020008	12	0.62183	0.64184	HOXB-AS2	hg38_genes_promoters	0.2887179276308316	0.4860911715283359	0
chr17	48556230	48557547	-0.020008	12	0.62183	0.64184	HOXB3	hg38_genes_promoters	0.2887179276308316	0.4860911715283359	0
chr17	48574268	48575502	-0.037519	27	0.70807	0.74559	HOXB3	hg38_genes_promoters	6.498245057788002e-05	3.345644153351605	0
chr17	48576166	48576395	-0.044533	17	0.35376	0.3983	HOXB3	hg38_genes_promoters	0.013943499852319	1.5219660972087612	0
chr17	48580074	48580193	-0.034899	10	0.1129	0.1478	HOXB3	hg38_genes_promoters	0.0123646345392269	1.5607201043766767	0
chr17	50172161	50172472	0.012389	10	0.8406	0.82821	H1-9P	hg38_genes_promoters	0.2124109801519166	0.5938394998683934	0
chr17	48580074	48580193	-0.034899	10	0.1129	0.1478	MIR10A	hg38_genes_promoters	0.0123646345392269	1.5607201043766767	0
chr17	48589639	48590450	-0.023958	25	0.05544	0.079398	HOXB3	hg38_genes_promoters	4.7363146824656e-05	3.4568108831003026	0
chr17	48591207	48592421	-0.025472	37	0.21876	0.24423	HOXB3	hg38_genes_promoters	0.0001713357838283	3.0104492880850855	0
chr17	48591207	48592421	-0.025472	37	0.21876	0.24423	HOXB-AS3	hg38_genes_promoters	0.0001713357838283	3.0104492880850855	0
chr17	48601716	48601976	-0.026449	10	0.2329	0.25935	HOXB-AS3	hg38_genes_promoters	0.1652895671516043	0.6838745354483551	0
chr17	48604895	48605303	-0.094113	12	0.35583	0.44995	HOXB6	hg38_genes_promoters	7.192286267244479e-07	4.963908402637737	0
chr17	48628211	48628538	0.059001	12	0.53608	0.47708	HOXB-AS4	hg38_genes_promoters	0.0242789526557556	1.3318734305759026	0
chr17	48589639	48590450	-0.023958	25	0.05544	0.079398	HOXB-AS3	hg38_genes_promoters	4.7363146824656e-05	3.4568108831003026	0
chr17	50186873	50187280	0.022614	10	0.8746	0.85199	COL1A1	hg38_genes_promoters	0.0022528903486486	2.1249595409375326	0
chr17	50192647	50192993	-0.014874	10	0.8186	0.83347	COL1A1	hg38_genes_promoters	0.2317366716519229	0.5638030970657953	0
chr17	50194031	50194553	0.015346	12	0.63425	0.6189	COL1A1	hg38_genes_promoters	0.3823793736876552	0.3851634835275704	0
chr17	50745761	50745996	-0.013322	10	0.707	0.72032	LUC7L3	hg38_genes_promoters	0.1374834762423501	0.7482923058059903	0
chr17	50835010	50835296	0.020146	18	0.70778	0.68763	WFIKKN2	hg38_genes_promoters	0.0419115765125008	1.1462200965819338	0
chr17	51046522	51046891	-0.050667	11	0.67873	0.72939	SPAG9	hg38_genes_promoters	6.554044793175396e-05	3.3426776855604095	0
chr17	52160215	52160473	-0.035637	10	0.0891	0.12474	CA10	hg38_genes_promoters	0.0009621613405327	2.419190387085706	0
chr17	53822892	53823139	0.020625	12	0.76833	0.74771	KIF2B	hg38_genes_promoters	0.1137936397120235	0.8128721596640471	0
chr17	55561016	55561331	-0.015719	16	0.85662	0.87234	LOC105371833	hg38_genes_promoters	0.0006336005533042	2.558355473780607	0
chr17	50661506	50662147	-0.034597	10	0.2342	0.2688	ABCC3	hg38_genes_promoters	0.2247941367391782	0.5740857586279421	0
chr17	55722620	55723211	-0.027105	13	0.32438	0.35149	TMEM100	hg38_genes_promoters	0.3145648336974187	0.4559817361803862	0
chr17	57596448	57596552	-0.021763	10	0.3945	0.41626	MSI2	hg38_genes_promoters	0.4055435262657957	0.36302852884865994	0
chr17	57885772	57885843	0.020121	10	0.8177	0.79758	CUEDC1	hg38_genes_promoters	0.0038053574204053	1.9483645075741525	0
chr17	58007330	58007389	-0.012737	14	0.0034286	0.016165	SRSF1	hg38_genes_promoters	1.5486436045880113e-08	6.358127487098224	-1
chr17	58192405	58192894	0.020907	10	0.6288	0.60789	EPX	hg38_genes_promoters	0.5231902070433341	0.26527490179232804	0
chr17	58278139	58278493	0.015818	12	0.3725	0.35668	MPO	hg38_genes_promoters	0.1572370371638427	0.7015680033189906	0
chr17	58324521	58324631	-0.021256	12	0.00925	0.030506	TSPOAP1-AS1	hg38_genes_promoters	2.1939941847288623e-10	7.987527085241854	-1
chr17	57116126	57116322	0.018737	16	0.88088	0.86214	AKAP1	hg38_genes_promoters	0.0222985718487517	1.3621671562316915	0
chr17	58513644	58514134	0.029032	10	0.098	0.068968	MTMR4	hg38_genes_promoters	0.0896314170472732	0.8915135991447735	0
chr17	50660961	50661345	-0.041933	10	0.4191	0.46103	ABCC3	hg38_genes_promoters	0.2419059343974944	0.5486044941882737	0
chr17	50632227	50633315	0.012852	19	0.76953	0.75667	LOC101927253	hg38_genes_promoters	0.1009058284093594	0.8525287901099875	0
chr17	50199516	50199607	0.051371	10	0.55991	0.50854	LINC01969	hg38_genes_promoters	0.0145168309334783	1.508164187328949	0
chr17	50199516	50199607	0.051371	10	0.55991	0.50854	COL1A1	hg38_genes_promoters	0.0145168309334783	1.508164187328949	0
chr17	50345225	50345629	-0.022472	10	0.3875	0.40997	XYLT2	hg38_genes_promoters	0.4526197088212502	0.3212188515231354	0
chr17	50379214	50379768	-0.019906	10	0.7555	0.77541	EME1	hg38_genes_promoters	0.1335941454322132	0.7582242855601032	0
chr17	50385118	50385276	0.035033	10	0.8772	0.84217	LRRC59	hg38_genes_promoters	0.0014470123865507	2.2734042392868457	0
chr17	50469113	50469277	0.015326	10	0.0788	0.063474	CHAD	hg38_genes_promoters	0.0104835697024595	1.6148030697475877	0
chr17	50657459	50658103	0.012163	10	0.8289	0.81674	ABCC3	hg38_genes_promoters	0.3681938248604838	0.3986721686810971	0
chr17	50469113	50469277	0.015326	10	0.0788	0.063474	ACSF2	hg38_genes_promoters	0.0104835697024595	1.6148030697475877	0
chr17	50507893	50508073	-0.035247	10	0.2417	0.27695	MYCBPAP	hg38_genes_promoters	0.2630548916556386	0.5192773086555716	0
chr17	50518696	50519045	-0.022989	10	0.7958	0.81879	MYCBPAP	hg38_genes_promoters	0.0224488090171821	1.3597748406169627	0
chr17	50523027	50523754	-0.023015	14	0.83943	0.86244	MYCBPAP	hg38_genes_promoters	0.0002458617984672	2.888934272014443	0
chr17	50525005	50525332	-0.016462	10	0.8446	0.86106	MYCBPAP	hg38_genes_promoters	0.0119592784234855	1.571245055761891	0
chr17	50547654	50548315	0.02	10	0.743	0.723	SPATA20	hg38_genes_promoters	0.2118436815884957	0.594652490518899	0
chr17	50568822	50569197	0.014785	10	0.8579	0.84311	CACNA1G	hg38_genes_promoters	0.1298855963190853	0.7667792108983834	0
chr17	50481992	50482169	-0.033047	10	0.8199	0.85295	RSAD1	hg38_genes_promoters	0.0008235376688248	2.4709131964693114	0
chr17	76094291	76094570	0.018205	10	0.8471	0.82889	EXOC7	hg38_genes_promoters	0.1995819963046451	0.6163913050998509	0
chr17	82095445	82095924	-0.030802	13	0.78111	0.81191	FASN	hg38_genes_promoters	0.061429445837244	1.018767867076129	0
chr17	76137898	76138110	0.011181	18	0.82539	0.81421	RNF157-AS1	hg38_genes_promoters	0.0290220862838711	1.2705892128827942	0
chr17	81947275	81947387	0.015238	10	0.7486	0.73336	MYADML2	hg38_genes_promoters	0.3809805548377972	0.3864650793390643	0
chr17	81941543	81941690	0.0243	10	0.7983	0.774	PYCR1	hg38_genes_promoters	0.0128929036730421	1.5468117758332272	0
chr17	81936792	81936919	0.021132	10	0.2215	0.20037	PYCR1	hg38_genes_promoters	0.4392171633816445	0.33258516345411954	0
chr17	81914471	81914640	0.029155	10	0.8616	0.83245	SIRT7	hg38_genes_promoters	0.0002713215962371	2.853708725040048	0
chr17	81911887	81911992	0.042232	10	0.2936	0.25137	PCYT2	hg38_genes_promoters	0.093518936147494	0.8770134630747285	0
chr17	81907499	81907759	0.013663	10	0.8484	0.83474	PCYT2	hg38_genes_promoters	0.0886670007339382	0.8946671344897283	0
chr17	81869797	81870000	0.024697	10	0.4789	0.4542	ARHGDIA	hg38_genes_promoters	0.269559996216106	0.5099662198833239	0
chr17	81834795	81835022	0.032641	17	0.82882	0.79618	PPP1R27	hg38_genes_promoters	1.2446785469951936e-05	3.936696631426487	0
chr17	81824300	81824461	0.030806	10	0.845	0.81419	MCRIP1	hg38_genes_promoters	9.21612370610016e-05	3.2228074107376123	0
chr17	81714036	81714303	0.036375	10	0.8223	0.78593	SLC25A10	hg38_genes_promoters	0.1559828133739132	0.7041996988209163	0
chr17	81701028	81701340	0.025689	17	0.83971	0.81402	HGS	hg38_genes_promoters	0.0025901131584223	2.0778553809169105	0
chr17	81696410	81696515	0.018005	10	0.8599	0.84189	HGS	hg38_genes_promoters	0.0024944744616051	2.090722275873518	0
chr17	81693618	81693827	0.037093	10	0.8352	0.79811	HGS	hg38_genes_promoters	0.0005268822899632	2.6238880239939815	0
chr17	81693618	81693827	0.037093	10	0.8352	0.79811	MIR6786	hg38_genes_promoters	0.0005268822899632	2.6238880239939815	0
chr17	81691393	81691581	0.014824	10	0.8526	0.83778	HGS	hg38_genes_promoters	0.0420947227457826	1.1451511374036218	0
chr17	81688005	81688188	0.0105	16	0.87244	0.86194	HGS	hg38_genes_promoters	0.0909190557118088	0.8863969817160339	0
chr17	81648347	81648522	-0.027136	27	0.12159	0.14873	NPLOC4	hg38_genes_promoters	1.4264867265197807e-05	3.884069735291193	0
chr17	81128948	81129169	0.032582	17	0.84918	0.81659	AATK	hg38_genes_promoters	4.59923362108384e-05	3.467576519808078	0
chr17	81165474	81165716	-0.0468	10	0.5611	0.6079	PVALEF	hg38_genes_promoters	0.0965463793696646	0.8668800604909764	0
chr17	81194690	81194942	0.027251	14	0.88321	0.85596	CEP131	hg38_genes_promoters	0.0142003512158032	1.5161228695109892	0
chr17	81196998	81197186	-0.073758	15	0.5834	0.65716	CEP131	hg38_genes_promoters	4.196272153139528e-05	3.4981276681416906	0
chr17	81283175	81283453	0.020004	14	0.87043	0.85042	SLC38A10	hg38_genes_promoters	0.0609970255820111	1.0205603824019016	0
chr17	81309039	81309262	-0.022432	10	0.2172	0.23963	LINC00482	hg38_genes_promoters	0.5213045843898124	0.2667871025939615	0
chr17	81948213	81948417	0.022899	12	0.83075	0.80785	MYADML2	hg38_genes_promoters	0.0091125639334218	1.6612234229993788	0
chr17	81310194	81310330	0.026823	12	0.75142	0.72459	LINC00482	hg38_genes_promoters	0.0277361158945876	1.2867766508495886	0
chr17	81455524	81455736	-0.025165	10	0.1901	0.21527	BAHCC1	hg38_genes_promoters	0.0063479672664454	1.7811197411914153	0
chr17	81458946	81459060	0.0176	10	0.8016	0.784	BAHCC1	hg38_genes_promoters	0.028715975819334	1.274597020770036	0
chr17	81514713	81514777	0.013473	12	0.022978	0.0095049	ACTG1	hg38_genes_promoters	0.0357775440664452	1.2003942286834526	0
chr17	81518767	81518908	-0.014837	10	0.0419	0.056737	FSCN2	hg38_genes_promoters	0.0347184675622314	1.2102074504055012	0
chr17	81528021	81528219	0.062436	14	0.593	0.53056	FSCN2	hg38_genes_promoters	5.308960314491896e-06	4.238628536820499	0
chr17	81535966	81536257	-0.017074	10	0.6334	0.65047	FSCN2	hg38_genes_promoters	0.3274083833254195	0.4417050796122269	0
chr17	81452048	81452142	0.02413	10	0.81412	0.78999	MIR3186	hg38_genes_promoters	0.0346942966063408	1.2103549739057757	0
chr17	81961783	81961887	0.033057	13	0.083462	0.050405	NOTUM	hg38_genes_promoters	7.769640243901533e-06	4.104291521639479	0
chr17	81961900	81962047	0.021972	18	0.1794	0.15743	NOTUM	hg38_genes_promoters	0.0126578211838262	1.5519765379748955	0
chr17	81994952	81995071	0.019785	12	0.85575	0.83596	ASPSCR1	hg38_genes_promoters	0.0040546581856137	1.927602817857139	0
chr17	82407362	82407568	-0.011302	10	0.2771	0.2884	OGFOD3	hg38_genes_promoters	0.390747842343762	0.3771316245670557	0
chr17	82444594	82444738	-0.045611	10	0.7446	0.79021	CYBC1	hg38_genes_promoters	0.0062311667699672	1.7863685988234965	0
chr17	82449830	82450009	0.022722	10	0.1738	0.15108	CYBC1	hg38_genes_promoters	0.3358867056765086	0.4328556757274972	0
chr17	82582452	82582893	-0.012932	10	0.7237	0.73663	FOXK2	hg38_genes_promoters	0.5835870148786871	0.2227167660797071	0
chr17	82735035	82735125	0.036416	10	0.4691	0.43268	FN3K	hg38_genes_promoters	0.1712714011183668	0.6717270340482977	0
chr17	82805050	82805171	0.040776	10	0.8478	0.80702	TBCD	hg38_genes_promoters	0.0009547910376947	2.4218901902442407	0
chr17	82267262	82267581	-0.034826	10	0.6017	0.63653	CSNK1D	hg38_genes_promoters	0.0652521257086196	0.9973071815891298	0
chr17	82830444	82830721	0.025087	15	0.86647	0.84138	TBCD	hg38_genes_promoters	8.954483096117431e-05	3.2335632891365225	0
chr17	82859254	82859565	-0.028107	10	0.3037	0.33181	TBCD	hg38_genes_promoters	0.2375111588887737	0.5553278612943422	0
chr17	82883127	82883268	0.038521	10	0.8281	0.78958	TBCD	hg38_genes_promoters	0.0001790348462807	2.9947205158645547	0
chr17	82884505	82884634	0.025489	10	0.8567	0.83121	TBCD	hg38_genes_promoters	0.0018833157237191	2.1877123918317194	0
chr17	82899092	82899232	0.02643	18	0.85228	0.82585	TBCD	hg38_genes_promoters	1.3061038453292133e-06	4.748108414028729	0
chr17	82901681	82902010	-0.027382	10	0.8452	0.87258	TBCD	hg38_genes_promoters	0.0026023561278301	2.0763282313437688	0
chr17	82908171	82908363	0.010153	12	0.81117	0.80101	TBCD	hg38_genes_promoters	0.4738557273660065	0.30340135092727455	0
chr17	82840252	82840560	-0.037419	10	0.855	0.89242	ZNF750	hg38_genes_promoters	2.065003742970436e-06	4.580228428639406	0
chr17	81126403	81126529	0.031741	12	0.859	0.82726	MIR338	hg38_genes_promoters	1.442292407014658e-07	5.530279053671087	1
chr17	82254615	82254712	0.025179	10	0.8516	0.82642	CSNK1D	hg38_genes_promoters	0.0044918052057598	1.8929463142239884	0
chr17	82250416	82250547	0.016158	10	0.88	0.86384	CSNK1D	hg38_genes_promoters	0.0102586884316914	1.6221178849386746	0
chr17	82009145	82009261	-0.029279	10	0.6443	0.67358	ASPSCR1	hg38_genes_promoters	0.1888862834818103	0.6350334516283299	0
chr17	82014581	82014745	0.029193	12	0.69933	0.67014	ASPSCR1	hg38_genes_promoters	0.0339607146535104	1.2169444478158598	0
chr17	82054822	82054972	0.026371	10	0.8556	0.82923	GPS1	hg38_genes_promoters	0.0458800961272669	1.1157367169150914	0
chr17	82064739	82064922	0.029569	16	0.61875	0.58918	DUS1L	hg38_genes_promoters	0.0367204933713952	1.191649536399374	0
chr17	82080995	82081410	0.02478	35	0.85603	0.83125	FASN	hg38_genes_promoters	8.193972934231603e-11	8.389254599914103	1
chr17	82085534	82085730	-0.021884	10	0.7978	0.81968	FASN	hg38_genes_promoters	0.0091681224309959	1.6590987844870886	0
chr17	82253028	82253130	0.022026	10	0.8775	0.85547	CSNK1D	hg38_genes_promoters	0.0003868185745133	2.7338703979021295	0
chr17	48554711	48554797	-0.022474	10	0.773	0.79547	HOXB3	hg38_genes_promoters	0.056435206310785	1.0474028752110662	0
chr17	82213517	82213752	0.023819	10	0.3364	0.31258	CCDC57	hg38_genes_promoters	0.2045498108670056	0.6076376660921501	0
chr17	82227311	82227591	0.026052	10	0.7314	0.70535	SLC16A3	hg38_genes_promoters	0.175703029026486	0.6619691334361439	0
chr17	82237167	82237466	0.044541	28	0.64014	0.5956	SLC16A3	hg38_genes_promoters	0.0001877883857914	2.979733674607404	0
chr17	82245297	82245412	0.013841	15	0.8396	0.82576	CSNK1D	hg38_genes_promoters	0.0485969134159705	1.0973529679681866	0
chr17	82247491	82247762	0.019567	13	0.62592	0.60636	CSNK1D	hg38_genes_promoters	0.3275398203619357	0.4416496718327834	0
chr17	82248890	82248988	0.035642	10	0.8848	0.84916	CSNK1D	hg38_genes_promoters	5.614568863336089e-07	5.048832901912849	1
chr17	82152639	82152971	-0.018602	14	0.79557	0.81417	CCDC57	hg38_genes_promoters	0.8227408041870365	0.08252433657251479	0
chr17	81122096	81122312	0.021139	28	0.768	0.74686	AATK	hg38_genes_promoters	3.159588769156389e-05	3.6026292911012106	0
chr17	81086944	81087140	0.032568	14	0.87407	0.8415	BAIAP2	hg38_genes_promoters	2.97894740006859e-07	5.275860544682095	1
chr17	81086294	81086484	0.032499	10	0.8666	0.8341	BAIAP2	hg38_genes_promoters	6.913758050847312e-05	3.3250337383549877	0
chr17	77455673	77455891	0.016609	10	0.7445	0.72789	SEPTIN9	hg38_genes_promoters	0.1990226073659065	0.617349222336795	0
chr17	77474356	77475023	-0.018192	11	0.76818	0.78637	SEPTIN9	hg38_genes_promoters	0.1036308252542962	0.843544688707567	0
chr17	77527969	77528293	0.042158	18	0.69567	0.65351	LOC400622	hg38_genes_promoters	0.0005495462314929	2.610188028976469	0
chr17	77557634	77558064	-0.011163	10	0.8227	0.83386	LOC100507351	hg38_genes_promoters	0.0833540737057755	0.9149243124518708	0
chr17	78125323	78125559	0.010575	14	0.16029	0.14971	TMC6	hg38_genes_promoters	0.4173109393022177	0.3519849463848312	0
chr17	78132240	78132595	0.01732	22	0.051712	0.034392	TMC6	hg38_genes_promoters	3.756426425171873e-05	3.538405905139573	0
chr17	77450177	77450368	0.021547	10	0.7351	0.71355	SEPTIN9	hg38_genes_promoters	0.1950789301801939	0.6244062449669299	0
chr17	78137897	78138155	0.035147	10	0.4268	0.39165	TMC8	hg38_genes_promoters	0.1154686682531532	0.8076889563520703	0
chr17	78427069	78427424	0.026588	12	0.87733	0.85075	DNAH17	hg38_genes_promoters	0.0004581115470805	2.6725624537962673	0
chr17	78450613	78450760	0.012479	10	0.8629	0.85042	DNAH17	hg38_genes_promoters	0.0529372903209877	1.0695701075886817	0
chr17	78458904	78459000	0.024689	10	0.8589	0.83421	DNAH17	hg38_genes_promoters	0.0021416938627747	2.144133200876725	0
chr17	78495829	78496007	0.026987	10	0.8778	0.85081	DNAH17-AS1	hg38_genes_promoters	0.0257707589558135	1.3119240976487223	0
chr17	78717123	78717335	-0.027663	10	0.6396	0.66726	CYTH1	hg38_genes_promoters	0.3481253346070222	0.419495990856147	0
chr17	78723463	78723574	-0.017174	10	0.8373	0.85447	CYTH1	hg38_genes_promoters	0.0575665107277099	1.0406343801457787	0
chr17	78342365	78342570	0.015624	14	0.276	0.26038	LOC105371912	hg38_genes_promoters	0.4892272444034115	0.2915135878658311	0
chr17	78798695	78798844	-0.014579	10	0.84	0.85458	USP36	hg38_genes_promoters	0.0054689330420796	1.8301303230608659	0
chr17	77403824	77404094	-0.028688	10	0.743	0.77169	SEPTIN9	hg38_genes_promoters	0.0212188666409364	1.3790838812236081	0
chr17	77375449	77376364	-0.026554	18	0.37644	0.403	SEPTIN9	hg38_genes_promoters	0.1690263968734217	0.6760495879601308	0
chr17	76139436	76139851	-0.015605	14	0.78007	0.79568	RNF157-AS1	hg38_genes_promoters	0.0431872656738766	1.1357589836478061	0
chr17	76140313	76140401	-0.020031	12	0.063917	0.083947	RNF157-AS1	hg38_genes_promoters	0.0108435258891034	1.6034944192352365	0
chr17	76280771	76281118	0.030018	15	0.85767	0.82765	QRICH2	hg38_genes_promoters	0.0001324751540025	3.097555790836643	0
chr17	76307980	76308262	0.033638	34	0.84853	0.81489	QRICH2	hg38_genes_promoters	7.27744996070639e-12	9.35835968088483	1
chr17	76399546	76399735	-0.033947	10	0.668	0.70195	UBE2O	hg38_genes_promoters	0.0344111163969583	1.2124553367158062	0
chr17	76477354	76477917	-0.02626	19	0.70758	0.73384	RHBDF2	hg38_genes_promoters	0.0115690250932739	1.58211868623714	0
chr17	77401910	77402269	0.024789	18	0.88122	0.85643	SEPTIN9	hg38_genes_promoters	2.0387150277990637e-05	3.760685923590407	0
chr17	76481421	76481577	-0.056637	10	0.6661	0.72274	RHBDF2	hg38_genes_promoters	0.0005327007582106	2.619603826508202	0
chr17	76538355	76538446	0.015553	10	0.0655	0.049947	PRCD	hg38_genes_promoters	0.0871250256809797	0.9005029992269338	0
chr17	76538355	76538446	0.015553	10	0.0655	0.049947	CYGB	hg38_genes_promoters	0.0871250256809797	0.9005029992269338	0
chr17	76538549	76538858	-0.025074	10	0.4124	0.43747	CYGB	hg38_genes_promoters	0.4034776688818947	0.36518895745143204	0
chr17	76543754	76544031	-0.038668	10	0.5957	0.63437	PRCD	hg38_genes_promoters	0.0180123005216886	1.4334917033043209	0
chr17	76586829	76587422	0.027422	11	0.30609	0.27867	ST6GALNAC2	hg38_genes_promoters	0.5813099553355092	0.22408310299036407	0
chr17	76628992	76629318	0.01468	12	0.83567	0.82099	ST6GALNAC1	hg38_genes_promoters	0.1487797510729009	0.7210636376065418	0
chr17	76526699	76527209	0.038371	13	0.7028	0.66443	PRCD	hg38_genes_promoters	5.8820956771322975e-06	4.2079307957058205	0
chr17	76121949	76122023	0.032432	10	0.1084	0.075968	EXOC7	hg38_genes_promoters	0.1240975737021783	0.781990150685509	0
chr17	78838643	78838836	-0.025526	13	0.79808	0.8236	USP36	hg38_genes_promoters	0.0139700230371417	1.5212568152894856	0
chr17	78975970	78976205	0.014749	16	0.83975	0.825	LGALS3BP	hg38_genes_promoters	0.1722924290146625	0.6695309697556207	0
chr17	80354155	80354564	0.021742	12	0.85492	0.83317	RNF213	hg38_genes_promoters	0.0096439408386177	1.6430116959295902	0
chr17	80372673	80373049	0.014528	10	0.8645	0.84997	RNF213	hg38_genes_promoters	0.2225084757586579	0.5776933604229753	0
chr17	80384627	80384833	-0.01757	10	0.85	0.86757	RNF213	hg38_genes_promoters	0.0084564223030745	1.6854315485270288	0
chr17	80419327	80419579	-0.013233	10	0.8461	0.85933	MIR4730	hg38_genes_promoters	0.0514553818803429	1.0794043709785808	0
chr17	80422410	80422722	-0.03812	10	0.73369	0.77181	ENDOV	hg38_genes_promoters	0.0063682548818567	1.7805753670939763	0
chr17	80707895	80708080	-0.016863	12	0.29767	0.31453	RPTOR	hg38_genes_promoters	0.7732327726228359	0.10861058935396899	0
chr17	80337339	80337594	0.014882	14	0.85436	0.83948	RNF213	hg38_genes_promoters	0.2092354691708507	0.5988680227004411	0
chr17	80708873	80709058	-0.024921	10	0.5125	0.53742	RPTOR	hg38_genes_promoters	0.0901992580449664	0.8892332398815394	0
chr17	80948182	80948326	0.019377	13	0.84415	0.82478	RPTOR	hg38_genes_promoters	0.0012143126986914	2.336058086187736	0
chr17	80994425	80994679	0.025718	17	0.80082	0.77511	CHMP6	hg38_genes_promoters	0.0015797610401508	2.2455643697179175	0
chr17	81052988	81053263	-0.025256	10	0.8093	0.83456	BAIAP2	hg38_genes_promoters	0.0003717661339308	2.7459407352095844	0
chr17	81056821	81056963	-0.061268	10	0.5597	0.62097	BAIAP2	hg38_genes_promoters	8.260798511249828e-05	3.2622157866424764	0
chr17	81063357	81063570	-0.016947	10	0.841	0.85795	BAIAP2	hg38_genes_promoters	0.0148953154623164	1.4993961852818722	0
chr17	81083396	81083630	-0.038606	10	0.7389	0.77751	BAIAP2	hg38_genes_promoters	0.0024781301152455	2.0932113070494216	0
chr17	80922092	80922251	-0.015657	10	0.8638	0.87946	RPTOR	hg38_genes_promoters	0.0068715194134912	1.7549053034001965	0
chr17	78903107	78903585	0.017062	10	0.8396	0.82254	CEP295NL	hg38_genes_promoters	0.0454450599651231	1.11888456112777	0
chr17	80214687	80214943	-0.01112	14	0.83986	0.85098	SGSH	hg38_genes_promoters	0.0094037910952294	1.6506429757120646	0
chr17	80209561	80209750	-0.026426	10	0.8401	0.86653	SGSH	hg38_genes_promoters	3.2771288950334534e-06	4.422217762948639	0
chr17	79006777	79006928	0.022314	10	0.8788	0.85649	CANT1	hg38_genes_promoters	0.0619624443930906	1.01543532803969	0
chr17	79028043	79028411	-0.016542	10	0.4793	0.49584	C1QTNF1-AS1	hg38_genes_promoters	0.6111954966192419	0.20451610284026855	0
chr17	79084890	79085120	0.020115	16	0.83469	0.81457	ENGASE	hg38_genes_promoters	0.0010878837552691	2.375132343895081	0
chr17	79776740	79777270	-0.016118	13	0.041	0.057118	CBX2	hg38_genes_promoters	0.0877438750749287	0.8978950058306503	0
chr17	79919246	79919460	-0.030877	10	0.7851	0.81598	LINC01978	hg38_genes_promoters	0.0043111831775768	1.9065704438665827	0
chr17	79926929	79927231	0.045079	10	0.868	0.82292	LINC01979	hg38_genes_promoters	1.1343542974424389e-07	5.618268986388354	1
chr17	80212018	80212247	-0.02149	15	0.83967	0.86116	SGSH	hg38_genes_promoters	1.4483378557074785e-05	3.881754234970759	0
chr17	80058624	80058772	0.011963	10	0.8497	0.83774	CCDC40	hg38_genes_promoters	0.2169455137111481	0.5865124663500749	0
chr17	80111844	80112216	0.017643	12	0.83675	0.81911	GAA	hg38_genes_promoters	0.1730322948294744	0.6678866498464149	0
chr17	80139020	80139316	-0.012679	10	0.8199	0.83258	EIF4A3	hg38_genes_promoters	0.0723968538153458	0.962273892362644	0
chr17	80169924	80170129	0.031403	10	0.8333	0.8019	CARD14	hg38_genes_promoters	0.0009980950156933	2.405604182054971	0
chr17	80191856	80192150	-0.068573	14	0.302	0.37057	CARD14	hg38_genes_promoters	4.457015383977565e-05	3.4796197155302635	0
chr17	80192325	80192739	-0.036554	17	0.61894	0.65549	CARD14	hg38_genes_promoters	0.0173738694673766	1.4456253721451642	0
chr17	80205043	80205162	-0.030747	10	0.7922	0.82295	SGSH	hg38_genes_promoters	0.0569294131873399	1.0446039362282167	0
chr17	80087643	80087784	-0.023047	10	0.8099	0.83295	CCDC40	hg38_genes_promoters	0.0150184018454678	1.4963939865665414	0
chr17	48545128	48545353	-0.035371	10	0.2069	0.24227	HOXB-AS1	hg38_genes_promoters	0.1383489882842915	0.746188129643356	0
chr17	63483942	63484413	0.010026	10	0.8225	0.81247	ACE	hg38_genes_promoters	0.2452989873793376	0.5440275755890822	0
chr17	48544346	48544675	-0.012632	23	0.0058696	0.018501	HOXB-AS1	hg38_genes_promoters	0.0004053768142666	2.7176087262008153	0
chr17	7909314	7909399	0.017013	12	0.86475	0.84774	CHD3	hg38_genes_promoters	0.0197156940721956	1.4027561129610204	0
chr17	7858583	7858697	0.128149	10	0.4237	0.29555	NAA38	hg38_genes_promoters	1.1442691342706951e-09	7.3469578364077766	1
chr17	7854209	7854278	0.030216	10	0.8204	0.79018	TMEM88	hg38_genes_promoters	0.033187430156266	1.224022933395916	0
chr17	7629796	7630245	-0.026971	12	0.79875	0.82572	SHBG	hg38_genes_promoters	0.0211044472852032	1.3807957528127852	0
chr17	7582979	7583085	-0.029972	10	0.82519	0.85516	LOC100996842	hg38_genes_promoters	0.0008284913379197	2.470073223587782	0
chr17	7582979	7583085	-0.029972	10	0.82519	0.85516	MPDU1	hg38_genes_promoters	0.0008284913379197	2.470073223587782	0
chr17	7580118	7580653	-0.02815	10	0.6497	0.67785	CD68	hg38_genes_promoters	0.0657579954853403	0.9944510385037792	0
chr17	7501910	7502080	-0.017146	10	0.8526	0.86975	POLR2A	hg38_genes_promoters	0.0046875692428533	1.8792117228587435	0
chr17	7438420	7438543	-0.039898	13	0.028308	0.068206	FGF11	hg38_genes_promoters	1.801995503728509e-08	6.3010949912884335	-1
chr17	7408599	7408720	0.052389	10	0.7026	0.65021	NLGN2	hg38_genes_promoters	0.0009494351921637	2.4236924886487445	0
chr17	7408317	7408521	0.098983	32	0.53519	0.4362	NLGN2	hg38_genes_promoters	1.8601821352324984e-20	17.270836672608386	1
chr17	7407237	7407498	-0.060665	10	0.7786	0.83927	NLGN2	hg38_genes_promoters	9.692639297193242e-07	4.850301824026106	0
chr17	7384212	7384410	-0.011647	17	0.044824	0.056471	TNK1	hg38_genes_promoters	0.1769612950265605	0.6596034183295222	0
chr17	7324113	7324437	-0.016638	23	0.40787	0.42451	NEURL4	hg38_genes_promoters	0.3260069124262873	0.4434491304260036	0
chr17	7294434	7294477	0.021453	10	0.0834	0.061947	YBX2	hg38_genes_promoters	0.9782788840777912	0.008944794621927864	0
chr17	7261759	7261821	0.021514	13	0.12323	0.10172	CLDN7	hg38_genes_promoters	0.0233136920216942	1.3458632452452415	0
chr17	7223686	7224010	-0.015268	10	0.8671	0.88237	ACADVL	hg38_genes_promoters	0.0141709911986266	1.516790657921355	0
chr17	6652079	6652146	-0.010847	10	0.010159	0.021007	MED31	hg38_genes_promoters	0.0209155002091258	1.3837452348787012	0
chr17	6654965	6655641	0.133381	35	0.49303	0.35965	MIR4520-2	hg38_genes_promoters	2.5073268290972523e-17	14.262224886757862	1
chr17	6654965	6655641	0.133381	35	0.49303	0.35965	MIR4520-1	hg38_genes_promoters	2.5073268290972523e-17	14.262224886757862	1
chr17	6657208	6657359	0.017612	10	0.0304	0.012788	ALOX15P1	hg38_genes_promoters	1.2741070289254814e-06	4.7574055249259	0
chr17	6706502	6706724	0.017674	10	0.8132	0.79553	SLC13A5	hg38_genes_promoters	0.0979036203308486	0.8625267731527392	0
chr17	6714095	6714261	0.015123	12	0.21183	0.19671	SLC13A5	hg38_genes_promoters	0.2718834228566488	0.5065474023898899	0
chr17	7929675	7929873	0.033884	15	0.79553	0.76165	KCNAB3	hg38_genes_promoters	0.002027666286749	2.16270745827207	0
chr17	6893485	6893811	-0.02753	14	0.5645	0.59203	ALOX12P2	hg38_genes_promoters	0.0967810076752114	0.8659773930650407	0
chr17	6995922	6996048	-0.015075	12	0.15642	0.17149	ALOX12	hg38_genes_promoters	0.2728534599066937	0.5051856426978594	0
chr17	6996885	6996974	-0.020916	10	0.8224	0.84332	ALOX12	hg38_genes_promoters	0.000128164963977	3.1080083147355078	0
chr17	7114746	7115580	-0.013637	18	0.1475	0.16114	ASGR2	hg38_genes_promoters	0.3024315480224345	0.4700601350522103	0
chr17	7178182	7178461	-0.013586	10	0.0656	0.079186	ASGR1	hg38_genes_promoters	0.8401086029182036	0.07377644540918446	0
chr17	7223686	7224010	-0.015268	10	0.8671	0.88237	MIR324	hg38_genes_promoters	0.0141709911986266	1.516790657921355	0
chr17	6995578	6995893	-0.050679	19	0.28605	0.33673	ALOX12	hg38_genes_promoters	0.002716858425759	2.061256452909243	0
chr17	7933119	7933322	0.034965	12	0.169	0.13404	TRAPPC1	hg38_genes_promoters	0.0027397041347114	2.0589941466484523	0
chr17	8078549	8078828	0.016376	12	0.85308	0.83671	LOC107985075	hg38_genes_promoters	0.0147860132963937	1.5018753368410303	0
chr17	8176752	8177042	0.014808	10	0.2018	0.18699	TMEM107	hg38_genes_promoters	0.1994593240379878	0.616593080846904	0
chr17	16426182	16426573	-0.010723	10	0.8344	0.84512	TRPV2	hg38_genes_promoters	0.2175412994539122	0.5855105794935778	0
chr17	16689637	16689749	0.023195	10	0.8103	0.78711	CCDC144A	hg38_genes_promoters	0.0052189878973887	1.8454698366912674	0
chr17	17176349	17176596	0.0198	10	0.8668	0.847	MPRIP	hg38_genes_promoters	0.092247586679725	0.8813256588307263	0
chr17	17344549	17344921	-0.012077	11	0.84764	0.85971	NT5M	hg38_genes_promoters	0.0314363433382166	1.2428915158158622	0
chr17	17476015	17476474	0.023098	10	0.7214	0.6983	MED9	hg38_genes_promoters	0.4758477629041704	0.3018053541154605	0
chr17	17519501	17520032	0.022636	12	0.84992	0.82728	PEMT	hg38_genes_promoters	0.0041798598937036	1.9173651551463757	0
chr17	15786484	15786551	-0.036347	10	0.6273	0.66365	MEIS3P1	hg38_genes_promoters	0.049304069251399	1.0929339080107647	0
chr17	17823966	17824169	-0.018063	10	0.0388	0.056863	SREBF1	hg38_genes_promoters	0.132011189051059	0.7617037961971332	0
chr17	17862736	17863159	-0.013695	12	0.79517	0.80886	TOM1L2	hg38_genes_promoters	0.2621454727861072	0.5204717156587051	0
chr17	18123040	18123331	0.0196	18	0.79928	0.77968	MYO15A	hg38_genes_promoters	0.0602632480461546	1.0249044668757035	0
chr17	18145861	18146054	0.017126	10	0.8266	0.80947	MYO15A	hg38_genes_promoters	0.0721093137308306	0.9635153459833752	0
chr17	18157743	18157870	-0.031295	15	0.50916	0.54046	MYO15A	hg38_genes_promoters	0.1819793697066831	0.6494532539516242	0
chr17	18247521	18247719	0.02836	12	0.84867	0.82031	FLII	hg38_genes_promoters	1.9280023829125175e-05	3.780792136392431	0
chr17	17798354	17798504	0.016474	10	0.881	0.86453	RAI1	hg38_genes_promoters	0.0123295282707722	1.5614758387093297	0
chr17	6556980	6557308	-0.0393	10	0.4117	0.451	PITPNM3	hg38_genes_promoters	0.1819071352039545	0.6494930468474573	0
chr17	15651428	15651837	-0.01487	10	0.053	0.06787	CDRT1	hg38_genes_promoters	0.0461949354466578	1.1136645310074806	0
chr17	12665162	12665424	-0.012729	14	0.019714	0.032444	MYOCD	hg38_genes_promoters	0.0219084974018802	1.3677295054832375	0
chr17	8176752	8177042	0.014808	10	0.2018	0.18699	LOC105371520	hg38_genes_promoters	0.1994593240379878	0.616593080846904	0
chr17	8494103	8494302	-0.022332	10	0.7993	0.82163	MYH10	hg38_genes_promoters	0.0092575529118616	1.6557830782714411	0
chr17	8758355	8758684	0.014811	10	0.8706	0.85579	SPDYE4	hg38_genes_promoters	0.3253956289208194	0.44390722107036645	0
chr17	8888422	8888586	0.022021	10	0.8276	0.80558	PIK3R5	hg38_genes_promoters	0.0173233419756856	1.4466681021253456	0
chr17	8911504	8911945	0.020535	10	0.841	0.82046	PIK3R5	hg38_genes_promoters	0.0061880501466714	1.7888186614627113	0
chr17	9162292	9162484	0.027461	10	0.8623	0.83484	NTN1	hg38_genes_promoters	0.0398080676193451	1.163972609300277	0
chr17	13011695	13012284	-0.014373	14	0.8525	0.86687	ELAC2	hg38_genes_promoters	0.0043128004440835	1.9065624136122883	0
chr17	9632894	9633018	-0.016104	10	0.8566	0.8727	CFAP52	hg38_genes_promoters	0.0034739410835398	1.9787349381696941	0
chr17	9958394	9959238	-0.029023	20	0.42235	0.45137	GAS7	hg38_genes_promoters	0.1244934212735778	0.7809185134676362	0
chr17	10026172	10026550	0.020389	10	0.7376	0.71721	GAS7	hg38_genes_promoters	0.1073529325383723	0.8317236581794142	0
chr17	10199240	10199401	-0.036271	10	0.1636	0.19987	GAS7	hg38_genes_promoters	0.1116311733473611	0.8190156697815867	0
chr17	10804083	10804642	0.019279	10	0.7627	0.74342	TMEM238L	hg38_genes_promoters	0.2613600660292181	0.5215889724330548	0
chr17	11240905	11241011	-0.015845	14	0.010143	0.025988	SHISA6	hg38_genes_promoters	1.09540104465516e-08	6.496140728755535	-1
chr17	11598490	11598565	-0.01462	19	0.016737	0.031357	DNAH9	hg38_genes_promoters	1.0586912589769794e-10	8.285948727305964	-1
chr17	9701093	9701270	0.030671	10	0.8453	0.81463	USP43	hg38_genes_promoters	0.0004930442890637	2.647587262623031	0
chr17	18251377	18251500	-0.025863	10	0.8374	0.86326	FLII	hg38_genes_promoters	0.0010798606011889	2.37775636222998	0
chr17	6435137	6435439	-0.025823	13	0.80585	0.83167	AIPL1	hg38_genes_promoters	0.0107790920023503	1.6050920690206145	0
chr17	5282099	5282177	-0.044139	15	0.15145	0.19559	RABEP1	hg38_genes_promoters	0.0088845242338669	1.6692556465157404	0
chr17	2704601	2704741	0.020907	13	0.842	0.82109	CLUH	hg38_genes_promoters	8.173594001327854e-06	4.086077097567169	0
chr17	2701622	2701815	0.017816	10	0.861	0.84318	CLUH	hg38_genes_promoters	0.0204625380082689	1.390907600845567	0
chr17	2694143	2694252	0.035128	10	0.7494	0.71427	CLUH	hg38_genes_promoters	0.0141140063040796	1.5176030338138389	0
chr17	2416195	2416612	-0.012048	11	0.40182	0.41387	LOC284009	hg38_genes_promoters	0.4896790519078018	0.2912772886354801	0
chr17	2392692	2392752	-0.011432	12	0.0010239	0.012456	MNT	hg38_genes_promoters	5.322665681560735e-06	4.238093735374366	0
chr17	2375968	2376332	0.02466	14	0.83129	0.80663	SGSM2	hg38_genes_promoters	0.0382020442951397	1.178133224978189	0
chr17	2372327	2372430	0.022958	10	0.8788	0.85584	SGSM2	hg38_genes_promoters	0.0021656382113482	2.1400255082395274	0
chr17	2366474	2366950	0.03726	10	0.8666	0.82934	SGSM2	hg38_genes_promoters	0.0002573265846801	2.8708338282263703	0
chr17	2363449	2363555	0.017879	10	0.8743	0.85642	SGSM2	hg38_genes_promoters	0.0093289002866783	1.653218856023691	0
chr17	2056119	2056197	0.01193	14	0.028627	0.016697	HIC1	hg38_genes_promoters	0.0003875735262922	2.7332803648131567	0
chr17	2041536	2041627	-0.035997	12	0.020074	0.056071	OVCA2	hg38_genes_promoters	0.0030712902716514	2.021038726291547	0
chr17	2041536	2041627	-0.035997	12	0.020074	0.056071	DPH1	hg38_genes_promoters	0.0030712902716514	2.021038726291547	0
chr17	2036617	2036865	0.01432	11	0.86045	0.84613	DPH1	hg38_genes_promoters	0.0504064021853676	1.085704412430302	0
chr17	2029844	2029969	0.039801	10	0.2243	0.1845	DPH1	hg38_genes_promoters	0.0279655279071435	1.284100818024111	0
chr17	2016678	2016809	0.01545	10	0.8653	0.84985	LOC105371485	hg38_genes_promoters	0.0081395097485155	1.6973164069341606	0
chr17	1560194	1560420	-0.018137	10	0.7986	0.81674	PITPNA	hg38_genes_promoters	0.0964572342943415	0.8671986806079008	0
chr17	1513639	1513969	-0.022879	10	0.8027	0.82558	INPP5K	hg38_genes_promoters	0.0045795566455025	1.8866455709398824	0
chr17	48545128	48545353	-0.035371	10	0.2069	0.24227	HOXB2	hg38_genes_promoters	0.1383489882842915	0.746188129643356	0
chr17	409921	410094	0.024934	19	0.092582	0.067648	LOC105371430	hg38_genes_promoters	0.3530432559983542	0.4143443689836909	0
chr17	409921	410094	0.024934	19	0.092582	0.067648	C17orf97	hg38_genes_promoters	0.3530432559983542	0.4143443689836909	0
chr17	864040	864140	-0.017868	10	0.7915	0.80937	NXN	hg38_genes_promoters	0.0611566013839441	1.0197648656507472	0
chr17	1229356	1229408	0.014613	10	0.0192	0.0045865	ABR	hg38_genes_promoters	4.655339365674212e-10	7.694795708937165	1
chr17	1270241	1270404	0.039774	13	0.25977	0.22	BHLHA9	hg38_genes_promoters	0.119418949833349	0.7956852060941123	0
chr17	3386319	3386408	0.024126	15	0.19427	0.17014	OR3A2	hg38_genes_promoters	0.0498397244659057	1.089297503918092	0
chr17	1456866	1457147	-0.05508	15	0.20747	0.26255	CRK	hg38_genes_promoters	0.0027640239842827	2.0558415524442175	0
chr17	1487264	1487395	0.013106	10	0.0636	0.050494	MYO1C	hg38_genes_promoters	0.6612037985822474	0.17266457249733613	0
chr17	1492441	1492554	0.044874	10	0.603	0.55813	MYO1C	hg38_genes_promoters	0.0248663941912208	1.3242695649697234	0
chr17	1492913	1493463	-0.032807	10	0.2532	0.28601	MYO1C	hg38_genes_promoters	0.100997006742698	0.8524131549501639	0
chr17	1493564	1493849	-0.02877	12	0.22425	0.25302	MYO1C	hg38_genes_promoters	0.129672376792942	0.7672213191657739	0
chr17	1496981	1497173	0.012721	10	0.8723	0.85958	INPP5K	hg38_genes_promoters	0.0490528637343572	1.0940932658100488	0
chr17	1508920	1509112	-0.03249	13	0.76808	0.80057	INPP5K	hg38_genes_promoters	0.0003534319712945	2.762412221645194	0
chr17	1469052	1469334	-0.04735	16	0.82144	0.86879	MYO1C	hg38_genes_promoters	2.322715299725764e-06	4.543172327514468	0
chr17	3386451	3386519	-0.044882	10	0.1729	0.21778	OR3A2	hg38_genes_promoters	0.0015584727717218	2.249618060174462	0
chr17	3386733	3386870	-0.053653	10	0.2464	0.30005	OR3A2	hg38_genes_promoters	0.0052746416732803	1.8418924733100432	0
chr17	3471766	3471844	0.019968	13	0.81985	0.79988	SPATA22	hg38_genes_promoters	0.004045298629924	1.9282484561812645	0
chr17	4642053	4642492	0.030484	16	0.36319	0.3327	ALOX15	hg38_genes_promoters	0.0823583314272771	0.9188357800926299	0
chr17	4705119	4705286	0.017003	10	0.8794	0.8624	PELP1	hg38_genes_promoters	0.1295387637035927	0.7674438352045535	0
chr17	4816954	4817070	0.021132	10	0.8695	0.84837	PLD2	hg38_genes_promoters	0.0117753322422593	1.5760275609329983	0
chr17	4892011	4892255	0.057658	10	0.8475	0.78984	MINK1	hg38_genes_promoters	0.0006593928021595	2.5445358163426395	0
chr17	4892319	4892504	0.014114	11	0.84	0.82589	MINK1	hg38_genes_promoters	0.1513825032488391	0.7151106628945056	0
chr17	4900936	4901082	0.026271	14	0.13871	0.11244	CHRNE	hg38_genes_promoters	0.2452115457437855	0.5441004048643303	0
chr17	4639050	4639319	0.014927	10	0.2782	0.26327	ALOX15	hg38_genes_promoters	0.2331955951655976	0.5617112484674383	0
chr17	4901092	4901250	0.014489	20	0.2572	0.24271	CHRNE	hg38_genes_promoters	0.446946755181657	0.32590111240000125	0
chr17	4901986	4902106	0.051516	15	0.51987	0.46835	CHRNE	hg38_genes_promoters	0.0039450039748464	1.9360947936031214	0
chr17	4948262	4948379	-0.011931	15	0.0846	0.096531	PFN1	hg38_genes_promoters	0.2837311956518601	0.49180097996499733	0
chr17	4948262	4948379	-0.011931	15	0.0846	0.096531	ENO3	hg38_genes_promoters	0.2837311956518601	0.49180097996499733	0
chr17	4988097	4988392	0.010879	10	0.0511	0.040221	CAMTA2	hg38_genes_promoters	0.7447648509417799	0.12425063524956247	0
chr17	5123583	5123704	0.028758	10	0.6436	0.61484	ZNF232	hg38_genes_promoters	0.2045545749939556	0.6076376660921501	0
chr17	5234596	5235009	0.031389	10	0.5476	0.51621	SCIMP	hg38_genes_promoters	0.1794502462322197	0.6541367204779489	0
chr17	4901715	4901823	0.084619	10	0.41494	0.33032	CHRNE	hg38_genes_promoters	0.0001463293040818	3.063902822048978	0
chr17	5770956	5771363	0.152481	18	0.47917	0.32669	LOC339166	hg38_genes_promoters	2.551060038722289e-06	4.511939548457384	0
chr17	4560075	4560616	0.019124	13	0.79892	0.7798	GGT6	hg38_genes_promoters	0.0785562973093982	0.9348478602584215	0
chr17	4542294	4542623	0.040011	10	0.8618	0.82179	MYBBP1A	hg38_genes_promoters	3.5866156542409617e-06	4.387968684570894	0
chr17	3471766	3471844	0.019968	13	0.81985	0.79988	ASPA	hg38_genes_promoters	0.004045298629924	1.9282484561812645	0
chr17	3472325	3472404	0.034274	10	0.8618	0.82753	ASPA	hg38_genes_promoters	8.316289138521108e-07	4.9081043596915634	0
chr17	3472325	3472404	0.034274	10	0.8618	0.82753	SPATA22	hg38_genes_promoters	8.316289138521108e-07	4.9081043596915634	0
chr17	3529919	3530122	-0.032621	10	0.7298	0.76242	TRPV3	hg38_genes_promoters	0.0034126633229905	1.9850223021107642	0
chr17	3690290	3690770	0.022236	22	0.836	0.81376	P2RX5	hg38_genes_promoters	0.0023755742810726	2.1071630438828297	0
chr17	3691559	3691996	-0.015426	16	0.77194	0.78736	P2RX5	hg38_genes_promoters	0.2297788626022489	0.5667896149949481	0
chr17	4544751	4545082	0.019811	12	0.89398	0.87417	MYBBP1A	hg38_genes_promoters	0.2136066990713971	0.5918923537235509	0
chr17	3755323	3755508	0.018667	12	0.31033	0.29167	ITGAE	hg38_genes_promoters	0.4982494021650986	0.28458439164037613	0
chr17	3813077	3813317	-0.015926	10	0.834	0.84993	NCBP3	hg38_genes_promoters	0.0363352512864429	1.1951914581585728	0
chr17	3830100	3830268	-0.014351	10	0.8687	0.88305	NCBP3	hg38_genes_promoters	0.0007691264083933	2.49279369610767	0
chr17	3936055	3936457	-0.025187	12	0.82908	0.85427	ATP2A3	hg38_genes_promoters	0.0093799043756995	1.6513634892908877	0
chr17	3937337	3937507	-0.033037	10	0.7589	0.79194	ATP2A3	hg38_genes_promoters	0.0075861766945338	1.7202570289691625	0
chr17	4533621	4534097	-0.017858	10	0.118	0.13586	SPNS2	hg38_genes_promoters	0.0355105882817178	1.2022218791590413	0
chr17	4536077	4536364	0.0405	17	0.70888	0.66838	SPNS2	hg38_genes_promoters	0.0024054750314143	2.1026151356801948	0
chr17	3801085	3801327	0.046289	12	0.38283	0.33654	ITGAE	hg38_genes_promoters	0.0038318444892903	1.9463069300136024	0
chr17	18254046	18254409	0.025473	10	0.8734	0.84793	FLII	hg38_genes_promoters	0.0030716722434429	2.021038726291547	0
chr17	10729435	10729544	-0.017009	12	0.022333	0.039342	TMEM220-AS1	hg38_genes_promoters	0.0006883495135165	2.530505999098563	0
chr17	19362024	19362190	-0.043487	10	0.2599	0.30339	LOC105371573	hg38_genes_promoters	0.0367633746395079	1.1913783246410397	0
chr17	42683901	42684107	-0.028929	15	0.20087	0.2298	CCR10	hg38_genes_promoters	0.0580334475144532	1.0380616205392725	0
chr17	42566668	42566792	0.051279	14	0.41826	0.36698	MLX	hg38_genes_promoters	0.0116845327814861	1.5782909752244068	0
chr17	42535557	42535867	-0.061235	10	0.402	0.46324	NAGLU	hg38_genes_promoters	0.1555174809116911	0.7052533055568995	0
chr17	42317160	42317880	-0.034899	10	0.6885	0.7234	STAT3	hg38_genes_promoters	0.0228752418234082	1.3528573369593087	0
chr17	42303742	42304398	-0.024571	10	0.8277	0.85227	STAT5A	hg38_genes_promoters	0.000292928713441	2.8284152297047878	0
chr17	42287702	42288016	0.018523	10	0.053	0.034477	STAT5A	hg38_genes_promoters	0.0019083971176271	2.1832634510898967	0
chr17	42218421	42218930	-0.017082	15	0.82233	0.83942	STAT5B	hg38_genes_promoters	0.0080782946152727	1.6994443551838356	0
chr17	42122637	42122740	0.025855	12	0.78958	0.76373	HSPB9	hg38_genes_promoters	0.0004900466528509	2.6494712696488527	0
chr17	42122166	42122614	-0.017544	21	0.75048	0.76802	KAT2A	hg38_genes_promoters	0.1891340626351886	0.6346242454714466	0
chr17	42122166	42122614	-0.017544	21	0.75048	0.76802	HSPB9	hg38_genes_promoters	0.1891340626351886	0.6346242454714466	0
chr17	18978772	18979015	-0.020825	13	0.79515	0.81598	FAM83G	hg38_genes_promoters	0.0183702522829996	1.4265947797145186	0
chr17	41819378	41819714	0.018439	15	0.805	0.78656	FKBP10	hg38_genes_promoters	0.0012825407499662	2.316994982121955	0
chr17	41813111	41813287	-0.021121	10	0.1783	0.19942	P3H4	hg38_genes_promoters	0.1666656504019156	0.680813037797065	0
chr17	41635319	41635517	-0.030069	10	0.7315	0.76157	KRT42P	hg38_genes_promoters	0.0144448474867216	1.509862499879442	0
chr17	41625671	41625904	-0.013109	14	0.22843	0.24154	KRT17	hg38_genes_promoters	0.2096689082005411	0.5980988589296031	0
chr17	41624228	41624455	0.049117	10	0.5885	0.53938	KRT17	hg38_genes_promoters	0.008934469105287	1.6678031791852805	0
chr17	41612599	41612812	0.023217	10	0.7397	0.71648	KRT16	hg38_genes_promoters	0.0539358105678446	1.0637012589548946	0
chr17	39867660	39867829	0.015716	10	0.7004	0.68468	ZPBP2	hg38_genes_promoters	0.3866472710888792	0.3810962209486415	0
chr17	39924061	39924293	-0.012702	12	0.778	0.7907	ORMDL3	hg38_genes_promoters	0.9722542793445564	0.011519791858228998	0
chr17	40021978	40022867	0.042139	23	0.78061	0.73847	MED24	hg38_genes_promoters	3.806602150380758e-05	3.5341823224708255	0
chr17	40026209	40026435	0.028466	10	0.6724	0.64393	MIR6884	hg38_genes_promoters	0.2045436513290817	0.6076376660921501	0
chr17	40026749	40026989	0.037321	10	0.8067	0.76938	MED24	hg38_genes_promoters	0.0030019436635836	2.0277878106570886	0
chr17	40026749	40026989	0.037321	10	0.8067	0.76938	MIR6884	hg38_genes_promoters	0.0030019436635836	2.0277878106570886	0
chr17	42686831	42686926	0.024979	10	0.7994	0.77442	CNTNAP1	hg38_genes_promoters	0.0267833245742851	1.2980293394023685	0
chr17	40027014	40027156	-0.0101	10	0.2589	0.269	MED24	hg38_genes_promoters	0.6118747067659863	0.20414372326844474	0
chr17	40180292	40181011	-0.022732	10	0.7508	0.77353	RAPGEFL1	hg38_genes_promoters	0.1651117912376205	0.684072056956729	0
chr17	40190690	40190921	0.052034	10	0.29	0.23797	RAPGEFL1	hg38_genes_promoters	0.0065477826991135	1.77129444640456	0
chr17	40318058	40318257	-0.011384	10	0.0095	0.020884	RARA	hg38_genes_promoters	0.0258693018700461	1.3107755566115271	0
chr17	40664902	40665235	-0.035346	12	0.1145	0.14985	KRT222	hg38_genes_promoters	0.1045299272692289	0.8403319374919164	0
chr17	40664902	40665235	-0.035346	12	0.1145	0.14985	SMARCE1	hg38_genes_promoters	0.1045299272692289	0.8403319374919164	0
chr17	41467060	41467836	0.019125	16	0.82225	0.80313	KRT32	hg38_genes_promoters	0.0542997420816061	1.061383701496919	0
chr17	40027014	40027156	-0.0101	10	0.2589	0.269	MIR6884	hg38_genes_promoters	0.6118747067659863	0.20414372326844474	0
chr17	42780225	42780449	-0.035117	12	0.2095	0.24462	WNK4	hg38_genes_promoters	0.0250571574641337	1.3215657248410573	0
chr17	42785165	42785303	0.022628	14	0.12936	0.10673	WNK4	hg38_genes_promoters	0.0093399162711501	1.6530908257021193	0
chr17	42849831	42850472	0.013359	12	0.71692	0.70356	AOC3	hg38_genes_promoters	0.3817431058226258	0.3857127306794249	0
chr17	44656131	44656312	-0.026188	14	0.094	0.12019	MEIOC	hg38_genes_promoters	0.0052148471538649	1.8455200057822676	0
chr17	44915198	44915380	0.031889	10	0.7771	0.74521	GFAP	hg38_genes_promoters	0.0145050955172772	1.5082852015106762	0
chr17	44934130	44934408	0.012548	10	0.8598	0.84725	KIF18B	hg38_genes_promoters	0.4093726424164301	0.3593497629000967	0
chr17	45114087	45114481	0.016014	15	0.83307	0.81705	PLCD3	hg38_genes_promoters	0.0667818811386926	0.9895612063419872	0
chr17	45114087	45114481	0.016014	15	0.83307	0.81705	MIR6784	hg38_genes_promoters	0.0667818811386926	0.9895612063419872	0
chr17	45115126	45115294	0.024348	10	0.8536	0.82925	MIR6784	hg38_genes_promoters	0.0023707106405035	2.1078760273470842	0
chr17	44503309	44503444	-0.01105	15	0.0055333	0.016583	GPATCH8	hg38_genes_promoters	5.109167189110403e-05	3.430541818399652	0
chr17	45115126	45115294	0.024348	10	0.8536	0.82925	PLCD3	hg38_genes_promoters	0.0023707106405035	2.1078760273470842	0
chr17	45241717	45241851	0.03277	13	0.78954	0.75677	FMNL1-AS1	hg38_genes_promoters	1.300964876889549e-05	3.919485023641139	0
chr17	47253273	47253573	-0.025978	10	0.4334	0.45938	ITGB3	hg38_genes_promoters	0.5160492183526909	0.2707962910416075	0
chr17	48054406	48054720	-0.030426	12	0.78742	0.81784	NFE2L1	hg38_genes_promoters	0.1556633839007067	0.7049142775841543	0
chr17	48156361	48156605	-0.03726	10	0.1053	0.14256	MIR1203	hg38_genes_promoters	0.0057126969686079	1.8153920547169038	0
chr17	48293587	48294318	-0.064313	13	0.74146	0.80577	SKAP1-AS2	hg38_genes_promoters	2.6587861210012166e-05	3.6641859019880867	0
chr17	48544346	48544675	-0.012632	23	0.0058696	0.018501	HOXB2	hg38_genes_promoters	0.0004053768142666	2.7176087262008153	0
chr17	45118820	45119018	0.023705	15	0.8436	0.81989	PLCD3	hg38_genes_promoters	0.003181467503366	2.0087421173270044	0
chr17	39743078	39743271	-0.016421	10	0.78	0.79642	GRB7	hg38_genes_promoters	0.1919000264878215	0.6294397227509253	0
chr17	44348642	44349217	0.014451	10	0.5269	0.51245	GRN	hg38_genes_promoters	0.6043605071767568	0.2089049354077564	0
chr17	44268109	44268346	0.015158	10	0.5559	0.54074	SLC4A1	hg38_genes_promoters	0.6751659562047277	0.16429994604665218	0
chr17	42851149	42851382	0.022822	10	0.7365	0.71368	AOC3	hg38_genes_promoters	0.1109855503862582	0.8210905958088203	0
chr17	42865748	42866481	-0.011867	14	0.79307	0.80494	AOC4P	hg38_genes_promoters	0.8965478753478529	0.04607869346858855	0
chr17	42980995	42981097	0.014724	12	0.023583	0.0088596	PTGES3L	hg38_genes_promoters	6.888928041771187e-07	4.977716384635902	0
chr17	42980995	42981097	0.014724	12	0.023583	0.0088596	PTGES3L-AARSD1	hg38_genes_promoters	6.888928041771187e-07	4.977716384635902	0
chr17	43025329	43025478	0.025284	16	0.065018	0.039734	VAT1	hg38_genes_promoters	0.1036351158116916	0.843544688707567	0
chr17	44324032	44324192	0.015727	12	0.14892	0.13319	SLC25A39	hg38_genes_promoters	0.1796741220150444	0.6537282628838303	0
chr17	43211577	43212243	0.016474	43	0.031256	0.014782	TMEM106A	hg38_genes_promoters	5.2628758606721614e-06	4.24124270407586	0
chr17	43759034	43759255	0.014814	10	0.7505	0.73569	SOST	hg38_genes_promoters	0.2483925778540585	0.5396426610437486	0
chr17	43820892	43821084	0.018988	13	0.85077	0.83178	MPP3	hg38_genes_promoters	0.0072285106108062	1.7368854629070727	0
chr17	43917639	43917836	-0.036189	10	0.0616	0.097789	LOC105371787	hg38_genes_promoters	2.781858111755082e-05	3.6467222161073023	0
chr17	44087018	44087129	0.016218	10	0.7302	0.71398	HDAC5	hg38_genes_promoters	0.0646599513510147	1.0010173787686305	0
chr17	44197968	44198205	0.011953	10	0.5409	0.52895	ATXN7L3	hg38_genes_promoters	0.6065198130302458	0.20767750383772973	0
chr17	44262376	44263082	0.016256	15	0.73127	0.71501	SLC4A1	hg38_genes_promoters	0.0951610361698273	0.8718036768644567	0
chr17	43530166	43530537	-0.012473	10	0.0431	0.055573	ETV4	hg38_genes_promoters	0.007598231099746	1.7197025892591506	0
chr17	39742467	39743011	0.02905	18	0.78878	0.75973	GRB7	hg38_genes_promoters	0.0102611329422702	1.6221178849386746	0
chr17	42104779	42104991	0.016184	12	0.8675	0.85132	DHX58	hg38_genes_promoters	0.1071389287809087	0.8322179261329216	0
chr17	39738080	39738449	-0.0111	22	0.037273	0.048373	GRB7	hg38_genes_promoters	0.0036478635125039	1.9631689795795586	0
chr17	28384796	28385000	-0.020158	15	0.0132	0.033358	SARM1	hg38_genes_promoters	1.146456082364205e-13	10.969915827331505	-1
chr17	28373610	28374004	-0.037393	10	0.5294	0.56679	VTN	hg38_genes_promoters	0.0599573968540599	1.0268611233351257	0
chr17	28369322	28369528	-0.026526	10	0.808	0.83453	VTN	hg38_genes_promoters	0.0138552509807762	1.5234774549345778	0
chr17	28367890	28368168	0.018039	12	0.82808	0.81004	SEBOX	hg38_genes_promoters	0.0008440699754902	2.4637401337921574	0
chr17	28267047	28267345	-0.010073	16	0.83481	0.84489	LOC101926984	hg38_genes_promoters	0.0076498982527308	1.7174343232853315	0
chr17	27794623	27795158	-0.033946	10	0.3753	0.40925	NOS2	hg38_genes_promoters	0.3746569373675645	0.39233915927205554	0
chr17	27609224	27609499	0.01771	10	0.8584	0.84069	KSR1	hg38_genes_promoters	0.2027934900401224	0.6108677296896444	0
chr17	27581831	27582631	-0.027851	12	0.49192	0.51977	KSR1	hg38_genes_promoters	0.1246040556932473	0.7806043381835409	0
chr17	27294359	27294471	-0.010363	10	0.0009	0.011263	MIR4522	hg38_genes_promoters	2.313154435357784e-07	5.36651921101236	-1
chr17	22298772	22298929	0.029268	13	0.79792	0.76865	FAM27E5	hg38_genes_promoters	0.0465213020056281	1.111606869160329	0
chr17	22268797	22269325	-0.034346	22	0.64545	0.6798	LOC105371597	hg38_genes_promoters	0.0150408955971703	1.495858283346054	0
chr17	22266247	22266489	-0.035092	13	0.59985	0.63494	LINC02002	hg38_genes_promoters	0.0998287959571311	0.8561314696776873	0
chr17	22266247	22266489	-0.035092	13	0.59985	0.63494	LOC105371597	hg38_genes_promoters	0.0998287959571311	0.8561314696776873	0
chr17	21692441	21692654	-0.030666	10	0.7201	0.75077	KCNJ18	hg38_genes_promoters	0.0890513931180685	0.8937159192967813	0
chr17	21573932	21574689	-0.11585	50	0.3043	0.42015	LINC02693	hg38_genes_promoters	7.216339733609718e-29	24.836977130889867	-1
chr17	21311166	21311561	-0.041254	12	0.2905	0.33175	MAP2K3	hg38_genes_promoters	0.0396599237149955	1.165220877072659	0
chr17	21283657	21284025	0.020268	30	0.19457	0.1743	MAP2K3	hg38_genes_promoters	0.010074018959057	1.6279813715105476	0
chr17	19378983	19379131	0.040379	15	0.30553	0.26515	B9D1	hg38_genes_promoters	0.0682809803696967	0.982225808904047	0
chr17	19411018	19411285	-0.018416	10	0.4799	0.49832	RNF112	hg38_genes_promoters	0.2419176135563405	0.5486044941882737	0
chr17	19415137	19415281	0.035752	10	0.8124	0.77665	RNF112	hg38_genes_promoters	0.000729594422775	2.5118675750227046	0
chr17	19495154	19495277	0.029281	12	0.82617	0.79689	SLC47A1	hg38_genes_promoters	0.0032688121979461	1.9991645678200887	0
chr17	19533092	19533554	-0.029072	19	0.20658	0.23565	SLC47A1	hg38_genes_promoters	0.045842338647959	1.1160043828783375	0
chr17	19719932	19720155	0.014816	12	0.82017	0.80535	SLC47A2	hg38_genes_promoters	0.0185296008626233	1.423634516691498	0
chr17	28405166	28405273	-0.012516	10	0.7728	0.78532	SLC46A1	hg38_genes_promoters	0.5509082693053208	0.24508380149630904	0
chr17	19743243	19743629	0.010091	18	0.8655	0.85541	ALDH3A1	hg38_genes_promoters	0.0414670782582232	1.14947267274147	0
chr17	20633017	20633495	-0.01943	10	0.8323	0.85173	LINC02088	hg38_genes_promoters	0.0027198511352826	2.060950358326279	0
chr17	20867558	20868101	-0.051316	10	0.7245	0.77582	CCDC144NL-AS1	hg38_genes_promoters	0.0003245685587938	2.7914426779149815	0
chr17	20867558	20868101	-0.051316	10	0.7245	0.77582	LOC339260	hg38_genes_promoters	0.0003245685587938	2.7914426779149815	0
chr17	39742048	39742460	-0.014321	10	0.8311	0.84542	GRB7	hg38_genes_promoters	0.1382487993570076	0.7463631268542994	0
chr17	21005141	21006014	-0.03107	12	0.74283	0.7739	USP22	hg38_genes_promoters	0.0874711250739149	0.8989365606391624	0
chr17	21011715	21012150	-0.02464	11	0.86164	0.88628	USP22	hg38_genes_promoters	0.0001510914398442	3.053593436400134	0
chr17	20321026	20321191	0.018642	10	0.1558	0.13716	CCDC144CP	hg38_genes_promoters	0.1614749034020718	0.6920548539324908	0
chr17	28556809	28557413	-0.022258	11	0.84473	0.86699	PIGS	hg38_genes_promoters	0.0035176894715243	1.9750226470960628	0
chr17	20896218	20896540	-0.031787	18	0.43172	0.46351	CCDC144NL	hg38_genes_promoters	0.01956497566421	1.405332166568565	0
chr17	28581313	28581937	-0.017617	12	0.8455	0.86312	SPAG5	hg38_genes_promoters	0.0105370012863882	1.6130935536488171	0
chr17	34155557	34155719	-0.015735	10	0.0717	0.087435	LOC105371735	hg38_genes_promoters	0.2126469320768593	0.5936545796217587	0
chr17	34157199	34157333	-0.011379	10	0.0192	0.030579	ASIC2	hg38_genes_promoters	0.0321639983025786	1.2350041440788802	0
chr17	34634805	34635007	-0.013162	10	0.807	0.82016	TMEM132E	hg38_genes_promoters	0.1777880093586539	0.6577790216893651	0
chr17	35432464	35432967	0.058727	15	0.16113	0.10241	SLFN12	hg38_genes_promoters	1.5438239577312632e-08	6.358127487098224	1
chr17	35448759	35448942	-0.01653	10	0.0216	0.03813	SLFN13	hg38_genes_promoters	0.0001896232214756	2.9758165278879996	0
chr17	35449336	35449710	-0.018378	25	0.02872	0.047098	SLFN13	hg38_genes_promoters	1.0255896085822643e-10	8.297104346642529	-1
chr17	33533738	33534294	-0.017727	10	0.7831	0.80083	AA06	hg38_genes_promoters	0.3129959062517157	0.45749400059759665	0
chr17	35449753	35449842	-0.041058	10	0.0471	0.088158	SLFN13	hg38_genes_promoters	8.588143367406306e-10	7.460364820341141	-1
chr17	38967348	38967471	-0.013032	10	0.1946	0.20763	FBXO47	hg38_genes_promoters	0.5417522126162	0.25169502364036955	0
chr17	39152024	39152575	-0.024709	10	0.057	0.081709	PLXDC1	hg38_genes_promoters	0.0908142753198339	0.8868208625625981	0
chr17	39627589	39627739	0.02724	13	0.26696	0.23973	PPP1R1B	hg38_genes_promoters	0.0805139093110769	0.9265862309448861	0
chr17	39637102	39637175	-0.014233	10	0.015	0.029233	STARD3	hg38_genes_promoters	0.0002031367729795	2.9512831861587983	0
chr17	28577079	28577845	-0.019321	10	0.3928	0.41212	ALDOC	hg38_genes_promoters	0.462901878514069	0.3122249760104427	0
chr17	39699565	39700079	-0.020924	15	0.149	0.16992	ERBB2	hg38_genes_promoters	0.2155060001573076	0.5889498180052112	0
chr17	35752627	35753288	-0.025639	21	0.18095	0.20659	GAS2L2	hg38_genes_promoters	0.020985496323497	1.3825069262525829	0
chr17	33533738	33534294	-0.017727	10	0.7831	0.80083	LOC112268206	hg38_genes_promoters	0.3129959062517157	0.45749400059759665	0
chr17	35735264	35735393	0.023429	13	0.84254	0.81911	RASL10B	hg38_genes_promoters	0.0003466206457289	2.7696467606036856	0
chr17	32991380	32992014	0.049266	10	0.7899	0.74063	SPACA3	hg38_genes_promoters	0.0609817246515254	1.0205603824019016	0
chr17	28712312	28712584	-0.01107	14	0.076786	0.087855	PROCA1	hg38_genes_promoters	0.0445772529037403	1.1248188388100684	0
chr17	32992402	32992846	-0.018779	10	0.7378	0.75658	SPACA3	hg38_genes_promoters	0.1609425768834659	0.693150094165529	0
chr17	28854188	28854550	-0.018576	10	0.58772	0.60629	ERAL1	hg38_genes_promoters	0.366787258051252	0.4001592514045204	0
chr17	29086940	29087108	0.027803	12	0.87258	0.84478	MYO18A	hg38_genes_promoters	2.971531191938361e-05	3.621987529893761	0
chr17	28614141	28615108	-0.033611	13	0.59123	0.62484	RSKR	hg38_genes_promoters	0.0629157602332165	1.010310936920287	0
chr17	29577242	29577599	0.036883	10	0.8738	0.83692	GIT1	hg38_genes_promoters	0.0031885018307346	2.0081144607246855	0
chr17	29581666	29582098	-0.02264	10	0.7946	0.81724	GIT1	hg38_genes_promoters	0.0129353259719425	1.545886059987832	0
chr17	29127960	29128265	0.03459	10	0.8464	0.81181	MYO18A	hg38_genes_promoters	2.3166814474497467e-05	3.712907399779961	0
chr17	30236988	30237076	-0.011672	10	0.0045889	0.016261	SLC6A4	hg38_genes_promoters	1.1523076474012068e-06	4.791333511017146	0
chr17	30559101	30559651	0.020173	13	0.76315	0.74298	TBC1D29P	hg38_genes_promoters	0.1795885163753636	0.6538687290815784	0
chr17	32265184	32265470	-0.039734	10	0.1117	0.15143	RHBDL3	hg38_genes_promoters	0.0136539003298161	1.5275853497239862	0
chr17	32265184	32265470	-0.039734	10	0.1117	0.15143	LOC105371731	hg38_genes_promoters	0.0136539003298161	1.5275853497239862	0
chr17	32349147	32349308	-0.014055	10	0.7606	0.77465	MIR632	hg38_genes_promoters	0.8294790917114963	0.07919829292382934	0
chr17	29590138	29590505	0.041804	13	0.28392	0.24212	GIT1	hg38_genes_promoters	0.0124485306875329	1.557902984413118	0
chr17	32349147	32349308	-0.014055	10	0.7606	0.77465	ZNF207	hg38_genes_promoters	0.8294790917114963	0.07919829292382934	0
chr18	69469642	69469762	-0.033632	10	0.785	0.81863	LOC105372179	hg38_genes_promoters	3.2188600401246946e-05	3.5974979704888015	0
chr18	57622008	57622208	-0.010968	10	0.003	0.013968	NARS1	hg38_genes_promoters	1.6368599452931863e-05	3.84064368307862	0
chr18	57802852	57802940	-0.012126	10	0.0054	0.017526	ATP8B1	hg38_genes_promoters	7.285431238796853e-08	5.772358090806793	-1
chr18	58934215	58934721	-0.0286	10	0.8456	0.8742	ZNF532	hg38_genes_promoters	0.0004259555976485	2.7001550580564317	0
chr18	59220006	59220088	-0.013005	10	0.0131	0.026105	GRP	hg38_genes_promoters	0.030272579502001	1.2554399070694144	0
chr18	61334255	61334347	-0.011216	10	0.0161	0.027316	CDH20	hg38_genes_promoters	0.0001019617002873	3.187230747099017	0
chr18	69895703	69895824	-0.045063	10	0.8369	0.88196	CD226	hg38_genes_promoters	5.289341302492224e-09	6.7625294723084455	-1
chr18	58996291	58996653	-0.035416	10	0.6859	0.72132	OACYLP	hg38_genes_promoters	0.0057589877891473	1.8126071882078967	0
chr18	55590018	55590274	-0.024785	10	0.0648	0.089585	TCF4	hg38_genes_promoters	0.0240043102794104	1.3361941690418642	0
chr18	48621314	48621703	0.01798	10	0.8531	0.83512	CTIF	hg38_genes_promoters	0.0982601475283404	0.8615291896904808	0
chr18	50663851	50664065	-0.013545	10	0.8305	0.84405	MAPK4	hg38_genes_promoters	0.0362276510524534	1.1958173437557893	0
chr18	50285749	50285979	0.031565	12	0.86983	0.83827	CXXC1	hg38_genes_promoters	0.0001871531617439	2.9803032731195302	0
chr18	49487478	49487691	-0.012661	10	0.0676	0.080261	C18orf32	hg38_genes_promoters	0.7388375215468798	0.12761226368914086	0
chr18	49487478	49487691	-0.012661	10	0.0676	0.080261	RPL17-C18orf32	hg38_genes_promoters	0.7388375215468798	0.12761226368914086	0
chr18	46559158	46559555	-0.021879	10	0.8317	0.85358	LOXHD1	hg38_genes_promoters	0.0002133726119869	2.933769870883704	0
chr18	43115626	43115937	-0.09638	10	0.4633	0.55968	RIT2	hg38_genes_promoters	1.6513712404934933e-05	3.8377587292724145	0
chr18	39841354	39841559	-0.013779	10	0.0388	0.052579	LINC01902	hg38_genes_promoters	0.0397817176021606	1.1640747380945422	0
chr18	69956820	69957415	-0.032479	10	0.6028	0.63528	CD226	hg38_genes_promoters	0.3563847552157575	0.41066407292220647	0
chr18	55423349	55423596	-0.022867	12	0.83467	0.85753	TCF4	hg38_genes_promoters	0.0022632811656294	2.1239231158981395	0
chr18	70288456	70288515	-0.016416	10	0.0219	0.038316	SOCS6	hg38_genes_promoters	0.001341914140264	2.3013682925351255	0
chr18	79447475	79447600	0.025459	10	0.8511	0.82564	NFATC1	hg38_genes_promoters	0.0056546111049779	1.8189647968084601	0
chr18	72868985	72869226	-0.010896	27	0.013222	0.024118	NETO1	hg38_genes_promoters	1.178621295585592e-06	4.784538390429649	0
chr18	37254618	37254781	0.021647	10	0.3697	0.34805	CELF4	hg38_genes_promoters	0.3191823882617467	0.45078933511791186	0
chr18	80147481	80147632	-0.062074	17	0.16059	0.22266	PARD6G-AS1	hg38_genes_promoters	5.356667283184509e-08	5.891969339302433	-1
chr18	79964279	79964395	-0.015648	10	0.0828	0.098448	HSBP1L1	hg38_genes_promoters	0.0330047661784263	1.225614851067403	0
chr18	79963192	79963653	0.041115	18	0.75994	0.71883	HSBP1L1	hg38_genes_promoters	0.0003408397711894	2.7742016023693274	0
chr18	79945502	79946001	-0.043526	16	0.7545	0.79803	SLC66A2	hg38_genes_promoters	8.605780679906284e-06	4.065855197430639	0
chr18	79526013	79526120	-0.029068	10	0.8213	0.85037	NFATC1	hg38_genes_promoters	0.0065714144772982	1.7701075769073216	0
chr18	79523097	79523499	-0.020327	10	0.4681	0.48843	NFATC1	hg38_genes_promoters	0.2633405416455431	0.5188678624905841	0
chr18	79493247	79493331	-0.020898	15	0.83373	0.85463	NFATC1	hg38_genes_promoters	1.156271797323301e-07	5.61109915325872	-1
chr18	79399521	79399613	-0.014854	10	0.0109	0.025754	NFATC1	hg38_genes_promoters	0.0023084474800221	2.117303938524252	0
chr18	77087414	77087759	-0.037394	29	0.66534	0.70274	MBP	hg38_genes_promoters	0.0003734872495066	2.7451683219170526	0
chr18	77017107	77017295	0.013716	10	0.8294	0.81568	MBP	hg38_genes_promoters	0.2706746559991306	0.5082974821565399	0
chr18	77016844	77017065	-0.019373	11	0.82991	0.84928	MBP	hg38_genes_promoters	0.0146380948363399	1.5052413537862828	0
chr18	76823790	76823925	0.035297	17	0.17641	0.14111	ZNF236	hg38_genes_promoters	0.0003678795414965	2.7486817958800236	0
chr18	76689058	76689391	-0.029332	10	0.3163	0.34563	LINC01879	hg38_genes_promoters	0.2896793885952323	0.4849538972410468	0
chr18	76620507	76620611	-0.017447	12	0.018167	0.035614	LINC00683	hg38_genes_promoters	0.002651533287691	2.070149872374469	0
chr18	76381009	76381246	0.029598	12	0.78983	0.76023	ZNF516	hg38_genes_promoters	0.0072185741080317	1.7373463601369987	0
chr18	76359993	76360235	0.019211	10	0.867	0.84779	ZNF516	hg38_genes_promoters	0.0080497212297361	1.7005376303681838	0
chr18	75244448	75244728	-0.013558	10	0.827	0.84056	TSHZ1	hg38_genes_promoters	0.0095765722325435	1.6449057411304933	0
chr18	74534268	74534550	0.011583	12	0.84325	0.83167	CNDP1	hg38_genes_promoters	0.3805360792007021	0.3867979260278281	0
chr18	74457680	74458124	-0.029785	24	0.1565	0.18629	DIPK1C	hg38_genes_promoters	0.0063116979975503	1.7827651915691358	0
chr18	74082468	74082815	-0.033232	10	0.1864	0.21963	FBXO15	hg38_genes_promoters	0.0039735022805195	1.933551234240538	0
chr18	72868985	72869226	-0.010896	27	0.013222	0.024118	NETO1-DT	hg38_genes_promoters	1.178621295585592e-06	4.784538390429649	0
chr18	36169829	36170195	-0.010326	10	0.8432	0.85353	ELP2	hg38_genes_promoters	0.090121891978038	0.889451844751005	0
chr18	55401405	55402020	-0.020553	10	0.5407	0.56125	TCF4	hg38_genes_promoters	0.2975538424680194	0.47567200154822614	0
chr18	34159619	34159830	-0.021726	10	0.1529	0.17463	NOL4	hg38_genes_promoters	0.0938657833319702	0.8759916930798008	0
chr18	11751895	11751983	-0.015741	13	0.066	0.081741	GNAL	hg38_genes_promoters	0.0022747165155856	2.1220917884800925	0
chr18	8800095	8800285	-0.039215	12	0.78592	0.82513	MTCL1	hg38_genes_promoters	0.0003485498560949	2.7679264100541228	0
chr18	8784401	8784520	0.023811	10	0.8546	0.83079	MTCL1	hg38_genes_promoters	0.0076726501055283	1.716511795880532	0
chr18	8784182	8784365	-0.018977	14	0.82986	0.84883	MTCL1	hg38_genes_promoters	2.4678710741098496e-05	3.690104486350679	0
chr18	8781753	8782063	-0.016016	10	0.8113	0.82732	MTCL1	hg38_genes_promoters	0.0756304937502188	0.9480107819512168	0
chr18	8608739	8608829	0.015638	10	0.0847	0.069062	RAB12	hg38_genes_promoters	0.0099981432036786	1.6304359587487178	0
chr18	6957037	6957259	-0.013374	10	0.8281	0.84147	LAMA1	hg38_genes_promoters	0.0507609674760658	1.0831858960344338	0
chr18	6929971	6930129	0.016419	13	0.79008	0.77366	LINC00668	hg38_genes_promoters	0.1586276061602827	0.6984921063954203	0
chr18	12092592	12093103	-0.024953	15	0.70967	0.73462	ANKRD62	hg38_genes_promoters	0.0595133244073394	1.0294219639437148	0
chr18	5488944	5489082	0.015568	10	0.7102	0.69463	EPB41L3	hg38_genes_promoters	0.0677053089087745	0.9849984807165572	0
chr18	3412159	3412210	-0.026641	10	0.1877	0.21434	TGIF1	hg38_genes_promoters	0.356586767807615	0.41047663646696836	0
chr18	3411943	3412155	-0.042432	10	0.1522	0.19463	TGIF1	hg38_genes_promoters	0.0007986084796024	2.4811574626443824	0
chr18	3262073	3262124	-0.01117	10	0.01107	0.02224	MYL12B	hg38_genes_promoters	0.0008102077803574	2.477115294765957	0
chr18	3262073	3262124	-0.01117	10	0.01107	0.02224	MYL12-AS1	hg38_genes_promoters	0.0008102077803574	2.477115294765957	0
chr18	712730	712812	-0.013489	10	0.0299	0.043389	ENOSF1	hg38_genes_promoters	0.0095496523875027	1.6453636633899853	0
chr18	515189	515324	0.043768	16	0.8395	0.79573	LINC01925	hg38_genes_promoters	7.823511026905689e-05	3.2815396815368882	0
chr18	111871	111963	0.047833	18	0.27339	0.22556	ROCK1P1	hg38_genes_promoters	0.0004236496442006	2.702260411573251	0
chr18	73496	73533	-0.063537	10	0.2582	0.32174	TUBB8B	hg38_genes_promoters	8.801083326745199e-05	3.24001313733923	0
chr18	35498046	35498277	-0.021098	10	0.0525	0.073598	INO80C	hg38_genes_promoters	0.3100341005536746	0.46103283161906905	0
chr18	5297604	5298598	-0.035732	25	0.75828	0.79401	ZBTB14	hg38_genes_promoters	3.149652927323356e-05	3.603571582416619	0
chr18	12093737	12094158	0.022428	29	0.84269	0.82026	ANKRD62	hg38_genes_promoters	2.050935332605137e-06	4.581999221759692	0
chr18	3012630	3012687	-0.010556	10	0.0025	0.013056	LPIN2	hg38_genes_promoters	3.250518134012816e-06	4.424514295329995	0
chr18	12658685	12658790	-0.046968	10	0.0644	0.11137	SPIRE1	hg38_genes_promoters	1.966292924621668e-07	5.426951750569881	-1
chr18	32772430	32773053	-0.023119	10	0.0553	0.078419	KLHL14	hg38_genes_promoters	0.1129145051822108	0.8154390638504707	0
chr18	12420964	12421253	-0.02436	10	0.0855	0.10986	PRELID3A	hg38_genes_promoters	0.0375181736793855	1.1846505940923393	0
chr18	32471771	32472102	-0.011814	10	0.3551	0.36691	GAREM1	hg38_genes_promoters	0.8731454428800094	0.05729552063822068	0
chr18	31760798	31760966	-0.033068	21	0.76324	0.79631	SLC25A52	hg38_genes_promoters	2.069838092731677e-05	3.754563947566485	0
chr18	26133820	26133938	0.029717	16	0.53163	0.50191	PSMA8	hg38_genes_promoters	0.0015020157671742	2.2609518925143095	0
chr18	24426308	24426438	-0.012628	10	0.1254	0.13803	IMPACT	hg38_genes_promoters	0.4672623711403815	0.3089214097481013	0
chr18	24113037	24113635	-0.028206	13	0.76715	0.79536	TTC39C	hg38_genes_promoters	0.0132258177002204	1.5384847158106851	0
chr18	23872849	23873041	0.018826	10	0.8223	0.80347	LAMA3	hg38_genes_promoters	0.0218995303480094	1.3677295054832375	0
chr18	22418623	22419065	0.024911	10	0.8077	0.78279	CTAGE1	hg38_genes_promoters	0.0766460823925026	0.9438637828562858	0
chr18	21111171	21111230	-0.010075	10	0.0026	0.012675	ROCK1	hg38_genes_promoters	2.1684278945535475e-06	4.56326909905506	0
chr18	26549396	26549505	-0.010958	10	0.0032	0.014158	KCTD1	hg38_genes_promoters	3.172284467794475e-05	3.601312881441518	0
chr18	14748319	14748527	-0.024694	17	0.16582	0.19052	ANKRD30B	hg38_genes_promoters	0.1665384208629646	0.6810773383603007	0
chr18	15331196	15331401	0.024495	10	0.7856	0.76111	LOC644669	hg38_genes_promoters	0.0332314071312553	1.2235446485267854	0
chr18	13115518	13116236	0.013472	10	0.8807	0.86723	CEP192	hg38_genes_promoters	0.3356624269687307	0.43308660416562694	0
chr18	13452631	13453126	-0.011979	10	0.8178	0.82978	LDLRAD4	hg38_genes_promoters	0.1716789852725883	0.6708285819059496	0
chr18	12658685	12658790	-0.046968	10	0.0644	0.11137	PSMG2	hg38_genes_promoters	1.966292924621668e-07	5.426951750569881	-1
chr18	13381946	13382141	-0.016572	10	0.0411	0.057672	LDLRAD4	hg38_genes_promoters	0.0016120695883038	2.2387434361462923	0
chr18	14431056	14431158	-0.014488	10	0.0122	0.026688	LOC105372003	hg38_genes_promoters	0.0115575260026451	1.5824287654405562	0
chr18	14543620	14543659	0.051742	10	0.7299	0.67816	POTEC	hg38_genes_promoters	7.136870772626765e-06	4.13735336869507	0
chr18	14748198	14748314	-0.050208	10	0.0767	0.12691	ANKRD30B	hg38_genes_promoters	3.2190386545359416e-05	3.5974979704888015	0
chr18	13641473	13641788	-0.026421	27	0.049037	0.075458	LDLRAD4	hg38_genes_promoters	2.4924112128107423e-24	20.95188691917995	-1
chr18	13102658	13103248	-0.013197	13	0.86285	0.87604	CEP192	hg38_genes_promoters	0.0421697236974108	1.1446525867184467	0
chr19	45144990	45145431	0.024828	38	0.86221	0.83738	PPP1R37	hg38_genes_promoters	3.867194506804671e-08	6.012343126698095	1
chr19	45382570	45382655	0.060838	12	0.82658	0.76575	PPP1R13L	hg38_genes_promoters	1.7046156297798582e-08	6.3225054870043325	1
chr19	45179735	45179809	0.017728	12	0.1565	0.13877	BLOC1S3	hg38_genes_promoters	0.1054443885362924	0.8372180016903131	0
chr19	45322352	45323155	0.034636	17	0.61382	0.57919	CKM	hg38_genes_promoters	0.0372578069471241	1.1865647846467426	0
chr19	45362251	45362499	-0.014698	11	0.81355	0.82824	ERCC2	hg38_genes_promoters	0.0419034882232229	1.1462200965819338	0
chr19	45364009	45364203	0.037628	15	0.89173	0.85411	ERCC2	hg38_genes_promoters	5.368557080401891e-11	8.553708233586452	1
chr19	45770928	45771046	-0.012658	13	0.0069231	0.019581	DM1-AS	hg38_genes_promoters	2.26435278062426e-06	4.549333953252283	0
chr19	45499351	45499583	0.017089	10	0.0973	0.080211	PPM1N	hg38_genes_promoters	0.0471885631893847	1.1077281745475447	0
chr19	45616236	45616433	0.042143	10	0.5525	0.51036	EML2	hg38_genes_promoters	0.0945428502944077	0.8736326320823493	0
chr19	45771812	45772355	-0.040929	10	0.7424	0.78333	DMPK	hg38_genes_promoters	0.0005703298219474	2.59646295678613	0
chr19	45777677	45777783	-0.015963	10	0.8213	0.83726	DMPK	hg38_genes_promoters	0.036623919948814	1.1923215176570985	0
chr19	45815282	45815375	-0.011624	14	0.083	0.094624	RSPH6A	hg38_genes_promoters	0.0061037577907053	1.792648033421166	0
chr19	45137516	45137726	-0.012684	10	0.858	0.87068	PPP1R37	hg38_genes_promoters	0.0237819283479853	1.3397190093221722	0
chr19	45815867	45816086	-0.015423	12	0.059417	0.07484	RSPH6A	hg38_genes_promoters	0.0131159269165593	1.5411649102247156	0
chr19	45385627	45385710	-0.013443	12	0.084583	0.098026	PPP1R13L	hg38_genes_promoters	0.0902424043448721	0.8891795524039969	0
chr19	45099738	45099996	-0.01761	12	0.83458	0.85219	PPP1R37	hg38_genes_promoters	0.0062362116435513	1.786299595805227	0
chr19	44757563	44757668	0.04195	10	0.84877	0.80682	MIR8085	hg38_genes_promoters	3.0495351063711117e-05	3.6146099184814666	0
chr19	45067436	45067535	0.023516	10	0.8722	0.84868	CLASRP	hg38_genes_promoters	0.0372844966048042	1.186347802159375	0
chr19	46018127	46018379	0.019042	10	0.85215	0.83311	MIR769	hg38_genes_promoters	0.052313347466886	1.0734178513623371	0
chr19	43820406	43820751	-0.025019	31	0.064387	0.089406	LYPD5	hg38_genes_promoters	9.10703477708881e-08	5.697338200831707	-1
chr19	44259894	44260014	-0.019532	10	0.0501	0.069632	ZNF233	hg38_genes_promoters	0.0117138129096772	1.5775688433658506	0
chr19	44356515	44356704	-0.012992	13	0.022231	0.035223	ZNF112	hg38_genes_promoters	0.0003271006232998	2.788335753621186	0
chr19	44401572	44401664	-0.013017	10	0.0066	0.019617	ZNF285	hg38_genes_promoters	0.0631279449386185	1.0090161824723334	0
chr19	44401572	44401664	-0.013017	10	0.0066	0.019617	ZNF112	hg38_genes_promoters	0.0631279449386185	1.0090161824723334	0
chr19	44613014	44613593	0.014923	12	0.82117	0.80624	IGSF23	hg38_genes_promoters	0.0977848819330381	0.8628567687623859	0
chr19	45091476	45091551	-0.03277	10	0.1593	0.19207	GEMIN7-AS1	hg38_genes_promoters	0.0356572694760839	1.2013207849300176	0
chr19	44650025	44650375	-0.019655	10	0.8538	0.87345	PVR	hg38_genes_promoters	0.010326559527962	1.6200451952526775	0
chr19	44776616	44777015	-0.01679	12	0.84542	0.86221	CBLC	hg38_genes_promoters	0.0594235062089061	1.029900852299207	0
chr19	44812120	44812197	0.046184	10	0.8685	0.82232	BCAM	hg38_genes_promoters	5.159234580392304e-08	5.903093069115383	1
chr19	44813315	44813509	0.028842	14	0.84629	0.81744	BCAM	hg38_genes_promoters	3.057796137705853e-07	5.266790425356985	1
chr19	44912719	44913296	-0.015595	10	0.3679	0.38349	APOC1	hg38_genes_promoters	0.606532013891931	0.20767750383772973	0
chr19	44926783	44927023	-0.035873	10	0.1759	0.21177	APOC1P1	hg38_genes_promoters	0.093589439282112	0.8768904933949607	0
chr19	45032520	45032664	-0.017165	10	0.8098	0.82697	RELB	hg38_genes_promoters	0.0261835218884816	1.305837292331441	0
chr19	45040262	45040617	-0.022789	10	0.299	0.32179	CLASRP	hg38_genes_promoters	0.3862244365276883	0.3814556256054415	0
chr19	44757563	44757668	0.04195	10	0.84877	0.80682	BCL3	hg38_genes_promoters	3.0495351063711117e-05	3.6146099184814666	0
chr19	46022882	46023075	-0.014165	15	0.0758	0.089965	PGLYRP1	hg38_genes_promoters	0.0511751192779251	1.0806190100178206	0
chr19	47755740	47755963	0.01976	10	0.8652	0.84544	NOP53	hg38_genes_promoters	0.0003239037424887	2.791528164347466	0
chr19	46077153	46077425	-0.017037	17	0.033706	0.050743	IGFL4	hg38_genes_promoters	3.674971072088518e-05	3.545847904582639	0
chr19	43774506	43774594	-0.072186	13	0.11615	0.18834	KCNN4	hg38_genes_promoters	1.5541599698330394e-09	7.232152165070624	-1
chr19	47755740	47755963	0.01976	10	0.8652	0.84544	SNORD23	hg38_genes_promoters	0.0003239037424887	2.791528164347466	0
chr19	47780043	47780503	0.021372	16	0.84788	0.8265	SELENOW	hg38_genes_promoters	0.0230489801556724	1.350301662074724	0
chr19	48171908	48171999	0.016795	10	0.8249	0.80811	ZSWIM9	hg38_genes_promoters	0.0218005520374411	1.3691364589819013	0
chr19	48303781	48303998	0.020458	10	0.7923	0.77184	ODAD1	hg38_genes_promoters	0.0356116392806591	1.201368240049813	0
chr19	48304064	48304188	0.027452	10	0.8386	0.81115	ODAD1	hg38_genes_promoters	0.1210161026942391	0.7910682224608367	0
chr19	48454391	48454729	0.012133	14	0.84936	0.83722	KCNJ14	hg38_genes_promoters	0.771652481453017	0.10944486942968	0
chr19	48472368	48472749	-0.022403	10	0.8288	0.8512	CYTH2	hg38_genes_promoters	0.0041175566950119	1.9222037317494005	0
chr19	48498682	48499266	-0.045008	24	0.40132	0.44632	LMTK3	hg38_genes_promoters	0.0015819869574042	2.245247557136789	0
chr19	48552132	48552281	0.036201	12	0.71208	0.67588	SULT2B1	hg38_genes_promoters	0.0015040586660133	2.2607544567904636	0
chr19	48640059	48640225	0.015468	10	0.7601	0.74463	CA11	hg38_genes_promoters	0.4990952588678563	0.2839038331166749	0
chr19	48673897	48674185	0.016267	10	0.7536	0.73733	NTN5	hg38_genes_promoters	0.3608607040734347	0.4059471000163803	0
chr19	48716914	48717034	0.021826	10	0.3763	0.35447	MAMSTR	hg38_genes_promoters	0.1206829623832825	0.7917980787285664	0
chr19	48741578	48741730	-0.01089	12	0.069417	0.080307	RASIP1	hg38_genes_promoters	0.0118343044667469	1.5748227487510196	0
chr19	47754516	47754640	0.032271	10	0.8745	0.84223	NOP53	hg38_genes_promoters	0.000228401840962	2.9114934909626684	0
chr19	46023230	46023325	-0.012111	10	0.0231	0.035211	PGLYRP1	hg38_genes_promoters	0.0200632371085646	1.397106957927587	0
chr19	47750947	47751146	0.015681	10	0.8657	0.85002	NOP53	hg38_genes_promoters	0.0467966590893681	1.1103698310210284	0
chr19	47545713	47545940	0.037644	18	0.39728	0.35963	ZNF541	hg38_genes_promoters	0.0972929483589737	0.8643448480709044	0
chr19	46297024	46297114	-0.010787	10	0.0125	0.023287	HIF3A	hg38_genes_promoters	0.021214790025152	1.3790838812236081	0
chr19	46303572	46303816	0.042848	17	0.85982	0.81698	HIF3A	hg38_genes_promoters	1.3336194871284554e-13	10.918405760986346	1
chr19	46320457	46320936	-0.011378	10	0.8251	0.83648	HIF3A	hg38_genes_promoters	0.0598828896644007	1.027316740387979	0
chr19	46495872	46495934	0.035984	10	0.2193	0.18332	PNMA8B	hg38_genes_promoters	1.536961467080138e-05	3.8617776684938185	0
chr19	46605120	46605434	-0.023289	10	0.7685	0.79179	CALM3	hg38_genes_promoters	0.2931034313995904	0.48112622995754223	0
chr19	46607112	46607681	-0.017717	13	0.79523	0.81295	CALM3	hg38_genes_promoters	0.0172126082611881	1.4478948876363549	0
chr19	46654984	46655263	-0.066965	10	0.4889	0.55586	DACT3	hg38_genes_promoters	0.008957796255041	1.6669217856690766	0
chr19	46737854	46738348	-0.021921	11	0.72936	0.75128	STRN4	hg38_genes_promoters	0.1008281825961513	0.8527805480527683	0
chr19	46918655	46919040	-0.015134	10	0.8646	0.87973	ARHGAP35	hg38_genes_promoters	0.1562330698096929	0.7037369113264961	0
chr19	47019850	47019923	0.01098	12	0.02275	0.01177	NPAS1	hg38_genes_promoters	0.0009584222268947	2.42045500718207	0
chr19	47331732	47332116	-0.016616	10	0.6287	0.64532	C5AR2	hg38_genes_promoters	0.4543572440881191	0.31961161515524045	0
chr19	47447920	47447972	-0.010937	10	0.0568	0.067737	SLC8A2	hg38_genes_promoters	0.035228906833427	1.2049186588013658	0
chr19	47483798	47484000	0.013068	10	0.1316	0.11853	NAPA-AS1	hg38_genes_promoters	0.4238511935357435	0.34626247591637915	0
chr19	47483798	47484000	0.013068	10	0.1316	0.11853	KPTN	hg38_genes_promoters	0.4238511935357435	0.34626247591637915	0
chr19	47513091	47513603	-0.04242	13	0.65	0.69242	NAPA	hg38_genes_promoters	0.0188011645941862	1.4189324310797153	0
chr19	47725844	47725931	-0.021711	10	0.8205	0.84221	EHD2	hg38_genes_promoters	0.0031445288798603	2.0133162623980656	0
chr19	43667891	43668066	-0.090934	12	0.39942	0.49035	PLAUR	hg38_genes_promoters	1.1338646962804798e-05	3.966556287365926	0
chr19	40880101	40880683	0.044815	30	0.24057	0.19575	CYP2A7	hg38_genes_promoters	0.0236550820844186	1.3414200114078714	0
chr19	43580705	43580876	0.109579	11	0.67355	0.56397	XRCC1	hg38_genes_promoters	6.851766201939171e-06	4.152536224783571	0
chr19	37906670	37906714	-0.010238	15	0.0042667	0.014505	SIPA1L3	hg38_genes_promoters	0.0029923055658897	2.0285110830797666	0
chr19	37932140	37932539	-0.027717	20	0.05315	0.080867	SIPA1L3	hg38_genes_promoters	1.201653617150831e-07	5.5996615660150555	-1
chr19	38265183	38265742	-0.014658	16	0.07725	0.091908	SPINT2	hg38_genes_promoters	2.594111968636032e-05	3.672377709396603	0
chr19	38303824	38303921	-0.030724	12	0.15542	0.18614	C19orf33	hg38_genes_promoters	0.0016779082567093	2.2260334798998507	0
chr19	38364676	38364895	0.011206	10	0.8589	0.84769	CATSPERG	hg38_genes_promoters	0.183112880736201	0.6468891041950312	0
chr19	38727522	38727882	0.030039	12	0.82425	0.79421	ACTN4	hg38_genes_promoters	0.005485386942251	1.8295527571325403	0
chr19	38737586	38737868	-0.040207	10	0.193	0.23321	CAPN12	hg38_genes_promoters	0.0045703458370383	1.887214638238264	0
chr19	38769965	38770112	0.014713	18	0.056556	0.041842	CAPN12	hg38_genes_promoters	7.86810238909902e-05	3.279790408480043	0
chr19	38812801	38812948	-0.013063	10	0.8292	0.84226	LGALS4	hg38_genes_promoters	0.5432279083215066	0.25062494414292014	0
chr19	38841905	38842013	0.042468	10	0.8541	0.81163	HNRNPL	hg38_genes_promoters	0.0001050745421552	3.176565007797132	0
chr19	38870538	38870758	0.022735	10	0.7801	0.75736	RINL	hg38_genes_promoters	0.0193041369202856	1.4098608054860864	0
chr19	38880070	38880269	0.014606	10	0.8457	0.83109	SIRT2	hg38_genes_promoters	0.1263129768220992	0.7762792023198639	0
chr19	38895026	38895574	0.053835	10	0.5736	0.51976	SIRT2	hg38_genes_promoters	0.0765658784900228	0.9441001463292947	0
chr19	40191656	40191716	-0.012548	10	0.0081	0.020648	MAP3K10	hg38_genes_promoters	0.0108415497697691	1.6034944192352365	0
chr19	40226804	40227064	-0.040044	10	0.1789	0.21894	CCNP	hg38_genes_promoters	0.1420957587360977	0.7370191501060732	0
chr19	37906670	37906714	-0.010238	15	0.0042667	0.014505	WDR87	hg38_genes_promoters	0.0029923055658897	2.0285110830797666	0
chr19	40236274	40236974	-0.01501	10	0.8708	0.88581	AKT2	hg38_genes_promoters	0.0149576431000784	1.4980402375758153	0
chr19	37855230	37855292	-0.026158	10	0.107	0.13316	WDR87BP	hg38_genes_promoters	0.0027995014294322	2.051499777052109	0
chr19	37817238	37817341	-0.018191	11	0.022909	0.0411	LOC105372394	hg38_genes_promoters	8.780556854375916e-08	5.708420621679282	-1
chr19	35544841	35544989	-0.013916	10	0.0504	0.064316	TMEM147	hg38_genes_promoters	0.0684454680141954	0.9814573764644094	0
chr19	35767572	35767855	0.018978	12	0.84192	0.82294	PROSER3	hg38_genes_promoters	0.1217129837132418	0.7892218762671789	0
chr19	35767945	35768118	0.031474	12	0.71267	0.68119	PROSER3	hg38_genes_promoters	0.0262212081696043	1.3055175311356804	0
chr19	35806761	35806930	0.027763	12	0.85333	0.82557	PRODH2	hg38_genes_promoters	0.0007184221893965	2.516293161134325	0
chr19	35869396	35869494	0.010363	10	0.0451	0.034737	APLP1	hg38_genes_promoters	0.0061021269421462	1.792648033421166	0
chr19	35869396	35869494	0.010363	10	0.0451	0.034737	LOC107985317	hg38_genes_promoters	0.0061021269421462	1.792648033421166	0
chr19	36152368	36152561	-0.057473	15	0.24347	0.30094	COX7A1	hg38_genes_promoters	3.95841964722913e-05	3.520197944625838	0
chr19	36246124	36246597	0.069989	22	0.51714	0.44715	ZNF565	hg38_genes_promoters	1.294132198564608e-05	3.9212736226933074	0
chr19	36309372	36309518	0.030546	21	0.74984	0.7193	LOC100134317	hg38_genes_promoters	0.0041343901688191	1.921023640053606	0
chr19	36772522	36772646	0.015182	10	0.0789	0.063718	LOC728485	hg38_genes_promoters	0.0787575859808087	0.9341343571667092	0
chr19	37312614	37312724	-0.012048	10	0.0103	0.022348	ZNF875	hg38_genes_promoters	0.0110627705823121	1.5965293256204303	0
chr19	37548701	37548832	-0.047411	10	0.5078	0.55521	ZNF571-AS1	hg38_genes_promoters	0.0018195025783585	2.1980199901672584	0
chr19	37551153	37551296	0.014382	10	0.0915	0.077118	ZNF540	hg38_genes_promoters	0.2731859510272587	0.5048416444856194	0
chr19	37551153	37551296	0.014382	10	0.0915	0.077118	ZNF571-AS1	hg38_genes_promoters	0.2731859510272587	0.5048416444856194	0
chr19	37817238	37817341	-0.018191	11	0.022909	0.0411	ZNF573	hg38_genes_promoters	8.780556854375916e-08	5.708420621679282	-1
chr19	37817238	37817341	-0.018191	11	0.022909	0.0411	LOC644554	hg38_genes_promoters	8.780556854375916e-08	5.708420621679282	-1
chr19	40237687	40238280	0.021928	18	0.84511	0.82318	AKT2	hg38_genes_promoters	5.9359023049318685e-05	3.3781733903505202	0
chr19	40365710	40366179	0.030622	17	0.25121	0.22058	PLD3	hg38_genes_promoters	0.2526406888423225	0.5335895761047715	0
chr19	40369470	40369985	-0.031204	12	0.81208	0.84329	PLD3	hg38_genes_promoters	0.0363627779238195	1.1950515605919378	0
chr19	41844855	41845128	0.033609	14	0.85286	0.81925	LYPD4	hg38_genes_promoters	3.198854779225665e-06	4.429613285301128	0
chr19	41844855	41845128	0.033609	14	0.85286	0.81925	DMRTC2	hg38_genes_promoters	3.198854779225665e-06	4.429613285301128	0
chr19	41904205	41904340	0.021754	12	0.86667	0.84491	ARHGEF1	hg38_genes_promoters	0.0003826201549775	2.7370661723878866	0
chr19	41994123	41994195	-0.011242	10	0.0073	0.018542	ATP1A3	hg38_genes_promoters	0.0010499472626316	2.3869866808325	0
chr19	42096125	42096277	0.017112	10	0.7972	0.78009	POU2F2	hg38_genes_promoters	0.0198491939875652	1.4007962804564027	0
chr19	42133968	42134866	0.014303	29	0.81528	0.80097	POU2F2-AS1	hg38_genes_promoters	0.0253964291167393	1.3170547096873357	0
chr19	42133968	42134866	0.014303	29	0.81528	0.80097	MIR4323	hg38_genes_promoters	0.0253964291167393	1.3170547096873357	0
chr19	42249897	42250340	0.026319	10	0.6868	0.66048	ERF	hg38_genes_promoters	0.3070809431288138	0.46443718443057574	0
chr19	42293472	42293796	0.019299	14	0.83914	0.81984	CIC	hg38_genes_promoters	0.0531331158054821	1.068281799056594	0
chr19	42306864	42307051	0.017763	18	0.8225	0.80474	PRR19	hg38_genes_promoters	0.0034741434439962	1.9787349381696941	0
chr19	42325403	42325517	-0.010195	10	0.0015	0.011695	MEGF8	hg38_genes_promoters	9.060823203056309e-08	5.698359318485754	-1
chr19	42408112	42408465	-0.015475	15	0.85693	0.87241	LIPE	hg38_genes_promoters	0.0324991594601285	1.231183444906458	0
chr19	42918945	42919434	0.030382	20	0.75725	0.72687	PSG6	hg38_genes_promoters	0.0035286777401632	1.974242785315152	0
chr19	43580088	43580475	0.043464	11	0.12236	0.0789	XRCC1	hg38_genes_promoters	0.0025714087968142	2.0803075661735244	0
chr19	43580088	43580475	0.043464	11	0.12236	0.0789	PINLYP	hg38_genes_promoters	0.0025714087968142	2.0803075661735244	0
chr19	41422172	41422273	0.024289	10	0.8535	0.82921	BCKDHA	hg38_genes_promoters	0.0031755431383394	2.0093857358617067	0
chr19	41414091	41414743	0.013953	16	0.83275	0.8188	BCKDHA	hg38_genes_promoters	0.1080410416325762	0.8298343705908174	0
chr19	41354548	41354785	-0.020475	12	0.77875	0.79922	TGFB1	hg38_genes_promoters	0.0805346618887778	0.9265862309448861	0
chr19	41353318	41353434	0.010638	10	0.0323	0.021662	TGFB1	hg38_genes_promoters	0.4850924960602611	0.2948017728937532	0
chr19	40369470	40369985	-0.031204	12	0.81208	0.84329	MIR6796	hg38_genes_promoters	0.0363627779238195	1.1950515605919378	0
chr19	40398638	40399097	0.049374	38	0.35313	0.30376	PRX	hg38_genes_promoters	0.0001897519049022	2.9758165278879996	0
chr19	40466907	40466975	0.010761	10	0.0219	0.011139	SPTBN4	hg38_genes_promoters	6.092888917227843e-06	4.193206214070547	0
chr19	40580247	40580449	-0.03643	10	0.2026	0.23903	SHKBP1	hg38_genes_promoters	0.0201316085486201	1.3959519425204023	0
chr19	40611058	40611378	-0.027178	16	0.74975	0.77693	LTBP4	hg38_genes_promoters	0.0008725092355926	2.4526991852850357	0
chr19	40627134	40627257	0.015574	10	0.8521	0.83653	LTBP4	hg38_genes_promoters	0.0461007066201881	1.114371889905	0
chr19	40691162	40691291	0.018506	10	0.050278	0.031772	NUMBL	hg38_genes_promoters	0.0336479882973507	1.219073971905062	0
chr19	43580705	43580876	0.109579	11	0.67355	0.56397	PINLYP	hg38_genes_promoters	6.851766201939171e-06	4.152536224783571	0
chr19	40718119	40718269	-0.035828	10	0.6564	0.69223	COQ8B	hg38_genes_promoters	0.0201822618456269	1.395182799976019	0
chr19	40775174	40775669	0.012883	10	0.8218	0.80892	MIA	hg38_genes_promoters	0.2522042846739001	0.5340284864681167	0
chr19	40801007	40801181	-0.022532	10	0.7711	0.79363	EGLN2	hg38_genes_promoters	0.0020810220605318	2.1546254603810366	0
chr19	40801007	40801181	-0.022532	10	0.7711	0.79363	CYP2G1P	hg38_genes_promoters	0.0020810220605318	2.1546254603810366	0
chr19	40806702	40806917	0.017351	10	0.2843	0.26695	EGLN2	hg38_genes_promoters	0.4996385866303282	0.28359956139221265	0
chr19	40811336	40811482	0.011578	12	0.052833	0.041255	CYP2T1P	hg38_genes_promoters	0.2373398024821641	0.5555782021415255	0
chr19	48741578	48741730	-0.01089	12	0.069417	0.080307	IZUMO1	hg38_genes_promoters	0.0118343044667469	1.5748227487510196	0
chr19	41353318	41353434	0.010638	10	0.0323	0.021662	TMEM91	hg38_genes_promoters	0.4850924960602611	0.2948017728937532	0
chr19	40756951	40757670	0.019545	14	0.84079	0.82124	SNRPA	hg38_genes_promoters	0.1805429328655429	0.6520985335395983	0
chr19	48745763	48745938	-0.040128	16	0.32181	0.36194	IZUMO1	hg38_genes_promoters	0.0044333911489873	1.8967471688795343	0
chr19	49464212	49464593	0.028226	24	0.86579	0.83757	ALDH16A1	hg38_genes_promoters	8.813038531490709e-08	5.708015066589966	1
chr19	48755597	48756027	0.041975	10	0.8064	0.76443	FGF21	hg38_genes_promoters	0.002057097786015	2.1583770746386315	0
chr19	55353956	55354060	0.010261	10	0.018854	0.0085934	COX6B2	hg38_genes_promoters	0.0928591250280595	0.8791250415483245	0
chr19	55493766	55493964	0.060222	17	0.50229	0.44207	SSC5D	hg38_genes_promoters	0.0004706478692559	2.6638241596771755	0
chr19	55536287	55536687	0.019696	12	0.86975	0.85005	SBK2	hg38_genes_promoters	0.0306107399163031	1.2517003818874182	0
chr19	55581134	55581608	-0.048029	10	0.2633	0.31133	ZNF579	hg38_genes_promoters	0.1858103254045844	0.641398996987978	0
chr19	55597734	55597940	-0.012365	14	0.8135	0.82587	FIZ1	hg38_genes_promoters	0.1428670709764051	0.7350843811316893	0
chr19	55602746	55602918	-0.015996	13	0.83085	0.84684	FIZ1	hg38_genes_promoters	0.0030161345945543	2.026411913047302	0
chr19	55624576	55625205	0.027629	29	0.077068	0.049438	ZNF784	hg38_genes_promoters	0.6246859336362034	0.19569395916906251	0
chr19	55634923	55635058	-0.01024	14	0.00048352	0.010723	ZNF581	hg38_genes_promoters	9.370468412588217e-13	10.170690832111717	-1
chr19	55634923	55635058	-0.01024	14	0.00048352	0.010723	LOC107983998	hg38_genes_promoters	9.370468412588217e-13	10.170690832111717	-1
chr19	55639989	55640218	0.031375	10	0.2654	0.23403	CCDC106	hg38_genes_promoters	0.1451105889389404	0.7296329378031177	0
chr19	55639989	55640218	0.031375	10	0.2654	0.23403	ZNF581	hg38_genes_promoters	0.1451105889389404	0.7296329378031177	0
chr19	55639989	55640218	0.031375	10	0.2654	0.23403	ZNF580	hg38_genes_promoters	0.1451105889389404	0.7296329378031177	0
chr19	55640414	55640555	0.022023	10	0.3755	0.35348	ZNF580	hg38_genes_promoters	0.5619542612287642	0.23735036566252715	0
chr19	55640414	55640555	0.022023	10	0.3755	0.35348	ZNF581	hg38_genes_promoters	0.5619542612287642	0.23735036566252715	0
chr19	55640414	55640555	0.022023	10	0.3755	0.35348	CCDC106	hg38_genes_promoters	0.5619542612287642	0.23735036566252715	0
chr19	55345014	55345242	0.027632	10	0.872	0.84437	KMT5C	hg38_genes_promoters	0.0001319556151584	3.098937642070672	0
chr19	55657772	55658486	0.042448	11	0.53718	0.49473	U2AF2	hg38_genes_promoters	0.2246053986257692	0.5742589608601979	0
chr19	55341977	55342110	0.023984	10	0.8403	0.81632	KMT5C	hg38_genes_promoters	0.0057841592731357	1.8108569802588994	0
chr19	55162061	55162210	-0.032632	15	0.30133	0.33396	DNAAF3	hg38_genes_promoters	0.0197771303151156	1.4019446058197398	0
chr19	53255104	53255352	-0.01199	14	0.085429	0.097418	ZNF677	hg38_genes_promoters	0.3214986387067871	0.44842490921268285	0
chr19	53538187	53538292	0.05638	14	0.52379	0.46741	ZNF331	hg38_genes_promoters	4.507214540508445e-11	8.624017310576335	1
chr19	53553955	53554369	0.048886	29	0.51048	0.4616	ZNF331	hg38_genes_promoters	2.9616206493595303e-20	17.08410267889982	1
chr19	53787939	53788068	0.043494	10	0.853	0.80951	MIR373	hg38_genes_promoters	3.123242876074743e-05	3.6068025364162	0
chr19	53787939	53788068	0.043494	10	0.853	0.80951	MIR371B	hg38_genes_promoters	3.123242876074743e-05	3.6068025364162	0
chr19	53809600	53809852	0.041558	16	0.78406	0.7425	NLRP12	hg38_genes_promoters	0.0004865915745951	2.651828881639671	0
chr19	53908623	53908685	-0.011353	10	0.054	0.065353	CACNG7	hg38_genes_promoters	0.0660119147063862	0.9929430675946377	0
chr19	53992072	53992602	0.025486	12	0.632	0.60651	CACNG6	hg38_genes_promoters	0.3112099799851887	0.45961913027341217	0
chr19	55084493	55084955	0.016518	10	0.837	0.82048	EPS8L1	hg38_genes_promoters	0.0233551102733356	1.3454046329980855	0
chr19	55097229	55097346	0.02258	10	0.8774	0.85482	PPP1R12C	hg38_genes_promoters	0.0090265129237889	1.6643966449035874	0
chr19	55157603	55157804	-0.039113	10	0.5369	0.57601	TNNI3	hg38_genes_promoters	0.0638050322800345	1.0053002509038733	0
chr19	55161287	55161432	0.049002	13	0.25177	0.20277	TNNI3	hg38_genes_promoters	0.0544742622107235	1.0603802878937014	0
chr19	55161287	55161432	0.049002	13	0.25177	0.20277	DNAAF3	hg38_genes_promoters	0.0544742622107235	1.0603802878937014	0
chr19	55302832	55303034	0.010011	14	0.84621	0.8362	BRSK1	hg38_genes_promoters	0.388915044646936	0.3787611989714786	0
chr19	53132864	53132976	-0.019081	12	0.0066667	0.025747	ZNF415	hg38_genes_promoters	6.365092488130326e-09	6.692549913073096	-1
chr19	55659140	55659275	0.015704	14	0.85593	0.84022	U2AF2	hg38_genes_promoters	0.0221842464180647	1.3638956463420855	0
chr19	55836105	55836412	-0.038588	10	0.8326	0.87119	NLRP4	hg38_genes_promoters	0.000216199223926	2.9295211308216147	0
chr19	57935180	57935240	-0.021101	12	0.025083	0.046184	ZNF418	hg38_genes_promoters	0.0004624839224915	2.670181710039368	0
chr19	58033747	58033862	-0.011037	17	0.026176	0.037214	ZSCAN1	hg38_genes_promoters	0.0012603969342706	2.323343439607652	0
chr19	58059025	58059100	-0.011646	11	0.041273	0.052919	ZNF135	hg38_genes_promoters	0.0834888416668883	0.9144093332809887	0
chr19	58118319	58118377	-0.021899	10	0.1044	0.1263	ZSCAN18	hg38_genes_promoters	0.0808270970135972	0.9254076580680228	0
chr19	58182082	58182798	0.021551	10	0.1918	0.17025	ZNF274	hg38_genes_promoters	0.3396328837533908	0.42904318074964015	0
chr19	58347505	58347655	0.018812	20	0.0585	0.039688	A1BG-AS1	hg38_genes_promoters	0.0001932468478742	2.9690883081243475	0
chr19	58347505	58347655	0.018812	20	0.0585	0.039688	A1BG	hg38_genes_promoters	0.0001932468478742	2.9690883081243475	0
chr19	58351359	58351436	-0.030963	10	0.7953	0.82626	A1BG-AS1	hg38_genes_promoters	0.0035099990994065	1.9755754766113884	0
chr19	58352476	58353344	-0.016393	22	0.81609	0.83248	A1BG	hg38_genes_promoters	0.1311900380562501	0.7633601365082635	0
chr19	58356353	58356585	-0.016077	30	0.068133	0.084211	A1BG	hg38_genes_promoters	0.0177092607359832	1.4394262286668873	0
chr19	58393044	58393182	0.015146	10	0.8727	0.85755	MIR10394	hg38_genes_promoters	0.0916585430818843	0.883647339373249	0
chr19	58440803	58440939	-0.07763	10	0.3104	0.38803	ZNF132	hg38_genes_promoters	0.0015947909217592	2.2427128737655715	0
chr19	58556080	58556217	-0.038757	10	0.7585	0.79726	CHMP2A	hg38_genes_promoters	0.0054244318953256	1.8330961136084374	0
chr19	58558477	58558562	0.027374	16	0.063288	0.035914	MZF1-AS1	hg38_genes_promoters	0.0013922440541948	2.287377167659994	0
chr19	35500551	35500679	0.030221	10	0.8378	0.80758	DMKN	hg38_genes_promoters	0.000667041338868	2.5404582328656784	0
chr19	57830188	57830404	0.053544	12	0.54517	0.49162	ZNF587B	hg38_genes_promoters	0.0107113037890297	1.6074598180655666	0
chr19	55674949	55675035	0.013018	13	0.038201	0.025182	EPN1	hg38_genes_promoters	4.404028251201555e-06	4.308522311509132	0
chr19	57583653	57583754	-0.013679	10	0.0799	0.093579	ZIK1	hg38_genes_promoters	0.1063132390858064	0.8341736597009297	0
chr19	57560103	57560399	0.066441	16	0.31213	0.24568	ZNF550	hg38_genes_promoters	0.0004125126944882	2.711046802117228	0
chr19	56104259	56104402	-0.037608	10	0.7653	0.80291	ZNF787	hg38_genes_promoters	0.0032918584394679	1.9972323498012476	0
chr19	56174854	56175043	0.027075	10	0.806	0.77892	GALP	hg38_genes_promoters	0.0264989780561072	1.3021584684539078	0
chr19	56177014	56177193	0.014867	12	0.80942	0.79455	GALP	hg38_genes_promoters	0.2299055272251647	0.5666459642028272	0
chr19	56197775	56197859	0.014421	10	0.817	0.80258	ZSCAN5B	hg38_genes_promoters	0.1939797018906982	0.6262045857140551	0
chr19	56368113	56368190	-0.011984	10	0.0017	0.013684	ZNF542P	hg38_genes_promoters	3.7403502244477056e-11	8.684674697352335	-1
chr19	56478124	56478239	-0.015377	12	0.003	0.018377	ZNF667	hg38_genes_promoters	6.528742847290385e-14	11.202683833476835	-1
chr19	56478124	56478239	-0.015377	12	0.003	0.018377	ZNF667-AS1	hg38_genes_promoters	6.528742847290385e-14	11.202683833476835	-1
chr19	56507646	56507730	-0.015662	12	0.0059167	0.021579	ZNF471	hg38_genes_promoters	7.988410273549663e-10	7.489626825341936	-1
chr19	56539028	56539065	-0.015206	10	0.0101	0.025306	ZFP28	hg38_genes_promoters	4.3061779243085954e-10	7.723959963264891	-1
chr19	56539028	56539065	-0.015206	10	0.0101	0.025306	ZFP28-DT	hg38_genes_promoters	4.3061779243085954e-10	7.723959963264891	-1
chr19	56670818	56671145	-0.052769	10	0.7022	0.75497	ZIM2-AS1	hg38_genes_promoters	0.0627496731076953	1.0110409653378087	0
chr19	56840422	56840543	0.050283	13	0.50385	0.45356	MIMT1	hg38_genes_promoters	1.109891715183662e-14	11.847294050308374	1
chr19	57119746	57119929	0.011168	10	0.8338	0.82263	USP29	hg38_genes_promoters	0.1374169600291133	0.7483711793316374	0
chr19	57230868	57231150	0.056882	20	0.78225	0.72537	AURKC	hg38_genes_promoters	1.6723852044105112e-08	6.329290281525784	1
chr19	57231832	57232109	0.011716	10	0.6379	0.62618	AURKC	hg38_genes_promoters	0.4963245904710011	0.2859286355836539	0
chr19	57578175	57578517	0.012379	10	0.1397	0.12732	ZIK1	hg38_genes_promoters	0.0072354752761133	1.7366036852196867	0
chr19	53037923	53038105	-0.015654	12	0.053417	0.069071	ZNF702P	hg38_genes_promoters	0.0622003043842169	1.0141903612191994	0
chr19	53037758	53037912	-0.030189	13	0.084923	0.11511	ZNF702P	hg38_genes_promoters	0.0008258652995331	2.4704789506923315	0
chr19	52810529	52810691	-0.022105	12	0.8645	0.88661	ZNF28	hg38_genes_promoters	4.938081895519869e-05	3.4422513346957238	0
chr19	49461938	49462030	0.038116	15	0.89247	0.85435	FLT3LG	hg38_genes_promoters	5.198583738184737e-13	10.394382405828404	1
chr19	49490539	49490649	-0.011647	10	0.8153	0.82695	SNORD35A	hg38_genes_promoters	0.3235836838656455	0.4460345937326353	0
chr19	49490539	49490649	-0.011647	10	0.8153	0.82695	SNORD34	hg38_genes_promoters	0.3235836838656455	0.4460345937326353	0
chr19	49490539	49490649	-0.011647	10	0.8153	0.82695	RPL13A	hg38_genes_promoters	0.3235836838656455	0.4460345937326353	0
chr19	49490539	49490649	-0.011647	10	0.8153	0.82695	SNORD33	hg38_genes_promoters	0.3235836838656455	0.4460345937326353	0
chr19	49528096	49528254	0.018291	10	0.2505	0.23221	RCN3	hg38_genes_promoters	0.524003110035008	0.2646564977849197	0
chr19	49580698	49581147	-0.028593	10	0.3035	0.33209	PRRG2	hg38_genes_promoters	0.5772510528926134	0.22679435408575577	0
chr19	49580698	49581147	-0.028593	10	0.3035	0.33209	NOSIP	hg38_genes_promoters	0.5772510528926134	0.22679435408575577	0
chr19	49590792	49590892	-0.010237	12	0.0028333	0.01307	PRR12	hg38_genes_promoters	4.815512253843717e-05	3.4511939582437194	0
chr19	49590792	49590892	-0.010237	12	0.0028333	0.01307	NOSIP	hg38_genes_promoters	4.815512253843717e-05	3.4511939582437194	0
chr19	49684023	49684154	0.023347	10	0.8654	0.84205	PRMT1	hg38_genes_promoters	0.0016122952927543	2.2387434361462923	0
chr19	49701277	49701745	0.0904	39	0.50838	0.41798	CPT1C	hg38_genes_promoters	1.341026985436937e-12	10.030254582454699	1
chr19	49799953	49800099	0.023142	13	0.86954	0.8464	AP2A1	hg38_genes_promoters	6.602273167206133e-05	3.340239171703488	0
chr19	49808812	49809746	0.042834	59	0.073493	0.030659	FUZ	hg38_genes_promoters	5.761852334624771e-26	22.44661533882508	1
chr19	49808812	49809746	0.042834	59	0.073493	0.030659	LOC105372435	hg38_genes_promoters	5.761852334624771e-26	22.44661533882508	1
chr19	49447315	49447424	0.027258	10	0.8611	0.83384	PIH1D1	hg38_genes_promoters	0.008132043131481	1.6975821896962873	0
chr19	49852172	49852355	0.018947	10	0.21	0.19105	PTOV1-AS1	hg38_genes_promoters	0.2604489897768812	0.5227497490329518	0
chr19	49407599	49407700	0.016795	10	0.8329	0.81611	KASH5	hg38_genes_promoters	0.1376610799836234	0.7478640710632692	0
chr19	49387951	49388391	-0.094123	42	0.4376	0.53172	LOC101928295	hg38_genes_promoters	5.157838555834739e-13	10.394382405828404	-1
chr19	48755597	48756027	0.041975	10	0.8064	0.76443	FUT1	hg38_genes_promoters	0.002057097786015	2.1583770746386315	0
chr19	48756194	48756375	0.019933	10	0.8412	0.82127	FUT1	hg38_genes_promoters	0.00254916191954	2.082861584886419	0
chr19	48837375	48837603	0.010806	15	0.060933	0.050128	HSD17B14	hg38_genes_promoters	0.0095445234451948	1.645469412776394	0
chr19	48838839	48838953	-0.042868	10	0.5227	0.56557	PLEKHA4	hg38_genes_promoters	0.0827267688841534	0.9173696810042278	0
chr19	48868891	48869351	0.019433	10	0.7598	0.74037	PLEKHA4	hg38_genes_promoters	0.1234354549180092	0.7839083359750291	0
chr19	48882030	48882172	0.030091	10	0.6037	0.57361	TULP2	hg38_genes_promoters	0.2993898363304427	0.47378213741672937	0
chr19	48918534	48918820	0.012089	10	0.8843	0.87221	NUCB1	hg38_genes_promoters	0.1686199928264818	0.6768935731861812	0
chr19	48964155	48964608	-0.012424	15	0.048933	0.061357	FTL	hg38_genes_promoters	0.2728428638571494	0.5051856426978594	0
chr19	49014549	49014685	-0.01118	10	0.8519	0.86308	RUVBL2	hg38_genes_promoters	0.0388486257144411	1.1727100984728493	0
chr19	49031699	49031784	0.07849	10	0.3028	0.22431	CGB2	hg38_genes_promoters	9.007422560971436e-05	3.232055258547396	0
chr19	49048835	49049177	0.031317	16	0.75819	0.72687	CGB8	hg38_genes_promoters	0.0080915581871727	1.6992181293305115	0
chr19	49125336	49125555	0.033152	13	0.68038	0.64723	PPFIA3	hg38_genes_promoters	0.1096016244764997	0.8247840901618464	0
chr19	49155064	49155291	-0.036542	10	0.6143	0.65084	HRC	hg38_genes_promoters	0.071750367495177	0.965429929249773	0
chr19	49210672	49210816	0.05261	12	0.50883	0.45622	TRPM4	hg38_genes_promoters	0.004311183735759	1.9065704438665827	0
chr19	49325035	49325202	0.011147	10	0.8662	0.85505	SLC6A16	hg38_genes_promoters	0.142329622493352	0.7363743718095362	0
chr19	49387951	49388391	-0.094123	42	0.4376	0.53172	KASH5	hg38_genes_promoters	5.157838555834739e-13	10.394382405828404	-1
chr19	49854631	49854848	0.030604	11	0.85209	0.82149	PTOV1	hg38_genes_promoters	0.0025443437843199	2.0835086949317447	0
chr19	49861757	49861812	0.042053	10	0.883	0.84095	PNKP	hg38_genes_promoters	1.5716940485155596e-08	6.354747998551803	1
chr19	49862102	49862268	0.017163	10	0.8509	0.83374	PNKP	hg38_genes_promoters	0.0214528990419959	1.3749554736009084	0
chr19	51017548	51017614	-0.017963	10	0.0413	0.059263	KLK10	hg38_genes_promoters	0.0007531723265013	2.5000931392562156	0
chr19	51024616	51024756	0.040693	10	0.7607	0.72001	KLK11	hg38_genes_promoters	0.0230003608151925	1.3510544105056161	0
chr19	51225122	51225451	-0.017975	10	0.1284	0.14638	CD33	hg38_genes_promoters	0.0044267618953365	1.8972430233586772	0
chr19	51390549	51390784	-0.049801	14	0.14029	0.19009	C19orf84	hg38_genes_promoters	1.5958654337410385e-07	5.495542888537795	-1
chr19	51630432	51630584	-0.01072	10	0.0399	0.05062	SIGLEC5	hg38_genes_promoters	0.508355850291532	0.27676007600762426	0
chr19	51646891	51647381	0.017916	10	0.2396	0.22168	SIGLEC14	hg38_genes_promoters	0.3822692685221567	0.38523056066757666	0
chr19	51646891	51647381	0.017916	10	0.2396	0.22168	SIGLEC5	hg38_genes_promoters	0.3822692685221567	0.38523056066757666	0
chr19	51688041	51688367	-0.037064	10	0.2148	0.25186	SPACA6	hg38_genes_promoters	0.0566955454812581	1.0459761296171217	0
chr19	51702735	51703005	-0.012768	10	0.1026	0.11537	SPACA6	hg38_genes_promoters	0.2051421038013956	0.6064755698509117	0
chr19	51703324	51703491	-0.017902	15	0.040333	0.058236	SPACA6	hg38_genes_promoters	0.0058560386233353	1.8060683252004701	0
chr19	51719369	51719431	-0.011958	10	0.0242	0.036158	HAS1	hg38_genes_promoters	0.00600329860413	1.7981461171126258	0
chr19	51887593	51887716	0.020947	10	0.198	0.17705	ZNF649-AS1	hg38_genes_promoters	0.0210868219810259	1.3810524583027528	0
chr19	51949143	51949225	0.040663	10	0.1494	0.10874	ZNF350-AS1	hg38_genes_promoters	0.0053162013704442	1.8396573850957076	0
chr19	52492687	52492781	0.05199	12	0.327	0.27501	ZNF578	hg38_genes_promoters	0.0286615299765783	1.275122300710171	0
chr19	52569846	52570061	-0.012963	10	0.0159	0.028863	ZNF701	hg38_genes_promoters	0.306324093710804	0.4652892886051318	0
chr19	51002677	51002865	-0.039353	10	0.4087	0.44805	KLK8	hg38_genes_promoters	0.0653713348398707	0.9965974921334118	0
chr19	50969608	50969744	0.024037	10	0.7713	0.74726	KLK6	hg38_genes_promoters	0.0050281078233448	1.8571027045358546	0
chr19	50968484	50968691	-0.049077	12	0.43908	0.48816	KLK6	hg38_genes_promoters	0.048823097329148	1.0958671410677772	0
chr19	50870521	50870628	-0.045454	10	0.5331	0.57855	KLK2	hg38_genes_promoters	0.0377677560581321	1.1820689575882426	0
chr19	49862511	49862606	0.027474	11	0.86436	0.83689	PNKP	hg38_genes_promoters	0.0004900737282722	2.6494712696488527	0
chr19	49888103	49888239	0.051589	10	0.8048	0.75321	MIR4750	hg38_genes_promoters	3.4766120508714734e-05	3.566598418000678	0
chr19	49897401	49897641	0.012086	10	0.0542	0.042114	IL4I1	hg38_genes_promoters	0.9899481606636176	0.004118317203696242	0
chr19	50205447	50205513	-0.0115	10	0.0245	0.036	MYH14	hg38_genes_promoters	0.0026522974483591	2.070149872374469	0
chr19	50378303	50378466	0.019672	13	0.85623	0.83656	NR1H2	hg38_genes_promoters	0.0045088348175695	1.8917228485905702	0
chr19	50383626	50383827	0.022705	10	0.3226	0.29989	POLD1	hg38_genes_promoters	0.1360855087249375	0.751603725460495	0
chr19	48746580	48746795	0.029626	10	0.3916	0.36197	IZUMO1	hg38_genes_promoters	0.2394060729878261	0.5522551323003886	0
chr19	50402477	50402704	0.01854	12	0.87733	0.85879	POLD1	hg38_genes_promoters	0.0538388200846776	1.0641380518954093	0
chr19	50666822	50666965	-0.023474	10	0.316	0.33947	SHANK1	hg38_genes_promoters	0.3601885281727424	0.4066396444677426	0
chr19	50716934	50717040	0.013153	10	0.7821	0.76895	SHANK1	hg38_genes_promoters	0.0870889360820674	0.9005275228559896	0
chr19	50722590	50723200	-0.023151	16	0.41613	0.43928	CLEC11A	hg38_genes_promoters	0.2408425029120141	0.5501804270878891	0
chr19	50723246	50723646	-0.016766	10	0.1115	0.12827	CLEC11A	hg38_genes_promoters	0.2200991160372323	0.5814371989310514	0
chr19	50789698	50790182	0.017732	10	0.7761	0.75837	ACP4	hg38_genes_promoters	0.2834589966876706	0.4918868208349344	0
chr19	50854086	50854966	-0.030041	10	0.698	0.72804	KLK3	hg38_genes_promoters	0.1069599457221705	0.832280953043652	0
chr19	50418090	50418395	0.027463	10	0.7562	0.72874	SPIB	hg38_genes_promoters	0.0946767496371702	0.873246419534746	0
chr19	35496015	35496327	-0.050369	10	0.5319	0.58227	KRTDAP	hg38_genes_promoters	0.0090727706411571	1.6627372947575711	0
chr19	35935885	35936108	-0.03233	10	0.1803	0.21263	LRFN3	hg38_genes_promoters	0.0677671272767041	0.9848489571851204	0
chr19	35309646	35309875	-0.119487	12	0.57275	0.69224	MAG	hg38_genes_promoters	1.9928792721209044e-06	4.586698151607273	0
chr19	5293647	5293835	0.010967	10	0.0194	0.008433	PTPRS	hg38_genes_promoters	7.593906005288335e-05	3.2919501392150017	0
chr19	5593956	5594047	0.016398	16	0.83219	0.81579	SAFB2	hg38_genes_promoters	0.0135691466855461	1.5294697854620403	0
chr19	5694707	5694832	0.037484	10	0.8488	0.81132	LONP1	hg38_genes_promoters	1.0424556413569743e-06	4.827992957736772	0
chr19	5785437	5785560	0.025658	12	0.84333	0.81768	PRR22	hg38_genes_promoters	0.0017719048887336	2.206710322754509	0
chr19	5978299	5978397	-0.010882	10	0.002	0.012882	RANBP3-DT	hg38_genes_promoters	2.7565525944497184e-05	3.6498170758119994	0
chr19	5978299	5978397	-0.010882	10	0.002	0.012882	RANBP3	hg38_genes_promoters	2.7565525944497184e-05	3.6498170758119994	0
chr19	6364560	6364718	-0.016892	12	0.83008	0.84698	CLPP	hg38_genes_promoters	0.023515678697205	1.3436758168190315	0
chr19	6476809	6476940	0.030602	14	0.79264	0.76204	DENND1C	hg38_genes_promoters	0.0001163476235644	3.141753889904408	0
chr19	6686014	6686410	-0.024804	10	0.7902	0.815	C3	hg38_genes_promoters	0.0946535185318877	0.8732768647815919	0
chr19	6693075	6693441	-0.019101	12	0.80792	0.82702	C3	hg38_genes_promoters	0.0398370970821424	1.1638413799893688	0
chr19	6693794	6694271	0.031196	11	0.76279	0.7316	C3	hg38_genes_promoters	0.0163601591753681	1.4656177140804159	0
chr19	6710700	6711064	-0.034404	22	0.18341	0.21781	C3	hg38_genes_promoters	0.0005578028938709	2.6051511515073185	0
chr19	6733577	6733823	0.023918	12	0.85725	0.83333	GPR108	hg38_genes_promoters	0.0312670888803179	1.2451381997624655	0
chr19	6740705	6740841	0.020973	10	0.0449	0.023927	TRIP10	hg38_genes_promoters	2.54569432121947e-07	5.33186644616237	1
chr19	6746209	6746497	0.030932	10	0.7863	0.75537	TRIP10	hg38_genes_promoters	0.0013228852414959	2.3071698397856086	0
chr19	4909166	4909328	0.02307	12	0.19373	0.17066	UHRF1	hg38_genes_promoters	0.297822874281638	0.4754116400973051	0
chr19	6886408	6887562	-0.017289	10	0.4139	0.43119	ADGRE1	hg38_genes_promoters	0.5641712812750199	0.23586213632370684	0
chr19	4689548	4689647	0.014684	10	0.889	0.87432	DPP9	hg38_genes_promoters	0.0492949715369939	1.0929339080107647	0
chr19	4519017	4519247	0.017898	10	0.8248	0.8069	PLIN4	hg38_genes_promoters	0.0469250501674597	1.1098265662407407	0
chr19	3700616	3700888	-0.015669	10	0.088233	0.1039	PIP5K1C	hg38_genes_promoters	0.4858083174869094	0.2942176646539769	0
chr19	3746464	3746585	0.016963	10	0.7537	0.73674	TJP3	hg38_genes_promoters	0.3077611197962951	0.4636177019613302	0
chr19	3754183	3754305	-0.013953	10	0.8026	0.81655	APBA3	hg38_genes_promoters	0.2268981140473369	0.570805353600107	0
chr19	3936597	3936878	-0.026076	10	0.7672	0.79328	NMRK2	hg38_genes_promoters	0.0215155973287033	1.3742168439956366	0
chr19	3982931	3983040	0.014884	10	0.8322	0.81732	SNORD37	hg38_genes_promoters	0.0688440705807341	0.9797253735053912	0
chr19	3982931	3983040	0.014884	10	0.8322	0.81732	EEF2	hg38_genes_promoters	0.0688440705807341	0.9797253735053912	0
chr19	4100734	4101034	0.037714	10	0.8464	0.80869	MAP2K2	hg38_genes_promoters	8.686013394234172e-05	3.2443187271697767	0
chr19	4102339	4102531	0.041147	15	0.89287	0.85172	MAP2K2	hg38_genes_promoters	1.4439499911525113e-07	5.530279053671087	1
chr19	4124005	4124101	0.014272	14	0.063357	0.049085	MAP2K2	hg38_genes_promoters	0.0018462836892643	2.1931928363811326	0
chr19	4322998	4323089	-0.037413	13	0.77008	0.80749	FSD1	hg38_genes_promoters	0.0016838732291899	2.225050003308447	0
chr19	4328700	4328754	-0.012203	10	0.0285	0.040703	STAP2	hg38_genes_promoters	0.675546533637663	0.1641644272360018	0
chr19	4329423	4329629	0.061729	10	0.5484	0.48667	STAP2	hg38_genes_promoters	0.0178906509103758	1.4359939496031144	0
chr19	4391595	4391987	-0.021833	12	0.7215	0.74333	SH3GL1	hg38_genes_promoters	0.2423280018296586	0.5479941921235313	0
chr19	4446395	4446580	0.033211	16	0.844	0.81079	CHAF1A	hg38_genes_promoters	3.7805336374694473e-06	4.368160997525856	0
chr19	4518464	4518703	-0.021358	10	0.5408	0.56216	PLIN4	hg38_genes_promoters	0.4789390686361957	0.29910602711212714	0
chr19	4688847	4688958	0.032585	10	0.8976	0.86502	DPP9	hg38_genes_promoters	1.7220097169121122e-05	3.8215427101834343	0
chr19	3600361	3600481	0.019075	14	0.83757	0.8185	TBXA2R	hg38_genes_promoters	0.0375097153632832	1.1846505940923393	0
chr19	7006063	7006379	-0.016026	10	0.8315	0.84753	FLJ25758	hg38_genes_promoters	0.0315599780812601	1.2414803876585339	0
chr19	7439625	7440051	-0.01487	13	0.841	0.85587	ARHGEF18	hg38_genes_promoters	0.0023336257514984	2.1140143153645643	0
chr19	8335435	8335518	0.016211	16	0.033875	0.017664	KANK3	hg38_genes_promoters	1.504193262695352e-07	5.520156524409158	1
chr19	8363191	8363378	0.035682	10	0.343	0.30732	ANGPTL4	hg38_genes_promoters	0.249330773210314	0.538380538297434	0
chr19	8485687	8485860	0.021483	17	0.85359	0.83211	HNRNPM	hg38_genes_promoters	0.0030884039166495	2.019307743548843	0
chr19	8526589	8526758	0.060479	19	0.73842	0.67794	MYO1F	hg38_genes_promoters	5.0781416708670615e-11	8.575050018567099	1
chr19	8530437	8530551	-0.018491	12	0.8355	0.85399	MYO1F	hg38_genes_promoters	0.0214192659568844	1.3755310440459894	0
chr19	8550156	8550342	0.043635	14	0.85843	0.81479	MYO1F	hg38_genes_promoters	5.801608164021114e-09	6.727625725576412	1
chr19	8611514	8611666	0.036927	10	0.3017	0.26477	ADAMTS10	hg38_genes_promoters	0.1732215236931577	0.6674787929990644	0
chr19	9323593	9323987	-0.017041	11	0.010182	0.027222	ZNF559-ZNF177	hg38_genes_promoters	0.0003802821028804	2.738954215119054	0
chr19	9323593	9323987	-0.017041	11	0.010182	0.027222	ZNF559	hg38_genes_promoters	0.0003802821028804	2.738954215119054	0
chr19	9363019	9363221	-0.015274	14	0.027357	0.042632	ZNF177	hg38_genes_promoters	2.582422952287733e-06	4.507929257608123	0
chr19	9406839	9407055	-0.017802	13	0.047462	0.065263	LOC112268250	hg38_genes_promoters	0.0037624488278002	1.9520129609528856	0
chr19	9674674	9675297	-0.014736	36	0.007731	0.022467	ZNF562	hg38_genes_promoters	0.3395629530358488	0.429073592152066	0
chr19	9838466	9838659	0.012927	13	0.859	0.84607	PIN1	hg38_genes_promoters	0.0747131086820372	0.952066445113015	0
chr19	10138478	10138602	0.035671	10	0.8786	0.84293	DNMT1	hg38_genes_promoters	0.0001141891733992	3.14688742909056	0
chr19	10305442	10305876	-0.010923	10	0.157	0.16792	ZGLP1	hg38_genes_promoters	0.4246603271760407	0.3454914118699096	0
chr19	7934344	7934486	-0.033221	10	0.8212	0.85442	TIMM44	hg38_genes_promoters	0.0139011154789463	1.522691440056852	0
chr19	7348549	7348951	0.037829	10	0.2358	0.19797	ARHGEF18	hg38_genes_promoters	0.0771890977683306	0.9412770454876503	0
chr19	7931725	7931898	0.032406	10	0.8558	0.82339	TIMM44	hg38_genes_promoters	0.0001358293160123	3.088962881051114	0
chr19	7910343	7910462	0.025832	10	0.8612	0.83537	MAP2K7	hg38_genes_promoters	0.0002775878152337	2.846604035651259	0
chr19	7483725	7483974	-0.014084	10	0.6726	0.68668	PEX11G	hg38_genes_promoters	0.2702454771487274	0.5089249386616337	0
chr19	7515311	7515622	-0.018433	10	0.8049	0.82333	ZNF358	hg38_genes_promoters	0.0368616273425234	1.1903605315996857	0
chr19	7550645	7550862	0.027505	10	0.8594	0.83189	PNPLA6	hg38_genes_promoters	0.0009172117734916	2.4356856515861507	0
chr19	7554981	7555122	0.032911	14	0.84286	0.80995	PNPLA6	hg38_genes_promoters	3.418129611119992e-08	6.054989921415332	1
chr19	7613713	7614036	-0.010198	10	0.8281	0.8383	CAMSAP3	hg38_genes_promoters	0.3640277495695401	0.4030884333576683	0
chr19	7615473	7615583	-0.023163	10	0.7931	0.81626	CAMSAP3	hg38_genes_promoters	0.004053139293745	1.9276086669002017	0
chr19	7616598	7616736	0.021426	10	0.8239	0.80247	MIR6792	hg38_genes_promoters	0.0677971485656863	0.9848210787762305	0
chr19	7622406	7622682	-0.015857	18	0.83989	0.85575	XAB2	hg38_genes_promoters	0.0009467078943566	2.4245141497686657	0
chr19	7632734	7633101	0.023558	20	0.8644	0.84084	PCP2	hg38_genes_promoters	0.0006401269033197	2.555077760114985	0
chr19	7644550	7644746	-0.011652	16	0.85056	0.86221	STXBP2	hg38_genes_promoters	0.1757435615041105	0.6619356757450274	0
chr19	7702064	7702419	-0.022642	10	0.7082	0.73084	FCER2	hg38_genes_promoters	0.0956509892171659	0.8705090348202877	0
chr19	7847867	7847974	-0.017268	10	0.7991	0.81637	EVI5L	hg38_genes_promoters	0.1358331963130355	0.7521993912134441	0
chr19	7848987	7849081	0.021853	10	0.8568	0.83495	EVI5L	hg38_genes_promoters	0.0024337657346483	2.0993004935065263	0
chr19	7850181	7850716	0.019989	16	0.76194	0.74195	EVI5L	hg38_genes_promoters	0.009706758529517	1.6408204602695171	0
chr19	7858063	7858273	0.037196	13	0.72585	0.68865	EVI5L	hg38_genes_promoters	0.0020281665196705	2.16270745827207	0
chr19	7926939	7927087	0.026911	10	0.8507	0.82379	CTXN1	hg38_genes_promoters	0.0006356011302793	2.5574558683772333	0
chr19	3576544	3576721	0.054121	10	0.7117	0.65758	HMG20B	hg38_genes_promoters	0.003983322011447	1.9327949056913922	0
chr19	3531940	3532038	0.01586	12	0.842	0.82614	FZR1	hg38_genes_promoters	0.0445737612004163	1.1248188388100684	0
chr19	3531472	3531647	0.010607	13	0.878	0.86739	FZR1	hg38_genes_promoters	0.2275626499451353	0.5699811775478382	0
chr19	1073548	1073739	-0.036691	10	0.7386	0.77529	ARHGAP45	hg38_genes_promoters	0.005153993512401	1.8492898289856483	0
chr19	1081074	1081258	-0.030965	12	0.81	0.84096	ARHGAP45	hg38_genes_promoters	0.0353401236354894	1.2037403667747373	0
chr19	1082916	1082990	-0.014905	10	0.8342	0.84911	ARHGAP45	hg38_genes_promoters	0.1010262634930324	0.8523775442386455	0
chr19	1090883	1091122	0.035947	16	0.83006	0.79411	POLR2E	hg38_genes_promoters	0.0004596181273498	2.6718851121922587	0
chr19	1170078	1170208	0.025421	13	0.86623	0.84081	SBNO2	hg38_genes_promoters	0.0009431721671774	2.4257110847880132	0
chr19	1177445	1177644	-0.018804	12	0.24383	0.26264	STK11	hg38_genes_promoters	0.3735702722708113	0.3933677008724832	0
chr19	1238238	1238399	0.012427	10	0.12041	0.10798	CBARP	hg38_genes_promoters	0.1935236418964985	0.6268329269960206	0
chr19	1268499	1268614	0.015434	10	0.70925	0.69382	CIRBP	hg38_genes_promoters	0.4151613677474289	0.3540556816333402	0
chr19	1271889	1272076	0.031381	13	0.44608	0.4147	CIRBP	hg38_genes_promoters	0.0201531967351901	1.39570131288929	0
chr19	1415631	1415883	-0.01607	14	0.16886	0.18493	DAZAP1	hg38_genes_promoters	0.2351650876267704	0.5586283105874479	0
chr19	1425599	1425707	0.019374	10	0.8689	0.84953	DAZAP1	hg38_genes_promoters	0.1305815223015916	0.7648128577338457	0
chr19	1483394	1483710	0.027546	24	0.8561	0.82855	PCSK4	hg38_genes_promoters	2.5285137444076074e-06	4.515145254236906	0
chr19	1490625	1490956	-0.010883	25	0.0040862	0.014969	REEP6	hg38_genes_promoters	4.276661743255572e-11	8.641106156068687	-1
chr19	1490625	1490956	-0.010883	25	0.0040862	0.014969	PCSK4	hg38_genes_promoters	4.276661743255572e-11	8.641106156068687	-1
chr19	1524490	1524600	-0.062311	10	0.2619	0.32421	PLK5	hg38_genes_promoters	0.0048962532881489	1.8651687917716926	0
chr19	1071323	1071398	-0.033206	12	0.70675	0.73996	ARHGAP45	hg38_genes_promoters	0.1375032786170535	0.7482923058059903	0
chr19	1585161	1585317	0.040589	18	0.86244	0.82186	MBD3	hg38_genes_promoters	1.8023267517495206e-09	7.175857075124736	1
chr19	1063545	1063638	0.036805	10	0.8217	0.78489	ABCA7	hg38_genes_promoters	0.0005516795858534	2.6092257715451805	0
chr19	924959	925095	-0.013581	10	0.0156	0.029181	ARID3A	hg38_genes_promoters	0.0416861567007777	1.1479197215987256	0
chr19	291814	291899	0.0655	12	0.29467	0.22917	PLPP2	hg38_genes_promoters	0.0050479984390413	1.8557951101154213	0
chr19	308849	308959	-0.017253	10	0.8278	0.84505	MIER2	hg38_genes_promoters	0.0062346888413189	1.786299595805227	0
chr19	588569	588914	-0.034272	10	0.1097	0.14397	HCN2	hg38_genes_promoters	0.0065260191469382	1.7721832158128146	0
chr19	619613	619741	0.026687	12	0.85992	0.83323	POLRMT	hg38_genes_promoters	0.0011991507468174	2.3400811862174313	0
chr19	675798	675928	0.049593	10	0.375	0.32541	FSTL3	hg38_genes_promoters	0.0068180829225227	1.757744492217752	0
chr19	708397	708631	-0.038734	14	0.24793	0.28666	PALM	hg38_genes_promoters	0.0276206542687158	1.2877853842076772	0
chr19	804366	804479	0.038395	10	0.8375	0.79911	PTBP1	hg38_genes_promoters	2.1899144265716863e-06	4.561017938768864	0
chr19	804366	804479	0.038395	10	0.8375	0.79911	MIR4745	hg38_genes_promoters	2.1899144265716863e-06	4.561017938768864	0
chr19	805123	805209	-0.020653	10	0.8434	0.86405	PTBP1	hg38_genes_promoters	0.0029247223038186	2.0357285988324736	0
chr19	812631	812738	0.029542	18	0.81989	0.79035	MIR3187	hg38_genes_promoters	1.132660677769026e-05	3.966556287365926	0
chr19	812751	812836	0.040433	13	0.83023	0.7898	MIR3187	hg38_genes_promoters	5.100656029307032e-08	5.906746156970246	1
chr19	813055	813157	0.030718	14	0.85564	0.82492	MIR3187	hg38_genes_promoters	2.3422249506400248e-05	3.709031981538578	0
chr19	813192	813285	0.056868	14	0.84379	0.78692	MIR3187	hg38_genes_promoters	3.0011650523807512e-12	9.726533940173038	1
chr19	813381	813451	0.036411	10	0.7602	0.72379	MIR3187	hg38_genes_promoters	0.0166127377810284	1.4606160716498922	0
chr19	815670	815827	-0.022026	10	0.8235	0.84553	PLPPR3	hg38_genes_promoters	0.0002761289758683	2.8485465662783525	0
chr19	1014274	1014337	0.016732	10	0.8491	0.83237	TMEM259	hg38_genes_promoters	0.0672543411603489	0.9872534142148387	0
chr19	1619350	1619435	-0.0156	10	0.8024	0.818	TCF3	hg38_genes_promoters	0.0312538884766532	1.245223676502253	0
chr19	1621072	1621240	0.038411	10	0.8722	0.83379	TCF3	hg38_genes_promoters	7.543302382758019e-07	4.94564687885372	0
chr19	1790808	1790907	0.042426	10	0.6189	0.57647	ATP8B3	hg38_genes_promoters	0.0366490342702317	1.1921181896520006	0
chr19	2435112	2435204	0.015798	12	0.88233	0.86654	MIR7108	hg38_genes_promoters	0.0087675496188054	1.6737120847205011	0
chr19	2807226	2807487	0.031363	24	0.86475	0.83339	THOP1	hg38_genes_promoters	4.247575857847111e-09	6.8506992403422275	1
chr19	2926969	2927168	-0.023513	16	0.8255	0.84901	LOC101928631	hg38_genes_promoters	6.921806701437688e-05	3.3248966507574673	0
chr19	2945477	2945570	0.048993	10	0.0998	0.050807	ZNF77	hg38_genes_promoters	0.0002107836086291	2.937305085071638	0
chr19	3025191	3025388	0.031542	10	0.1677	0.13616	TLE2	hg38_genes_promoters	0.0919761824845766	0.8822984243825978	0
chr19	3057556	3057692	-0.017726	10	0.7294	0.74713	TLE5	hg38_genes_promoters	0.3672229298463004	0.3997021006953064	0
chr19	3112589	3112733	0.018296	10	0.8463	0.828	GNA11	hg38_genes_promoters	0.0578371566182182	1.0389378420825048	0
chr19	3113075	3113165	-0.038216	10	0.8191	0.85732	GNA11	hg38_genes_promoters	4.657766212111777e-07	5.114814657685067	-1
chr19	3113260	3113380	0.015089	10	0.7983	0.78321	GNA11	hg38_genes_promoters	0.3465233278118546	0.4211458678995566	0
chr19	3116654	3116733	0.057929	10	0.8542	0.79627	GNA11	hg38_genes_promoters	8.563091742798547e-05	3.2490939836737542	0
chr19	3205532	3205974	0.017354	10	0.8512	0.83385	NCLN	hg38_genes_promoters	0.3985892769047467	0.36984938938122836	0
chr19	3434918	3434966	0.040248	10	0.0851	0.044852	NFIC	hg38_genes_promoters	0.02703433280304	1.2949888606879802	0
chr19	3480530	3480808	0.042429	10	0.59085	0.54842	SMIM24	hg38_genes_promoters	0.024983888738705	1.3224274879526094	0
chr19	3494549	3494707	0.026574	10	0.8701	0.84353	DOHH	hg38_genes_promoters	0.0007515396139588	2.500809597955874	0
chr19	3496551	3496700	0.019816	10	0.8465	0.82668	DOHH	hg38_genes_promoters	0.0084638236338512	1.6852446551791957	0
chr19	2435112	2435204	0.015798	12	0.88233	0.86654	LMNB2	hg38_genes_promoters	0.0087675496188054	1.6737120847205011	0
chr19	2338728	2339069	-0.02002	18	0.83383	0.85385	SPPL2B	hg38_genes_promoters	3.952084394863062e-05	3.520482887602125	0
chr19	2250312	2250518	-0.030234	10	0.2162	0.24643	MIR4321	hg38_genes_promoters	0.1211467567297506	0.7906715496120126	0
chr19	2222468	2222590	0.017517	10	0.87	0.85248	DOT1L	hg38_genes_promoters	0.0392817839772974	1.1687316155232066	0
chr19	1806375	1806557	-0.02136	13	0.82508	0.84644	ATP8B3	hg38_genes_promoters	0.0027759461231304	2.054485778460203	0
chr19	1816403	1816524	0.023513	12	0.85908	0.83557	REXO1	hg38_genes_promoters	0.0040406929708781	1.9282484561812645	0
chr19	1816403	1816524	0.023513	12	0.85908	0.83557	MIR1909	hg38_genes_promoters	0.0040406929708781	1.9282484561812645	0
chr19	1817016	1817196	0.024989	10	0.8502	0.82521	REXO1	hg38_genes_promoters	0.0020236732791861	2.1631228949387897	0
chr19	1817016	1817196	0.024989	10	0.8502	0.82521	MIR1909	hg38_genes_promoters	0.0020236732791861	2.1631228949387897	0
chr19	1908119	1908204	0.035637	10	0.8169	0.78126	SCAMP4	hg38_genes_promoters	0.0001407709033824	3.076339877149502	0
chr19	1912237	1912409	0.021222	18	0.84456	0.82333	SCAMP4	hg38_genes_promoters	3.117283148919225e-05	3.6068025364162	0
chr19	10310225	10310635	-0.018749	10	0.833	0.85175	ZGLP1	hg38_genes_promoters	0.0112909901114649	1.5892599119803124	0
chr19	1955319	1955494	0.022803	12	0.83592	0.81311	CSNK1G2-AS1	hg38_genes_promoters	0.0058127475135047	1.8088595943638919	0
chr19	1979119	1979254	0.037038	14	0.81986	0.78282	CSNK1G2	hg38_genes_promoters	1.9871597133669818e-06	4.586698151607273	0
chr19	1990547	1990753	0.010076	10	0.8701	0.86002	BTBD2	hg38_genes_promoters	0.7163721125999416	0.13988058475519086	0
chr19	2042166	2042236	0.016506	10	0.020136	0.0036297	MKNK2	hg38_genes_promoters	1.0346685330202768e-08	6.5177655630341835	1
chr19	2085286	2085541	-0.032855	10	0.041372	0.074227	MOB3A	hg38_genes_promoters	0.0415585038395999	1.1489760193063734	0
chr19	2095410	2095705	0.040217	26	0.26713	0.22691	IZUMO4	hg38_genes_promoters	0.001622833335329	2.237068629449943	0
chr19	2111562	2111700	0.025391	10	0.8577	0.83231	AP3D1	hg38_genes_promoters	0.1370422857437025	0.7492010911236194	0
chr19	2213904	2213997	0.023753	10	0.8627	0.83895	DOT1L	hg38_genes_promoters	0.0005819327283269	2.589386161528629	0
chr19	1978351	1978484	0.01649	10	0.8508	0.83431	CSNK1G2	hg38_genes_promoters	0.0880474228908203	0.8967054885838173	0
chr19	10310656	10311348	0.016848	10	0.8068	0.78995	ZGLP1	hg38_genes_promoters	0.2613336421319147	0.5215889724330548	0
chr19	815230	815315	0.029012	10	0.6028	0.57379	PLPPR3	hg38_genes_promoters	0.0294146308613835	1.2660456530680015	0
chr19	10323074	10323398	0.027778	14	0.76079	0.73301	RAVER1	hg38_genes_promoters	0.0432251858165107	1.1355601465377025	0
chr19	18537664	18537797	0.02961	10	0.8707	0.84109	FKBP8	hg38_genes_promoters	0.0010576871364691	2.3846373786044364	0
chr19	18538272	18538346	0.019779	10	0.8311	0.81132	FKBP8	hg38_genes_promoters	0.091103114744932	0.8858261923383756	0
chr19	18787520	18787639	-0.034451	14	0.15029	0.18474	COMP	hg38_genes_promoters	0.0053885485719201	1.8349894293218705	0
chr19	18791253	18791424	-0.017077	15	0.0558	0.072877	COMP	hg38_genes_promoters	0.0059162737435208	1.802628478547116	0
chr19	18849200	18849469	-0.046626	10	0.6269	0.67353	UPF1	hg38_genes_promoters	0.005137613933915	1.8503765908917322	0
chr19	18852104	18852218	0.020721	10	0.8913	0.87058	UPF1	hg38_genes_promoters	0.0034320064922611	1.982894060873911	0
chr19	18884148	18884332	0.017557	12	0.85725	0.83969	CERS1	hg38_genes_promoters	0.0539300914410774	1.0637012589548946	0
chr19	18941107	18941169	-0.022178	12	0.016199	0.038377	HOMER3	hg38_genes_promoters	2.8330778203657328e-06	4.474913220747514	0
chr19	18941846	18942203	-0.027385	13	0.61754	0.64492	HOMER3	hg38_genes_promoters	0.1148958822689212	0.809176225817781	0
chr19	19121171	19121353	0.024188	10	0.6248	0.60061	TMEM161A	hg38_genes_promoters	0.5144231959350177	0.27194315342608744	0
chr19	19170657	19170925	0.026681	15	0.40507	0.37839	MEF2B	hg38_genes_promoters	0.1676121594692644	0.6786902541190871	0
chr19	19197244	19197701	0.045623	14	0.82357	0.77795	RFXANK	hg38_genes_promoters	2.6111229578972773e-07	5.32281051343122	1
chr19	19261451	19261689	0.010485	24	0.043292	0.032807	HAPLN4	hg38_genes_promoters	0.0763255588762441	0.9450003268491146	0
chr19	19337191	19337297	-0.015332	10	0.8593	0.87463	MAU2	hg38_genes_promoters	0.017636872437872	1.440762831922903	0
chr19	19354740	19354984	0.030226	10	0.5719	0.54167	MAU2	hg38_genes_promoters	0.2126433782220714	0.5936545796217587	0
chr19	18438755	18438879	-0.033149	10	0.5238	0.55695	ISYNA1	hg38_genes_promoters	0.2320314101494072	0.5634412985566712	0
chr19	19456387	19457117	-0.014289	10	0.7965	0.81079	GATAD2A	hg38_genes_promoters	0.1013724202184644	0.8512661212994396	0
chr19	18436716	18436838	0.036211	15	0.456	0.41979	ISYNA1	hg38_genes_promoters	0.1321033041448506	0.7615484874782402	0
chr19	18385995	18386212	-0.019015	10	0.1896	0.20861	MIR3189	hg38_genes_promoters	0.0309466568298061	1.248140886347943	0
chr19	17172899	17173002	0.014374	10	0.8489	0.83453	MYO9B	hg38_genes_promoters	0.1841513485498334	0.6446319029218843	0
chr19	17205874	17206061	0.013201	11	0.87464	0.86144	MYO9B	hg38_genes_promoters	0.2206300387879862	0.5806529092987948	0
chr19	17206072	17206200	0.014163	10	0.8749	0.86074	MYO9B	hg38_genes_promoters	0.0690482836533433	0.9786028498716748	0
chr19	17227847	17228125	-0.020105	11	0.81836	0.83847	OCEL1	hg38_genes_promoters	0.321189165808749	0.4487238976063213	0
chr19	17292452	17292741	0.013388	29	0.070517	0.057129	MRPL34	hg38_genes_promoters	0.3019938119645811	0.47056856279819	0
chr19	17377538	17377776	-0.028368	12	0.199	0.22737	PLVAP	hg38_genes_promoters	0.0430209457477994	1.137161109742551	0
chr19	17460637	17460847	0.014824	13	0.84023	0.82541	NXNL1	hg38_genes_promoters	0.0776410247752865	0.9392204885042987	0
chr19	17726550	17726789	0.027047	26	0.85765	0.83061	MAP1S	hg38_genes_promoters	8.909540781034231e-12	9.276917698788399	1
chr19	17842445	17842536	0.018732	10	0.7881	0.76937	JAK3	hg38_genes_promoters	0.0002728597395443	2.851808992097398	0
chr19	17870321	17871121	0.021521	17	0.74147	0.71995	SLC5A5	hg38_genes_promoters	0.0879386491702994	0.8971647878371682	0
chr19	18008332	18008570	0.041854	40	0.23928	0.19742	ARRDC2	hg38_genes_promoters	0.0008605084493054	2.457768305538578	0
chr19	18099442	18099701	0.029631	10	0.4721	0.44247	IL12RB1	hg38_genes_promoters	0.2800811552548413	0.4961061437798866	0
chr19	18122472	18123364	-0.041518	22	0.53855	0.58006	MAST3	hg38_genes_promoters	0.0111080643198648	1.595001184313082	0
chr19	18144466	18144558	-0.024732	10	0.7959	0.82063	MAST3	hg38_genes_promoters	0.0064339458310988	1.7775170993320197	0
chr19	18248007	18248713	0.014522	10	0.7519	0.73738	PDE4C	hg38_genes_promoters	0.392497078850895	0.3755000029689359	0
chr19	18385995	18386212	-0.019015	10	0.1896	0.20861	GDF15	hg38_genes_promoters	0.0309466568298061	1.248140886347943	0
chr19	17101505	17101711	0.028647	10	0.8627	0.83405	MYO9B	hg38_genes_promoters	6.362486148481404e-05	3.351436567893579	0
chr19	19457902	19458454	-0.037516	10	0.4618	0.49932	GATAD2A	hg38_genes_promoters	0.2556463716092498	0.529636519338627	0
chr19	19540332	19540376	0.037447	10	0.2505	0.21305	CILP2	hg38_genes_promoters	0.0061703745752141	1.7896363575769463	0
chr19	34905240	34905304	-0.026711	10	0.0835	0.11021	LINC00904	hg38_genes_promoters	4.382979943447575e-05	3.483680330433884	0
chr19	34905240	34905304	-0.026711	10	0.0835	0.11021	LOC105372377	hg38_genes_promoters	4.382979943447575e-05	3.483680330433884	0
chr19	34905240	34905304	-0.026711	10	0.0835	0.11021	LINC01838	hg38_genes_promoters	4.382979943447575e-05	3.483680330433884	0
chr19	35000914	35001026	0.012821	10	0.0459	0.033079	GRAMD1A	hg38_genes_promoters	0.2015617740550829	0.6130168789487511	0
chr19	35105980	35106031	-0.037847	10	0.8121	0.84995	FXYD3	hg38_genes_promoters	0.0002792271188734	2.8448327284112254	0
chr19	35115972	35116317	0.013147	10	0.8212	0.80805	FXYD3	hg38_genes_promoters	0.3145423457418188	0.4559817361803862	0
chr19	35139624	35139846	0.030846	13	0.73623	0.70538	FXYD1	hg38_genes_promoters	0.0008403070904341	2.4652418765700013	0
chr19	35310094	35310294	-0.012368	10	0.833	0.84537	MAG	hg38_genes_promoters	0.0466136270257797	1.1113218712215203	0
chr19	35142539	35142699	0.016457	10	0.0646	0.048143	LGI4	hg38_genes_promoters	0.0191430540843459	1.412848363669136	0
chr19	35142730	35142880	0.024708	10	0.0707	0.045992	FXYD7	hg38_genes_promoters	0.0763967503760194	0.9447990636956026	0
chr19	35142730	35142880	0.024708	10	0.0707	0.045992	LGI4	hg38_genes_promoters	0.0763967503760194	0.9447990636956026	0
chr19	35143343	35143581	0.01006	12	0.052917	0.042857	LGI4	hg38_genes_promoters	0.1246604492092243	0.7805509950513895	0
chr19	10320957	10321106	0.013912	10	0.8567	0.84279	RAVER1	hg38_genes_promoters	0.0980512840034378	0.8621279037650128	0
chr19	34832954	34833047	0.025374	10	0.8329	0.80753	LINC01801	hg38_genes_promoters	0.0015038108258561	2.2607544567904636	0
chr19	19537445	19537503	0.022405	10	0.3883	0.36589	CILP2	hg38_genes_promoters	0.2105980367526313	0.5965670310085897	0
chr19	34832748	34832880	0.026616	10	0.8023	0.77568	LINC01801	hg38_genes_promoters	0.0173218809365718	1.4466681021253456	0
chr19	33684037	33684244	-0.040268	10	0.3791	0.41937	CHST8	hg38_genes_promoters	0.1378677354518808	0.7473523356885617	0
chr19	19618689	19618738	0.014676	11	0.035273	0.020596	PBX4	hg38_genes_promoters	0.0550131386455677	1.0568323665583967	0
chr19	19638004	19638121	0.039921	14	0.7965	0.75658	GMIP	hg38_genes_promoters	1.6897941149778114e-05	3.828715828578444	0
chr19	19655768	19656120	-0.021898	19	0.83132	0.85321	ATP13A1	hg38_genes_promoters	4.179697157437295e-06	4.328255677445461	0
chr19	20150720	20150776	0.032592	12	0.82142	0.78882	LOC105372310	hg38_genes_promoters	0.0273275947889098	1.2909083957076426	0
chr19	21082089	21082390	-0.016989	17	0.22012	0.23711	ZNF714	hg38_genes_promoters	0.811723464291758	0.08827105134319856	0
chr19	22623829	22623938	-0.046484	10	0.4272	0.47368	LINC01785	hg38_genes_promoters	0.0233826333073434	1.3449971712867237	0
chr19	22832201	22832407	-0.035531	12	0.10925	0.14478	ZNF723	hg38_genes_promoters	0.0016130360717318	2.2387365772080914	0
chr19	23762967	23763438	-0.014005	31	0.018129	0.032134	RPSAP58	hg38_genes_promoters	0.2339432164343092	0.5606376527170629	0
chr19	28727637	28727770	0.036039	20	0.18225	0.14621	LOC100420587	hg38_genes_promoters	0.0895277985034018	0.891861732516347	0
chr19	29708289	29708703	-0.040495	10	0.8034	0.84389	C19orf12	hg38_genes_promoters	0.0003944842793435	2.726886252025952	0
chr19	31306099	31306234	-0.039479	10	0.7731	0.81258	TSHZ3	hg38_genes_promoters	0.0008017183349397	2.4801368540105297	0
chr19	32719929	32720020	0.057478	13	0.86485	0.80737	LOC105372368	hg38_genes_promoters	3.942434809232508e-15	12.266161903843502	1
chr19	32719929	32720020	0.057478	13	0.86485	0.80737	TDRD12	hg38_genes_promoters	3.942434809232508e-15	12.266161903843502	1
chr19	32870166	32870520	0.012171	12	0.70958	0.69741	SLC7A9	hg38_genes_promoters	0.3633918122689699	0.40369028035255444	0
chr19	33132104	33132154	-0.011811	10	0.8284	0.84021	WDR88	hg38_genes_promoters	0.2742718313300417	0.5033036187935983	0
chr19	34577612	34577723	-0.01375	12	0.065417	0.079167	SCGB1B2P	hg38_genes_promoters	0.0063593919359659	1.7807919054638308	0
chr19	17026632	17026844	0.032423	30	0.0767	0.044277	CPAMD8	hg38_genes_promoters	1.953068469399552e-07	5.427829092653743	1
chr19	35142539	35142699	0.016457	10	0.0646	0.048143	FXYD7	hg38_genes_promoters	0.0191430540843459	1.412848363669136	0
chr19	16876280	16876527	-0.018577	13	0.84069	0.85927	SIN3B	hg38_genes_promoters	0.0888942765696502	0.894042661036198	0
chr19	11381877	11382063	-0.016126	18	0.061889	0.078015	EPOR	hg38_genes_promoters	0.0128019324939415	1.5488190598841403	0
chr19	11487102	11487352	0.021412	12	0.88517	0.86375	ZNF653	hg38_genes_promoters	0.0092168924667047	1.6573092350796108	0
chr19	11538378	11538975	0.015018	16	0.14256	0.12754	CNN1	hg38_genes_promoters	0.233421692741842	0.5613536991392569	0
chr19	11577237	11577723	0.031558	12	0.79458	0.76303	ACP5	hg38_genes_promoters	0.0191100981660899	1.413270502678573	0
chr19	11986740	11986947	0.050425	10	0.6894	0.63898	ZNF844	hg38_genes_promoters	0.0729244658471688	0.9599305800504566	0
chr19	11986740	11986947	0.050425	10	0.6894	0.63898	ZNF433-AS1	hg38_genes_promoters	0.0729244658471688	0.9599305800504566	0
chr19	12513743	12513942	-0.019053	12	0.21117	0.23022	ZNF709	hg38_genes_promoters	0.1769507587211667	0.6596034183295222	0
chr19	12647459	12647614	0.032321	13	0.62177	0.58945	MAN2B1	hg38_genes_promoters	0.2242913651225841	0.5746749264304185	0
chr19	12647738	12648120	0.040054	14	0.31974	0.27969	MAN2B1	hg38_genes_promoters	0.0141355029641099	1.5172551142351556	0
chr19	12658098	12658255	0.027829	10	0.8541	0.82627	MAN2B1	hg38_genes_promoters	0.0128334252157802	1.5478977133376712	0
chr19	12765984	12766133	0.062737	14	0.51086	0.44812	HOOK2	hg38_genes_promoters	0.0564429167198564	1.0474028752110662	0
chr19	12766153	12766421	0.02883	17	0.45459	0.42576	HOOK2	hg38_genes_promoters	0.4491228758495343	0.324075967612889	0
chr19	12840132	12840441	-0.047655	10	0.6514	0.69906	MAST1	hg38_genes_promoters	0.1032139035669312	0.8447918367064078	0
chr19	11237401	11238078	-0.020123	12	0.79267	0.81279	DOCK6	hg38_genes_promoters	0.1075123375259612	0.8313920949506179	0
chr19	12847409	12847585	-0.021308	12	0.10836	0.12967	MAST1	hg38_genes_promoters	0.2767672780130622	0.5002930010479724	0
chr19	11237401	11238078	-0.020123	12	0.79267	0.81279	ANGPTL8	hg38_genes_promoters	0.1075123375259612	0.8313920949506179	0
chr19	11208985	11209076	-0.011016	10	0.8363	0.84732	DOCK6	hg38_genes_promoters	0.0497047125178134	1.0902116952167424	0
chr19	10352728	10352859	-0.020553	10	0.7915	0.81205	TYK2	hg38_genes_promoters	0.728385219806697	0.1334197651456013	0
chr19	16897888	16898006	-0.015618	15	0.028733	0.044351	CPAMD8	hg38_genes_promoters	6.587968765223855e-08	5.812301674100263	-1
chr19	10352950	10353080	-0.040201	16	0.79569	0.83589	TYK2	hg38_genes_promoters	0.0002350745920347	2.9035861932466176	0
chr19	10354513	10354622	0.018411	10	0.8712	0.85279	TYK2	hg38_genes_promoters	0.0128989138974368	1.5468117758332272	0
chr19	10365733	10365880	0.034021	16	0.8515	0.81748	TYK2	hg38_genes_promoters	7.215823684730346e-06	4.1336733791673455	0
chr19	10395594	10396058	0.020566	32	0.84669	0.82612	CDC37	hg38_genes_promoters	0.0038346037573593	1.9461532486734936	0
chr19	10489238	10489654	-0.019063	10	0.8378	0.85686	KEAP1	hg38_genes_promoters	0.0782476989392859	0.9363980332076646	0
chr19	10492067	10492123	0.011263	10	0.853	0.84174	KEAP1	hg38_genes_promoters	0.2552840241222099	0.5301903177777703	0
chr19	10559738	10560060	-0.01851	13	0.854	0.87251	KRI1	hg38_genes_promoters	0.0019450825968907	2.1769492759437883	0
chr19	10625434	10625590	0.0358	19	0.50084	0.46504	SLC44A2	hg38_genes_promoters	0.0963462386900416	0.867553967748061	0
chr19	10636526	10636640	0.036247	10	0.8523	0.81605	SLC44A2	hg38_genes_promoters	0.0001942761231444	2.9671941423334123	0
chr19	11033307	11033436	-0.013121	10	0.8503	0.86342	SMARCA4	hg38_genes_promoters	0.0146750681079704	1.5044903262380147	0
chr19	11105241	11105425	0.011049	14	0.86364	0.85259	LDLR	hg38_genes_promoters	0.1363854217761114	0.7508578488493213	0
chr19	11176640	11176833	0.018798	13	0.88438	0.86559	KANK2	hg38_genes_promoters	0.0060566572314526	1.794731013425343	0
chr19	11201974	11202096	0.023911	13	0.83646	0.81255	DOCK6	hg38_genes_promoters	8.716670741669501e-06	4.061368487823604	0
chr19	11222811	11223009	0.025689	10	0.8524	0.82671	DOCK6	hg38_genes_promoters	0.0105027717149115	1.6142575673402584	0
chr19	12887191	12887647	-0.027414	10	0.6048	0.63221	KLF1	hg38_genes_promoters	0.1932469945912232	0.6273228215206413	0
chr19	10432406	10432456	0.015547	10	0.0476	0.032053	PDE4A	hg38_genes_promoters	0.0102385485686921	1.6226989546115564	0
chr19	12940002	12940612	0.030152	14	0.25071	0.22056	MIR6515	hg38_genes_promoters	0.0267192911459717	1.29894712008789	0
chr19	15232996	15233335	-0.013124	20	0.031548	0.044672	EPHX3	hg38_genes_promoters	0.0002117264907075	2.936250931477072	0
chr19	15264450	15264639	-0.018984	10	0.7917	0.81068	BRD4	hg38_genes_promoters	0.0393756505311269	1.1677879837655192	0
chr19	15368978	15369141	0.035136	12	0.88742	0.85228	AKAP8	hg38_genes_promoters	2.0810744954374367e-08	6.243293814106061	1
chr19	15374749	15375051	-0.027355	10	0.6473	0.67466	AKAP8	hg38_genes_promoters	0.7495065897767871	0.12160292528409297	0
chr19	15401214	15401412	0.030656	15	0.8582	0.82754	AKAP8L	hg38_genes_promoters	5.248147177220758e-05	3.4219138678670062	0
chr19	15424924	15425027	0.010389	10	0.8706	0.86021	WIZ	hg38_genes_promoters	0.1643371887214554	0.6858442928744752	0
chr19	15457608	15457821	0.020772	30	0.79333	0.77256	RASAL3	hg38_genes_promoters	3.9522783342672345e-06	4.349476118671887	0
chr19	15479556	15480232	-0.027068	10	0.2363	0.26337	PGLYRP2	hg38_genes_promoters	0.033455457473762	1.2212068852000915	0
chr19	15524870	15525404	-0.018685	13	0.79692	0.81561	CYP4F22	hg38_genes_promoters	0.0279162013671972	1.2847674382384073	0
chr19	15934190	15934422	-0.074053	11	0.57418	0.64823	CYP4F11	hg38_genes_promoters	0.00102556481692	2.395927343576111	0
chr19	16067684	16067925	0.013569	16	0.85075	0.83718	TPM4	hg38_genes_promoters	0.0234936286791394	1.3438469295461712	0
chr19	16067286	16067472	-0.054153	10	0.5149	0.56905	TPM4	hg38_genes_promoters	0.019249422433912	1.4108763984636483	0
chr19	16067486	16067681	-0.020379	10	0.7192	0.73958	TPM4	hg38_genes_promoters	0.1701500911319664	0.6741109511165265	0
chr19	16566358	16566650	-0.019826	13	0.21977	0.2396	SLC35E1	hg38_genes_promoters	0.4794800743705494	0.29872860547082153	0
chr19	12930294	12930456	0.021606	10	0.7371	0.71549	FARSA-AS1	hg38_genes_promoters	0.3989349912360116	0.36953049507617236	0
chr19	15110247	15110359	0.03058	10	0.8712	0.84062	SYDE1	hg38_genes_promoters	9.91508376990147e-05	3.1955814484811222	0
chr19	14972836	14972992	-0.025463	10	0.7548	0.78026	SLC1A6	hg38_genes_promoters	0.0019182363746117	2.1817693058085195	0
chr19	14085824	14085916	0.017513	10	0.7468	0.72929	C19orf67	hg38_genes_promoters	0.0421408687472147	1.1448583598593869	0
chr19	14206688	14206729	0.0108	10	0.013628	0.0028274	ADGRL1	hg38_genes_promoters	1.7554728589728625e-07	5.466888087861273	1
chr19	13024543	13024601	-0.013521	10	0.0159	0.029421	NFIX	hg38_genes_promoters	7.681446555543688e-05	3.2884175841291197	0
chr19	13150769	13150970	-0.01026	13	0.0051538	0.015414	STX10	hg38_genes_promoters	2.4314679046580743e-06	4.527567028683895	0
chr19	13286687	13286950	0.013176	17	0.83318	0.82	CACNA1A	hg38_genes_promoters	0.0214843040057357	1.374531766422697	0
chr19	13764178	13764297	0.059058	10	0.3889	0.32984	MRI1	hg38_genes_promoters	0.03564166178179	1.2013207849300176	0
chr19	13804716	13804875	0.016242	10	0.8374	0.82116	ZSWIM4	hg38_genes_promoters	0.0257301929317566	1.3123026019828752	0
chr19	13864131	13864666	-0.028325	10	0.2196	0.24792	NANOS3	hg38_genes_promoters	0.235486191934941	0.5582886122582884	0
chr19	13874038	13874176	0.046066	12	0.52392	0.47785	MIR181C	hg38_genes_promoters	0.0049280634888946	1.8632552242952505	0
chr19	13236347	13236516	-0.022189	12	0.80492	0.82711	CACNA1A	hg38_genes_promoters	0.0109211725919546	1.6007665971183587	0
chr19	13015396	13015912	0.029571	10	0.8322	0.80263	LOC107985286	hg38_genes_promoters	0.1059597913992761	0.8355457339170584	0
chr19	13938362	13938960	-0.015459	19	0.067526	0.082986	PODNL1	hg38_genes_promoters	0.0337268447442632	1.2187021922923216	0
chr19	13954239	13954472	0.025332	10	0.8234	0.79807	PODNL1	hg38_genes_promoters	0.0042077158754477	1.9150730980332662	0
chr19	13955967	13956138	0.020241	12	0.87208	0.85184	DCAF15	hg38_genes_promoters	0.0037426864318828	1.9538205016158463	0
chr19	14057336	14057401	0.015882	10	0.0628	0.046918	PALM3	hg38_genes_promoters	0.181813210322388	0.6496510160504115	0
chr19	14057402	14057471	0.028668	10	0.0765	0.047832	PALM3	hg38_genes_promoters	0.7635486914334466	0.1137587095178353	0
chr19	13874038	13874176	0.046066	12	0.52392	0.47785	MIR181D	hg38_genes_promoters	0.0049280634888946	1.8632552242952505	0
chr19	14060090	14060482	-0.030232	10	0.5964	0.62663	PALM3	hg38_genes_promoters	0.3498305943167979	0.417961989136834	0
chr2	189879409	189879645	0.029428	16	0.69087	0.66145	C2orf88	hg38_genes_promoters	0.0118135112548552	1.5753121413336717	0
chr2	190179959	190180300	-0.016015	10	0.1756	0.19162	C2orf88	hg38_genes_promoters	0.5449910112404925	0.24944019394886055	0
chr2	191262287	191263156	-0.025329	10	0.8239	0.84923	MYO1B	hg38_genes_promoters	0.0006813204647011	2.534271472048558	0
chr2	191400417	191401182	-0.021309	12	0.86692	0.88823	MYO1B	hg38_genes_promoters	3.689260919591861e-05	3.5453096831321833	0
chr2	196068931	196069191	-0.030664	10	0.2062	0.23686	DNAH7	hg38_genes_promoters	0.4909969793658152	0.29016620237113605	0
chr2	197198892	197199136	-0.014494	10	0.0569	0.071394	ANKRD44	hg38_genes_promoters	0.6597319842902443	0.17352295125919806	0
chr2	200659173	200659659	-0.017832	10	0.7978	0.81563	AOX1	hg38_genes_promoters	0.0814247502320204	0.9229193203553839	0
chr2	199456350	199456532	-0.014284	10	0.0624	0.076684	SATB2	hg38_genes_promoters	0.0866498568529863	0.9021782833871567	0
chr2	200440113	200440713	-0.029811	10	0.7982	0.82801	SPATS2L	hg38_genes_promoters	5.381533335222615e-05	3.4125632769815417	0
chr2	200469489	200469979	-0.020124	14	0.838	0.85812	SPATS2L	hg38_genes_promoters	0.0005348009932043	2.6186221948818704	0
chr2	200694822	200695939	-0.028605	10	0.1477	0.1763	AOX3P-AOX2P	hg38_genes_promoters	0.1034001201958111	0.8440835471540495	0
chr2	189581566	189581916	-0.021379	10	0.0662	0.087579	SLC40A1	hg38_genes_promoters	0.0088159576091824	1.6719710627737294	0
chr2	200477808	200477967	-0.022658	10	0.8615	0.88416	LOC101927741	hg38_genes_promoters	0.0054112309499902	1.833862733966889	0
chr2	197785002	197785234	0.036624	19	0.81226	0.77564	BOLL	hg38_genes_promoters	2.7627830564715398e-05	3.649273710944902	0
chr2	200305528	200306086	-0.013427	10	0.1619	0.17533	SPATS2L	hg38_genes_promoters	5.039255800949672e-05	3.435407466430975	0
chr2	178523040	178523324	-0.090421	16	0.103	0.19342	TTN-AS1	hg38_genes_promoters	2.473313660375516e-18	15.244022958653554	-1
chr2	186849246	186849341	-0.014563	10	0.0147	0.029263	ZSWIM2	hg38_genes_promoters	1.800595307285936e-05	3.804428983190135	0
chr2	181985331	181986146	-0.014651	11	0.84709	0.86174	PPP1R1C	hg38_genes_promoters	0.0047473021111022	1.8751228660116317	0
chr2	181915773	181916295	-0.019265	10	0.856	0.87527	ITPRID2	hg38_genes_promoters	0.001728514679442	2.216229120995468	0
chr2	181680625	181680845	-0.011495	11	0.016129	0.027623	NEUROD1	hg38_genes_promoters	0.0749439498359909	0.9511953421670877	0
chr2	181680625	181680845	-0.011495	11	0.016129	0.027623	CERKL	hg38_genes_promoters	0.0749439498359909	0.9511953421670877	0
chr2	178523040	178523324	-0.090421	16	0.103	0.19342	LOC101927055	hg38_genes_promoters	2.473313660375516e-18	15.244022958653554	-1
chr2	178108218	178108350	-0.019526	10	0.806	0.82553	PDE11A	hg38_genes_promoters	0.0108206689190918	1.6041633695778041	0
chr2	176819590	176820288	-0.019689	12	0.85233	0.87202	LOC101929963	hg38_genes_promoters	5.255189802388962e-06	4.241290142735015	0
chr2	176157163	176157344	-0.011785	10	0.0295	0.041285	HOXD3	hg38_genes_promoters	0.4670568165716836	0.30905593619024113	0
chr2	176136672	176136719	-0.016221	10	0.0262	0.042421	HOXD3	hg38_genes_promoters	5.012592192900282e-05	3.4373193579791512	0
chr2	176130039	176130094	-0.014453	12	0.01375	0.028203	HOXD8	hg38_genes_promoters	2.031561820475721e-05	3.7615937583967085	0
chr2	176116554	176116628	-0.017465	12	0.10933	0.1268	HOXD10	hg38_genes_promoters	0.0121658792807306	1.565597809622595	0
chr2	176099193	176099423	-0.019866	13	0.072077	0.091943	HOXD12	hg38_genes_promoters	0.0497414062206758	1.0899791787946023	0
chr2	176092454	176092625	-0.013315	13	0.014923	0.028238	HOXD13	hg38_genes_promoters	0.0033682985057917	1.989560787805937	0
chr2	187003150	187003299	-0.073916	10	0.6874	0.76132	CALCRL-AS1	hg38_genes_promoters	3.7245078943705003e-07	5.194263069264429	-1
chr2	200761911	200762260	-0.019931	10	0.7694	0.78933	AOX3P-AOX2P	hg38_genes_promoters	0.0118676767152343	1.573841861506835	0
chr2	215546084	215546488	-0.015186	10	0.8401	0.85529	LOC102724861	hg38_genes_promoters	0.0038875906369749	1.9412207417817386	0
chr2	201619166	201619233	0.053942	10	0.3311	0.27716	C2CD6	hg38_genes_promoters	3.0776493632877777e-06	4.443864062069992	0
chr2	218661795	218662159	-0.022738	12	0.86317	0.8859	BCS1L	hg38_genes_promoters	0.000465800851026	2.667823642275229	0
chr2	218402617	218402920	-0.026405	10	0.7377	0.76411	MIR26B	hg38_genes_promoters	0.106377487922827	0.8340596041347057	0
chr2	175257146	175257278	0.059075	16	0.79844	0.73936	LOC105373752	hg38_genes_promoters	0.0001328411901578	3.096723695844407	0
chr2	218399021	218399148	-0.012592	10	0.0002	0.012792	CTDSP1	hg38_genes_promoters	9.876465199259376e-07	4.844731430982672	0
chr2	218384010	218384492	-0.023592	10	0.76592	0.78951	SLC11A1	hg38_genes_promoters	0.0255698882863446	1.3144048442618372	0
chr2	218368771	218369031	-0.024756	14	0.089631	0.11439	CATIP-AS1	hg38_genes_promoters	0.0225825244666782	1.3574050558540582	0
chr2	218364350	218365140	-0.026845	15	0.79867	0.82551	CATIP	hg38_genes_promoters	0.0263018472089263	1.304691628911504	0
chr2	218322339	218322740	-0.052207	12	0.22292	0.27512	PNKD	hg38_genes_promoters	0.0106774685054366	1.6084614436750655	0
chr2	218266397	218267347	0.025253	16	0.84706	0.82181	AAMP	hg38_genes_promoters	0.0002157773741731	2.9295211308216147	0
chr2	218125249	218125968	-0.021888	12	0.057083	0.078972	CXCR2	hg38_genes_promoters	0.0185347908511155	1.423634516691498	0
chr2	218033934	218034065	-0.047721	13	0.084385	0.13211	TNS1	hg38_genes_promoters	1.1541084465715735e-09	7.3469578364077766	-1
chr2	218033934	218034065	-0.047721	13	0.084385	0.13211	RUFY4	hg38_genes_promoters	1.1541084465715735e-09	7.3469578364077766	-1
chr2	217978251	217978513	0.050226	11	0.85782	0.80759	TNS1-AS1	hg38_genes_promoters	1.2619761623271345e-05	3.9317022115513613	0
chr2	217944021	217944531	-0.010914	10	0.2506	0.26151	TNS1	hg38_genes_promoters	0.5296987054342184	0.2604638158275916	0
chr2	217903856	217905061	-0.048313	19	0.47532	0.52363	TNS1	hg38_genes_promoters	0.010873722662984	1.602410365675766	0
chr2	217902706	217902988	-0.033539	10	0.0717	0.10524	TNS1	hg38_genes_promoters	0.002830323238387	2.047767908767716	0
chr2	216414752	216415443	-0.014836	10	0.8905	0.90534	SMARCAL1	hg38_genes_promoters	0.0033067195032415	1.9961079285577232	0
chr2	205683964	205684876	0.022215	19	0.727	0.70479	NRP2	hg38_genes_promoters	0.0713171598144801	0.967499992123174	0
chr2	205684877	205684977	0.04675	12	0.22425	0.1775	NRP2	hg38_genes_promoters	0.0001253699173747	3.1159435884330815	0
chr2	205720895	205721475	-0.022987	10	0.8087	0.83169	NRP2	hg38_genes_promoters	0.0174345603500335	1.4447766818272247	0
chr2	206116466	206116544	0.036221	10	0.8418	0.80558	GCSHP3	hg38_genes_promoters	4.070035520246389e-05	3.510577538976942	0
chr2	206203511	206203743	-0.012727	16	0.83912	0.85185	GPR1-AS	hg38_genes_promoters	0.0318173172054941	1.2386417817266562	0
chr2	206642657	206642804	-0.012863	10	0.0364	0.049263	FAM237A	hg38_genes_promoters	0.0847773258652908	0.9099510710184527	0
chr2	201140032	201140110	0.070255	14	0.80857	0.73832	CFLAR	hg38_genes_promoters	6.363523447263258e-08	5.824830581836314	1
chr2	207124204	207124660	0.014372	13	0.85538	0.84101	KLF7	hg38_genes_promoters	0.0664441633883373	0.9910192912413425	0
chr2	207238508	207239648	-0.025879	10	0.2787	0.30458	MYOSLID	hg38_genes_promoters	0.215172419901485	0.5894938432001	0
chr2	208025789	208026108	0.050024	10	0.2621	0.21208	PLEKHM3	hg38_genes_promoters	0.0421334572456997	1.1448583598593869	0
chr2	208129698	208130469	-0.015418	15	0.83887	0.85428	CRYGC	hg38_genes_promoters	0.0025268704652008	2.0861522554846403	0
chr2	208145973	208146407	0.030595	10	0.7841	0.75351	CRYGB	hg38_genes_promoters	0.1567876420305368	0.7024024708689669	0
chr2	208359697	208359933	-0.040596	12	0.338	0.3786	PTH2R	hg38_genes_promoters	0.0274125884101171	1.2902648651513569	0
chr2	209695807	209696322	-0.021627	10	0.7747	0.79633	MAP2	hg38_genes_promoters	0.0318857045198058	1.2380956875055897	0
chr2	207238508	207239648	-0.025879	10	0.2787	0.30458	MYOSLID-AS1	hg38_genes_promoters	0.215172419901485	0.5894938432001	0
chr2	174585628	174586197	-0.014765	10	0.7911	0.80586	WIPF1	hg38_genes_promoters	0.1307530203450825	0.7643845269489323	0
chr2	132304698	132304841	-0.0108	10	0.0122	0.023	ZNF806	hg38_genes_promoters	0.0041187233333628	1.9222037317494005	0
chr2	173025942	173026467	-0.013987	11	0.84645	0.86044	RAPGEF4	hg38_genes_promoters	0.0597368308808251	1.0282084558071576	0
chr2	131682347	131682507	-0.0112	10	0.0386	0.0498	C2orf27A	hg38_genes_promoters	0.0970618926569455	0.8649895002592636	0
chr2	131646965	131647170	-0.015253	16	0.19106	0.20632	C2orf27A	hg38_genes_promoters	0.0413127611077126	1.1507236851865166	0
chr2	131591719	131591952	0.027691	10	0.7169	0.68921	POTEKP	hg38_genes_promoters	0.0177909164924714	1.4377597356894931	0
chr2	131590961	131591085	0.040522	11	0.78918	0.74866	POTEKP	hg38_genes_promoters	5.527249030406541e-05	3.4038035217663913	0
chr2	131444718	131444800	0.032679	10	0.8591	0.82642	NOC2LP2	hg38_genes_promoters	0.0002733693553954	2.8512760394731855	0
chr2	131217818	131217869	0.04488	10	0.7864	0.74152	POTEE	hg38_genes_promoters	2.248169969805018e-05	3.7223169058595884	0
chr2	131209124	131209239	0.018451	10	0.872	0.85355	POTEE	hg38_genes_promoters	0.211005057754897	0.5959225819848677	0
chr2	131038860	131039026	0.025463	10	0.8462	0.82074	ARHGEF4	hg38_genes_promoters	0.0026178686302271	2.0744405954032694	0
chr2	130916389	130916483	0.058344	13	0.17992	0.12158	ARHGEF4	hg38_genes_promoters	0.0001951473453304	2.966331014458268	0
chr2	130610982	130611048	0.05472	13	0.79915	0.74443	POTEJ	hg38_genes_promoters	4.5701867624777764e-07	5.120829123626768	1
chr2	130427858	130428014	0.022228	15	0.0512	0.028972	FAR2P2	hg38_genes_promoters	0.2439041789420043	0.5459326447586021	0
chr2	130427755	130427826	0.019095	10	0.0382	0.019105	FAR2P2	hg38_genes_promoters	0.8870674164277617	0.050641552100228734	0
chr2	130372434	130372558	0.012898	14	0.0335	0.020602	PTPN18	hg38_genes_promoters	0.0077187903710453	1.7144838294576552	0
chr2	130370558	130371407	0.025692	23	0.80978	0.78409	PTPN18	hg38_genes_promoters	0.0067892336724885	1.7591720722262385	0
chr2	132162505	132163040	0.036107	34	0.76926	0.73316	ANKRD30BL	hg38_genes_promoters	5.844017389619865e-10	7.612079919904185	1
chr2	130345596	130345687	-0.025542	10	0.8403	0.86584	IMP4	hg38_genes_promoters	2.022141004297768e-05	3.762854483216348	0
chr2	130342537	130342683	-0.011539	10	0.001	0.012539	IMP4	hg38_genes_promoters	7.815313836789347e-05	3.2816349957483566	0
chr2	130183722	130183971	-0.012348	10	0.837	0.84935	SMPD4	hg38_genes_promoters	0.0482973780614092	1.0995066358101797	0
chr2	130157390	130157750	0.027611	10	0.6984	0.67079	SMPD4	hg38_genes_promoters	0.0644477815005168	1.0021124331055649	0
chr2	130129640	130129755	0.050638	10	0.8256	0.77496	POTEF	hg38_genes_promoters	0.0039269753154285	1.9374017467161957	0
chr2	130121031	130121119	0.034346	14	0.76471	0.73037	POTEF	hg38_genes_promoters	0.0001724241359985	3.0086184474600524	0
chr2	129878284	129878362	0.030947	10	0.54	0.50905	LINC02572	hg38_genes_promoters	0.1691816368667014	0.6758522877501875	0
chr2	129878284	129878362	0.030947	10	0.54	0.50905	LOC105373616	hg38_genes_promoters	0.1691816368667014	0.6758522877501875	0
chr2	128178734	128179688	-0.022917	10	0.5934	0.61632	UGGT1	hg38_genes_promoters	0.5804024621964308	0.2247063390947016	0
chr2	128028080	128028146	-0.012544	10	0.0144	0.026944	SAP130	hg38_genes_promoters	0.000700652370113	2.524652647081095	0
chr2	127651478	127651602	0.015532	10	0.8569	0.84137	LIMS2	hg38_genes_promoters	0.0120329580073657	1.5695604850270064	0
chr2	127647012	127647525	-0.036016	10	0.5683	0.60432	LIMS2	hg38_genes_promoters	0.169408964626207	0.6754704173311293	0
chr2	127647012	127647525	-0.036016	10	0.5683	0.60432	GPR17	hg38_genes_promoters	0.169408964626207	0.6754704173311293	0
chr2	218680008	218680670	-0.022799	10	0.8581	0.8809	STK36	hg38_genes_promoters	0.0012650819709875	2.3221376149661923	0
chr2	127645508	127645723	0.013979	10	0.8564	0.84242	GPR17	hg38_genes_promoters	0.0887492582260668	0.8944191391850793	0
chr2	130342537	130342683	-0.011539	10	0.001	0.012539	CCDC115	hg38_genes_promoters	7.815313836789347e-05	3.2816349957483566	0
chr2	132256918	132257151	-0.020852	21	0.089714	0.11057	MIR663B	hg38_genes_promoters	0.0203554699729419	1.3925438350594366	0
chr2	133265693	133266172	0.025239	24	0.08175	0.056511	NCKAP5-AS2	hg38_genes_promoters	3.807627931641957e-05	3.5341823224708255	0
chr2	135819478	135819981	0.01798	21	0.83743	0.81945	LCT-AS1	hg38_genes_promoters	0.0707996066013136	0.9700934066660332	0
chr2	172743045	172743736	0.016173	10	0.8147	0.79853	RAPGEF4	hg38_genes_promoters	0.7925757698131011	0.09842183560829089	0
chr2	172087300	172087558	0.018981	17	0.081176	0.062195	DLX1	hg38_genes_promoters	0.0001877183878743	2.979733674607404	0
chr2	168802318	168802704	-0.016128	10	0.5457	0.56183	NOSTRIN	hg38_genes_promoters	0.3951563445234517	0.37291393809158574	0
chr2	165957233	165957400	0.054133	17	0.79088	0.73675	SCN1A-AS1	hg38_genes_promoters	0.0095644407660342	1.6452015298314546	0
chr2	165957233	165957400	0.054133	17	0.79088	0.73675	LOC102724058	hg38_genes_promoters	0.0095644407660342	1.6452015298314546	0
chr2	164955529	164956200	-0.036353	14	0.49243	0.52878	SLC38A11	hg38_genes_promoters	0.070504527557719	0.9714998004626576	0
chr2	164955344	164955497	-0.011303	12	0.086417	0.097719	SLC38A11	hg38_genes_promoters	0.0374389257041745	1.184928557542931	0
chr2	164955167	164955338	0.010779	11	0.16864	0.15786	SLC38A11	hg38_genes_promoters	0.6280393821033443	0.19358839854208612	0
chr2	162073592	162073734	-0.011889	10	0.0189	0.030789	DPP4	hg38_genes_promoters	0.0467746911957598	1.1104845277123496	0
chr2	161624126	161624628	-0.026478	12	0.14642	0.17289	SLC4A10	hg38_genes_promoters	0.0932123114716089	0.8781091684615279	0
chr2	161507837	161507875	0.013189	10	0.7724	0.75921	AHCTF1P1	hg38_genes_promoters	0.122958232199343	0.7853754192321145	0
chr2	161416949	161417262	-0.015805	17	0.069118	0.084923	TBR1	hg38_genes_promoters	0.0059224881353887	1.802459108052409	0
chr2	160408735	160408911	-0.025116	10	0.7802	0.80532	RBMS1	hg38_genes_promoters	0.002646541696504	2.0705959213824374	0
chr2	160408735	160408911	-0.025116	10	0.7802	0.80532	MIR4785	hg38_genes_promoters	0.002646541696504	2.0705959213824374	0
chr2	160271625	160271935	-0.027058	11	0.84209	0.86915	ITGB6	hg38_genes_promoters	0.0001978015868194	2.9622486652782003	0
chr2	160271625	160271935	-0.027058	11	0.84209	0.86915	LINC02478	hg38_genes_promoters	0.0001978015868194	2.9622486652782003	0
chr2	159147020	159147520	-0.016407	11	0.10809	0.1245	TANC1	hg38_genes_promoters	0.0061563560080512	1.7903408631669966	0
chr2	136118394	136118605	-0.010802	12	0.00275	0.013552	CXCR4	hg38_genes_promoters	5.306343360134331e-07	5.068276487667209	-1
chr2	143246188	143247158	-0.018877	10	0.7209	0.73978	ARHGAP15	hg38_genes_promoters	0.3809560980100938	0.3864650793390643	0
chr2	144522920	144523074	-0.014995	10	0.0879	0.10289	LINC01412	hg38_genes_promoters	0.500511762375254	0.28289731495105824	0
chr2	146587245	146587376	-0.013211	13	0.85177	0.86498	PABPC1P2	hg38_genes_promoters	0.0032891186146315	1.9974293660552946	0
chr2	147843888	147843947	-0.011073	13	0.0034615	0.014534	ACVR2A	hg38_genes_promoters	6.288101151585002e-11	8.498834573884439	-1
chr2	173354852	173354938	-0.01195	10	0.0174	0.02935	CDCA7	hg38_genes_promoters	0.0052105934247799	1.8455200057822676	0
chr2	150485659	150485817	-0.012732	10	0.0139	0.026632	RND3	hg38_genes_promoters	0.0001700517540348	3.0125422105239634	0
chr2	152718007	152718198	-0.010439	10	0.0057	0.016139	PRPF40A	hg38_genes_promoters	7.1928457415661756e-09	6.646266487309462	-1
chr2	153871557	153871737	-0.010668	20	0.0102	0.020868	GALNT13	hg38_genes_promoters	2.6952427310556923e-08	6.146895997934159	-1
chr2	156435276	156435650	-0.019225	12	0.037917	0.057141	GPD2	hg38_genes_promoters	0.0116745845754524	1.5785392226927206	0
chr2	157838201	157838701	-0.030342	10	0.0419	0.072242	ACVR1	hg38_genes_promoters	0.00872892083514	1.6749785484133046	0
chr2	158631729	158631929	-0.017684	10	0.891	0.90868	PKP4	hg38_genes_promoters	5.4172047523220415e-05	3.410712083587152	0
chr2	158968630	158968706	-0.011674	10	0.0058	0.017474	TANC1	hg38_genes_promoters	2.148949420887721e-08	6.230829932671384	-1
chr2	152718007	152718198	-0.010439	10	0.0057	0.016139	ARL6IP6	hg38_genes_promoters	7.1928457415661756e-09	6.646266487309462	-1
chr2	218692159	218692714	-0.011674	10	0.8568	0.86847	STK36	hg38_genes_promoters	0.0111281228576059	1.59434077517538	0
chr2	237334640	237334877	0.022637	10	0.8659	0.84326	COL6A3	hg38_genes_promoters	0.0108853069393465	1.602071580646803	0
chr2	219058959	219059074	-0.011811	10	0.0254	0.037211	MIR3131	hg38_genes_promoters	0.0053650941739563	1.8362669584783042	0
chr2	240557394	240557473	0.054068	10	0.2947	0.24063	ANKMY1	hg38_genes_promoters	0.0011477519774905	2.355856358171136	0
chr2	240462507	240462794	0.031168	10	0.8438	0.81263	GPC1	hg38_genes_promoters	0.0001511888488936	3.053593436400134	0
chr2	240453971	240454038	-0.013807	12	0.031833	0.045641	GPC1	hg38_genes_promoters	0.0070483714212757	1.7455190432054304	0
chr2	240145358	240145692	0.066757	13	0.81392	0.74717	OTOS	hg38_genes_promoters	6.412543537415581e-05	3.34953714267592	0
chr2	240145024	240145339	0.021048	12	0.79342	0.77237	OTOS	hg38_genes_promoters	0.0836165132783227	0.9141373057652334	0
chr2	240136771	240137092	-0.032105	24	0.083958	0.11606	COPS9	hg38_genes_promoters	0.0160936791777489	1.4719266819956398	0
chr2	240134967	240135364	0.011049	13	0.83546	0.82441	COPS9	hg38_genes_promoters	0.2439716358446814	0.5458753299635561	0
chr2	239762406	239762812	-0.017646	10	0.8049	0.82255	LOC150935	hg38_genes_promoters	0.04774101140536	1.1035625323168463	0
chr2	239154969	239155215	-0.011063	10	0.7872	0.79826	HDAC4	hg38_genes_promoters	0.0636366053803686	1.0063648290930967	0
chr2	239108177	239108327	0.018868	10	0.8075	0.78863	HDAC4	hg38_genes_promoters	0.0436921801822643	1.131985635769531	0
chr2	239103176	239103757	-0.017294	17	0.85241	0.86971	HDAC4	hg38_genes_promoters	0.0044933828737583	1.8929463142239884	0
chr2	239085871	239086002	-0.034181	10	0.8485	0.88268	MIR4441	hg38_genes_promoters	5.137492075047974e-05	3.4301471401067483	0
chr2	239081939	239082288	-0.012913	18	0.85467	0.86758	HDAC4	hg38_genes_promoters	0.0096431040982795	1.6430116959295902	0
chr2	239067471	239067664	-0.022826	10	0.7217	0.74453	HDAC4	hg38_genes_promoters	0.0676229823733236	0.9852228747627166	0
chr2	240565399	240565796	0.027902	15	0.089867	0.061965	RNPEPL1	hg38_genes_promoters	0.0015570513025355	2.2498199113665605	0
chr2	238847122	238847255	-0.012817	17	0.032353	0.04517	TWIST2	hg38_genes_promoters	0.0002250373172442	2.9170734947389083	0
chr2	238278358	238279109	-0.016999	14	0.83186	0.84886	PER2	hg38_genes_promoters	0.023728044831293	1.3404970186304566	0
chr2	238263301	238263811	-0.016568	10	0.2168	0.23337	PER2	hg38_genes_promoters	0.1798148036119301	0.6535877975712201	0
chr2	238174452	238174921	-0.015674	10	0.8508	0.86647	ILKAP	hg38_genes_promoters	0.0230759390774326	1.3500429397666114	0
chr2	238164281	238164505	0.035348	21	0.41329	0.37794	ERFE	hg38_genes_promoters	0.0877605858724283	0.8978899035250377	0
chr2	238164178	238164274	0.01593	14	0.063643	0.047713	ERFE	hg38_genes_promoters	0.0023022815062647	2.1181093868254686	0
chr2	238128329	238128720	0.06484	18	0.69483	0.62999	ESPNL	hg38_genes_promoters	4.843268923197318e-06	4.2737915863962925	0
chr2	238081443	238082127	-0.028131	29	0.81724	0.84537	SCLY	hg38_genes_promoters	9.218951578180317e-08	5.694400395248442	-1
chr2	237798914	237799248	0.062477	42	0.78817	0.72569	RBM44	hg38_genes_promoters	2.245146089927852e-22	19.103717341010444	1
chr2	237579797	237580371	-0.020583	10	0.7789	0.79948	RAB17	hg38_genes_promoters	0.0755812300755708	0.9481779426550717	0
chr2	237527366	237527548	-0.026587	10	0.8459	0.87249	MLPH	hg38_genes_promoters	7.940565985447143e-05	3.277601338147216	0
chr2	237344541	237344826	-0.04417	11	0.5	0.54417	COL6A3	hg38_genes_promoters	0.1070564752014807	0.8322179261329216	0
chr2	236214533	236214616	0.039734	16	0.22819	0.18845	ASB18	hg38_genes_promoters	0.0001113929458903	3.1542644462219322	0
chr2	236167980	236168040	-0.016447	12	0.025833	0.042281	GBX2	hg38_genes_promoters	1.4218496947418912e-05	3.884863093525337	0
chr2	236040245	236040754	-0.022185	12	0.796	0.81818	AGAP1	hg38_genes_promoters	0.0071436666478225	1.7409198524496008	0
chr2	238397230	238397528	-0.019595	10	0.8103	0.82989	TRAF3IP1	hg38_genes_promoters	0.0469361952083078	1.1098265662407407	0
chr2	240572910	240573243	0.026626	19	0.80779	0.78116	RNPEPL1	hg38_genes_promoters	0.0002375152478631	2.90052758202727	0
chr2	240585863	240585999	-0.010005	10	0.0095	0.019505	CAPN10	hg38_genes_promoters	0.0182526587196113	1.4285050724627493	0
chr2	240585863	240585999	-0.010005	10	0.0095	0.019505	GPR35	hg38_genes_promoters	0.0182526587196113	1.4285050724627493	0
chr2	127644277	127644634	-0.0231	10	0.7649	0.788	LIMS2	hg38_genes_promoters	0.0065244775028688	1.7721832158128146	0
chr2	241666729	241666874	0.019513	12	0.86425	0.84474	ATG4B	hg38_genes_promoters	0.0041268912769704	1.9214996297049471	0
chr2	241558682	241558822	-0.011279	13	0.022077	0.033356	BOK	hg38_genes_promoters	0.0002054993955847	2.9465575318983546	0
chr2	241500199	241500804	-0.025432	14	0.84464	0.87008	STK25	hg38_genes_promoters	3.375441815409334e-07	5.2292356300797955	-1
chr2	241492993	241493416	-0.011394	10	0.8587	0.87009	FARP2	hg38_genes_promoters	0.0786616953644179	0.934504339441301	0
chr2	241462054	241462577	-0.012202	13	0.84646	0.85866	FARP2	hg38_genes_promoters	0.1571914209720614	0.7015755456726428	0
chr2	241372422	241372796	-0.014747	10	0.8132	0.82795	LOC105373973	hg38_genes_promoters	0.1104310915196516	0.8225378067133584	0
chr2	241372422	241372796	-0.014747	10	0.8132	0.82795	FARP2	hg38_genes_promoters	0.1104310915196516	0.8225378067133584	0
chr2	241355425	241355527	-0.032053	10	0.431	0.46305	FARP2	hg38_genes_promoters	0.0218555141612449	1.368253949529057	0
chr2	241302827	241303638	-0.015798	13	0.73246	0.74826	HDLBP	hg38_genes_promoters	0.1549610595400074	0.7064003582506397	0
chr2	241263053	241263861	-0.01887	12	0.85142	0.87029	HDLBP	hg38_genes_promoters	0.0076827958939096	1.716109847997131	0
chr2	241256262	241256577	-0.018795	10	0.8571	0.87589	HDLBP	hg38_genes_promoters	0.0041338368699839	1.921023640053606	0
chr2	241251477	241251638	-0.017353	10	0.8597	0.87705	HDLBP	hg38_genes_promoters	0.0112532308927962	1.5904230790657246	0
chr2	241242536	241242863	-0.024079	10	0.7515	0.77558	HDLBP	hg38_genes_promoters	0.0987575587174654	0.8598201509720534	0
chr2	241217502	241217588	-0.0102	10	0.0188	0.029	ANO7	hg38_genes_promoters	0.033403819218285	1.221781040907992	0
chr2	241198933	241199133	-0.0163	10	0.8407	0.857	ANO7	hg38_genes_promoters	0.0066432176313404	1.7672316843405198	0
chr2	241141373	241141670	-0.014899	12	0.86808	0.88298	PASK	hg38_genes_promoters	0.0027249141744621	2.0605464828009894	0
chr2	240589442	240589731	0.036874	10	0.8134	0.77653	CAPN10	hg38_genes_promoters	0.0006023137207047	2.5768106852830504	0
chr2	240594718	240595103	0.016714	14	0.84386	0.82714	CAPN10	hg38_genes_promoters	0.0367506727393293	1.191387029242641	0
chr2	240596845	240597263	0.017647	14	0.82186	0.80421	GPR35	hg38_genes_promoters	0.0310435599023874	1.2471419559807735	0
chr2	240604445	240604950	-0.047285	10	0.4936	0.54088	GPR35	hg38_genes_promoters	0.2126052845133674	0.5936545796217587	0
chr2	240722372	240722576	0.019923	11	0.80145	0.78153	KIF1A	hg38_genes_promoters	0.0387605898851712	1.1736022743907022	0
chr2	240781990	240782138	0.018409	18	0.83856	0.82015	KIF1A	hg38_genes_promoters	0.0001158042879352	3.1431186210345015	0
chr2	235523907	235524149	0.026732	10	0.8441	0.81737	AGAP1	hg38_genes_promoters	0.0002221467138078	2.920944814785327	0
chr2	240932191	240932399	0.023468	10	0.8531	0.82963	CROCC2	hg38_genes_promoters	0.0041549725995237	1.9193351772764387	0
chr2	241034616	241034708	-0.020726	10	0.8298	0.85053	SNED1	hg38_genes_promoters	0.0012981601994455	2.3131515195438377	0
chr2	241034719	241035712	0.021203	36	0.77297	0.75177	SNED1	hg38_genes_promoters	0.0176472846552067	1.4406171207016236	0
chr2	241036852	241037106	0.054826	10	0.6973	0.64247	SNED1	hg38_genes_promoters	0.0054660574441292	1.8302131723342066	0
chr2	241062578	241062888	0.024895	10	0.825	0.80011	SNED1	hg38_genes_promoters	0.0858267586035378	0.9057004425655136	0
chr2	241065022	241065228	0.010921	10	0.8615	0.85058	SNED1-AS1	hg38_genes_promoters	0.1388494165752557	0.7447596351920743	0
chr2	241134470	241134923	-0.014944	15	0.83627	0.85121	PASK	hg38_genes_promoters	0.0355218688204765	1.2021790862064037	0
chr2	240960584	240960803	-0.010091	15	0.0222	0.032291	UICLM	hg38_genes_promoters	0.000263016396887	2.8638630842866557	0
chr2	234993819	234994507	0.017748	10	0.7339	0.71615	SH3BP4	hg38_genes_promoters	0.4833517834836111	0.2959688307277668	0
chr2	234981096	234981733	-0.05426	17	0.32088	0.37514	SH3BP4	hg38_genes_promoters	0.0044839397688329	1.8935142095854707	0
chr2	234978419	234979015	-0.023581	25	0.43036	0.45394	SH3BP4	hg38_genes_promoters	0.2103763241508845	0.5968303018640447	0
chr2	226835397	226835560	0.034221	10	0.2358	0.20158	RHBDD1	hg38_genes_promoters	0.0011988957112194	2.3400811862174313	0
chr2	225399548	225400416	-0.018774	13	0.32708	0.34585	NYAP2	hg38_genes_promoters	0.8040135852466161	0.09225338111292292	0
chr2	223051682	223051921	-0.033256	10	0.6909	0.72416	KCNE4	hg38_genes_promoters	0.0103248906180026	1.6200451952526775	0
chr2	222424207	222424317	-0.010026	13	0.020619	0.030645	SGPP2	hg38_genes_promoters	0.0066527600697425	1.7667467681588611	0
chr2	222294153	222294363	0.01443	13	0.070923	0.056494	PAX3	hg38_genes_promoters	0.3412933964176369	0.4270430428631253	0
chr2	221569444	221569777	0.022858	13	0.34185	0.31899	EPHA4	hg38_genes_promoters	0.2816794272602982	0.4941252166317053	0
chr2	219729122	219729594	-0.061009	10	0.5259	0.58691	LINC02832	hg38_genes_promoters	0.0435054822326271	1.1336634994620916	0
chr2	219685043	219685529	-0.072437	10	0.1683	0.24074	LINC02832	hg38_genes_promoters	5.122004153572118e-05	3.430541818399652	0
chr2	219631047	219631243	0.028095	10	0.8517	0.82361	SLC4A3	hg38_genes_promoters	0.0121599052097398	1.5656908030300398	0
chr2	219630073	219630962	0.019061	24	0.78083	0.76177	SLC4A3	hg38_genes_promoters	0.0119712094961029	1.571245055761891	0
chr2	219608067	219608302	0.011804	10	0.758	0.7462	STK11IP	hg38_genes_promoters	0.2515324115351837	0.5350621592403197	0
chr2	219563393	219563537	-0.011579	12	0.84333	0.85491	OBSL1	hg38_genes_promoters	0.0645107461016904	1.0018814014412318	0
chr2	219559322	219559745	-0.011445	13	0.85169	0.86314	OBSL1	hg38_genes_promoters	0.0790718576597862	0.9326433690409355	0
chr2	219497226	219497344	-0.031937	10	0.1168	0.14874	SPEGNB	hg38_genes_promoters	0.0188742151736238	1.4173573861713284	0
chr2	219444034	219444712	-0.033408	17	0.76429	0.7977	SPEG	hg38_genes_promoters	0.0020425239759103	2.1607373866481736	0
chr2	219424327	219424785	-0.022264	11	0.77591	0.79817	DES	hg38_genes_promoters	0.0172956322131486	1.447141080129074	0
chr2	219381687	219382084	0.016014	11	0.83027	0.81426	DNPEP	hg38_genes_promoters	0.4350537408159024	0.33630407564224174	0
chr2	219125236	219125867	-0.028771	10	0.459	0.48777	NHEJ1	hg38_genes_promoters	0.3323846411519852	0.4366378844802763	0
chr2	219178209	219178269	-0.011585	10	0.01299	0.024575	RETREG2	hg38_genes_promoters	0.0328720356769658	1.2269093057312759	0
chr2	219178209	219178269	-0.011585	10	0.01299	0.024575	CNPPD1	hg38_genes_promoters	0.0328720356769658	1.2269093057312759	0
chr2	219214142	219214433	-0.015615	13	0.87592	0.89154	ABCB6	hg38_genes_promoters	0.0030306377138346	2.025335084284719	0
chr2	219216119	219216406	0.039351	12	0.86317	0.82382	ABCB6	hg38_genes_promoters	2.3934341366130024e-07	5.355686740053739	1
chr2	219222259	219222458	0.034926	10	0.8494	0.81447	ATG9A	hg38_genes_promoters	5.659372665885508e-05	3.3939284225081017	0
chr2	226835603	226835680	0.019358	10	0.0392	0.019842	RHBDD1	hg38_genes_promoters	1.1296470854311222e-06	4.79844594627848	0
chr2	219223960	219224535	0.015996	25	0.82128	0.80528	ATG9A	hg38_genes_promoters	0.0078304582373453	1.7100338161196915	0
chr2	219243544	219243788	-0.072968	13	0.29169	0.36466	GLB1L	hg38_genes_promoters	5.0688223688546845e-06	4.255794526187036	0
chr2	219253215	219253303	0.030904	10	0.0452	0.014296	TUBA4B	hg38_genes_promoters	0.0001281016082645	3.1080083147355078	0
chr2	219253215	219253303	0.030904	10	0.0452	0.014296	TUBA4A	hg38_genes_promoters	0.0001281016082645	3.1080083147355078	0
chr2	219297362	219298171	0.025683	15	0.83407	0.80838	PTPRN	hg38_genes_promoters	0.0028847195095202	2.0408825409299287	0
chr2	219299465	219300558	0.016233	13	0.72	0.70377	PTPRN	hg38_genes_promoters	0.245330600860417	0.5440275755890822	0
chr2	219309528	219309986	-0.025465	12	0.26383	0.2893	PTPRN	hg38_genes_promoters	0.2558860692297193	0.529291698182242	0
chr2	219234510	219235275	-0.012518	10	0.8476	0.86012	ANKZF1	hg38_genes_promoters	0.0522698605801965	1.0736921181995949	0
chr2	218881931	218882320	-0.010489	10	0.6333	0.64379	WNT10A	hg38_genes_promoters	0.5785329320305357	0.2258863159005661	0
chr2	227325273	227325404	-0.030498	15	0.013467	0.043965	MFF-DT	hg38_genes_promoters	0.1353725222489934	0.7534643937469254	0
chr2	227617680	227617956	0.017895	10	0.8109	0.793	LOC729968	hg38_genes_promoters	0.0821094255247677	0.919913869215731	0
chr2	233840649	233841063	-0.032216	10	0.8619	0.89412	HJURP	hg38_genes_promoters	2.981462962379645e-07	5.275860544682095	-1
chr2	233759596	233760219	-0.029669	13	0.80062	0.83028	UGT1A1	hg38_genes_promoters	5.398418174330322e-05	3.4117338986837566	0
chr2	233481861	233482132	0.026191	11	0.82418	0.79799	USP40	hg38_genes_promoters	0.3684137386316968	0.3986015630899829	0
chr2	233457346	233457936	0.019637	10	0.8649	0.84526	DGKD	hg38_genes_promoters	0.0038293273797519	1.9464333136318566	0
chr2	233446674	233447077	0.019964	16	0.86819	0.84822	DGKD	hg38_genes_promoters	0.0030994956589286	2.018173982239378	0
chr2	233387600	233387996	-0.02866	13	0.61069	0.63935	DGKD	hg38_genes_promoters	0.0351399670700388	1.205921141589865	0
chr2	233353635	233353844	-0.029211	10	0.199	0.22821	DGKD	hg38_genes_promoters	0.1250261159050632	0.7794936038537794	0
chr2	233334237	233334630	0.024289	10	0.6125	0.58821	SAG	hg38_genes_promoters	0.4339470002740522	0.33712500397375156	0
chr2	233306473	233306904	-0.011906	11	0.83964	0.85154	SAG	hg38_genes_promoters	0.0776684784225492	0.9392148673944009	0
chr2	233169156	233169645	-0.0155	10	0.8135	0.829	INPP5D	hg38_genes_promoters	0.0727203807645991	0.9608106400761365	0
chr2	233012234	233012673	-0.016174	10	0.0453	0.061474	LOC101928881	hg38_genes_promoters	0.1882330031582816	0.6363019715074176	0
chr2	232891224	232891588	0.032374	10	0.5449	0.51253	NGEF	hg38_genes_promoters	0.2982285570456815	0.4749907496684469	0
chr2	232870109	232870319	0.018844	10	0.7897	0.77086	SNORC	hg38_genes_promoters	0.0904287524687358	0.8884376212591382	0
chr2	232662252	232662694	0.020947	10	0.84	0.81905	EFHD1	hg38_genes_promoters	0.0454298492888144	1.1189163138833742	0
chr2	232388024	232388203	0.054898	14	0.806	0.7511	ECEL1P2	hg38_genes_promoters	2.6382357426853193e-09	7.039276431642259	1
chr2	232334396	232334576	-0.028379	10	0.8342	0.86258	DIS3L2	hg38_genes_promoters	1.4803361632590986e-05	3.873725220661896	0
chr2	231892269	231892622	-0.012853	10	0.8572	0.87005	MIR1471	hg38_genes_promoters	0.0283055704087583	1.2794519213107793	0
chr2	227717998	227718259	-0.014235	15	0.0628	0.077035	SLC19A3	hg38_genes_promoters	0.0586211925589191	1.0344494221827425	0
chr2	227871580	227871669	-0.014154	13	0.024	0.038154	DAW1	hg38_genes_promoters	0.017431255091114	1.4447766818272247	0
chr2	228181707	228181920	-0.017708	20	0.05045	0.068158	SPHKAP	hg38_genes_promoters	9.641635535594806e-06	4.025010611507186	0
chr2	230124362	230125004	-0.037324	10	0.1826	0.21992	LOC107985997	hg38_genes_promoters	0.0813744601485035	0.9231086795484342	0
chr2	230203103	230203545	-0.017726	15	0.82413	0.84186	SP140	hg38_genes_promoters	0.0002606334205155	2.866694320476429	0
chr2	230400102	230400901	-0.029158	13	0.55546	0.58462	SP140L	hg38_genes_promoters	0.2595214882177478	0.5241588274873862	0
chr2	227325273	227325404	-0.030498	15	0.013467	0.043965	MFF	hg38_genes_promoters	0.1353725222489934	0.7534643937469254	0
chr2	230414897	230415383	0.012877	10	0.817	0.80412	SP100	hg38_genes_promoters	0.8979561037028475	0.045451065544721767	0
chr2	231270726	231271058	-0.010722	12	0.85375	0.86447	ARMC9	hg38_genes_promoters	0.092559688428232	0.8800121406221613	0
chr2	231370101	231370623	-0.011531	12	0.66242	0.67395	ARMC9	hg38_genes_promoters	0.5919351591467155	0.21704505937426283	0
chr2	231388437	231388683	-0.026851	12	0.10767	0.13452	ARMC9	hg38_genes_promoters	0.0010938923174308	2.3731572528583973	0
chr2	231461459	231462014	-0.023847	10	0.7576	0.78145	NCL	hg38_genes_promoters	0.0211119576294683	1.380747349496687	0
chr2	231483280	231483920	-0.073234	44	0.28014	0.35337	NCL	hg38_genes_promoters	1.5989810344750682e-16	13.528416109815675	-1
chr2	231712835	231712972	0.051742	10	0.2853	0.23356	MIR1244-1	hg38_genes_promoters	0.0095885431447303	1.6447450004914885	0
chr2	230872052	230873026	-0.011139	17	0.79753	0.80867	ITM2C	hg38_genes_promoters	0.1948521498989719	0.6247702179115954	0
chr2	127640272	127640669	0.014066	10	0.7895	0.77543	LIMS2	hg38_genes_promoters	0.1882148755774645	0.6363019715074176	0
chr2	95273540	95274957	-0.020274	28	0.76861	0.78888	PROM2	hg38_genes_promoters	0.0003450504915803	2.7704600410470914	0
chr2	127504902	127505308	0.023074	10	0.8376	0.81453	IWS1	hg38_genes_promoters	0.0514710469843564	1.0794043709785808	0
chr2	39779285	39779595	0.010542	10	0.0631	0.052558	THUMPD2	hg38_genes_promoters	0.0406548662316026	1.1565888871016698	0
chr2	38960524	38960570	0.021504	14	0.087857	0.066353	LOC375196	hg38_genes_promoters	5.756844550161888e-06	4.215004579270677	0
chr2	38960524	38960570	0.021504	14	0.087857	0.066353	ARHGEF33	hg38_genes_promoters	5.756844550161888e-06	4.215004579270677	0
chr2	38751710	38751982	0.0254	10	0.2174	0.192	SRSF7	hg38_genes_promoters	0.059353916146469	1.0302405959911491	0
chr2	38602971	38603020	-0.017084	10	0.0096	0.026684	HNRNPLL	hg38_genes_promoters	1.4275235372652426e-08	6.390437268280989	-1
chr2	38515522	38515720	0.014037	10	0.8623	0.84826	LINC02613	hg38_genes_promoters	0.0882447531272121	0.8959658404606462	0
chr2	38377305	38377367	-0.014231	10	0.0065	0.020731	ATL2	hg38_genes_promoters	0.0003684654691327	2.7485123134836975	0
chr2	38239749	38240382	0.030547	13	0.84885	0.8183	LOC102723739	hg38_genes_promoters	0.4171771624789738	0.3520668308124029	0
chr2	37157379	37157702	-0.029616	10	0.3887	0.41832	EIF2AK2	hg38_genes_promoters	0.294806126696551	0.4789744094481582	0
chr2	37148847	37149189	-0.043666	10	0.8364	0.88007	EIF2AK2	hg38_genes_promoters	0.0006244179010115	2.5632841006168006	0
chr2	36645967	36646595	-0.048091	10	0.5092	0.55729	FEZ2	hg38_genes_promoters	0.1436501649421149	0.7333461147568856	0
chr2	36368197	36368533	-0.013126	10	0.7934	0.80653	CRIM1	hg38_genes_promoters	0.3692962045699368	0.39788822289739045	0
chr2	33133386	33134657	-0.046287	25	0.20156	0.24785	LTBP1	hg38_genes_promoters	0.0022840527805698	2.120502937725072	0
chr2	32258212	32258323	0.015498	10	0.8664	0.8509	NLRC4	hg38_genes_promoters	0.0491154104242314	1.0938048573590704	0
chr2	40452391	40452466	-0.010268	11	0.0050909	0.015359	SLC8A1	hg38_genes_promoters	5.348828645674461e-08	5.891969339302433	-1
chr2	31581113	31581260	0.040689	10	0.2319	0.19121	SRD5A2	hg38_genes_promoters	0.0146225399638853	1.5055881853981234	0
chr2	29017858	29018039	-0.028621	10	0.6388	0.66742	TOGARAM2	hg38_genes_promoters	0.0944132133191197	0.8740761871937872	0
chr2	28981165	28981919	0.013717	15	0.8232	0.80948	TOGARAM2	hg38_genes_promoters	0.1364681763294047	0.7507344843968659	0
chr2	28603862	28604373	0.026895	12	0.674	0.64711	PLB1	hg38_genes_promoters	0.0902763525775267	0.889093188255849	0
chr2	28394603	28394898	-0.017987	10	0.0774	0.095387	FOSL2-AS1	hg38_genes_promoters	0.0428577293012041	1.138355474314831	0
chr2	28394603	28394898	-0.017987	10	0.0774	0.095387	FOSL2	hg38_genes_promoters	0.0428577293012041	1.138355474314831	0
chr2	27627070	27627931	-0.029189	12	0.39417	0.42336	GPN1	hg38_genes_promoters	0.2408667614452425	0.5501804270878891	0
chr2	27581654	27582153	0.023343	12	0.871	0.84766	ZNF512	hg38_genes_promoters	0.0145593885991784	1.5072379575060844	0
chr2	27496347	27497334	-0.041067	14	0.57157	0.61264	GCKR	hg38_genes_promoters	0.0742640492530232	0.9539711004541653	0
chr2	27442346	27442527	0.123861	22	0.47414	0.35028	KRTCAP3	hg38_genes_promoters	8.837630729094238e-11	8.359085863786214	1
chr2	27393338	27393396	0.023111	10	0.8749	0.85179	FTH1P3	hg38_genes_promoters	0.0001601764264916	3.033520928346155	0
chr2	27304658	27305108	-0.024005	10	0.8271	0.85111	TRIM54	hg38_genes_promoters	0.0102774711975692	1.6215521419498242	0
chr2	27275446	27275643	-0.019342	10	0.8105	0.82984	SLC30A3	hg38_genes_promoters	0.0047063560038996	1.8781284819415587	0
chr2	27275446	27275643	-0.019342	10	0.8105	0.82984	DNAJC5G	hg38_genes_promoters	0.0047063560038996	1.8781284819415587	0
chr2	27241874	27242081	-0.031806	10	0.8303	0.86211	CAD	hg38_genes_promoters	0.0003277908070862	2.787688190745199	0
chr2	30136721	30137407	-0.029816	10	0.68	0.70982	LOC101929418	hg38_genes_promoters	0.0528237796690938	1.0699454885406159	0
chr2	41933779	41934756	-0.010434	14	0.71171	0.72215	LINC01914	hg38_genes_promoters	0.3985805777841253	0.36984938938122836	0
chr2	42054735	42055071	0.015029	10	0.845	0.82997	PKDCC	hg38_genes_promoters	0.0998731480305235	0.8560136555659407	0
chr2	42793279	42793456	-0.01553	15	0.031067	0.046596	HAAO	hg38_genes_promoters	2.7176798722571903e-05	3.6551094670367963	0
chr2	66433350	66433503	-0.012212	13	0.0036154	0.015827	MEIS1-AS3	hg38_genes_promoters	0.0049488066287829	1.8623280282619208	0
chr2	66433350	66433503	-0.012212	13	0.0036154	0.015827	MEIS1	hg38_genes_promoters	0.0049488066287829	1.8623280282619208	0
chr2	65344734	65344879	-0.040368	10	0.516	0.55637	SPRED2	hg38_genes_promoters	0.1311446121289563	0.7634397807591027	0
chr2	64644517	64644838	-0.023948	10	0.009	0.032948	LOC105374775	hg38_genes_promoters	0.0001426151428473	3.0719682391384904	0
chr2	64485865	64486376	-0.019657	10	0.6546	0.67426	LINC01805	hg38_genes_promoters	0.383048613316613	0.38457798468370563	0
chr2	63048635	63048702	-0.022706	12	0.060583	0.083289	EHBP1-AS1	hg38_genes_promoters	0.0004407034479283	2.6878862248634587	0
chr2	63044573	63045147	0.013652	19	0.86553	0.85187	EHBP1	hg38_genes_promoters	0.05672127810315	1.0458644580363012	0
chr2	62461651	62462934	-0.014087	13	0.824	0.83809	LOC105374764	hg38_genes_promoters	0.0508017101613924	1.082993937407639	0
chr2	62194935	62195317	0.036918	29	0.47683	0.43991	B3GNT2	hg38_genes_promoters	0.0086445072765765	1.678421755888887	0
chr2	60535763	60536704	-0.019978	12	0.77767	0.79764	BCL11A	hg38_genes_promoters	0.1295734728794698	0.7673984646002867	0
chr2	60528765	60529369	0.022626	10	0.4821	0.45947	BCL11A	hg38_genes_promoters	0.3722896933667152	0.39467227667618104	0
chr2	60383221	60384035	-0.021615	11	0.34364	0.36525	MIR4432HG	hg38_genes_promoters	0.4182630970732962	0.3511671987221792	0
chr2	59733281	59733546	0.013116	10	0.8588	0.84568	LOC105374754	hg38_genes_promoters	0.116156933042072	0.8055348780637411	0
chr2	58460751	58460933	-0.011687	16	0.86644	0.87812	LINC01122	hg38_genes_promoters	0.0117784888775697	1.5760275609329983	0
chr2	55112484	55113004	-0.034897	10	0.2459	0.2808	RTN4	hg38_genes_promoters	0.075638268754362	0.9480107819512168	0
chr2	54455127	54455381	-0.013168	10	0.0272	0.040368	SPTBN1	hg38_genes_promoters	0.2577758068325595	0.5264691313418025	0
chr2	53859769	53859923	0.038491	15	0.78267	0.74418	GPR75-ASB3	hg38_genes_promoters	2.984188457486056e-06	4.455828760554228	0
chr2	43039703	43040127	0.039028	10	0.5459	0.50687	LINC01819	hg38_genes_promoters	0.3296463216552211	0.4394019534773953	0
chr2	43596568	43597018	-0.045878	10	0.3374	0.38328	THADA	hg38_genes_promoters	0.2024762100748632	0.6113237348914935	0
chr2	44940302	44941095	-0.021706	19	0.083684	0.10539	SIX3	hg38_genes_promoters	0.0030085760109039	2.0273336695838737	0
chr2	46296321	46296438	0.030542	10	0.5247	0.49416	EPAS1	hg38_genes_promoters	0.0836908900803161	0.9138304472225313	0
chr2	46375567	46375857	0.029482	10	0.8552	0.82572	EPAS1	hg38_genes_promoters	0.0053690246877212	1.8360951588461323	0
chr2	46379648	46380228	-0.02105	10	0.791	0.81205	EPAS1	hg38_genes_promoters	0.0285171539774528	1.2768168165573235	0
chr2	27240936	27241761	0.011548	19	0.85795	0.8464	CAD	hg38_genes_promoters	0.280332519964715	0.495777871257944	0
chr2	46429030	46429399	0.013625	15	0.88113	0.86751	LINC02583	hg38_genes_promoters	0.0275388384225012	1.2888727588356899	0
chr2	47155413	47155600	-0.032321	10	0.7791	0.81142	STPG4	hg38_genes_promoters	0.0328972868575181	1.2266729268338192	0
chr2	48755587	48755661	-0.011679	10	0.0529	0.064579	LHCGR	hg38_genes_promoters	0.0308078454685033	1.2495034911645928	0
chr2	49974184	49974367	-0.016095	10	0.2398	0.25589	NRXN1	hg38_genes_promoters	0.548638115735272	0.2465991681215126	0
chr2	50620580	50620998	-0.028394	10	0.7985	0.82689	LOC101927089	hg38_genes_promoters	0.0012962570058776	2.313587023648817	0
chr2	50620580	50620998	-0.028394	10	0.7985	0.82689	NRXN1	hg38_genes_promoters	0.0012962570058776	2.313587023648817	0
chr2	51027810	51027937	0.023259	12	0.83975	0.81649	NRXN1	hg38_genes_promoters	5.02771672395056e-07	5.088219698892061	1
chr2	47033365	47033989	0.018719	12	0.82267	0.80395	TTC7A	hg38_genes_promoters	0.0727936970756679	0.9605481303587682	0
chr2	27239125	27239475	-0.016102	14	0.85736	0.87346	CAD	hg38_genes_promoters	0.0075497471679135	1.7217574078929703	0
chr2	27232138	27232787	-0.010974	12	0.8735	0.88447	CAD	hg38_genes_promoters	0.0052147396576628	1.8455200057822676	0
chr2	27204350	27204827	0.031826	10	0.8893	0.85747	SLC5A6	hg38_genes_promoters	0.0002212723834549	2.9214931649513836	0
chr2	11786689	11786896	-0.018532	10	0.8201	0.83863	LPIN1	hg38_genes_promoters	0.0092561059876777	1.6557830782714411	0
chr2	11587121	11587640	-0.019403	12	0.82908	0.84849	GREB1	hg38_genes_promoters	0.0611645987155576	1.0197648656507472	0
chr2	11556215	11556569	-0.011637	10	0.2061	0.21774	GREB1	hg38_genes_promoters	0.4354711385070312	0.3359446413421732	0
chr2	11541586	11542338	-0.021348	12	0.65925	0.6806	MIR4429	hg38_genes_promoters	0.2283267222636417	0.5687800239656637	0
chr2	11541586	11542338	-0.021348	12	0.65925	0.6806	GREB1	hg38_genes_promoters	0.2283267222636417	0.5687800239656637	0
chr2	11154228	11154459	-0.102911	12	0.47625	0.57916	SLC66A3	hg38_genes_promoters	3.116919842547726e-05	3.6068025364162	0
chr2	11132156	11132550	-0.057955	14	0.624	0.68195	FLJ33534	hg38_genes_promoters	0.000778069690949	2.489141834101015	0
chr2	11132156	11132550	-0.057955	14	0.624	0.68195	C2orf50	hg38_genes_promoters	0.000778069690949	2.489141834101015	0
chr2	10778090	10778529	-0.012305	15	0.82047	0.83277	ATP6V1C2	hg38_genes_promoters	0.0193538830302594	1.4088515886031583	0
chr2	10721163	10721303	0.017389	10	0.0516	0.034211	ATP6V1C2	hg38_genes_promoters	0.0002203567377678	2.9227107073558054	0
chr2	10368280	10368717	-0.032641	12	0.78833	0.82097	HPCAL1	hg38_genes_promoters	0.002084148116341	2.1541547090361908	0
chr2	10121946	10122093	0.020846	12	0.063083	0.042237	RRM2	hg38_genes_promoters	0.0999592766369308	0.855864488162785	0
chr2	9409115	9409261	-0.022858	10	0.7293	0.75216	ITGB1BP1	hg38_genes_promoters	0.0010140081753638	2.3997930932428666	0
chr2	8676712	8677054	-0.010234	25	0.00844	0.018674	ID2-AS1	hg38_genes_promoters	1.248309339409992e-06	4.764809506714532	0
chr2	8584478	8584639	0.023918	10	0.6921	0.66818	LINC01814	hg38_genes_promoters	0.1288051767143294	0.7689864609548213	0
chr2	8584050	8584284	-0.010876	10	0.059536	0.070412	LINC01814	hg38_genes_promoters	0.0725147032780075	0.9618107455041263	0
chr2	7979886	7980659	-0.014964	15	0.83827	0.85323	LINC00298	hg38_genes_promoters	0.0160267339911838	1.4735850959395103	0
chr2	868772	868896	-0.012598	17	0.75629	0.76889	LINC01115	hg38_genes_promoters	0.0755361582831779	0.9483567512559727	0
chr2	1643430	1643516	0.0138	10	0.8518	0.838	PXDN	hg38_genes_promoters	0.083616673501378	0.9141373057652334	0
chr2	1842856	1842936	-0.042137	10	0.7806	0.82274	MYT1L	hg38_genes_promoters	9.493673518613756e-09	6.547163582089771	-1
chr2	1979599	1979762	0.017576	12	0.81908	0.80151	MYT1L	hg38_genes_promoters	0.0517605650992269	1.0773798590408163	0
chr2	2656596	2657247	-0.048487	12	0.32292	0.3714	LOC107985839	hg38_genes_promoters	0.0085245868830252	1.6831752908629833	0
chr2	3283361	3283620	0.027012	10	0.8506	0.82359	EIPR1	hg38_genes_promoters	0.0003928225777819	2.72846351713598	0
chr2	11864982	11865743	-0.028418	12	0.52567	0.55408	MIR3681HG	hg38_genes_promoters	0.3808786019530078	0.3864652399665576	0
chr2	3387856	3388049	0.0179	29	0.85576	0.83786	TRAPPC12	hg38_genes_promoters	1.868063051849714e-05	3.7912584921353054	0
chr2	3552177	3552356	0.011306	12	0.88792	0.87661	RNASEH1	hg38_genes_promoters	0.4111566940734629	0.35769109036645147	0
chr2	3594913	3595147	-0.042981	22	0.26709	0.31007	COLEC11	hg38_genes_promoters	0.0141470466410105	1.5171782664539588	0
chr2	3656939	3657274	-0.055648	19	0.60668	0.66233	ALLC	hg38_genes_promoters	0.0012525807584695	2.3252328966253715	0
chr2	3725109	3725575	0.032568	14	0.78455	0.75198	DCDC2C	hg38_genes_promoters	0.0118106494611681	1.5753121413336717	0
chr2	5690982	5691116	-0.014992	13	0.035615	0.050607	LINC01248	hg38_genes_promoters	4.7264702386291273e-05	3.456919821230667	0
chr2	5981241	5981435	-0.036637	10	0.3091	0.34574	LOC400940	hg38_genes_promoters	0.0484709152897386	1.0981261966719718	0
chr2	3534478	3534636	-0.02961	12	0.82008	0.84969	RNASEH1	hg38_genes_promoters	0.0020141379243775	2.164625618172505	0
chr2	66443573	66444450	-0.033111	16	0.24581	0.27892	MEIS1	hg38_genes_promoters	0.0457176358300974	1.11673766414979	0
chr2	15690007	15690630	-0.024741	14	0.69493	0.71967	LINC01804	hg38_genes_promoters	0.1125113213284547	0.8164818543315754	0
chr2	16069861	16070166	0.024574	10	0.8457	0.82113	GACAT3	hg38_genes_promoters	0.0273354703675722	1.2908840532531705	0
chr2	127633498	127633988	-0.014837	10	0.7519	0.76674	MYO7B	hg38_genes_promoters	0.1991001953623714	0.6172452208232386	0
chr2	27133046	27133489	0.016768	10	0.7904	0.77363	PREB	hg38_genes_promoters	0.2104803654080433	0.5967450415855897	0
chr2	27129192	27129851	-0.012274	10	0.8002	0.81247	ABHD1	hg38_genes_promoters	0.2317104820579218	0.5638030970657953	0
chr2	27083104	27083351	-0.017243	13	0.80838	0.82563	EMILIN1	hg38_genes_promoters	0.0353351581945348	1.2037403667747373	0
chr2	27078428	27078725	-0.057135	10	0.2659	0.32304	EMILIN1	hg38_genes_promoters	0.0014683021898949	2.2684463520281457	0
chr2	27037846	27038923	-0.01354	15	0.86993	0.88347	TMEM214	hg38_genes_promoters	0.0047033723577377	1.8781284819415587	0
chr2	26786025	26786089	-0.016811	10	0.0154	0.032211	CENPA	hg38_genes_promoters	0.0212362714628015	1.3788337604941472	0
chr2	26558464	26558817	-0.049694	21	0.33038	0.38008	OTOF	hg38_genes_promoters	0.0022886345218084	2.1199782397935927	0
chr2	26466701	26466839	0.013974	10	0.8705	0.85653	OTOF	hg38_genes_promoters	0.0815666211014177	0.9223211512464963	0
chr2	26401825	26401899	-0.016926	10	0.0106	0.027526	DRC1	hg38_genes_promoters	3.100050669059672e-07	5.261781518271242	-1
chr2	25639549	25639856	-0.019789	10	0.855	0.87479	DTNB	hg38_genes_promoters	0.0035268265557634	1.9743087817576184	0
chr2	25247896	25248030	0.017511	10	0.8793	0.86179	DNMT3A	hg38_genes_promoters	0.0303985994288076	1.2541111169324428	0
chr2	25244419	25244622	0.027158	10	0.88	0.85284	DNMT3A	hg38_genes_promoters	7.62782153046272e-05	3.2910992145738063	0
chr2	25204298	25204433	0.018895	22	0.171	0.15211	LINC01381	hg38_genes_promoters	0.0085134140221079	1.6836138887992822	0
chr2	24918896	24919232	0.026776	16	0.77813	0.75135	ADCY3	hg38_genes_promoters	0.0020475539554009	2.1598511747238565	0
chr2	24842832	24843058	-0.014389	15	0.85473	0.86912	ADCY3	hg38_genes_promoters	0.0002954105426415	2.825128314078471	0
chr2	16666299	16666726	-0.041393	10	0.3472	0.38859	CYRIA	hg38_genes_promoters	0.1283735377401667	0.7700884357390456	0
chr2	18584777	18585028	0.026423	22	0.75977	0.73335	NT5C1B	hg38_genes_promoters	5.744951673114353e-06	4.215004579270677	0
chr2	18586971	18587516	-0.017241	11	0.80673	0.82397	NT5C1B	hg38_genes_promoters	0.0096638159620222	1.642492358957435	0
chr2	21043876	21044075	0.014011	21	0.11649	0.10248	APOB	hg38_genes_promoters	0.0278801306543292	1.2852288534775704	0
chr2	21044859	21045182	0.033274	10	0.5178	0.48453	APOB	hg38_genes_promoters	0.1912213999302057	0.6307089758151253	0
chr2	23642154	23642503	0.010519	15	0.87347	0.86295	KLHL29	hg38_genes_promoters	0.3222643363120512	0.44751103080373766	0
chr2	16013177	16013464	-0.011423	23	0.21165	0.22308	GACAT3	hg38_genes_promoters	0.3100399941010222	0.46103283161906905	0
chr2	24009290	24009534	-0.017535	10	0.8066	0.82413	MFSD2B	hg38_genes_promoters	0.0726736568468034	0.9609408536089167	0
chr2	24077241	24077383	0.012502	13	0.031692	0.01919	SF3B6	hg38_genes_promoters	0.0703553912634222	0.9720931940333586	0
chr2	24206049	24206561	-0.013541	10	0.8708	0.88434	ITSN2	hg38_genes_promoters	0.150351608655247	0.7175125448372631	0
chr2	24211010	24211282	0.010753	16	0.86506	0.85431	ITSN2	hg38_genes_promoters	0.1912239713193458	0.6307089758151253	0
chr2	24360935	24361168	0.037078	10	0.6725	0.63542	ITSN2	hg38_genes_promoters	0.0816005731893114	0.9222193262946217	0
chr2	24402816	24402882	-0.043722	10	0.3053	0.34902	LOC105374329	hg38_genes_promoters	0.0002364818397252	2.9012799030552014	0
chr2	24706673	24707591	-0.016212	13	0.89015	0.90637	NCOA1	hg38_genes_promoters	0.0015276901937242	2.2563336024789593	0
chr2	24017229	24017476	0.02181	13	0.85254	0.83073	MFSD2B	hg38_genes_promoters	0.0064143896295464	1.7781526973072994	0
chr2	67215374	67215794	-0.023007	11	0.31509	0.3381	LINC01829	hg38_genes_promoters	0.1747520361609168	0.6639923983225655	0
chr2	27135248	27135816	-0.029615	15	0.61353	0.64315	PREB	hg38_genes_promoters	0.0679687727053681	0.9838874913523626	0
chr2	68837113	68837502	0.014473	14	0.26436	0.24988	LINC01890	hg38_genes_promoters	0.7260593930283679	0.13459126805626667	0
chr2	111366677	111366880	-0.022057	10	0.3365	0.35856	MIR4435-2HG	hg38_genes_promoters	0.1981898273976551	0.6187130879613013	0
chr2	111366498	111366582	-0.023505	10	0.0186	0.042105	MIR4435-2HG	hg38_genes_promoters	2.685168068477951e-06	4.492922533000658	0
chr2	111366183	111366491	-0.037322	25	0.02264	0.059962	MIR4435-2HG	hg38_genes_promoters	1.4188025988856553e-21	18.339252143813596	-1
chr2	110805010	110805355	-0.011081	10	0.2359	0.24698	ACOXL	hg38_genes_promoters	0.3953515997382708	0.37275711427255376	0
chr2	109614774	109614851	-0.019986	15	0.085733	0.10572	SEPTIN10	hg38_genes_promoters	0.0042852964098173	1.9084112747731035	0
chr2	109613647	109613788	-0.016183	16	0.013154	0.029337	SOWAHC	hg38_genes_promoters	0.0277338402294983	1.2867766508495886	0
chr2	109613647	109613788	-0.016183	16	0.013154	0.029337	SEPTIN10	hg38_genes_promoters	0.0277338402294983	1.2867766508495886	0
chr2	107986480	107986629	-0.014003	18	0.035278	0.04928	SLC5A7	hg38_genes_promoters	0.0003416662554177	2.773415321863727	0
chr2	107827680	107827774	0.055401	13	0.83277	0.77737	RGPD4-AS1	hg38_genes_promoters	6.08043689674105e-08	5.843325430823776	1
chr2	106486723	106486825	-0.032532	10	0.2081	0.24063	CD8B2	hg38_genes_promoters	0.0519112788885376	1.0762469588251393	0
chr2	106160348	106160553	-0.022872	12	0.054333	0.077206	UXS1	hg38_genes_promoters	0.313971949948216	0.4565390882554838	0
chr2	106064954	106065297	-0.019342	10	0.0795	0.098842	ECRG4	hg38_genes_promoters	0.0041097432985839	1.9225258712304873	0
chr2	105610527	105610786	-0.033074	10	0.8214	0.85447	LOC285000	hg38_genes_promoters	2.1621278517402685e-05	3.7388106314975458	0
chr2	105396816	105397656	-0.026277	15	0.82947	0.85574	FHL2	hg38_genes_promoters	0.0001069372991454	3.1696150840553634	0
chr2	105103495	105104165	-0.023604	10	0.84	0.8636	MRPS9-AS1	hg38_genes_promoters	0.008932368949312	1.6678031791852805	0
chr2	104659071	104659260	-0.019632	14	0.123	0.14263	LOC105373526	hg38_genes_promoters	0.0030413158578971	2.024142555776351	0
chr2	101435033	101435110	0.0267	10	0.8107	0.784	RFX8	hg38_genes_promoters	0.0330361721848861	1.225328478707901	0
chr2	101272956	101273290	-0.015346	10	0.8179	0.83325	SNORD89	hg38_genes_promoters	0.0738958633672196	0.9555576762780151	0
chr2	101272956	101273290	-0.015346	10	0.8179	0.83325	RNF149	hg38_genes_promoters	0.0738958633672196	0.9555576762780151	0
chr2	101150641	101150681	-0.012863	10	0.0204	0.033263	TBC1D8-AS1	hg38_genes_promoters	0.0004367753689387	2.6912730391041526	0
chr2	100977255	100977636	-0.014976	13	0.83454	0.84951	NPAS2-AS1	hg38_genes_promoters	0.0069275165179323	1.7519311223666105	0
chr2	100242264	100242683	0.014311	10	0.8471	0.83279	LINC01104	hg38_genes_promoters	0.3427969344492636	0.4254878508369799	0
chr2	100207753	100208564	-0.020611	10	0.8226	0.84321	LINC01104	hg38_genes_promoters	0.0386496346582148	1.1745678203553984	0
chr2	99593871	99593938	0.011695	10	0.7888	0.77711	AFF3	hg38_genes_promoters	0.2359113686631628	0.5575683910678675	0
chr2	98869368	98869813	-0.010279	13	0.78531	0.79559	CRACDL	hg38_genes_promoters	0.0668825543359075	0.9891546294306706	0
chr2	98606391	98606853	-0.013349	10	0.8404	0.85375	COA5	hg38_genes_promoters	0.0356861204788756	1.2013071853722226	0
chr2	98565727	98566084	0.016252	14	0.87136	0.85511	INPP4A	hg38_genes_promoters	0.2226410222815686	0.5774986972967152	0
chr2	98236317	98236749	-0.034695	10	0.6855	0.7202	VWA3B	hg38_genes_promoters	0.064257884314211	1.0030167853801049	0
chr2	97760966	97761299	-0.028458	10	0.5007	0.52916	TMEM131	hg38_genes_promoters	0.1214269516754061	0.7898121266014617	0
chr2	104755548	104755687	-0.016189	10	0.2856	0.30179	LINC01114	hg38_genes_promoters	0.4029730818480811	0.36567487460072184	0
chr2	111480359	111480986	-0.011656	13	0.23685	0.2485	MIR4435-2HG	hg38_genes_promoters	0.2798296322447883	0.496346663972767	0
chr2	112159397	112159595	-0.015311	10	0.8682	0.88351	FBLN7	hg38_genes_promoters	0.0033151017349079	1.9954911910466275	0
chr2	112434869	112435008	-0.033284	10	0.7214	0.75468	RGPD8	hg38_genes_promoters	0.010137431409178	1.6263822805005335	0
chr2	68529347	68529471	-0.010663	10	0.8476	0.85826	APLF	hg38_genes_promoters	0.026268430173086	1.3049976194429969	0
chr2	127422936	127423100	0.020351	18	0.071667	0.051316	PROC	hg38_genes_promoters	0.0644912406406899	1.0019027841571038	0
chr2	127205576	127205990	0.021871	22	0.80945	0.78758	CYP27C1	hg38_genes_promoters	0.008310490539646	1.6910672775506739	0
chr2	127065039	127065779	-0.011042	15	0.5418	0.55284	BIN1	hg38_genes_promoters	0.4228278701499065	0.3471405889877601	0
chr2	124024652	124024751	-0.022338	12	0.02775	0.050088	CNTNAP5	hg38_genes_promoters	2.950074116409272e-07	5.278539618125299	-1
chr2	121902428	121902629	-0.060265	10	0.6904	0.75067	LOC105373595	hg38_genes_promoters	1.6126725077917332e-05	3.8452063051018115	0
chr2	121789553	121790430	0.014989	10	0.8448	0.82981	LINC01823	hg38_genes_promoters	0.0773239464374561	0.9407584334566588	0
chr2	121737090	121737197	-0.011087	18	0.0070542	0.018141	NIFK	hg38_genes_promoters	3.793092980658423e-08	6.0193906000199835	-1
chr2	121737090	121737197	-0.011087	18	0.0070542	0.018141	TSN	hg38_genes_promoters	3.793092980658423e-08	6.0193906000199835	-1
chr2	121234238	121234757	0.022407	10	0.8422	0.81979	TFCP2L1	hg38_genes_promoters	0.2892903704603072	0.4854158295846529	0
chr2	120797014	120797241	-0.012526	10	0.8718	0.88433	GLI2	hg38_genes_promoters	0.0040446934725815	1.9282484561812645	0
chr2	120239510	120239737	-0.017263	10	0.775	0.79226	RALB	hg38_genes_promoters	0.1177532685876985	0.8008698383389128	0
chr2	118848561	118848878	-0.013455	14	0.027786	0.041241	EN1	hg38_genes_promoters	0.0046769254502439	1.8799432925329476	0
chr2	117860198	117860308	-0.027142	10	0.3097	0.33684	LOC101929908	hg38_genes_promoters	0.1691781215966989	0.6758522877501875	0
chr2	117836465	117836713	-0.026141	22	0.012591	0.038732	LOC107985939	hg38_genes_promoters	5.112611715519869e-23	19.70681059431887	-1
chr2	117835509	117836073	-0.020163	10	0.5141	0.53426	LOC107985939	hg38_genes_promoters	0.2780483762933122	0.49859458441302834	0
chr2	113979295	113979389	-0.052811	10	0.8499	0.90271	LINC01191	hg38_genes_promoters	1.4601834166021485e-07	5.527617205400234	-1
chr2	112521312	112521794	-0.012605	10	0.8435	0.85611	TTL	hg38_genes_promoters	0.0356701079719369	1.2013207849300176	0
chr2	112646316	112646385	-0.010945	13	0.0026154	0.01356	SLC20A1-DT	hg38_genes_promoters	6.192376758691696e-06	4.1873030782895055	0
chr2	112657984	112658334	-0.018492	10	0.8726	0.89109	SLC20A1	hg38_genes_promoters	0.0144667973273333	1.5093182456100442	0
chr2	112721733	112722058	0.02449	10	0.7979	0.77341	NT5DC4	hg38_genes_promoters	0.101208091908468	0.8517462771094965	0
chr2	112729363	112729590	-0.04155	10	0.1209	0.16245	NT5DC4	hg38_genes_promoters	0.0115201822710781	1.5832247579302665	0
chr2	113117111	113117715	-0.026142	10	0.7957	0.82184	IL1RN	hg38_genes_promoters	0.0838238731948263	0.9134181095035374	0
chr2	97724071	97724186	-0.018673	14	0.72407	0.74274	ZAP70	hg38_genes_promoters	0.1128360059550693	0.8156681712014493	0
chr2	113126446	113127096	-0.019928	10	0.5816	0.60153	IL1RN	hg38_genes_promoters	0.3781407471816496	0.3890174956769763	0
chr2	113195965	113196446	0.016095	10	0.8292	0.81311	PSD4	hg38_genes_promoters	0.3959142833705037	0.37231255083352893	0
chr2	113198534	113198771	-0.02372	12	0.33925	0.36297	PSD4	hg38_genes_promoters	0.3163507305818371	0.4540617054584615	0
chr2	113235116	113236230	0.098343	86	0.73098	0.63263	PAX8	hg38_genes_promoters	1.5344589331669648e-25	22.10960966858565	1
chr2	113235116	113236230	0.098343	86	0.73098	0.63263	PAX8-AS1	hg38_genes_promoters	1.5344589331669648e-25	22.10960966858565	1
chr2	113541535	113541588	-0.013479	10	0.0051	0.018579	PGM5P4	hg38_genes_promoters	3.282187084831661e-06	4.42216881824324	0
chr2	113602139	113602224	0.03784	13	0.68615	0.64831	DDX11L2	hg38_genes_promoters	0.0607118245563629	1.0220209681143821	0
chr2	113193507	113193959	0.015248	10	0.8779	0.86265	PSD4	hg38_genes_promoters	0.0609491172403897	1.020561282617438	0
chr2	97659905	97660139	0.022784	10	0.8931	0.87032	ACTR1B	hg38_genes_promoters	0.0011622683093302	2.3515922496734727	0
chr2	112150454	112151090	-0.025805	10	0.7363	0.76211	FBLN7	hg38_genes_promoters	0.1132823160511496	0.8142453763191583	0
chr2	96950121	96950430	-0.017416	10	0.7579	0.77532	FAM178B	hg38_genes_promoters	0.0451592697357128	1.1207225569679526	0
chr2	79086863	79087619	-0.055926	10	0.5814	0.63733	REG1B	hg38_genes_promoters	0.0526392324714814	1.0711279203852788	0
chr2	74555930	74556187	-0.056913	10	0.3161	0.37301	LOXL3	hg38_genes_promoters	0.0029740251325365	2.0307813384154896	0
chr2	74553044	74553633	-0.02999	16	0.70369	0.73368	LOXL3	hg38_genes_promoters	0.0021318944578004	2.145944500159069	0
chr2	74553044	74553633	-0.02999	16	0.70369	0.73368	DOK1	hg38_genes_promoters	0.0021318944578004	2.145944500159069	0
chr2	74526768	74527313	0.011038	11	0.87664	0.8656	DQX1	hg38_genes_promoters	0.1941479754622537	0.6260248321742374	0
chr2	74506761	74507164	-0.040309	10	0.51268	0.55299	PCGF1	hg38_genes_promoters	0.0667555629743342	0.9895612063419872	0
chr2	74503199	74503270	0.013721	10	0.0213	0.0075789	LBX2	hg38_genes_promoters	0.0001143390450604	3.14688742909056	0
chr2	74418547	74418670	0.038232	10	0.8166	0.77837	C2orf81	hg38_genes_promoters	0.0002092411519984	2.9401996807724715	0
chr2	74392073	74392146	-0.012164	10	0.0005	0.012664	DCTN1	hg38_genes_promoters	3.980625362582108e-07	5.172710701283193	-1
chr2	74385063	74386083	-0.013577	14	0.62229	0.63586	DCTN1-AS1	hg38_genes_promoters	0.5370922178701039	0.25522417103455264	0
chr2	74385063	74386083	-0.013577	14	0.62229	0.63586	DCTN1	hg38_genes_promoters	0.5370922178701039	0.25522417103455264	0
chr2	74369426	74369780	0.024724	10	0.8635	0.83878	DCTN1	hg38_genes_promoters	0.0742183862894221	0.9540322709651659	0
chr2	74130535	74130748	0.057734	17	0.41247	0.35474	TET3	hg38_genes_promoters	0.0019905535426616	2.1686419446157905	0
chr2	73986355	73986593	0.029242	10	0.7944	0.76516	TET3	hg38_genes_promoters	0.0046490181395185	1.881935094199534	0
chr2	73981581	73982457	-0.035821	22	0.54377	0.57959	DGUOK-AS1	hg38_genes_promoters	0.0499384007200801	1.0887900909857322	0
chr2	73702064	73702826	-0.015986	11	0.32191	0.33789	NAT8B	hg38_genes_promoters	0.4910796868289963	0.2901492536539206	0
chr2	69961502	69961725	0.041638	10	0.8073	0.76566	ASPRV1	hg38_genes_promoters	0.0027058655388634	2.062500744502549	0
chr2	97112772	97112903	-0.014688	13	0.0098462	0.024534	ANKRD36	hg38_genes_promoters	1.6825204969277277e-07	5.482170962869268	-1
chr2	70900222	70900399	-0.010028	10	0.027	0.037028	ATP6V1B1	hg38_genes_promoters	0.0469384229528318	1.1098265662407407	0
chr2	70900222	70900399	-0.010028	10	0.027	0.037028	VAX2	hg38_genes_promoters	0.0469384229528318	1.1098265662407407	0
chr2	70959004	70959384	-0.010879	10	0.8087	0.81958	ATP6V1B1	hg38_genes_promoters	0.1996186174458224	0.6163768579311194	0
chr2	70963238	70963414	-0.029658	10	0.6165	0.64616	ATP6V1B1	hg38_genes_promoters	0.224362308282018	0.5746014809169988	0
chr2	80588368	80589111	-0.019238	10	0.7394	0.75864	CTNNA2	hg38_genes_promoters	0.1106916326573098	0.821661049936946	0
chr2	70978028	70978479	-0.018777	10	0.0376	0.056377	ANKRD53	hg38_genes_promoters	0.0052175534989369	1.8454698366912674	0
chr2	71070132	71070517	0.035142	10	0.7013	0.66616	NAGK	hg38_genes_promoters	0.2549640416880516	0.530577968389812	0
chr2	72994549	72994971	-0.013247	10	0.8147	0.82795	SFXN5	hg38_genes_promoters	0.0989425627347321	0.859177277942734	0
chr2	72995624	72995956	-0.018268	10	0.8188	0.83707	SFXN5	hg38_genes_promoters	0.0495691859122808	1.0912214691812594	0
chr2	73020787	73021173	0.0115	10	0.8535	0.842	SFXN5	hg38_genes_promoters	0.0463596158563114	1.1126568929492269	0
chr2	73157048	73157281	-0.041409	13	0.53831	0.57972	RAB11FIP5	hg38_genes_promoters	0.0544900447349264	1.0603802878937014	0
chr2	73266363	73266846	-0.035253	10	0.7982	0.83345	FBXO41	hg38_genes_promoters	0.0076586431129621	1.717073003081395	0
chr2	70989963	70990538	-0.041337	10	0.7854	0.82674	TEX261	hg38_genes_promoters	8.982625758128186e-06	4.0499455013906696	0
chr2	81467409	81467522	-0.015274	10	0.8092	0.82447	LINC01815	hg38_genes_promoters	0.0185907439238714	1.4227278484527468	0
chr2	74227047	74227287	0.013706	12	0.86458	0.85088	SLC4A5	hg38_genes_promoters	0.0714217400247927	0.967107567582731	0
chr2	84290613	84290696	0.010618	12	0.79158	0.78096	FUNDC2P2	hg38_genes_promoters	0.2861634018999021	0.4886728291088374	0
chr2	96898151	96898832	0.018557	10	0.8239	0.80534	FAM178B	hg38_genes_promoters	0.0110044241881057	1.598435214547411	0
chr2	96870462	96870532	0.018089	10	0.0603	0.042211	SEMA4C	hg38_genes_promoters	0.0026109741644481	2.0752392661559993	0
chr2	96841841	96842351	0.015921	12	0.84767	0.83175	ANKRD23	hg38_genes_promoters	0.1652695792058771	0.6838745354483551	0
chr2	96797532	96797713	0.031869	10	0.8872	0.85533	MIR3127	hg38_genes_promoters	0.0001002462046222	3.191975820738985	0
chr2	96669892	96670161	-0.016268	10	0.8621	0.87837	FER1L5	hg38_genes_promoters	0.0301287304518702	1.2571133310505767	0
chr2	96290226	96290718	-0.016547	10	0.8694	0.88595	SNRNP200	hg38_genes_promoters	0.0019454173080482	2.1769492759437883	0
chr2	96285246	96285917	-0.018307	10	0.8499	0.86821	SNRNP200	hg38_genes_promoters	0.0090703176212727	1.6627372947575711	0
chr2	96281871	96282532	-0.020475	10	0.8552	0.87568	SNRNP200	hg38_genes_promoters	0.0004224393815466	2.7027828054996914	0
chr2	96260398	96261239	-0.0292	10	0.3966	0.4258	TMEM127	hg38_genes_promoters	0.2144867040570773	0.5906224830261129	0
chr2	94586111	94586640	0.020016	10	0.5384	0.51838	LOC100133920	hg38_genes_promoters	0.2293437508080748	0.5674981935421116	0
chr2	94208791	94208909	-0.016281	18	0.032667	0.048947	BMS1P23	hg38_genes_promoters	0.0004385654140593	2.689747618577142	0
chr2	94208446	94208750	-0.02828	64	0.034969	0.063248	BMS1P23	hg38_genes_promoters	2.3356112859564006e-38	34.025863540975436	-1
chr2	91659973	91660116	-0.045301	18	0.10594	0.15125	LSP1P4	hg38_genes_promoters	0.000252077134799	2.8786569920807645	0
chr2	89585601	89585644	-0.047639	10	0.1035	0.15114	LOC107985911	hg38_genes_promoters	0.007673307811523	1.716511795880532	0
chr2	88860909	88861744	-0.013519	10	0.8432	0.85672	MALLP2	hg38_genes_promoters	0.2360582008397322	0.5573613616214949	0
chr2	95159911	95160315	-0.023019	10	0.0805	0.10352	ZNF514	hg38_genes_promoters	0.0623038760255638	1.0136352927864414	0
chr2	85599917	85600315	0.034568	10	0.5912	0.55663	TMEM150A	hg38_genes_promoters	0.2009031842268758	0.614047444030328	0
chr2	85355468	85356648	-0.016622	10	0.8147	0.83132	RETSAT	hg38_genes_promoters	0.0512851076338301	1.079948620071099	0
chr2	85355468	85356648	-0.016622	10	0.8147	0.83132	ELMOD3	hg38_genes_promoters	0.0512851076338301	1.079948620071099	0
chr2	85419021	85419211	-0.022979	10	0.4886	0.51158	CAPG	hg38_genes_promoters	0.2457962581052637	0.543454742214863	0
chr2	85432995	85433667	0.027587	10	0.741	0.71341	SH2D6	hg38_genes_promoters	0.1807555068294172	0.6517867223704631	0
chr2	85663306	85663705	-0.012044	12	0.85667	0.86871	SFTPB	hg38_genes_promoters	0.0273709093444679	1.290623636410724	0
chr2	88172620	88173084	-0.019793	10	0.7708	0.79059	THNSL2	hg38_genes_promoters	0.0040061237831272	1.930788959491531	0
chr2	86036674	86037507	-0.012532	14	0.18079	0.19332	POLR1A	hg38_genes_promoters	0.1502404884727529	0.717663153783609	0
chr2	84515743	84516321	-0.016867	16	0.53963	0.55649	DNAH6	hg38_genes_promoters	0.4186679347660097	0.35086169759475	0
chr2	86038909	86039766	0.01967	12	0.76758	0.74791	POLR1A	hg38_genes_promoters	0.2843186523526798	0.4910539616670479	0
chr2	86065668	86066471	-0.025695	10	0.8635	0.88919	POLR1A	hg38_genes_promoters	0.0007290445442757	2.5119679340839447	0
chr2	86720231	86720308	0.015598	10	0.039992	0.024394	RMND5A	hg38_genes_promoters	0.1534781306141518	0.710098099089476	0
chr2	86808905	86809065	-0.019715	10	0.324	0.34372	CD8A	hg38_genes_promoters	0.4091129161299035	0.3595679000972438	0
chr2	87348699	87348855	0.094068	33	0.69109	0.59702	LOC105374848	hg38_genes_promoters	1.540793453390063e-25	22.10960966858565	1
chr2	85067257	85067395	-0.013615	10	0.1535	0.16711	LINC01964	hg38_genes_promoters	0.2157517935930611	0.5885834685005867	0
chr20	57525027	57525168	-0.017987	19	0.79392	0.81191	CTCFL	hg38_genes_promoters	0.0017739960139149	2.2065312694753225	0
chr20	57524880	57525011	0.028073	10	0.8108	0.78273	CTCFL	hg38_genes_promoters	0.0018469886697977	2.1931928363811326	0
chr20	53575966	53576144	0.02242	10	0.8672	0.84478	ZNF217	hg38_genes_promoters	0.0023137034180205	2.116494201713685	0
chr20	57560996	57561385	-0.035066	10	0.7074	0.74247	PCK1	hg38_genes_promoters	0.0890150973052369	0.8937453987592298	0
chr20	57690811	57691089	0.019079	12	0.84333	0.82425	PMEPA1	hg38_genes_promoters	0.0118143852680198	1.5753121413336717	0
chr20	57392348	57392665	0.042843	10	0.3159	0.27306	RBM38-AS1	hg38_genes_promoters	0.0036634439638503	1.9618328132854828	0
chr20	57350172	57350547	0.017247	12	0.80992	0.79267	RAE1	hg38_genes_promoters	0.5586122286791826	0.23955251355238594	0
chr20	53608085	53608210	0.058733	14	0.88693	0.8282	LOC105372672	hg38_genes_promoters	7.067616558964881e-13	10.265150429934282	1
chr20	56524437	56524922	-0.01415	10	0.8412	0.85535	FAM209A	hg38_genes_promoters	0.1418235607944181	0.7376436022665097	0
chr20	54157427	54158155	-0.0198	10	0.8141	0.8339	CYP24A1	hg38_genes_promoters	0.1979441985580105	0.6191863179709141	0
chr20	54028780	54028970	-0.013446	12	0.81708	0.83053	BCAS1	hg38_genes_promoters	0.0140166397814271	1.5202738911558564	0
chr20	53875585	53875709	-0.053632	10	0.421	0.47463	SUMO1P1	hg38_genes_promoters	0.0337775029018696	1.2182049523376817	0
chr20	53594301	53594375	0.05355	12	0.24638	0.19283	ZNF217	hg38_genes_promoters	0.001709301025328	2.219859642313933	0
chr20	58149611	58150362	-0.02511	10	0.748	0.77311	C20orf85	hg38_genes_promoters	0.1948566913950808	0.6247702179115954	0
chr20	57267106	57267378	-0.012391	14	0.028286	0.040677	BMP7	hg38_genes_promoters	0.0002641820395328	2.862502277500307	0
chr20	58308416	58308767	0.017922	10	0.5084	0.49048	RAB22A	hg38_genes_promoters	0.4645976543443563	0.3111222958515655	0
chr20	59007650	59008231	0.025089	15	0.24873	0.22364	CTSZ	hg38_genes_promoters	0.1559931976176056	0.7041996988209163	0
chr20	58514712	58514785	-0.010846	12	0.038583	0.04943	APCDD1L-DT	hg38_genes_promoters	0.0043735065976182	1.9015740566111392	0
chr20	52210415	52210534	-0.037232	12	0.79158	0.82882	LOC105372666	hg38_genes_promoters	6.398542618480296e-06	4.174770343815401	0
chr20	59043360	59043535	0.058916	10	0.6936	0.63468	SLMO2-ATP5E	hg38_genes_promoters	0.0010328175554216	2.3934991601209745	0
chr20	59018193	59018996	-0.013669	12	0.8375	0.85117	TUBB1	hg38_genes_promoters	0.1024054607889544	0.8472745687858009	0
chr20	58990981	58991416	-0.017346	10	0.8644	0.88175	NELFCD	hg38_genes_promoters	0.0078266603056712	1.710068573579423	0
chr20	58988431	58988951	-0.016605	10	0.8195	0.83611	NELFCD	hg38_genes_promoters	0.0420044569893416	1.1458086910188994	0
chr20	58901881	58902501	-0.012479	10	0.8351	0.84758	GNAS	hg38_genes_promoters	0.0953502920383658	0.8711562339423583	0
chr20	58308776	58308959	0.063915	10	0.3515	0.28759	RAB22A	hg38_genes_promoters	0.0172475542460442	1.4476825412315377	0
chr20	58889301	58889475	0.080103	25	0.51164	0.43154	GNAS	hg38_genes_promoters	1.8561528321436883e-28	24.60277162849454	1
chr20	58889251	58889299	0.073211	10	0.485	0.41179	GNAS	hg38_genes_promoters	9.058157000886818e-13	10.177586951777968	1
chr20	58889251	58889299	0.073211	10	0.485	0.41179	LOC101927932	hg38_genes_promoters	9.058157000886818e-13	10.177586951777968	1
chr20	58888644	58888728	-0.031111	10	0.5045	0.53561	GNAS	hg38_genes_promoters	0.0030039556027852	2.0277817583829156	0
chr20	58841588	58841650	0.050404	12	0.4515	0.4011	GNAS	hg38_genes_promoters	3.3239483310172737e-07	5.233392531705305	1
chr20	58711749	58711951	-0.013982	11	0.86282	0.8768	NPEPL1	hg38_genes_promoters	0.0024329457467076	2.0993004935065263	0
chr20	58693470	58693805	-0.033316	12	0.61717	0.65048	STX16-NPEPL1	hg38_genes_promoters	0.0450626597844042	1.1213817474545396	0
chr20	58889301	58889475	0.080103	25	0.51164	0.43154	LOC101927932	hg38_genes_promoters	1.8561528321436883e-28	24.60277162849454	1
chr20	51793670	51794048	-0.025565	11	0.85209	0.87766	SALL4	hg38_genes_promoters	0.0009789961216336	2.412296143858888	0
chr20	45406999	45407393	-0.017035	24	0.033792	0.050826	SYS1-DBNDD2	hg38_genes_promoters	1.9289328979088903e-09	7.152309264107949	-1
chr20	51014569	51014967	0.035489	10	0.6107	0.57521	KCNG1	hg38_genes_promoters	0.0883488443584265	0.8956990135027146	0
chr20	47000390	47000821	-0.038863	10	0.6954	0.73426	EYA2	hg38_genes_promoters	0.1292684592975831	0.7678538215337156	0
chr20	46977991	46978412	-0.021148	10	0.7276	0.74875	EYA2	hg38_genes_promoters	0.2365044768862571	0.5566919110467342	0
chr20	46359164	46359683	-0.021013	12	0.080083	0.1011	SLC35C2	hg38_genes_promoters	0.021717540235876	1.3704765816475506	0
chr20	46355150	46355472	0.017942	10	0.8631	0.84516	SLC35C2	hg38_genes_promoters	0.0166931423006409	1.4588502363255524	0
chr20	46121775	46122366	-0.010282	10	0.7269	0.73718	CD40	hg38_genes_promoters	0.2884672941748096	0.4860911715283359	0
chr20	46117850	46118042	-0.012776	10	0.0106	0.023376	CD40	hg38_genes_promoters	0.0008148885965063	2.474834873143074	0
chr20	47318930	47319711	-0.020334	20	0.10805	0.12838	ZMYND8	hg38_genes_promoters	0.0458152006963057	1.1160817225007198	0
chr20	46029156	46029232	-0.029817	12	0.11808	0.1479	SLC12A5	hg38_genes_promoters	0.0016823159878347	2.2252613852106187	0
chr20	45791547	45791759	0.019856	10	0.082925	0.063069	WFDC3	hg38_genes_promoters	0.0100817393200485	1.6279813715105476	0
chr20	45791547	45791759	0.019856	10	0.082925	0.063069	DNTTIP1	hg38_genes_promoters	0.0100817393200485	1.6279813715105476	0
chr20	45487343	45487488	-0.023279	10	0.1053	0.12858	LOC107987282	hg38_genes_promoters	0.0544043429562296	1.0607198870221413	0
chr20	45406999	45407393	-0.017035	24	0.033792	0.050826	DBNDD2	hg38_genes_promoters	1.9289328979088903e-09	7.152309264107949	-1
chr20	59043360	59043535	0.058916	10	0.6936	0.63468	PRELID3B	hg38_genes_promoters	0.0010328175554216	2.3934991601209745	0
chr20	45229724	45229968	-0.040242	10	0.5356	0.57584	LOC105372630	hg38_genes_promoters	0.0419653035964725	1.1458703916871444	0
chr20	45887234	45887813	-0.017105	11	0.84136	0.85847	SPATA25	hg38_genes_promoters	0.0310530000546701	1.2471419559807735	0
chr20	47319754	47320104	-0.048265	10	0.2909	0.33916	ZMYND8	hg38_genes_promoters	0.0381955809362155	1.178133224978189	0
chr20	47356851	47357429	0.013533	10	0.0551	0.041567	ZMYND8	hg38_genes_promoters	0.1124223741632664	0.8167523177180561	0
chr20	47677430	47677582	0.045549	10	0.3712	0.32565	SULF2	hg38_genes_promoters	0.0571674633402854	1.043144129149975	0
chr20	50652696	50653179	-0.018422	10	0.5069	0.52532	RIPOR3-AS1	hg38_genes_promoters	0.5168354290698995	0.27035874252419767	0
chr20	50645239	50645702	-0.022227	17	0.79176	0.81399	RIPOR3-AS1	hg38_genes_promoters	0.0002659950331385	2.860370175882932	0
chr20	50597643	50597834	0.014121	10	0.7777	0.76358	RIPOR3	hg38_genes_promoters	0.2104374424618499	0.5967688873484698	0
chr20	50595794	50596255	-0.019787	10	0.7691	0.78889	RIPOR3	hg38_genes_promoters	0.1351198761976834	0.754112970887863	0
chr20	50590143	50590525	0.015724	12	0.86708	0.85136	RIPOR3	hg38_genes_promoters	0.0165945265089604	1.4606434173200669	0
chr20	50321237	50321538	0.031782	10	0.7139	0.68212	LINC01271	hg38_genes_promoters	0.0875934715217102	0.898484833766801	0
chr20	50292550	50292828	-0.012813	15	0.024467	0.03728	LINC01270	hg38_genes_promoters	0.0628816538792377	1.0104291883352716	0
chr20	50276554	50277505	0.019863	12	0.82025	0.80039	PELATON	hg38_genes_promoters	0.0163793448098888	1.4655248895711492	0
chr20	50172536	50172673	-0.013927	10	0.0107	0.024627	LINC01273	hg38_genes_promoters	0.0339809791868691	1.2169444478158598	0
chr20	50154218	50154546	0.056721	10	0.4163	0.35958	PEDS1-UBE2V1	hg38_genes_promoters	0.0286089134525363	1.2758206176394795	0
chr20	50154218	50154546	0.056721	10	0.4163	0.35958	PEDS1	hg38_genes_promoters	0.0286089134525363	1.2758206176394795	0
chr20	49981987	49982188	-0.017121	10	0.1553	0.17242	SNAI1	hg38_genes_promoters	0.1172190373015627	0.8024595869459853	0
chr20	47983038	47983498	0.0197	10	0.7587	0.739	LINC01523	hg38_genes_promoters	0.0557128929047444	1.0520685418031668	0
chr20	47957421	47957934	0.018184	12	0.672	0.65382	LOC105372637	hg38_genes_promoters	0.1374340605742497	0.7483711793316374	0
chr20	51563684	51564064	-0.052911	10	0.2623	0.31521	NFATC2	hg38_genes_promoters	0.0066083365038301	1.7687752641487544	0
chr20	59576679	59577099	-0.045553	12	0.5055	0.55105	PHACTR3	hg38_genes_promoters	0.0825054053008001	0.9181397008684776	0
chr20	63941411	63941747	0.040604	18	0.26251	0.22191	UCKL1	hg38_genes_promoters	0.0221197949972992	1.3648403881194284	0
chr20	59835780	59836232	0.020178	10	0.0663	0.046122	PHACTR3	hg38_genes_promoters	0.000740443882703	2.5065905638140604	0
chr20	63547144	63547290	0.045341	17	0.72382	0.67848	FNDC11	hg38_genes_promoters	4.601216875760002e-06	4.291895817345832	0
chr20	63546981	63547122	-0.037921	10	0.6565	0.69442	FNDC11	hg38_genes_promoters	0.019068777367193	1.4139929899641288	0
chr20	63502151	63502324	-0.060937	10	0.2788	0.33974	LOC105372725	hg38_genes_promoters	0.0133314922632245	1.535617037839571	0
chr20	63501256	63501704	0.018937	10	0.7592	0.74026	LOC105372725	hg38_genes_promoters	0.4870031166212117	0.293319670264022	0
chr20	63499929	63500184	0.04625	10	0.5069	0.46065	EEF1A2	hg38_genes_promoters	0.0456747606506812	1.1169651293929714	0
chr20	63411910	63412027	-0.029405	10	0.2657	0.29511	KCNQ2	hg38_genes_promoters	0.0881715608874877	0.8962486858385377	0
chr20	63572682	63572795	0.029379	10	0.8548	0.82542	HELZ2	hg38_genes_promoters	0.000118345697959	3.135744647777359	0
chr20	63408238	63408467	0.014536	10	0.8359	0.82136	KCNQ2	hg38_genes_promoters	0.1221658453181814	0.7878960885447113	0
chr20	63367954	63368167	-0.037437	10	0.6513	0.68874	LOC100130587	hg38_genes_promoters	0.0852069095255399	0.9081464181493957	0
chr20	63361123	63361198	0.018804	12	0.042753	0.023949	CHRNA4	hg38_genes_promoters	0.0295623573266344	1.264068301535431	0
chr20	63354604	63354872	0.024921	10	0.8042	0.77928	CHRNA4	hg38_genes_promoters	0.02924621075972	1.2678446583699317	0
chr20	63328346	63328911	-0.02573	14	0.73536	0.76109	COL20A1	hg38_genes_promoters	0.0248154857015233	1.3248516979815237	0
chr20	63294324	63294636	0.029511	10	0.8293	0.79979	COL20A1	hg38_genes_promoters	0.0012849654097676	2.3163769505192837	0
chr20	63285796	63286020	-0.044754	10	0.7447	0.78945	MIR4326	hg38_genes_promoters	1.5595091844766786e-05	3.857853460711684	0
chr20	63378376	63378739	-0.0414	10	0.5386	0.58	CHRNA4	hg38_genes_promoters	0.0931455664918505	0.8781908163482632	0
chr20	63657337	63657692	0.067415	17	0.66447	0.59706	RTEL1-TNFRSF6B	hg38_genes_promoters	0.0001144501720266	3.14688742909056	0
chr20	63657337	63657692	0.067415	17	0.66447	0.59706	STMN3	hg38_genes_promoters	0.0001144501720266	3.14688742909056	0
chr20	63657337	63657692	0.067415	17	0.66447	0.59706	RTEL1	hg38_genes_promoters	0.0001144501720266	3.14688742909056	0
chr20	44930523	44930655	0.018358	10	0.8682	0.84984	PABPC1L	hg38_genes_promoters	0.025274212854031	1.3186387327447413	0
chr20	64057081	64057320	0.039442	15	0.44727	0.40782	TCEA2	hg38_genes_promoters	0.0069367639340576	1.7514893209142126	0
chr20	64035258	64035722	0.010947	10	0.82	0.80905	C20orf204	hg38_genes_promoters	0.3568860619305108	0.4102882311160812	0
chr20	64034827	64035184	0.031603	10	0.7874	0.7558	C20orf204	hg38_genes_promoters	0.0008026193977845	2.479871220594773	0
chr20	63941411	63941747	0.040604	18	0.26251	0.22191	MIR1914	hg38_genes_promoters	0.0221197949972992	1.3648403881194284	0
chr20	63919693	63919785	0.039853	10	0.8488	0.80895	MIR941-4	hg38_genes_promoters	2.403627210804319e-06	4.530592892175498	0
chr20	63919693	63919785	0.039853	10	0.8488	0.80895	MIR941-5	hg38_genes_promoters	2.403627210804319e-06	4.530592892175498	0
chr20	63861496	63861640	0.039254	17	0.87829	0.83904	ABHD16B	hg38_genes_promoters	3.384958078565409e-09	6.938429161988967	1
chr20	63807900	63808076	0.012237	10	0.8855	0.87326	ZBTB46-AS1	hg38_genes_promoters	0.0276911488251623	1.2868792485268468	0
chr20	63790615	63790702	0.026995	10	0.8701	0.84311	ZBTB46	hg38_genes_promoters	4.4465294339505286e-05	3.4802422211735724	0
chr20	63742193	63742331	0.031916	10	0.8496	0.81768	SLC2A4RG	hg38_genes_promoters	3.274854888205007e-06	4.422217762948639	0
chr20	63736211	63736602	0.06305	20	0.54455	0.4815	LIME1	hg38_genes_promoters	3.4438786677027235e-06	4.402523380293933	0
chr20	63686310	63686490	-0.058008	13	0.58062	0.63862	RTEL1-TNFRSF6B	hg38_genes_promoters	0.0003378089195104	2.7767506023606052	0
chr20	63682456	63682893	-0.054466	13	0.47177	0.52623	RTEL1	hg38_genes_promoters	0.0221165186346695	1.3648403881194284	0
chr20	63682195	63682445	0.030847	12	0.88117	0.85032	RTEL1	hg38_genes_promoters	2.8999238493033263e-05	3.6308475167884473	0
chr20	63249104	63249224	-0.0108	10	0.7862	0.797	NKAIN4	hg38_genes_promoters	0.1403380164671727	0.7411737621571302	0
chr20	59603110	59603516	-0.06959	10	0.4791	0.54869	PHACTR3	hg38_genes_promoters	0.0019409855227904	2.1773871004418672	0
chr20	63237216	63237693	0.014373	12	0.84942	0.83504	BIRC7	hg38_genes_promoters	0.0743361996052809	0.9537536407303732	0
chr20	63036411	63036572	-0.034274	10	0.2552	0.28947	LINC00029	hg38_genes_promoters	0.1121668553871216	0.8173022133865849	0
chr20	62312342	62312446	-0.026016	10	0.8113	0.83732	LAMA5	hg38_genes_promoters	0.0005908764702481	2.5835610438127015	0
chr20	62291150	62291457	0.032809	10	0.8809	0.84809	OSBPL2	hg38_genes_promoters	7.564100170906884e-05	3.2926208633786036	0
chr20	62278494	62278810	0.016839	16	0.76069	0.74385	OSBPL2	hg38_genes_promoters	0.1973513428953329	0.62022750475985	0
chr20	62163055	62163288	0.011626	10	0.8571	0.84547	SS18L1	hg38_genes_promoters	0.0187911308985755	1.4190551317599773	0
chr20	62161482	62161720	0.033437	10	0.8358	0.80236	SS18L1	hg38_genes_promoters	0.002308076355594	2.117303938524252	0
chr20	62010081	62010277	-0.026872	14	0.84771	0.87459	TAF4	hg38_genes_promoters	2.5227249017395124e-07	5.334816892817286	-1
chr20	62316653	62316882	-0.020321	10	0.8061	0.82642	LAMA5	hg38_genes_promoters	0.0186713156748614	1.4212870516310554	0
chr20	61719705	61720369	-0.064686	26	0.20935	0.27403	LOC100128310	hg38_genes_promoters	5.951060180802345e-11	8.520036892638233	-1
chr20	60138358	60138511	-0.039711	10	0.2045	0.24421	MIR646HG	hg38_genes_promoters	0.1253716608091828	0.7785095190037377	0
chr20	60138358	60138511	-0.039711	10	0.2045	0.24421	LOC105372698	hg38_genes_promoters	0.1253716608091828	0.7785095190037377	0
chr20	60087599	60087670	0.027895	14	0.066429	0.038534	LOC729296	hg38_genes_promoters	0.1498293536615105	0.718491695913354	0
chr20	60087599	60087670	0.027895	14	0.066429	0.038534	MIR646HG	hg38_genes_promoters	0.1498293536615105	0.718491695913354	0
chr20	59939258	59939390	-0.024427	17	0.76706	0.79149	FAM217B	hg38_genes_promoters	0.0094066200299696	1.6506402875426538	0
chr20	59934405	59934485	-0.039321	10	0.1851	0.22442	SYCP2	hg38_genes_promoters	0.0015699494065829	2.247014437558074	0
chr20	61598348	61599045	-0.019382	26	0.69508	0.71446	CDH4	hg38_genes_promoters	0.1217813186875112	0.7891215808759746	0
chr20	62324651	62325114	-0.039439	12	0.74917	0.78861	LAMA5	hg38_genes_promoters	0.0103754413137659	1.618432222885419	0
chr20	62326879	62327183	0.022153	10	0.7461	0.72395	LAMA5	hg38_genes_promoters	0.0097456071817893	1.6393393126888698	0
chr20	62332456	62332654	0.030693	10	0.7758	0.74511	MIR4758	hg38_genes_promoters	0.0107000358167613	1.6077928215190478	0
chr20	62964867	62965089	0.054877	11	0.35155	0.29667	SLC17A9	hg38_genes_promoters	0.0002316143102657	2.9065819740508387	0
chr20	62962668	62962855	0.017539	12	0.85925	0.84171	SLC17A9	hg38_genes_promoters	0.0224089682374481	1.3601271827199748	0
chr20	62836152	62836323	0.028147	10	0.7862	0.75805	COL9A3	hg38_genes_promoters	0.0042722208412458	1.9093394756140751	0
chr20	62830367	62830576	0.018492	10	0.85665	0.83816	COL9A3	hg38_genes_promoters	0.0086366529875408	1.6785496551600947	0
chr20	62815700	62816017	0.051003	16	0.41112	0.36012	COL9A3	hg38_genes_promoters	0.0132372888199522	1.538225978152973	0
chr20	62775552	62776089	-0.028673	17	0.74482	0.7735	LINC00659	hg38_genes_promoters	0.0101349306394533	1.6263822805005335	0
chr20	62667884	62668172	0.028074	10	0.8406	0.81253	SLCO4A1	hg38_genes_promoters	0.022261751688147	1.3626751173422478	0
chr20	62641487	62641810	-0.014568	10	0.0558	0.070368	SLCO4A1	hg38_genes_promoters	0.0169157767648476	1.4538858080104593	0
chr20	62564745	62564955	0.031264	12	0.80483	0.77357	MIR133A2	hg38_genes_promoters	0.1071497662434176	0.8322179261329216	0
chr20	62427647	62428000	0.04514	12	0.736	0.69086	RBBP8NL	hg38_genes_promoters	0.0075787147945514	1.7205492721938036	0
chr20	62427647	62428000	0.04514	12	0.736	0.69086	LOC105372710	hg38_genes_promoters	0.0075787147945514	1.7205492721938036	0
chr20	62427417	62427601	0.011928	10	0.7076	0.69567	LOC105372710	hg38_genes_promoters	0.728082864803943	0.13354572142696053	0
chr20	62427417	62427601	0.011928	10	0.7076	0.69567	RBBP8NL	hg38_genes_promoters	0.728082864803943	0.13354572142696053	0
chr20	62396382	62396534	0.024321	10	0.8609	0.83658	CABLES2	hg38_genes_promoters	0.0005068304593794	2.6375697607256217	0
chr20	62338047	62338340	0.010363	18	0.78089	0.77053	LAMA5	hg38_genes_promoters	0.1869691749236042	0.6388972430292049	0
chr20	63235814	63236159	-0.018937	10	0.5318	0.55074	BIRC7	hg38_genes_promoters	0.5163077069294408	0.2707005503522626	0
chr20	44744379	44745094	-0.010902	12	0.84258	0.85349	KCNK15	hg38_genes_promoters	0.008658324953272	1.6779835469052093	0
chr20	30289153	30290044	-0.103302	37	0.28381	0.38711	LINC01597	hg38_genes_promoters	2.653940435317195e-12	9.769713484186079	-1
chr20	44407261	44407736	0.026044	10	0.6082	0.58216	MIR3646	hg38_genes_promoters	0.1848841478966099	0.6433044721907717	0
chr20	25221425	25222017	0.030028	17	0.86476	0.83474	ENTPD6	hg38_genes_promoters	8.679968678281574e-06	4.0626644740464375	0
chr20	25220959	25221419	-0.012256	14	0.785	0.79726	ENTPD6	hg38_genes_promoters	0.1236119896164985	0.7833593802134404	0
chr20	25214239	25214889	-0.03908	13	0.82177	0.86085	ENTPD6	hg38_genes_promoters	1.5548133806504767e-08	6.357921874095217	-1
chr20	25147928	25148205	0.035718	14	0.67993	0.64421	LOC284798	hg38_genes_promoters	0.0331097062048035	1.2247506355516324	0
chr20	25058784	25058989	0.017423	10	0.0503	0.032877	ACSS1	hg38_genes_promoters	0.5339310058905662	0.2572864266404962	0
chr20	25011774	25012533	-0.026711	17	0.82	0.84671	ACSS1	hg38_genes_promoters	0.0018067222866786	2.200142654142287	0
chr20	25223566	25224039	-0.027011	10	0.8362	0.86321	ENTPD6	hg38_genes_promoters	0.0012570070809502	2.324107170877908	0
chr20	24469540	24469597	-0.012858	10	0.0137	0.026558	SYNDIG1	hg38_genes_promoters	0.014944257583335	1.498308091861875	0
chr20	23605852	23606404	0.017485	10	0.7981	0.78062	CST9	hg38_genes_promoters	0.0482878043031706	1.0995066358101797	0
chr20	23087053	23087177	-0.051996	13	0.43023	0.48223	CD93	hg38_genes_promoters	0.0014344118016187	2.2770043755740463	0
chr20	22685018	22685841	-0.03153	10	0.4222	0.45373	LINC01747	hg38_genes_promoters	0.2859616819963926	0.4889180155455903	0
chr20	21106493	21106641	0.017216	10	0.0729	0.055684	LINC00237	hg38_genes_promoters	0.05108266529319	1.081050722726973	0
chr20	20267878	20268733	-0.020284	11	0.694	0.71428	CFAP61-AS1	hg38_genes_promoters	0.3837737953491142	0.3838724820844331	0
chr20	19935053	19935443	-0.019033	10	0.3948	0.41383	RIN2	hg38_genes_promoters	0.420062512971776	0.34970396439356577	0
chr20	24199289	24199890	-0.024553	10	0.7809	0.80545	LINC01721	hg38_genes_promoters	0.0570639100308089	1.0437609791533795	0
chr20	19889334	19889720	-0.020654	14	0.19857	0.21923	RIN2	hg38_genes_promoters	0.3375434996080491	0.431073509304088	0
chr20	25339734	25340044	-0.021358	10	0.8518	0.87316	ABHD12	hg38_genes_promoters	0.0002665467344226	2.8597493568602106	0
chr20	25479129	25479327	-0.016142	10	0.6907	0.70684	NINL	hg38_genes_promoters	0.1966530773167418	0.6214397409751956	0
chr20	44714603	44714838	-0.019142	10	0.1687	0.18784	CCN5	hg38_genes_promoters	0.1301564837511793	0.7659452955462541	0
chr20	30289153	30290044	-0.103302	37	0.28381	0.38711	LOC107985433	hg38_genes_promoters	2.653940435317195e-12	9.769713484186079	-1
chr20	29079985	29080056	-0.043478	10	0.318	0.36148	FRG1DP	hg38_genes_promoters	0.001992310388287	2.168625457010564	0
chr20	28602587	28603148	-0.039971	36	0.099361	0.13933	FRG1CP	hg38_genes_promoters	1.4953036274334046e-06	4.696939314390735	0
chr20	26251691	26251939	0.011926	10	0.8044	0.79247	MIR663AHG	hg38_genes_promoters	0.1330882341002255	0.7594205561501626	0
chr20	26209451	26209565	-0.051418	14	0.21529	0.2667	MIR663AHG	hg38_genes_promoters	5.249891514828735e-05	3.4219138678670062	0
chr20	25463143	25463726	-0.016278	15	0.80893	0.82521	NINL	hg38_genes_promoters	0.0031312855669151	2.0146508439845414	0
chr20	25984891	25985283	-0.081461	25	0.48232	0.56378	FAM182A	hg38_genes_promoters	7.022102855826973e-06	4.1432931414707435	0
chr20	25868159	25868275	0.026249	10	0.0486	0.022351	FAM182B	hg38_genes_promoters	0.0002218342429227	2.920974347758837	0
chr20	25853891	25854161	0.025646	23	0.08887	0.063223	FAM182B	hg38_genes_promoters	0.3280941085172005	0.4410936403767105	0
chr20	25853891	25854161	0.025646	23	0.08887	0.063223	LOC101926935	hg38_genes_promoters	0.3280941085172005	0.4410936403767105	0
chr20	25750796	25751008	-0.091289	10	0.2885	0.37979	LOC105372582	hg38_genes_promoters	3.0252657661186304e-05	3.6155291911762792	0
chr20	25624490	25624609	0.025279	10	0.1187	0.093421	NANP	hg38_genes_promoters	0.1473850516687835	0.7242590712760516	0
chr20	25623580	25623659	-0.011105	10	0.018	0.029105	ZNF337-AS1	hg38_genes_promoters	0.2056874631579455	0.6054524063780231	0
chr20	25868159	25868275	0.026249	10	0.0486	0.022351	LOC101926935	hg38_genes_promoters	0.0002218342429227	2.920974347758837	0
chr20	18542008	18542398	-0.010191	11	0.85073	0.86092	SEC23B	hg38_genes_promoters	0.253869410281457	0.5316695468090189	0
chr20	18378199	18378961	-0.027607	12	0.67667	0.70427	LINC00851	hg38_genes_promoters	0.275914885379554	0.5013251910152167	0
chr20	17624226	17624431	0.017742	10	0.8859	0.86816	RRBP1	hg38_genes_promoters	0.0121713829657862	1.5655216714131335	0
chr20	2862817	2863128	0.021825	12	0.872	0.85018	VPS16	hg38_genes_promoters	0.0063915586315981	1.779269126754771	0
chr20	2660492	2660953	-0.017032	10	0.5396	0.55663	IDH3B	hg38_genes_promoters	0.4639570220092454	0.31149509605486114	0
chr20	2536495	2536801	-0.031752	10	0.704	0.73575	TMC2	hg38_genes_promoters	0.1184677569958618	0.7987973683854576	0
chr20	2394259	2394566	-0.020069	11	0.82191	0.84198	TGM6	hg38_genes_promoters	0.0443483684853464	1.1267156583269906	0
chr20	1946924	1947105	-0.017786	10	0.0687	0.086486	PDYN-AS1	hg38_genes_promoters	0.3134732424054951	0.456952119621131	0
chr20	1895058	1895434	-0.01024	12	0.0031667	0.013406	SIRPA	hg38_genes_promoters	2.0127601900547846e-06	4.584626666107498	0
chr20	3071396	3071616	-0.065102	14	0.38764	0.45274	OXT	hg38_genes_promoters	4.40273399831879e-05	3.4832008805031505	0
chr20	1895058	1895434	-0.01024	12	0.0031667	0.013406	LOC102724545	hg38_genes_promoters	2.0127601900547846e-06	4.584626666107498	0
chr20	1002366	1002409	0.01111	10	0.0236	0.01249	RSPO4	hg38_genes_promoters	3.203359125646061e-06	4.429613285301128	0
chr20	916232	916610	0.011021	10	0.3836	0.37258	ANGPT4	hg38_genes_promoters	0.5244301148050914	0.2643585868117714	0
chr20	768433	768808	-0.017932	10	0.3217	0.33963	SLC52A3	hg38_genes_promoters	0.3866157702043707	0.3810962209486415	0
chr20	676098	676406	-0.012747	10	0.0162	0.028947	SRXN1	hg38_genes_promoters	0.0024953909681359	2.090722275873518	0
chr20	676098	676406	-0.012747	10	0.0162	0.028947	SCRT2	hg38_genes_promoters	0.0024953909681359	2.090722275873518	0
chr20	653957	654318	-0.023347	10	0.3446	0.36795	SRXN1	hg38_genes_promoters	0.3609391052161642	0.40591512947420294	0
chr20	1184699	1184802	-0.027605	10	0.0775	0.10511	TMEM74B	hg38_genes_promoters	0.0008903880893078	2.445769145592972	0
chr20	3230561	3230756	0.041095	10	0.8482	0.80711	SLC4A11	hg38_genes_promoters	4.2355955619256907e-07	5.151164987525996	1
chr20	3663449	3663719	0.037347	10	0.6914	0.65405	GFRA4	hg38_genes_promoters	0.0174861382794613	1.4440732701408232	0
chr20	3673852	3673956	0.059705	10	0.6206	0.56089	ADAM33	hg38_genes_promoters	0.0004983652178564	2.643904947428719	0
chr20	17568983	17569127	-0.016009	17	0.029706	0.045715	DSTN	hg38_genes_promoters	0.4058979850642626	0.3627066404081348	0
chr20	16573608	16573890	-0.016942	10	0.2939	0.31084	KIF16B	hg38_genes_promoters	0.1315931406241495	0.7622399558486149	0
chr20	14929426	14929887	0.014174	10	0.8558	0.84163	MACROD2-AS1	hg38_genes_promoters	0.2422711357696435	0.54803321787615	0
chr20	11917882	11918612	-0.039447	10	0.0955	0.13495	BTBD3	hg38_genes_promoters	1.118384124002772e-05	3.9709855636573272	0
chr20	10171763	10172192	-0.016821	12	0.072917	0.089738	LOC105372524	hg38_genes_promoters	0.2993927378663408	0.47378213741672937	0
chr20	5504584	5504732	0.045909	11	0.22682	0.18091	LINC00654	hg38_genes_promoters	0.8240578998447555	0.08188374716538116	0
chr20	5504072	5504552	-0.01058	12	0.21667	0.22725	LINC00654	hg38_genes_promoters	0.0927856118437283	0.8793365334494543	0
chr20	5471048	5471177	-0.0177	10	0.8453	0.863	LOC643406	hg38_genes_promoters	0.0052860278551548	1.8412496282679995	0
chr20	5471048	5471177	-0.0177	10	0.8453	0.863	LINC00658	hg38_genes_promoters	0.0052860278551548	1.8412496282679995	0
chr20	4823891	4824162	-0.032508	10	0.2011	0.23361	RASSF2	hg38_genes_promoters	0.1355478773747616	0.753042469375991	0
chr20	4192565	4192992	-0.039321	10	0.2451	0.28442	LINC01433	hg38_genes_promoters	0.0949894104872333	0.8722710782120358	0
chr20	4182725	4182836	0.026074	10	0.8536	0.82753	SMOX	hg38_genes_promoters	0.000128603490802	3.1068522761237607	0
chr20	3800685	3800817	-0.014584	10	0.8411	0.85568	CDC25B	hg38_genes_promoters	0.0501591314971765	1.0874015561696428	0
chr20	3785705	3785784	-0.019942	10	0.6799	0.69984	CDC25B	hg38_genes_promoters	0.1682925154341021	0.6775293280405652	0
chr20	3781468	3782006	-0.019065	10	0.3058	0.32486	SPEF1	hg38_genes_promoters	0.6356367530247691	0.1888599480123675	0
chr20	30290618	30290798	-0.08371	15	0.192	0.27571	LOC107985433	hg38_genes_promoters	0.0001802301311935	2.9924389404143312	0
chr20	30376325	30376572	-0.019782	12	0.64933	0.66911	FRG1BP	hg38_genes_promoters	0.3921358942639923	0.3757842845064388	0
chr20	17225982	17226065	-0.011853	10	0.0222	0.034053	PCSK2	hg38_genes_promoters	0.0017094396604555	2.219859642313933	0
chr20	30724002	30724117	-0.081097	10	0.058	0.1391	ANKRD20A21P	hg38_genes_promoters	1.017095159729016e-08	6.519496070128792	-1
chr20	38835876	38836010	0.021074	10	0.8536	0.83253	PPP1R16B	hg38_genes_promoters	0.0130180922972936	1.5439441075475495	0
chr20	38643519	38643926	0.023332	10	0.7127	0.68937	ARHGAP40	hg38_genes_promoters	0.1135976756447642	0.8134751132260218	0
chr20	38447209	38448083	0.026693	22	0.65241	0.62572	SNORA71E	hg38_genes_promoters	0.0514733001768521	1.0794043709785808	0
chr20	38447209	38448083	0.026693	22	0.65241	0.62572	SNHG11	hg38_genes_promoters	0.0514733001768521	1.0794043709785808	0
chr20	38431073	38431712	-0.018443	12	0.80625	0.82469	SNHG17	hg38_genes_promoters	0.092627011556697	0.8799880633259968	0
chr20	38218681	38219202	-0.019416	10	0.7779	0.79732	KIAA1755	hg38_genes_promoters	0.133989401524197	0.7572224067429665	0
chr20	41163981	41164400	-0.01985	10	0.8382	0.85805	PLCG1	hg38_genes_promoters	0.0031349243876107	2.014312623318386	0
chr20	38166757	38167182	-0.036998	10	0.7024	0.7394	TGM2	hg38_genes_promoters	0.026335619864425	1.3042357934420739	0
chr20	38083623	38083875	-0.031972	10	0.697	0.72897	RPRD1B	hg38_genes_promoters	0.2818485261500594	0.49392582769612275	0
chr20	38033405	38033481	-0.010017	10	0.0031	0.013117	RPRD1B	hg38_genes_promoters	2.432487329216791e-05	3.694402753653223	0
chr20	38033405	38033481	-0.010017	10	0.0031	0.013117	TTI1	hg38_genes_promoters	2.432487329216791e-05	3.694402753653223	0
chr20	37528790	37529429	-0.039186	10	0.7241	0.76329	BLCAP	hg38_genes_promoters	0.0661633231107578	0.9922794835649167	0
chr20	37521488	37521575	-0.013553	12	0.43083	0.44439	BLCAP	hg38_genes_promoters	0.0889053231778355	0.894042661036198	0
chr20	37396132	37396247	0.013521	10	0.8331	0.81958	SRC	hg38_genes_promoters	0.1917804636968201	0.6296445459887808	0
chr20	38165230	38165313	-0.017878	10	0.0233	0.041178	TGM2	hg38_genes_promoters	0.0014995971439341	2.2612585749040512	0
chr20	37383426	37383671	-0.031168	10	0.6812	0.71237	SRC	hg38_genes_promoters	0.021157120685139	1.3800314531756168	0
chr20	41172264	41172564	0.022816	10	0.8256	0.80278	PLCG1	hg38_genes_promoters	0.0548135940776781	1.0580669910849547	0
chr20	41356949	41357147	0.016037	10	0.8443	0.82826	LPIN3	hg38_genes_promoters	0.1044252907126935	0.8406181107851787	0
chr20	30376723	30377089	-0.065061	37	0.11403	0.17909	FRG1BP	hg38_genes_promoters	4.52216831949572e-10	7.7050591156898	-1
chr20	44400677	44401153	0.021858	10	0.6867	0.66484	HNF4A	hg38_genes_promoters	0.1610593061589276	0.6929707897091216	0
chr20	44395800	44396466	-0.019548	12	0.56975	0.5893	HNF4A-AS1	hg38_genes_promoters	0.3471150218017116	0.42055823926214897	0
chr20	44355812	44356024	0.027627	12	0.77175	0.74412	R3HDML-AS1	hg38_genes_promoters	0.0045385534202772	1.8894820513837054	0
chr20	44336368	44336769	0.0265	10	0.4635	0.437	R3HDML	hg38_genes_promoters	0.1768488884511582	0.6596875646259799	0
chr20	44038744	44039063	-0.036062	13	0.13523	0.17129	TOX2	hg38_genes_promoters	0.0030011785582314	2.0277878106570886	0
chr20	41202421	41202693	-0.014018	10	0.8577	0.87172	ZHX3	hg38_genes_promoters	0.094074944220442	0.8753301216009421	0
chr20	43913808	43914359	-0.015938	10	0.435	0.45094	TOX2	hg38_genes_promoters	0.6613621894333634	0.17261525053643922	0
chr20	43558415	43558992	-0.036947	10	0.459	0.49595	SGK2	hg38_genes_promoters	0.2370274773453289	0.5560238542975613	0
chr20	43539920	43540213	-0.016739	10	0.8487	0.86544	SGK2	hg38_genes_promoters	0.0077787383939517	1.7122630059435346	0
chr20	43539920	43540213	-0.016739	10	0.8487	0.86544	L3MBTL1	hg38_genes_promoters	0.0077787383939517	1.7122630059435346	0
chr20	43514030	43514144	-0.023855	10	0.4746	0.49845	L3MBTL1	hg38_genes_promoters	0.0213916521069241	1.3759153814514584	0
chr20	43513364	43514008	0.017366	19	0.59426	0.5769	L3MBTL1	hg38_genes_promoters	0.1192403974111257	0.7962628790591705	0
chr20	41990148	41990707	-0.022284	10	0.5033	0.52558	LOC101927182	hg38_genes_promoters	0.6535991921623688	0.1771957910328754	0
chr20	43564186	43564494	-0.013412	12	0.8715	0.88491	SGK2	hg38_genes_promoters	0.0075054992890268	1.723547029719009	0
chr20	37345665	37345792	-0.01507	10	0.0124	0.02747	SRC	hg38_genes_promoters	0.0127224144212078	1.5503621048901752	0
chr20	41165701	41165848	0.016605	14	0.81307	0.79647	PLCG1	hg38_genes_promoters	0.0163733408321575	1.465571586714703	0
chr20	36951987	36952569	-0.013395	10	0.2892	0.30259	SAMHD1	hg38_genes_promoters	0.6677064463772311	0.1687424428493958	0
chr20	34979789	34980070	0.082946	13	0.65492	0.57198	MYH7B	hg38_genes_promoters	5.868709535256396e-07	5.034808860410392	1
chr20	33811404	33811457	-0.017619	13	0.022231	0.03985	ZNF341-AS1	hg38_genes_promoters	3.060316051190149e-06	4.445687052225195	0
chr20	33793063	33793444	-0.021058	10	0.4741	0.49516	ZNF341-AS1	hg38_genes_promoters	0.470758910841211	0.3060229172644414	0
chr20	33730925	33731446	-0.020161	10	0.8598	0.87996	ZNF341	hg38_genes_promoters	0.0124858171644701	1.5568433883030117	0
chr20	33670010	33670432	0.015123	12	0.80183	0.78671	NECAB3	hg38_genes_promoters	0.0969004784987442	0.8655930387207609	0
chr20	32897243	32897972	0.029637	17	0.83518	0.80554	EFCAB8	hg38_genes_promoters	0.0956594952420183	0.8705090348202877	0
chr20	32778630	32779052	-0.016132	10	0.6627	0.67883	DNMT3B	hg38_genes_promoters	0.2354293773130195	0.5583301935615523	0
chr20	32158061	32158710	-0.011544	12	0.85517	0.86671	TM9SF4	hg38_genes_promoters	0.0087382745070875	1.6746437404593717	0
chr20	31637488	31637840	0.013252	14	0.61321	0.59996	COX4I2	hg38_genes_promoters	0.3432375388775212	0.4249889483669964	0
chr20	31547309	31547397	0.027726	10	0.5332	0.50547	HM13	hg38_genes_promoters	0.0093192689829286	1.653539217235678	0
chr20	31485405	31485781	-0.025734	19	0.13684	0.16258	LINC00028	hg38_genes_promoters	0.0001471778755913	3.0633783132816883	0
chr20	31475362	31475469	-0.021179	10	0.0244	0.045579	DEFB124	hg38_genes_promoters	8.403330084519574e-07	4.904381587103345	0
chr20	30724736	30725057	0.054136	19	0.63342	0.57928	ANKRD20A21P	hg38_genes_promoters	0.0003001904589746	2.8188701126331237	0
chr20	37343093	37343982	-0.023211	13	0.50331	0.52652	SRC	hg38_genes_promoters	0.390765195058893	0.3771316245670557	0
chr20	30724135	30724301	-0.091287	22	0.071273	0.16256	ANKRD20A21P	hg38_genes_promoters	2.0974618486419204e-15	12.495815909999122	-1
chr20	34989830	34990070	-0.025991	10	0.8086	0.83459	MIR499A	hg38_genes_promoters	0.0150461679603641	1.495820317449422	0
chr20	35000500	35000621	0.02332	12	0.84525	0.82193	MYH7B	hg38_genes_promoters	0.0017771821565326	2.2059846410728157	0
chr20	33667519	33667586	-0.022557	12	0.10275	0.12531	NECAB3	hg38_genes_promoters	0.0540714619384463	1.0628556670245062	0
chr20	35304831	35305575	-0.016169	14	0.84507	0.86124	UQCC1	hg38_genes_promoters	0.0014181872029326	2.280753182308926	0
chr20	36875579	36876108	-0.016237	10	0.7775	0.79374	TLDC2	hg38_genes_promoters	0.1524897714910223	0.7126595215270621	0
chr20	36860872	36861316	-0.018079	10	0.7905	0.80858	SOGA1	hg38_genes_promoters	0.0978196541074407	0.8627778452009333	0
chr20	36860462	36860853	-0.012063	10	0.8462	0.85826	SOGA1	hg38_genes_promoters	0.008686632269824	1.6768269070003856	0
chr20	36604873	36605179	0.048198	12	0.30108	0.25289	RAB5IF	hg38_genes_promoters	0.0001815707689021	2.9896011377799194	0
chr20	36541128	36541396	0.012212	12	0.067433	0.055221	MYL9	hg38_genes_promoters	0.5752701998932095	0.22806588575279663	0
chr20	36496863	36497024	-0.025253	10	0.8448	0.87005	DLGAP4	hg38_genes_promoters	0.0001591734430261	3.034979330173698	0
chr20	36235882	36236160	-0.019495	10	0.6664	0.68589	AAR2	hg38_genes_promoters	0.2473300453867233	0.5410663177369057	0
chr20	36499727	36500233	0.027155	18	0.8385	0.81135	DLGAP4	hg38_genes_promoters	4.286470262809807e-06	4.31846679171532	0
chr20	36050255	36050531	-0.016245	26	0.044038	0.060283	EPB41L1	hg38_genes_promoters	1.0663832479821664e-05	3.9880462544079918	0
chr20	35938541	35938946	-0.011917	10	0.8543	0.86622	PHF20	hg38_genes_promoters	0.1223416151167762	0.7873434853433923	0
chr20	35607105	35607669	0.011862	14	0.73521	0.72335	FER1L4	hg38_genes_promoters	0.3706248960620386	0.3965140849419484	0
chr20	35554739	35555349	0.018763	10	0.8112	0.79244	ERGIC3	hg38_genes_promoters	0.2496997357310014	0.5378008323321134	0
chr20	35522999	35523366	0.012874	10	0.8754	0.86253	C20orf173	hg38_genes_promoters	0.0926177115172301	0.8799880633259968	0
chr20	35497415	35497906	-0.032089	10	0.8283	0.86039	CEP250	hg38_genes_promoters	3.714018640177917e-06	4.375259632112122	0
chr20	36154002	36154328	-0.033405	10	0.2927	0.32611	EPB41L1	hg38_genes_promoters	0.3534559936569038	0.4139543786425734	0
chr21	44352292	44352683	-0.012643	14	0.74707	0.75971	TRPM2	hg38_genes_promoters	0.3497018505948951	0.4180630666596536	0
chr21	44516027	44516557	0.022774	12	0.819	0.79623	TSPEAR-AS2	hg38_genes_promoters	0.0569308878215976	1.0446039362282167	0
chr21	44417274	44417467	0.032279	10	0.8127	0.78042	TRPM2-AS	hg38_genes_promoters	0.0011185793187816	2.3661657554532702	0
chr21	44424779	44424926	0.037137	10	0.8854	0.84826	TRPM2	hg38_genes_promoters	2.6744416454217386e-07	5.315335842860295	1
chr21	44484455	44485417	0.040212	19	0.73489	0.69468	LINC02575	hg38_genes_promoters	0.0081146333455126	1.698247257030853	0
chr21	44506648	44506742	0.010384	10	0.8387	0.82832	TSPEAR-AS1	hg38_genes_promoters	0.2432184660525902	0.5468412948216329	0
chr21	44510378	44510584	-0.023921	10	0.2465	0.27042	TSPEAR-AS1	hg38_genes_promoters	0.318805640210386	0.4511142701738778	0
chr21	44540795	44541371	-0.042513	10	0.6223	0.66481	KRTAP10-1	hg38_genes_promoters	0.0631400296884796	1.0090161824723334	0
chr21	44666426	44667332	-0.034149	20	0.67305	0.7072	KRTAP12-2	hg38_genes_promoters	0.0062533453685451	1.7853915584252271	0
chr21	44592540	44592834	-0.037558	15	0.34027	0.37782	KRTAP10-6	hg38_genes_promoters	0.0375184983224972	1.1846505940923393	0
chr21	44626265	44626650	0.028626	10	0.7611	0.73247	KRTAP10-9	hg38_genes_promoters	0.0460939464211771	1.114371889905	0
chr21	44636576	44637057	0.017711	10	0.7795	0.76179	KRTAP10-10	hg38_genes_promoters	0.1072626356094017	0.8320152281483726	0
chr21	44655233	44655589	-0.028474	12	0.7135	0.74197	KRTAP12-4	hg38_genes_promoters	0.0528711002068246	1.069889006913412	0
chr21	44861746	44862294	0.010251	19	0.69774	0.68749	PTTG1IP	hg38_genes_promoters	0.3935784461934467	0.3744206442071559	0
chr21	44819656	44820029	-0.011187	15	0.8768	0.88799	SUMO3	hg38_genes_promoters	0.0002208136074602	2.922102975282977	0
chr21	44350256	44350331	-0.013599	13	0.03044	0.044038	TRPM2	hg38_genes_promoters	0.0004152021588359	2.7087944735924903	0
chr21	44551619	44551967	0.010526	13	0.72692	0.7164	KRTAP10-2	hg38_genes_promoters	0.3738538259976401	0.39309642400079386	0
chr21	44338246	44338471	-0.021532	10	0.4011	0.42263	CFAP410	hg38_genes_promoters	0.4162298249762842	0.35299679356825303	0
chr21	43020426	43021057	-0.024212	13	0.84485	0.86906	PKNOX1	hg38_genes_promoters	0.0010533287705942	2.3858004809878537	0
chr21	44314495	44314867	0.013267	12	0.87117	0.8579	PFKL	hg38_genes_promoters	0.0932062772018046	0.8781091684615279	0
chr21	42756176	42756624	-0.017126	13	0.80769	0.82482	PDE9A	hg38_genes_promoters	0.0081827492609228	1.6959809792325058	0
chr21	44889395	44889802	0.020624	21	0.86338	0.84276	ITGB2	hg38_genes_promoters	5.420762967377185e-05	3.410712083587152	0
chr21	43003351	43003719	0.028534	12	0.84408	0.81555	PKNOX1	hg38_genes_promoters	0.0417533205001258	1.1474042320352207	0
chr21	43332352	43332703	0.01376	12	0.8055	0.79174	LINC00322	hg38_genes_promoters	0.2451903703510048	0.5441004048643303	0
chr21	43362397	43362502	0.010832	10	0.0442	0.033368	LINC01679	hg38_genes_promoters	0.0747505795551618	0.9519328737550107	0
chr21	43733272	43733777	0.029351	14	0.47764	0.44829	PDXK	hg38_genes_promoters	0.3963522841290348	0.37194772133813014	0
chr21	43740604	43740910	-0.039774	10	0.6297	0.66947	PDXK	hg38_genes_promoters	0.0434003277155868	1.1343505181385531	0
chr21	43752363	43752657	0.020945	17	0.87376	0.85282	PDXK	hg38_genes_promoters	0.2055524227827759	0.6056727063707527	0
chr21	43810690	43810977	-0.011718	10	0.1031	0.11482	AATBC	hg38_genes_promoters	0.7484349097352889	0.12217006107138546	0
chr21	43812230	43812720	-0.031047	21	0.24276	0.27381	AATBC	hg38_genes_promoters	0.0713440401734504	0.9674176679333097	0
chr21	43924694	43925180	-0.022656	22	0.77091	0.79356	AGPAT3	hg38_genes_promoters	0.0009166039390292	2.435758289414841	0
chr21	43945699	43946195	-0.011967	11	0.86009	0.87206	AGPAT3	hg38_genes_promoters	0.0172317260166638	1.447787877495115	0
chr21	43970452	43970700	-0.013779	10	0.8448	0.85858	AGPAT3	hg38_genes_promoters	0.1370612741277284	0.7492010911236194	0
chr21	43971259	43971616	-0.011964	20	0.5434	0.55536	AGPAT3	hg38_genes_promoters	0.7804195521825572	0.10475530713303256	0
chr21	44087746	44087972	-0.024205	10	0.0829	0.10711	TRAPPC10	hg38_genes_promoters	0.000543911014924	2.6127374198576923	0
chr21	44284706	44285054	-0.015195	10	0.8142	0.82939	AIRE	hg38_genes_promoters	0.1156350991936322	0.8072811456917718	0
chr21	44289621	44289793	0.027168	10	0.8388	0.81163	AIRE	hg38_genes_promoters	0.0379681688054864	1.180235308963347	0
chr21	44330181	44330367	-0.019591	13	0.79608	0.81567	CFAP410	hg38_genes_promoters	0.0234606054955267	1.344071175589809	0
chr21	44921090	44921459	0.013702	12	0.51467	0.50096	ITGB2-AS1	hg38_genes_promoters	0.6349196218750119	0.1892953748124651	0
chr21	46440217	46440496	-0.045668	10	0.8157	0.86137	PCNT	hg38_genes_promoters	4.495908745663906e-07	5.127052892030849	-1
chr21	44928451	44928776	-0.033761	13	0.63431	0.66807	ITGB2	hg38_genes_promoters	0.0829189836580231	0.916676542476455	0
chr21	45543209	45543447	0.014306	10	0.1704	0.15609	SLC19A1	hg38_genes_promoters	0.5355167762937996	0.2562241525449171	0
chr21	45642817	45642893	0.013209	10	0.0376	0.024391	PCBP3	hg38_genes_promoters	0.0496979483974461	1.0902116952167424	0
chr21	45643676	45643742	-0.012131	14	0.019071	0.031202	PCBP3	hg38_genes_promoters	4.777130405122648e-05	3.4534811329088533	0
chr21	45746779	45747052	0.038007	19	0.82801	0.79	PCBP3	hg38_genes_promoters	7.592950525051298e-08	5.7559525303384405	1
chr21	45858174	45858396	0.017994	10	0.8908	0.87281	PCBP3	hg38_genes_promoters	0.1198718180466622	0.7941856455220458	0
chr21	45900121	45900265	0.036637	10	0.8389	0.80226	PCBP3	hg38_genes_promoters	0.0003548795383124	2.7610139768878104	0
chr21	45913665	45913918	-0.023	10	0.816	0.839	PCBP3	hg38_genes_promoters	0.0034413255538867	1.982042571568607	0
chr21	45535534	45535830	-0.01431	15	0.1822	0.19651	SLC19A1	hg38_genes_promoters	0.2976037492033113	0.4756596656549112	0
chr21	45998256	45998541	0.025454	16	0.84631	0.82086	COL6A1	hg38_genes_promoters	0.0007990958550192	2.481115045841419	0
chr21	46138639	46138854	-0.024963	10	0.7853	0.81026	FTCD	hg38_genes_promoters	0.0072835470807319	1.7345311829506647	0
chr21	46345817	46346054	-0.011851	12	0.8535	0.86535	PCNT	hg38_genes_promoters	0.02120248984697	1.3792071945121496	0
chr21	46551840	46552101	-0.045679	10	0.0999	0.14558	DIP2A	hg38_genes_promoters	0.0004039939703066	2.717818782983655	0
chr21	46554592	46554713	0.048979	10	0.9044	0.85542	DIP2A	hg38_genes_promoters	2.494853510832736e-13	10.678460293060363	1
chr21	46562413	46562789	-0.024663	10	0.7786	0.80326	DIP2A	hg38_genes_promoters	0.1182081332616406	0.7995334794026966	0
chr21	46643512	46643822	-0.050543	10	0.7222	0.77274	PRMT2	hg38_genes_promoters	0.0105951838693971	1.611430824177259	0
chr21	42685136	42685239	0.029005	10	0.7279	0.69889	PDE9A	hg38_genes_promoters	0.0944991614124071	0.8737571968756239	0
chr21	46036481	46036615	-0.022491	12	0.79817	0.82066	LOC105372842	hg38_genes_promoters	0.0003483382803718	2.767926506084626	0
chr21	45532027	45532131	0.025732	10	0.8411	0.81537	SLC19A1	hg38_genes_promoters	7.858016281322717e-05	3.2799881204364154	0
chr21	45516041	45516320	-0.023623	10	0.8214	0.84502	SLC19A1	hg38_genes_promoters	0.1823487105815958	0.6486390131998856	0
chr21	45505211	45505419	0.033147	10	0.7717	0.73855	COL18A1	hg38_genes_promoters	0.0136375219990992	1.527872555903791	0
chr21	44995294	44995565	0.03575	12	0.82575	0.79	LINC00165	hg38_genes_promoters	1.0159309304107362e-05	4.00544802004605	0
chr21	45004700	45004945	0.018556	16	0.85806	0.83951	PICSAR	hg38_genes_promoters	0.012186904089434	1.5650884588401195	0
chr21	45004984	45005164	-0.026867	10	0.6184	0.64527	PICSAR	hg38_genes_promoters	0.2925732273353935	0.4818518905016131	0
chr21	45072616	45072857	0.025044	12	0.85483	0.82979	ADARB1	hg38_genes_promoters	0.016611351314882	1.4606160716498922	0
chr21	45072616	45072857	0.025044	12	0.85483	0.82979	SSR4P1	hg38_genes_promoters	0.016611351314882	1.4606160716498922	0
chr21	45133804	45133877	-0.018526	10	0.784	0.80253	ADARB1	hg38_genes_promoters	0.0135255395931182	1.530515924839571	0
chr21	45176009	45176409	-0.012777	13	0.84969	0.86247	ADARB1	hg38_genes_promoters	0.0090301185663731	1.6643966449035874	0
chr21	45234231	45234294	0.037332	10	0.7627	0.72537	LINC00334	hg38_genes_promoters	0.0044210258443003	1.8976520455336567	0
chr21	45257054	45257377	-0.037196	10	0.2683	0.3055	LINC00334	hg38_genes_promoters	0.0581222855202679	1.0377370649508963	0
chr21	45257439	45257639	-0.144653	10	0.5019	0.64655	LINC00334	hg38_genes_promoters	1.7805081300488314e-09	7.179149883243733	-1
chr21	45267111	45267252	-0.025595	10	0.8493	0.87489	POFUT2	hg38_genes_promoters	2.905428558198847e-07	5.284200451330802	-1
chr21	45277800	45278024	-0.012087	10	0.8654	0.87749	POFUT2	hg38_genes_promoters	0.0376451899170827	1.1832931687142416	0
chr21	45409907	45410076	-0.04747	10	0.6386	0.68607	COL18A1-AS2	hg38_genes_promoters	0.0373333029828643	1.1859676367155911	0
chr21	45424967	45425336	0.026658	23	0.84196	0.8153	COL18A1-AS1	hg38_genes_promoters	5.488313010344355e-05	3.4064891802269406	0
chr21	45478041	45478206	-0.012832	10	0.174	0.18683	MIR6815	hg38_genes_promoters	0.4825113755670326	0.2965743635316243	0
chr21	45489496	45489733	0.054993	13	0.77738	0.72239	COL18A1	hg38_genes_promoters	3.037078902180662e-05	3.6155291911762792	0
chr21	45492700	45492908	0.025153	10	0.8531	0.82795	COL18A1	hg38_genes_promoters	0.0019009556589944	2.184775213270614	0
chr21	44921090	44921459	0.013702	12	0.51467	0.50096	ITGB2	hg38_genes_promoters	0.6349196218750119	0.1892953748124651	0
chr21	42652974	42653154	-0.024547	10	0.2184	0.24295	PDE9A	hg38_genes_promoters	0.2907730537404125	0.48374296482258927	0
chr21	43903867	43904055	-0.021921	10	0.8015	0.82342	AGPAT3	hg38_genes_promoters	0.0066365269162936	1.7675307954897654	0
chr21	42543335	42543602	-0.027832	10	0.8398	0.86763	SLC37A1	hg38_genes_promoters	0.0014902016487024	2.2631139763020336	0
chr21	32393441	32393798	0.022352	16	0.18831	0.16596	URB1	hg38_genes_promoters	0.0113258815308711	1.5880426585184473	0
chr21	32576061	32576348	-0.018079	10	0.8115	0.82958	CFAP298-TCP10L	hg38_genes_promoters	0.1000598837005302	0.8556526804189235	0
chr21	32585535	32586101	-0.025239	10	0.7997	0.82494	TCP10L	hg38_genes_promoters	0.0320400203451293	1.2362915399718524	0
chr21	32604119	32604599	-0.018069	16	0.84956	0.86763	CFAP298	hg38_genes_promoters	0.0003467505676673	2.7696467606036856	0
chr21	32604119	32604599	-0.018069	16	0.84956	0.86763	CFAP298-TCP10L	hg38_genes_promoters	0.0003467505676673	2.7696467606036856	0
chr21	33265703	33266075	-0.012769	13	0.037846	0.050615	IL10RB	hg38_genes_promoters	0.584627493291316	0.2219983802045478	0
chr21	33402651	33402759	-0.021102	10	0.0538	0.074902	IFNGR2	hg38_genes_promoters	0.0002955249234033	2.825128314078471	0
chr21	33551026	33551288	0.016978	12	0.87325	0.85627	SON	hg38_genes_promoters	0.0749632534193062	0.951181381997607	0
chr21	33554712	33555019	-0.021636	16	0.86975	0.89139	SON	hg38_genes_promoters	1.924996669120436e-05	3.7810069664659554	0
chr21	34072732	34072847	0.0388	10	0.6158	0.577	MRPS6	hg38_genes_promoters	0.0810382196224261	0.9245119160394292	0
chr21	34072732	34072847	0.0388	10	0.6158	0.577	SLC5A3	hg38_genes_promoters	0.0810382196224261	0.9245119160394292	0
chr21	34521413	34522166	-0.020874	12	0.79643	0.81731	RCAN1	hg38_genes_promoters	0.0740320971257165	0.9548384383501862	0
chr21	34526403	34527170	0.020181	10	0.359	0.33882	RCAN1	hg38_genes_promoters	0.1261913622592545	0.7765364298136149	0
chr21	34669204	34669327	-0.027794	11	0.061727	0.089522	CLIC6	hg38_genes_promoters	2.2616433652826944e-05	3.720175496711809	0
chr21	34887122	34887326	0.045176	10	0.1534	0.10822	RUNX1	hg38_genes_promoters	0.0056881402663575	1.8166860008865802	0
chr21	34890592	34891141	0.053814	33	0.18397	0.13016	RUNX1	hg38_genes_promoters	3.3978229102889285e-13	10.548805104415116	1
chr21	32335307	32335728	-0.019341	10	0.8788	0.89814	URB1	hg38_genes_promoters	6.378353617278341e-05	3.3507313263263367	0
chr21	35886872	35886929	-0.011044	10	0.8914	0.90244	PPP1R2P2	hg38_genes_promoters	0.0087100091054132	1.675790134132609	0
chr21	32308889	32309354	0.030261	10	0.8579	0.82764	MRAP-AS1	hg38_genes_promoters	0.2524383942444966	0.5337503352469232	0
chr21	31558091	31558311	0.025751	28	0.059832	0.034082	TIAM1-AS1	hg38_genes_promoters	0.0001004571292801	3.1919684336769225	0
chr21	42564780	42565015	-0.031463	10	0.7348	0.76626	SLC37A1	hg38_genes_promoters	0.0462096598172232	1.1136158081315908	0
chr21	5145465	5145702	0.032391	10	0.8667	0.83431	LOC102724159	hg38_genes_promoters	0.0095795859980599	1.6448963924193465	0
chr21	9324995	9325153	-0.090632	16	0.45479	0.54542	LOC101930100	hg38_genes_promoters	6.850419046396342e-06	4.152536224783571	0
chr21	10521288	10521444	-0.046969	30	0.48474	0.53171	TPTE	hg38_genes_promoters	0.0001160750612425	3.142438541289213	0
chr21	13036953	13037334	0.026902	21	0.68519	0.65829	ANKRD30BP2	hg38_genes_promoters	0.0133675118043684	1.5350329847500104	0
chr21	13980676	13980812	0.040339	10	0.3728	0.33246	ANKRD20A11P	hg38_genes_promoters	0.0733488724316204	0.958299928542361	0
chr21	13980676	13980812	0.040339	10	0.3728	0.33246	LOC110091776	hg38_genes_promoters	0.0733488724316204	0.958299928542361	0
chr21	16588211	16588751	0.032342	20	0.794	0.76166	MIR99AHG	hg38_genes_promoters	7.846247761074822e-07	4.930160857913067	0
chr21	18244989	18245078	-0.016891	14	0.016643	0.033534	CHODL	hg38_genes_promoters	1.4478873801117958e-07	5.530194513596945	-1
chr21	26844239	26844322	-0.010774	10	0.0067	0.017474	ADAMTS1	hg38_genes_promoters	5.776467386957641e-09	6.7277711318292175	-1
chr21	29019373	29019463	-0.017121	12	0.0055	0.022621	RWDD2B	hg38_genes_promoters	2.908746370170607e-05	3.630395977652175	0
chr21	29077401	29077809	0.049351	17	0.35894	0.30959	MAP3K7CL	hg38_genes_promoters	0.0006499928438905	2.5498384793819877	0
chr21	29297971	29298139	0.011647	10	0.8217	0.81005	BACH1	hg38_genes_promoters	0.2229490006641649	0.5770901950206253	0
chr21	29326541	29327131	-0.030026	10	0.833	0.86303	GRIK1-AS2	hg38_genes_promoters	0.0036494918684517	1.9631689795795586	0
chr21	29326541	29327131	-0.030026	10	0.833	0.86303	BACH1	hg38_genes_promoters	0.0036494918684517	1.9631689795795586	0
chr21	30395842	30396528	-0.018543	10	0.7142	0.73274	KRTAP13-1	hg38_genes_promoters	0.3289530048682115	0.4402552085849936	0
chr21	31693382	31693467	-0.032205	10	0.8759	0.90811	SCAF4	hg38_genes_promoters	1.6019703305645898e-07	5.494961007137139	-1
chr21	35984638	35984846	-0.032813	10	0.8153	0.84811	LOC101928269	hg38_genes_promoters	0.2654991811474386	0.5158790699467452	0
chr21	32378200	32378532	-0.040621	10	0.7648	0.80542	SNORA80A	hg38_genes_promoters	0.0128499344678791	1.547695607088766	0
chr21	36245309	36245468	-0.017089	10	0.8307	0.84779	DOP1B	hg38_genes_promoters	0.0018280378908529	2.196549665720353	0
chr21	41714104	41714303	-0.028101	10	0.6942	0.7223	LINC00479	hg38_genes_promoters	0.0731082770541988	0.9592418471699276	0
chr21	41803516	41803738	-0.016437	10	0.8183	0.83474	PRDM15	hg38_genes_promoters	0.0191577072027345	1.4126247272954244	0
chr21	41815705	41815851	0.0164	10	0.8414	0.825	PRDM15	hg38_genes_promoters	0.0953000104573046	0.8713093543799252	0
chr21	41835650	41836187	0.039251	10	0.8277	0.78845	PRDM15	hg38_genes_promoters	0.0071663951773635	1.7396770872456857	0
chr21	41909379	41909786	-0.011045	10	0.8509	0.86195	C2CD2	hg38_genes_promoters	0.0915828222263607	0.8839294885835207	0
chr21	42108591	42108879	-0.101911	16	0.52381	0.62572	UMODL1-AS1	hg38_genes_promoters	2.445653240250535e-05	3.6926230300510974	0
chr21	42110675	42110902	0.022153	10	0.8111	0.78895	UMODL1	hg38_genes_promoters	0.0056218241312222	1.8207675430137096	0
chr21	42126330	42126735	0.018904	12	0.81417	0.79526	UMODL1	hg38_genes_promoters	0.0686950123857348	0.980092841252768	0
chr21	42276013	42276692	0.016297	17	0.85476	0.83847	ABCG1	hg38_genes_promoters	0.0508038860183032	1.082993937407639	0
chr21	42313828	42314294	-0.022851	10	0.7467	0.76955	TFF3	hg38_genes_promoters	0.191439665505513	0.6302852594214386	0
chr21	42315301	42315631	-0.013637	10	0.7951	0.80874	TFF3	hg38_genes_promoters	0.9248014169113744	0.03308939020549079	0
chr21	42351480	42352133	0.021869	10	0.8356	0.81373	TFF2	hg38_genes_promoters	0.0417174688774593	1.1476854738548943	0
chr21	42366589	42367270	-0.025935	10	0.8303	0.85623	TFF1	hg38_genes_promoters	0.000329816137157	2.785280729411248	0
chr21	42389127	42389427	-0.032037	10	0.5527	0.58474	TMPRSS3	hg38_genes_promoters	0.140609417458728	0.7404042911691872	0
chr21	42396076	42396476	0.01594	10	0.8211	0.80516	TMPRSS3	hg38_genes_promoters	0.3196619947569095	0.450376102901214	0
chr21	42403687	42404013	-0.021426	10	0.5941	0.61553	UBASH3A	hg38_genes_promoters	0.2987511457002786	0.4744117438642449	0
chr21	36043865	36044305	-0.018914	10	0.7966	0.81551	SETD4	hg38_genes_promoters	0.008335900746454	1.6902687785370536	0
chr21	41679078	41679313	-0.068011	10	0.2372	0.30521	LINC00111	hg38_genes_promoters	0.0008255585580577	2.4704789506923315	0
chr21	41420015	41420249	-0.015583	10	0.0939	0.10948	MX1	hg38_genes_promoters	0.3590179268469774	0.40793618368663365	0
chr21	42499562	42499743	-0.062589	10	0.6067	0.66929	SLC37A1	hg38_genes_promoters	0.026472444077468	1.3024922376258474	0
chr21	36708591	36708887	-0.011991	14	0.029571	0.041563	SIM2	hg38_genes_promoters	0.0526425226855972	1.0711279203852788	0
chr21	36542547	36542821	0.015776	21	0.15205	0.13627	CLDN14	hg38_genes_promoters	0.3682708633683869	0.3986396860394277	0
chr21	36980623	36980729	-0.015034	14	0.031357	0.046391	HLCS	hg38_genes_promoters	1.0986368770220679e-07	5.629871737768084	-1
chr21	38913245	38913512	0.02968	12	0.45525	0.42557	LOC400867	hg38_genes_promoters	0.1031342765195361	0.8450486556215463	0
chr21	38956847	38957402	-0.066622	10	0.3542	0.42082	LOC400867	hg38_genes_promoters	0.0492531663710185	1.0931179992096338	0
chr21	39006213	39006566	-0.033216	10	0.7051	0.73832	LOC102724740	hg38_genes_promoters	0.0491037806729065	1.093819387478385	0
chr21	39385691	39385877	0.022545	17	0.53871	0.51616	GET1	hg38_genes_promoters	0.0060090989900809	1.7978694001941287	0
chr21	39451686	39452093	0.021543	13	0.79915	0.77761	SH3BGR	hg38_genes_promoters	0.0156547688452751	1.4823528194366684	0
chr21	39179018	39180005	-0.014248	10	0.8166	0.83085	PSMG1	hg38_genes_promoters	0.1280877276041974	0.7709852228865008	0
chr21	41225391	41226388	-0.012225	17	0.77876	0.79099	BACE2	hg38_genes_promoters	0.2139377623081009	0.5914776681356393	0
chr21	41241564	41241845	-0.020472	10	0.848	0.86847	BACE2	hg38_genes_promoters	0.0097595619492844	1.6390979053843235	0
chr21	41322424	41322889	0.014353	12	0.83375	0.8194	FAM3B	hg38_genes_promoters	0.3016877683331866	0.4709485815814647	0
chr21	41361432	41361898	0.013641	14	0.50521	0.49157	MX2	hg38_genes_promoters	0.3983480607979858	0.36993937057825643	0
chr21	41369258	41369569	-0.060053	12	0.096417	0.15647	MX2	hg38_genes_promoters	0.0001437531688423	3.069793791140065	0
chr21	41369749	41370115	-0.083109	19	0.17232	0.25543	MX2	hg38_genes_promoters	1.4383008693763304e-05	3.882327638196215	0
chr21	41185249	41185844	-0.010914	11	0.846	0.85691	PLAC4	hg38_genes_promoters	0.0053810005327712	1.8354025446268798	0
chr22	39241891	39242187	0.018758	33	0.054758	0.035999	PDGFB	hg38_genes_promoters	7.701237502727888e-08	5.753216256891752	1
chr22	39012834	39013373	-0.031117	12	0.80133	0.83245	APOBEC3D	hg38_genes_promoters	0.0178198795022653	1.4373844371999982	0
chr22	39090694	39091141	0.020421	12	0.487	0.46658	LOC101927202	hg38_genes_promoters	0.3570158981032502	0.41018889920936713	0
chr22	39079076	39079257	-0.055367	10	0.7788	0.83417	APOBEC3G	hg38_genes_promoters	1.1527892605354749e-05	3.9619237833186403	0
chr22	39044657	39045196	0.015054	12	0.77825	0.7632	APOBEC3F	hg38_genes_promoters	0.2228809428681709	0.5771588513863783	0
chr22	39013759	39014111	-0.016876	10	0.1252	0.14208	APOBEC3C	hg38_genes_promoters	0.0930464833477962	0.8785000125224252	0
chr22	39013759	39014111	-0.016876	10	0.1252	0.14208	APOBEC3D	hg38_genes_promoters	0.0930464833477962	0.8785000125224252	0
chr22	39012834	39013373	-0.031117	12	0.80133	0.83245	APOBEC3C	hg38_genes_promoters	0.0178198795022653	1.4373844371999982	0
chr22	38725579	38726149	-0.017647	10	0.8213	0.83895	GTPBP1	hg38_genes_promoters	0.1940736037419064	0.6260600212224771	0
chr22	38751536	38751866	0.019708	11	0.10982	0.090111	SUN2	hg38_genes_promoters	0.1635821773462005	0.6874388471429106	0
chr22	50743436	50743940	-0.02018	12	0.81008	0.83026	ACR	hg38_genes_promoters	0.0007152785132496	2.517512532246729	0
chr22	38751185	38751500	0.043645	10	0.3676	0.32395	SUN2	hg38_genes_promoters	0.0432818548126446	1.1352644933176166	0
chr22	38750258	38750331	0.04378	10	0.8723	0.82852	SUN2	hg38_genes_promoters	1.0549066500622322e-05	3.9922263577968824	0
chr22	38734222	38734860	-0.032909	10	0.7032	0.73611	GTPBP1	hg38_genes_promoters	0.0493153651818302	1.0929225561798044	0
chr22	38727301	38727678	-0.014179	10	0.8454	0.85958	GTPBP1	hg38_genes_promoters	0.0631697453758539	1.0089455661261633	0
chr22	39245213	39245903	-0.029153	17	0.37071	0.39986	PDGFB	hg38_genes_promoters	0.1217330601088493	0.7892218762671789	0
chr22	38873099	38873232	-0.010026	12	0.0041667	0.014193	CBX6	hg38_genes_promoters	0.0008541945289555	2.459907797647529	0
chr22	39320720	39320884	-0.047035	10	0.7203	0.76733	RPL3	hg38_genes_promoters	0.0061388020223823	1.7907299599234576	0
chr22	41780863	41781679	-0.011584	11	0.32736	0.33895	MEI1	hg38_genes_promoters	0.6051223530307808	0.20846791773739137	0
chr22	39456616	39456775	0.024763	12	0.7995	0.77474	MGAT3	hg38_genes_promoters	0.0093964876024374	1.650724408948871	0
chr22	38629131	38629972	-0.013549	10	0.847	0.86055	FAM227A	hg38_genes_promoters	0.0344558461603836	1.2122610919443135	0
chr22	41915490	41915654	-0.019842	12	0.12358	0.14343	SHISA8	hg38_genes_promoters	0.0337313610452566	1.2187021922923216	0
chr22	41699436	41699574	0.029127	17	0.062471	0.033344	MEI1	hg38_genes_promoters	0.0002201004047171	2.9229242378534046	0
chr22	41559898	41560540	0.039576	12	0.76533	0.72576	CSDC2	hg38_genes_promoters	0.003952428471044	1.9355448312587675	0
chr22	41515744	41515936	0.013689	10	0.8799	0.86621	ACO2	hg38_genes_promoters	0.1343098239578354	0.7563255770918115	0
chr22	41506881	41507150	0.010637	10	0.8669	0.85626	ACO2	hg38_genes_promoters	0.1209930442682846	0.791079012285361	0
chr22	41366297	41366511	-0.013772	10	0.8277	0.84147	TEF	hg38_genes_promoters	0.0567343169949548	1.0458500171831506	0
chr22	41239492	41239658	-0.016811	10	0.7234	0.74021	CHADL	hg38_genes_promoters	0.2265138320356222	0.5713215862786136	0
chr22	39349225	39349528	-0.020401	13	0.038538	0.058939	SYNGR1	hg38_genes_promoters	0.0013174573053496	2.3081523273490236	0
chr22	41217570	41217944	-0.014601	12	0.051667	0.066267	L3MBTL2-AS1	hg38_genes_promoters	0.0064370981288444	1.7774439918873821	0
chr22	40856454	40856580	-0.0109	10	0.0147	0.0256	XPNPEP3	hg38_genes_promoters	0.0657312782470765	0.9945446064656929	0
chr22	40679518	40679691	-0.024079	12	0.12667	0.15075	MCHR1	hg38_genes_promoters	0.0093353376617705	1.6531756481747502	0
chr22	40418456	40418894	0.062911	25	0.641	0.57809	MRTFA	hg38_genes_promoters	0.0001539052883839	3.0471166575744815	0
chr22	40407448	40407526	0.017121	10	0.8767	0.85958	SGSM3	hg38_genes_promoters	0.0024371774087127	2.0990439199176167	0
chr22	40364258	40365042	-0.011043	11	0.86073	0.87177	ADSL	hg38_genes_promoters	0.0975179508392871	0.8637005658790791	0
chr22	40009354	40009949	-0.030266	17	0.29682	0.32709	FAM83F	hg38_genes_promoters	0.1036980196786219	0.8433556241440169	0
chr22	39994817	39994867	0.020811	10	0.0456	0.024789	FAM83F	hg38_genes_promoters	0.0001671712295337	3.018366671213793	0
chr22	39968691	39969458	-0.027102	16	0.71744	0.74454	GRAP2	hg38_genes_promoters	0.04865467861737	1.0969944901982087	0
chr22	40856454	40856580	-0.0109	10	0.0147	0.0256	ST13	hg38_genes_promoters	0.0657312782470765	0.9945446064656929	0
chr22	38489296	38489466	0.016612	12	0.87517	0.85855	DDX17	hg38_genes_promoters	0.1266326490157435	0.7753770180286849	0
chr22	36870276	36870517	0.019032	10	0.8513	0.83227	NCF4-AS1	hg38_genes_promoters	0.0172221319773345	1.447787877495115	0
chr22	38423508	38424321	0.017789	13	0.65031	0.63252	LOC101927183	hg38_genes_promoters	0.4393138212078578	0.33258516345411954	0
chr22	37485108	37485352	0.017355	14	0.08	0.062645	MFNG	hg38_genes_promoters	0.0010802918090021	2.37775636222998	0
chr22	37427971	37428116	-0.016614	12	0.144	0.16061	ELFN2	hg38_genes_promoters	0.064162294983644	1.0033850064009449	0
chr22	37421133	37421557	-0.032589	10	0.2862	0.31879	ELFN2	hg38_genes_promoters	0.2182620565072636	0.5842668035025202	0
chr22	37309367	37309951	0.016769	15	0.29613	0.27936	CYTH4	hg38_genes_promoters	0.6883055136187375	0.15647503525691261	0
chr22	37300156	37300734	-0.01357	10	0.1779	0.19147	CYTH4	hg38_genes_promoters	0.0624884310887599	1.0126018474336926	0
chr22	37212610	37213249	-0.025026	15	0.723	0.74803	SSTR3	hg38_genes_promoters	0.078505692815352	0.9350480934514707	0
chr22	37211415	37211965	0.022139	19	0.82605	0.80391	SSTR3	hg38_genes_promoters	0.0032135198665741	2.0053824290577276	0
chr22	37185894	37186280	-0.027979	10	0.6516	0.67958	C1QTNF6	hg38_genes_promoters	0.2393007090785031	0.5523832634196201	0
chr22	37512663	37512861	-0.024994	10	0.7767	0.80169	CARD10	hg38_genes_promoters	0.0628865310690735	1.0104291883352716	0
chr22	37149478	37149929	0.018307	10	0.5189	0.50059	IL2RB	hg38_genes_promoters	0.3379722903580965	0.43058126299880284	0
chr22	37103483	37103872	-0.015189	10	0.5786	0.59379	TMPRSS6	hg38_genes_promoters	0.5210518213529842	0.2669418598394153	0
chr22	37084726	37085115	-0.027452	10	0.8124	0.83985	TMPRSS6	hg38_genes_promoters	0.0533166860281189	1.0674205937779702	0
chr22	37056413	37056822	0.017605	10	0.8545	0.83689	KCTD17	hg38_genes_promoters	0.0104940278871838	1.6144946789206365	0
chr22	37050669	37051005	-0.029009	10	0.3448	0.37381	KCTD17	hg38_genes_promoters	0.3153911054742501	0.45514179216340567	0
chr22	37022135	37023146	-0.012762	18	0.58906	0.60182	MPST	hg38_genes_promoters	0.668708346053122	0.16814592757764368	0
chr22	42026811	42027136	-0.019216	11	0.83273	0.85194	WBP2NL	hg38_genes_promoters	0.0049443485933862	1.8624019882348295	0
chr22	36703287	36703390	0.011365	10	0.0347	0.023335	CACNG2-DT	hg38_genes_promoters	0.0007283048200905	2.5121816132887265	0
chr22	36519397	36519752	0.023318	10	0.8526	0.82928	EIF3D	hg38_genes_promoters	0.0164466659022353	1.4640756674412665	0
chr22	37109472	37109885	-0.022411	10	0.7268	0.74921	TMPRSS6	hg38_genes_promoters	0.1331189292780212	0.7594202120716815	0
chr22	38423508	38424321	0.017789	13	0.65031	0.63252	LOC105373030	hg38_genes_promoters	0.4393138212078578	0.33258516345411954	0
chr22	37579899	37580235	-0.01682	10	0.1244	0.14122	LGALS2	hg38_genes_promoters	0.0498990630072987	1.0889565737269096	0
chr22	37675307	37675600	-0.018228	10	0.1395	0.15773	LGALS1	hg38_genes_promoters	0.1517027285953927	0.7143984713679724	0
chr22	38318279	38318541	-0.019874	10	0.1605	0.18037	CSNK1E	hg38_genes_promoters	0.0090934166574643	1.662008030661923	0
chr22	38303218	38303623	-0.015749	13	0.85	0.86575	CSNK1E	hg38_genes_promoters	0.0117638933272954	1.576128944576218	0
chr22	38247309	38247472	-0.029326	10	0.8232	0.85253	TMEM184B	hg38_genes_promoters	0.0202940017150546	1.3936430214600224	0
chr22	38143265	38143637	-0.035832	10	0.6028	0.63863	PLA2G6	hg38_genes_promoters	0.0336983807397876	1.2188375913950438	0
chr22	38139779	38140110	0.016237	10	0.8785	0.86226	PLA2G6	hg38_genes_promoters	0.0113986457457415	1.5864388146706805	0
chr22	38134704	38135135	0.012566	13	0.86062	0.84805	PLA2G6	hg38_genes_promoters	0.1000418110417698	0.8556561149291471	0
chr22	38132791	38132917	0.024998	12	0.87533	0.85034	PLA2G6	hg38_genes_promoters	0.000450353155951	2.679354031913462	0
chr22	38127332	38127603	-0.022205	10	0.8129	0.83511	PLA2G6	hg38_genes_promoters	0.024398888329669	1.3304059203067837	0
chr22	37618251	37618519	-0.026042	10	0.8188	0.84484	GGA1	hg38_genes_promoters	0.0045813704830516	1.886626164188788	0
chr22	38111056	38111192	-0.022142	10	0.8147	0.83684	BAIAP2L2	hg38_genes_promoters	0.0156611362671316	1.4822894405946463	0
chr22	37987356	37987885	-0.012067	12	0.85725	0.86932	SOX10	hg38_genes_promoters	0.0326331504333344	1.229785462132669	0
chr22	37983373	37983577	0.017796	23	0.80143	0.78364	SOX10	hg38_genes_promoters	0.0013064267335113	2.3112004919850477	0
chr22	37977878	37978057	0.016334	14	0.86186	0.84552	SOX10	hg38_genes_promoters	0.1438330555829203	0.7329891339291356	0
chr22	37807916	37807994	-0.017408	12	0.00575	0.023158	GCAT	hg38_genes_promoters	2.514041280160446e-06	4.5169875399205885	0
chr22	37750832	37751188	0.024258	10	0.7661	0.74184	TRIOBP	hg38_genes_promoters	0.0578752636211576	1.038824735686772	0
chr22	37697376	37697518	-0.036126	13	0.44485	0.48097	TRIOBP	hg38_genes_promoters	0.0531889003116068	1.0682033205229666	0
chr22	37685350	37685761	-0.019997	11	0.75547	0.77547	TRIOBP	hg38_genes_promoters	0.0465485245152769	1.111606869160329	0
chr22	37685350	37685761	-0.019997	11	0.75547	0.77547	NOL12	hg38_genes_promoters	0.0465485245152769	1.111606869160329	0
chr22	37987356	37987885	-0.012067	12	0.85725	0.86932	MIR4534	hg38_genes_promoters	0.0326331504333344	1.229785462132669	0
chr22	42270956	42271077	0.013045	10	0.1487	0.13566	TCF20	hg38_genes_promoters	0.3256076373863318	0.4438721536560972	0
chr22	46409685	46409781	0.033826	10	0.8613	0.82747	CELSR1	hg38_genes_promoters	7.607454145045744e-05	3.2915377745925545	0
chr22	42500953	42501226	0.043376	15	0.48307	0.43969	SERHL	hg38_genes_promoters	0.0332602529478976	1.2233614109538102	0
chr22	50205830	50206191	0.015436	14	0.82029	0.80485	SELENOO	hg38_genes_promoters	0.007079516678507	1.7442897634367382	0
chr22	50199887	50200163	0.032261	14	0.15664	0.12438	SELENOO	hg38_genes_promoters	0.0119754421038133	1.571245055761891	0
chr22	50196127	50196388	-0.046474	10	0.787	0.83347	TRABD	hg38_genes_promoters	0.0010419400967071	2.3901010522219455	0
chr22	50192245	50192405	0.079037	10	0.3913	0.31226	TRABD	hg38_genes_promoters	0.0031409832196964	2.013640187420929	0
chr22	50148297	50148554	0.034213	12	0.62567	0.59145	MOV10L1	hg38_genes_promoters	0.3205088122517828	0.44946585508050035	0
chr22	50146767	50146971	-0.041974	10	0.7155	0.75747	MOV10L1	hg38_genes_promoters	0.0011968839143578	2.3404924518964596	0
chr22	50089841	50090172	-0.047922	43	0.42756	0.47548	MOV10L1	hg38_genes_promoters	3.0301045547926227e-05	3.6155291911762792	0
chr22	50085133	50085552	-0.017631	14	0.026071	0.043702	MLC1	hg38_genes_promoters	0.0013824402891954	2.2898472680143476	0
chr22	50074945	50075182	0.010768	10	0.8354	0.82463	MLC1	hg38_genes_promoters	0.1156230142117991	0.8072811456917718	0
chr22	50072774	50073075	0.021217	13	0.84615	0.82494	MLC1	hg38_genes_promoters	0.0250192336139279	1.321916059588469	0
chr22	49922696	49923148	0.063965	13	0.83685	0.77288	CRELD2	hg38_genes_promoters	2.1413780742513388e-05	3.742544130458363	0
chr22	49910022	49910233	0.031758	12	0.87217	0.84041	ALG12	hg38_genes_promoters	0.0005234023919479	2.6257932574660523	0
chr22	49823614	49823727	0.015079	10	0.8635	0.84842	BRD1	hg38_genes_promoters	0.0187134420752538	1.420526808957119	0
chr22	49657760	49658557	-0.028293	22	0.078955	0.10725	MIR3667HG	hg38_genes_promoters	4.622384879312939e-06	4.290499385928491	0
chr22	49051788	49052508	0.062042	48	0.65038	0.58833	LOC105373085	hg38_genes_promoters	9.172469412681238e-08	5.695413902517326	1
chr22	48489420	48489486	-0.010408	20	0.0061	0.016508	TAFA5	hg38_genes_promoters	0.0001275190519359	3.109218879425803	0
chr22	47631754	47631981	-0.011653	15	0.83873	0.85039	LINC00898	hg38_genes_promoters	0.0049634988171029	1.8617866723721093	0
chr22	50220955	50221169	0.014505	10	0.8464	0.83189	TUBGCP6	hg38_genes_promoters	0.1296632577712551	0.7672213191657739	0
chr22	50226838	50227158	0.010392	20	0.84955	0.83916	TUBGCP6	hg38_genes_promoters	0.1215435966266765	0.7895389655633621	0
chr22	50240212	50240413	-0.017336	10	0.8469	0.86424	TUBGCP6	hg38_genes_promoters	0.0456086177828201	1.1175044616922913	0
chr22	50248128	50248530	-0.020118	17	0.82812	0.84824	HDAC10	hg38_genes_promoters	3.394761718509452e-05	3.575683479591137	0
chr22	36328942	36329436	0.015949	12	0.1495	0.13355	MYH9	hg38_genes_promoters	0.7640301975095042	0.11353917226972264	0
chr22	50738186	50738746	0.015066	12	0.80958	0.79452	ACR	hg38_genes_promoters	0.1700144441242178	0.674383663242103	0
chr22	50738186	50738746	0.015066	12	0.80958	0.79452	LOC105373100	hg38_genes_promoters	0.1700144441242178	0.674383663242103	0
chr22	50704750	50704839	0.013647	10	0.8267	0.81305	SHANK3	hg38_genes_promoters	0.1217174725899515	0.7892218762671789	0
chr22	50697658	50697980	0.033081	17	0.8176	0.78452	SHANK3	hg38_genes_promoters	0.0011643801907895	2.3510099086768337	0
chr22	50696709	50696809	0.038905	10	0.8238	0.78489	SHANK3	hg38_genes_promoters	6.39396030257838e-05	3.3504220089522914	0
chr22	50599839	50600079	-0.040334	12	0.461	0.50133	MAPK8IP2	hg38_genes_promoters	0.2797054398047922	0.4964437560030036	0
chr22	50578361	50578553	0.029263	14	0.45457	0.42531	CPT1B	hg38_genes_promoters	0.0736699950118806	0.9567257456764078	0
chr22	47631754	47631981	-0.011653	15	0.83873	0.85039	LOC284930	hg38_genes_promoters	0.0049634988171029	1.8617866723721093	0
chr22	50563612	50564020	-0.044626	10	0.3359	0.38053	SYCE3	hg38_genes_promoters	0.0774553840460129	0.9401006153510745	0
chr22	50521804	50522149	0.023884	10	0.8582	0.83432	NCAPH2	hg38_genes_promoters	0.015634203372958	1.4828104619508349	0
chr22	50506065	50506365	0.025729	20	0.85615	0.83042	LMF2	hg38_genes_promoters	2.02772840062552e-06	4.583401254705955	0
chr22	50467522	50467876	0.022318	19	0.81911	0.79679	SBF1	hg38_genes_promoters	0.0213579727117501	1.3764579398844883	0
chr22	50447197	50447927	0.034429	19	0.84842	0.81399	SBF1	hg38_genes_promoters	5.752069042278583e-05	3.3880230747587445	0
chr22	50318853	50319061	-0.013175	11	0.79427	0.80745	DENND6B	hg38_genes_promoters	0.7584899799479359	0.11659134252161096	0
chr22	50282594	50282802	0.043514	13	0.87015	0.82664	PLXNB2	hg38_genes_promoters	9.277050710064268e-08	5.692850546080912	1
chr22	50279024	50279297	-0.014534	13	0.84231	0.85684	PLXNB2	hg38_genes_promoters	0.0127928914211222	1.5488190598841403	0
chr22	50256912	50257108	0.024179	10	0.8496	0.82542	MAPK12	hg38_genes_promoters	0.0091663164626577	1.6590987844870886	0
chr22	50546955	50547608	0.06561	63	0.59484	0.52923	KLHDC7B	hg38_genes_promoters	2.022063913904083e-13	10.765162836987118	1
chr22	42433002	42433491	0.030413	13	0.80062	0.7702	NFAM1	hg38_genes_promoters	0.0049435537644897	1.8624019882348295	0
chr22	47117152	47117403	-0.011909	13	0.85788	0.86979	LPEQ6126	hg38_genes_promoters	0.0081260144114971	1.6977714428267383	0
chr22	46673676	46673742	0.049842	10	0.82	0.77016	GRAMD4	hg38_genes_promoters	9.293870000006651e-10	7.428233574481329	1
chr22	44181634	44181760	-0.017373	10	0.0388	0.056173	PARVG	hg38_genes_promoters	0.0011616811711647	2.351605527054231	0
chr22	44172506	44172895	-0.017312	13	0.12508	0.14239	PARVG	hg38_genes_promoters	0.0805711927434835	0.9265475484286736	0
chr22	44067900	44068518	-0.024973	20	0.27175	0.29672	PARVB	hg38_genes_promoters	0.1277903510458019	0.7719234673216842	0
chr22	44030864	44031216	-0.035437	10	0.2403	0.27574	PARVB	hg38_genes_promoters	0.0751212563702019	0.9504276373305812	0
chr22	44026125	44026369	-0.041473	10	0.6726	0.71407	PARVB	hg38_genes_promoters	0.0402684657859441	1.1600895871833707	0
chr22	43838810	43838935	-0.022142	10	0.8457	0.86784	SULT4A1	hg38_genes_promoters	0.0007591063040733	2.497362246221631	0
chr22	43415673	43416242	-0.017021	10	0.7415	0.75852	MPPED1	hg38_genes_promoters	0.088377782805083	0.8956990135027146	0
chr22	43411480	43411542	0.031592	12	0.073083	0.041491	MPPED1	hg38_genes_promoters	0.0001673055591771	3.0183263934612086	0
chr22	43343542	43343642	0.013674	10	0.0548	0.041126	SCUBE1	hg38_genes_promoters	0.3451931577870993	0.4226394195160456	0
chr22	43275731	43276118	-0.029899	14	0.58571	0.61561	SCUBE1-AS1	hg38_genes_promoters	0.5163623622103088	0.2707005503522626	0
chr22	43212325	43212533	0.029237	13	0.86062	0.83138	SCUBE1-AS2	hg38_genes_promoters	0.0115106230711953	1.583463265792656	0
chr22	43038418	43038611	-0.018461	12	0.82967	0.84813	TTLL1-AS1	hg38_genes_promoters	0.0017858610998444	2.204245735974588	0
chr22	42959839	42960692	-0.057372	11	0.20982	0.26719	PACSIN2	hg38_genes_promoters	0.1455249655538687	0.7286709819825169	0
chr22	42876236	42876536	0.029495	10	0.8756	0.84611	ARFGAP3	hg38_genes_promoters	0.0004192021297225	2.70532791359271	0
chr22	42647913	42648721	-0.022329	12	0.382	0.40433	CYB5R3	hg38_genes_promoters	0.0982717959294115	0.8615291896904808	0
chr22	42644283	42644715	-0.034547	10	0.5794	0.61395	CYB5R3	hg38_genes_promoters	0.3389372196165571	0.4295140001191568	0
chr22	42519756	42519814	-0.01165	10	0.02	0.03165	RRP7A	hg38_genes_promoters	0.1181172261590709	0.7997953429325513	0
chr22	44313692	44313985	0.020934	12	0.79142	0.77048	SHISAL1	hg38_genes_promoters	0.068713599692282	0.9800573744255411	0
chr22	44569318	44569716	-0.010377	10	0.8069	0.81728	LINC00207	hg38_genes_promoters	0.0820645237470462	0.9200725885866855	0
chr22	44626348	44626853	-0.016537	10	0.3855	0.40204	LINC00229	hg38_genes_promoters	0.7546943915031885	0.11866153494992436	0
chr22	44786252	44786342	0.027063	10	0.7968	0.76974	ARHGAP8	hg38_genes_promoters	0.0318241715815779	1.2386417817266562	0
chr22	46662115	46662450	0.016197	12	0.86392	0.84772	GRAMD4	hg38_genes_promoters	0.1610174148746244	0.6930159846618996	0
chr22	46626698	46627108	0.018088	25	0.87152	0.85343	GRAMD4	hg38_genes_promoters	0.0001552541585565	3.0442673297438256	0
chr22	46386501	46386620	0.029835	10	0.8172	0.78736	CELSR1	hg38_genes_promoters	0.0048877004324872	1.865675238590354	0
chr22	46374778	46374929	0.030647	17	0.79359	0.76294	CELSR1	hg38_genes_promoters	0.0001865893380073	2.98101126738737	0
chr22	46351205	46351392	-0.025832	10	0.8368	0.86263	TRMU	hg38_genes_promoters	0.0017163230519973	2.218849688205149	0
chr22	46288344	46288580	0.011742	10	0.0599	0.048158	TTC38	hg38_genes_promoters	0.2010514609998681	0.6137921864041653	0
chr22	46251163	46251544	-0.026978	12	0.55592	0.58289	CDPF1	hg38_genes_promoters	0.2293707163663548	0.5674981935421116	0
chr22	46079048	46079514	-0.012439	13	0.83208	0.84452	MIRLET7BHG	hg38_genes_promoters	0.1163854581479362	0.8049071946360837	0
chr22	46773180	46773876	0.030645	16	0.68538	0.65473	TBC1D22A	hg38_genes_promoters	0.0199654335424642	1.3989065228373607	0
chr22	46005495	46005776	0.046908	10	0.7322	0.68529	LOC730668	hg38_genes_promoters	0.0003733557885977	2.7451683219170526	0
chr22	45335300	45335856	-0.029732	14	0.69429	0.72402	FAM118A	hg38_genes_promoters	0.0570885022287114	1.043659137609125	0
chr22	45329472	45329824	-0.015516	10	0.7908	0.80632	FAM118A	hg38_genes_promoters	0.1323285083835952	0.7610203778992328	0
chr22	45235304	45235503	-0.019655	10	0.0953	0.11495	KIAA0930	hg38_genes_promoters	0.0209288484522584	1.3835745106423925	0
chr22	45213070	45213453	0.030579	10	0.5771	0.54652	KIAA0930	hg38_genes_promoters	0.3070507849979149	0.46443718443057574	0
chr22	45203691	45203846	0.018152	12	0.82458	0.80643	KIAA0930	hg38_genes_promoters	0.2536045263735407	0.5320605799462863	0
chr22	45200214	45200570	-0.016995	10	0.8079	0.82489	KIAA0930	hg38_genes_promoters	0.0395210515466059	1.1666247841566713	0
chr22	45198896	45199094	-0.01796	10	0.8135	0.83146	KIAA0930	hg38_genes_promoters	0.006416273450393	1.7781526973072994	0
chr22	44801573	44801901	0.044561	10	0.6866	0.64204	ARHGAP8	hg38_genes_promoters	0.0722184332212383	0.9629398303053897	0
chr22	45501296	45501842	-0.019545	10	0.8576	0.87714	FBLN1	hg38_genes_promoters	0.0063096399468385	1.7827651915691358	0
chr22	36319688	36319980	-0.019575	10	0.839	0.85857	MYH9	hg38_genes_promoters	0.1646006516329282	0.6852836168292591	0
chr22	29204149	29205036	-0.036711	10	0.3967	0.43341	EMID1	hg38_genes_promoters	0.3055361470891851	0.4662272307797947	0
chr22	36286253	36286420	-0.034389	10	0.7804	0.81479	MYH9	hg38_genes_promoters	0.002526443254367	2.0861522554846403	0
chr22	20976446	20976605	-0.019328	13	0.66877	0.6881	AIFM3	hg38_genes_promoters	0.1750377243523613	0.6634043640486847	0
chr22	20796485	20797139	-0.029789	11	0.86145	0.89124	PI4KA	hg38_genes_promoters	0.0013221685573053	2.3071698397856086	0
chr22	20793890	20794427	-0.023334	10	0.6899	0.71323	PI4KA	hg38_genes_promoters	0.1074358100467564	0.8314623738540512	0
chr22	20751617	20752267	0.014416	12	0.87483	0.86042	PI4KA	hg38_genes_promoters	0.0662419830782623	0.9920118492646196	0
chr22	20729421	20729650	-0.019264	10	0.8335	0.85276	PI4KA	hg38_genes_promoters	0.0130152845146063	1.5439441075475495	0
chr22	20727675	20727990	-0.031985	10	0.7725	0.80448	PI4KA	hg38_genes_promoters	0.0007144467406955	2.5177892158749944	0
chr22	20552520	20553292	-0.014279	10	0.7761	0.79038	MED15	hg38_genes_promoters	0.0817544710232752	0.9214799209039479	0
chr22	20551200	20551438	-0.052943	12	0.57342	0.62636	MED15	hg38_genes_promoters	0.0015240344323342	2.2569833859845443	0
chr22	20446522	20446703	-0.031043	12	0.84533	0.87638	SCARF2	hg38_genes_promoters	3.860733257389515e-05	3.52899268490174	0
chr22	20393546	20393818	0.020726	10	0.4762	0.45547	ZNF74	hg38_genes_promoters	0.2124300925289723	0.5938394998683934	0
chr22	20372698	20373794	0.012233	15	0.66613	0.6539	USP41	hg38_genes_promoters	0.6264784405503869	0.19461425914697075	0
chr22	20364277	20364729	-0.032519	10	0.5535	0.58602	USP41	hg38_genes_promoters	0.3585715794513349	0.40835921992370794	0
chr22	20283538	20284195	0.021842	12	0.77783	0.75599	RTN4R	hg38_genes_promoters	0.1815250892107651	0.6501407422586077	0
chr22	20272392	20272721	0.011645	10	0.8385	0.82686	RTN4R	hg38_genes_promoters	0.1208030745395748	0.7916894481910611	0
chr22	20270277	20270534	-0.032105	10	0.739	0.77111	RTN4R	hg38_genes_promoters	0.0095107685019198	1.6467528089331687	0
chr22	20149716	20150228	0.053598	12	0.42658	0.37299	CCDC188	hg38_genes_promoters	0.0339740604170036	1.2169444478158598	0
chr22	20139554	20139656	0.025737	10	0.886	0.86026	ZDHHC8	hg38_genes_promoters	0.00079072513974	2.4841281694611013	0
chr22	20979234	20979377	0.020996	12	0.465	0.444	LZTR1	hg38_genes_promoters	0.5335453119978166	0.25754450597415923	0
chr22	20123615	20124134	0.0167	10	0.8447	0.828	RANBP1	hg38_genes_promoters	0.2024698596634115	0.6113237348914935	0
chr22	21015282	21015902	0.042246	10	0.6693	0.62705	TUBA3FP	hg38_genes_promoters	0.0937467748338122	0.876339757108624	0
chr22	21652886	21653312	0.041511	10	0.6176	0.57609	MIR301B	hg38_genes_promoters	0.1430817284662013	0.7346986940253529	0
chr22	23697222	23697907	0.016902	10	0.5535	0.5366	RGL4	hg38_genes_promoters	0.3618757629417487	0.4051955637776105	0
chr22	23695895	23696197	0.023621	10	0.3282	0.30458	RGL4	hg38_genes_promoters	0.2370030111171809	0.5560238542975613	0
chr22	23688269	23688923	-0.023442	10	0.7864	0.80984	GUSBP11	hg38_genes_promoters	0.0112122401837226	1.5911933763642327	0
chr22	23631801	23632645	0.023551	10	0.8295	0.80595	DRICH1	hg38_genes_promoters	0.2822134690987372	0.4934251000617235	0
chr22	23282801	23283079	0.013776	10	0.8721	0.85832	BCR	hg38_genes_promoters	0.0054935498978328	1.8290522252235994	0
chr22	23262087	23262628	0.02212	10	0.76548	0.74336	FBXW4P1	hg38_genes_promoters	0.2084292705684486	0.6004150197479521	0
chr22	23253804	23254034	0.015102	15	0.86907	0.85396	BCR	hg38_genes_promoters	0.0104274612507762	1.6166398470141918	0
chr22	23250255	23251024	-0.017057	12	0.46658	0.48364	BCR	hg38_genes_promoters	0.5819707289019962	0.2237555147972942	0
chr22	23197946	23198274	-0.042753	10	0.3953	0.43805	BCR	hg38_genes_promoters	0.0353615480122743	1.2036325250890185	0
chr22	23179983	23180120	-0.068821	10	0.2216	0.29042	BCR	hg38_genes_promoters	0.0001331404367803	3.0963529109471124	0
chr22	23133934	23134298	-0.018348	10	0.8683	0.88665	RSPH14	hg38_genes_promoters	0.0233943598862916	1.3448834338769602	0
chr22	23070253	23070326	-0.012892	10	0.0072	0.020092	GNAZ	hg38_genes_promoters	0.0052136150858018	1.8455200057822676	0
chr22	22297971	22298042	0.037221	15	0.10947	0.072246	BMS1P20	hg38_genes_promoters	1.2753793451419254e-10	8.212904012906584	1
chr22	22244230	22244659	-0.018642	10	0.0822	0.10084	VPREB1	hg38_genes_promoters	0.2754444953082738	0.5019431948292405	0
chr22	21941192	21941683	-0.015478	10	0.6454	0.66088	PPM1F	hg38_genes_promoters	0.6445114935759301	0.1830575119238072	0
chr22	21937684	21937927	-0.066091	15	0.53707	0.60316	PPM1F	hg38_genes_promoters	0.0026449049498631	2.0705959213824374	0
chr22	21937684	21937927	-0.066091	15	0.53707	0.60316	PPM1F-AS1	hg38_genes_promoters	0.0026449049498631	2.0705959213824374	0
chr22	21652886	21653312	0.041511	10	0.6176	0.57609	MIR130B	hg38_genes_promoters	0.1430817284662013	0.7346986940253529	0
chr22	20122580	20122713	-0.023497	10	0.82535	0.84885	RANBP1	hg38_genes_promoters	0.0385807197013312	1.175156496008093	0
chr22	20115194	20115354	0.033411	10	0.8682	0.83479	RANBP1	hg38_genes_promoters	0.0081526818164629	1.697012292561209	0
chr22	20115194	20115354	0.033411	10	0.8682	0.83479	TRMT2A	hg38_genes_promoters	0.0081526818164629	1.697012292561209	0
chr22	17741061	17741436	-0.018295	10	0.8266	0.84489	BID	hg38_genes_promoters	0.0399178473014116	1.163239840657383	0
chr22	17589466	17589964	-0.025993	10	0.8504	0.87639	LOC101929372	hg38_genes_promoters	0.0051028604800144	1.8528805257452596	0
chr22	17548577	17549068	0.017941	13	0.86246	0.84452	CECR2	hg38_genes_promoters	0.0247936392127963	1.325131518372922	0
chr22	17368386	17368641	-0.010427	13	0.037846	0.048274	CECR2	hg38_genes_promoters	0.3693681244131045	0.39787267058868286	0
chr22	17258425	17258992	-0.017779	10	0.4508	0.46858	ADA2	hg38_genes_promoters	0.5570591881406988	0.24070609882195454	0
chr22	17198803	17198941	-0.011879	10	0.8047	0.81658	ADA2	hg38_genes_promoters	0.0636351233207836	1.0063648290930967	0
chr22	17159795	17160082	0.050474	16	0.40287	0.3524	HDHD5	hg38_genes_promoters	0.0143876801853103	1.5113542289851152	0
chr22	17159698	17159790	0.064997	10	0.2256	0.1606	HDHD5	hg38_genes_promoters	7.497485624074508e-06	4.117591656075034	0
chr22	17143459	17144237	-0.011139	20	0.85565	0.86679	HDHD5	hg38_genes_promoters	0.0214804869623284	1.374531766422697	0
chr22	17036023	17036151	0.045905	10	0.4288	0.38289	CECR7	hg38_genes_promoters	0.000557568903129	2.6051511515073185	0
chr22	17008476	17008686	0.029453	10	0.8294	0.79995	GAB4	hg38_genes_promoters	0.0062173178433742	1.787193600662105	0
chr22	16592383	16592994	0.014977	11	0.83273	0.81775	CCT8L2	hg38_genes_promoters	0.0954595660087064	0.8708851163062471	0
chr22	15821533	15821623	-0.050834	10	0.6144	0.66523	BMS1P22	hg38_genes_promoters	0.0129994412836149	1.5442120962706727	0
chr22	15689281	15689338	0.091478	18	0.50117	0.40969	POTEH	hg38_genes_promoters	1.3396052049881725e-18	15.484771224030355	1
chr22	10961559	10961669	-0.061224	10	0.539	0.60022	FRG1FP	hg38_genes_promoters	0.0038392223659824	1.945789353709812	0
chr22	36304093	36304483	-0.022224	10	0.7215	0.74372	MYH9	hg38_genes_promoters	0.1710294837926452	0.6722461059031637	0
chr22	17741977	17742117	-0.023526	10	0.86	0.88353	BID	hg38_genes_promoters	0.0002296341612165	2.9097341146238453	0
chr22	17907101	17907553	0.024589	10	0.7988	0.77421	MICAL3	hg38_genes_promoters	0.1029975172501794	0.845380786404412	0
chr22	18109498	18110183	-0.015377	13	0.42862	0.44399	TUBA8	hg38_genes_promoters	0.6049467157392597	0.20853894323828198	0
chr22	18998012	18998186	-0.03528	16	0.40531	0.44059	DGCR5	hg38_genes_promoters	0.029057230928168	1.2701630774811232	0
chr22	20115194	20115354	0.033411	10	0.8682	0.83479	MIR6816	hg38_genes_promoters	0.0081526818164629	1.697012292561209	0
chr22	20093788	20094253	-0.032816	10	0.8155	0.84832	DGCR8	hg38_genes_promoters	0.0198950887450657	1.4000087531735013	0
chr22	20086212	20086473	0.028455	20	0.88585	0.85739	DGCR8	hg38_genes_promoters	2.2685865756574897e-05	3.719297359810198	0
chr22	20062520	20062895	0.013343	11	0.86527	0.85193	TANGO2	hg38_genes_promoters	0.2354000986831124	0.5583301935615523	0
chr22	20055665	20056000	0.013881	14	0.86093	0.84705	TANGO2	hg38_genes_promoters	0.0087941901448751	1.6728737320602023	0
chr22	19990749	19991076	0.011179	10	0.8456	0.83442	ARVCF	hg38_genes_promoters	0.3310453184301678	0.43785774095361596	0
chr22	19987460	19987655	0.049599	10	0.4215	0.3719	ARVCF	hg38_genes_promoters	0.0112402323580372	1.5904230790657246	0
chr22	19979432	19979682	0.017708	11	0.85809	0.84038	ARVCF	hg38_genes_promoters	0.0195208975127826	1.4059869910831861	0
chr22	23751536	23751788	0.030301	10	0.2018	0.1715	ZNF70	hg38_genes_promoters	0.2287783572543802	0.5682213342523339	0
chr22	19963177	19963447	-0.043472	10	0.6303	0.67377	MIR4761	hg38_genes_promoters	0.14131770331027	0.7390177634704135	0
chr22	19898921	19899384	0.01773	13	0.84992	0.83219	TXNRD2	hg38_genes_promoters	0.027397588839629	1.2904019073733235	0
chr22	19760769	19760831	-0.011038	13	0.003795	0.014833	TBX1	hg38_genes_promoters	2.949838845682524e-06	4.459759935727715	0
chr22	19722493	19722568	-0.058211	11	0.65236	0.71057	GP1BB	hg38_genes_promoters	1.932448227996436e-05	3.7802540964474693	0
chr22	19719102	19719152	0.013769	10	0.0685	0.054731	SEPTIN5	hg38_genes_promoters	0.005637802489837	1.819968729713746	0
chr22	19566926	19567097	0.021658	10	0.8505	0.82884	LINC00895	hg38_genes_promoters	0.0025159621207075	2.08750673175076	0
chr22	19468134	19468729	-0.016574	10	0.8729	0.88947	UFD1	hg38_genes_promoters	0.0440846360375077	1.1287380218291851	0
chr22	19292477	19292893	-0.047854	19	0.35158	0.39943	CLTCL1	hg38_genes_promoters	0.0057124431938007	1.8153920547169038	0
chr22	19122870	19123133	-0.011945	10	0.0293	0.041245	DGCR2	hg38_genes_promoters	0.1145900769962968	0.8101341704000742	0
chr22	19963177	19963447	-0.043472	10	0.6303	0.67377	COMT	hg38_genes_promoters	0.14131770331027	0.7390177634704135	0
chr22	23763208	23763453	0.024533	10	0.1267	0.10217	C22orf15	hg38_genes_promoters	0.0166932536428084	1.4588502363255524	0
chr22	20036728	20036881	0.034626	10	0.857	0.82237	TANGO2	hg38_genes_promoters	0.0003694626654872	2.7478595976352733	0
chr22	24182149	24182643	-0.021133	10	0.7442	0.76533	SUSD2	hg38_genes_promoters	0.0891221707107519	0.8934480824042623	0
chr22	31140489	31141083	0.014932	10	0.5143	0.49937	PLA2G3	hg38_genes_promoters	0.3923094539873174	0.3756498866949953	0
chr22	31127099	31127433	0.023816	13	0.25246	0.22865	INPP5J	hg38_genes_promoters	0.5030853463695926	0.2809501797610931	0
chr22	31098598	31098762	0.014175	13	0.85638	0.84221	SMTN	hg38_genes_promoters	0.0268052956165485	1.2978020592317605	0
chr22	31092219	31092718	-0.023141	10	0.8348	0.85794	SMTN	hg38_genes_promoters	0.0026474677450917	2.0705959213824374	0
chr22	30921623	30921824	-0.014726	10	0.0294	0.044126	MORC2-AS1	hg38_genes_promoters	0.5292721327194505	0.2607579096356802	0
chr22	30890236	30890884	0.017132	10	0.7515	0.73437	OSBP2	hg38_genes_promoters	0.1339097553323169	0.7573718284492146	0
chr22	30763959	30764499	-0.0187	10	0.6083	0.627	OSBP2	hg38_genes_promoters	0.0852749174887687	0.9078779712697352	0
chr22	30574455	30574555	0.072523	17	0.30294	0.23042	GAL3ST1	hg38_genes_promoters	2.1811742237707718e-06	4.5614017832484075	0
chr22	30572843	30573188	0.033853	10	0.6348	0.60095	GAL3ST1	hg38_genes_promoters	0.0100742938324135	1.6279813715105476	0
chr22	30387577	30387748	-0.014079	10	0.0355	0.049579	RNF215	hg38_genes_promoters	3.6102321867035036e-07	5.205944829727065	-1
chr22	30373614	30373803	0.024241	10	0.8667	0.84246	CCDC157	hg38_genes_promoters	0.0011578066603992	2.352850167070325	0
chr22	30346030	30346482	-0.019845	10	0.8588	0.87864	SF3A1	hg38_genes_promoters	0.0056918251834193	1.8165490531936181	0
chr22	30287425	30287504	0.027621	10	0.6782	0.65058	CASTOR1	hg38_genes_promoters	0.1189676694626423	0.7971851679674669	0
chr22	30266070	30266215	0.036553	10	0.1265	0.089947	OSM	hg38_genes_promoters	0.0004647083656541	2.6685950480633567	0
chr22	30247260	30247768	-0.017737	14	0.28914	0.30688	LIF	hg38_genes_promoters	0.2476482633057698	0.5406331192328087	0
chr22	30238334	30238824	0.021789	10	0.844	0.82221	LIF-AS1	hg38_genes_promoters	0.0994005180580275	0.8575478301309737	0
chr22	30080476	30081149	-0.021566	19	0.489	0.51057	HORMAD2	hg38_genes_promoters	0.375454571156485	0.39188102350827936	0
chr22	31334132	31334745	-0.096223	10	0.4954	0.59162	PIK3IP1-DT	hg38_genes_promoters	0.0015896101577993	2.2435863283981723	0
chr22	31439704	31440425	-0.023083	12	0.80442	0.8275	EIF4ENIF1	hg38_genes_promoters	0.0297099213034806	1.262302206728229	0
chr22	31604076	31604388	-0.016883	10	0.8503	0.86718	SFI1	hg38_genes_promoters	0.0083240685374156	1.6905844399412242	0
chr22	31612852	31613170	-0.013718	12	0.81442	0.82813	SFI1	hg38_genes_promoters	0.0408132725680183	1.1551768891641403	0
chr22	36252248	36252834	-0.023772	10	0.6639	0.68767	APOL1	hg38_genes_promoters	0.2037458486480566	0.6090518130738298	0
chr22	24166918	24167103	0.03181	12	0.85575	0.82394	CABIN1	hg38_genes_promoters	0.0012427569989108	2.328245772159525	0
chr22	36204484	36205011	0.069204	10	0.6212	0.552	APOL4	hg38_genes_promoters	0.0020150900333282	2.1646032694248634	0
chr22	36166448	36167069	-0.022407	11	0.48073	0.50313	APOL3	hg38_genes_promoters	0.2745412405034294	0.5030004026114652	0
chr22	36161143	36162043	-0.034574	10	0.6846	0.71917	APOL3	hg38_genes_promoters	0.1843372639396294	0.6443261570212657	0
chr22	35615876	35616433	-0.020792	14	0.065786	0.086578	MB	hg38_genes_promoters	0.0912012605501474	0.8854791509802475	0
chr22	35409925	35410482	-0.026451	12	0.24792	0.27437	MCM5	hg38_genes_promoters	0.2960611322567097	0.47754247155418095	0
chr22	35399288	35399390	0.038295	10	0.80204	0.76375	MCM5	hg38_genes_promoters	0.0110674795247408	1.5964676912323008	0
chr22	30080476	30081149	-0.021566	19	0.489	0.51057	HORMAD2-AS1	hg38_genes_promoters	0.375454571156485	0.39188102350827936	0
chr22	35344079	35344273	0.016448	12	0.87967	0.86322	TOM1	hg38_genes_promoters	0.0228010445969633	1.354059390934118	0
chr22	33874107	33874487	-0.023243	11	0.79255	0.81579	LARGE1	hg38_genes_promoters	0.0046118748411467	1.8842014577377721	0
chr22	33873310	33873638	-0.024004	13	0.74377	0.76777	LARGE1	hg38_genes_promoters	0.0489362827212464	1.095038286042096	0
chr22	32869039	32869929	-0.034028	13	0.65492	0.68895	SYN3	hg38_genes_promoters	0.0799113852899967	0.928930244164722	0
chr22	32204229	32204467	-0.094083	19	0.31758	0.41166	RFPL2	hg38_genes_promoters	1.577691976124539e-06	4.6798291863019434	0
chr22	32204229	32204467	-0.094083	19	0.31758	0.41166	SLC5A4-AS1	hg38_genes_promoters	1.577691976124539e-06	4.6798291863019434	0
chr22	32202451	32202779	-0.028343	10	0.0317	0.060043	RFPL2	hg38_genes_promoters	7.799704239701686e-06	4.1031588670042405	0
chr22	32042959	32043389	0.090123	27	0.43322	0.3431	SLC5A1	hg38_genes_promoters	4.18253061861586e-10	7.727067486622172	1
chr22	31753081	31753439	-0.018909	10	0.0157	0.034609	DEPDC5	hg38_genes_promoters	8.073112719655783e-05	3.2714836723903926	0
chr22	35323068	35323300	0.027953	10	0.8519	0.82395	TOM1	hg38_genes_promoters	0.0027444210386307	2.058589981054042	0
chr22	30080116	30080463	-0.015302	30	0.0904	0.1057	HORMAD2	hg38_genes_promoters	0.0047725917071347	1.8734833707350962	0
chr22	31628815	31629165	0.029805	10	0.7077	0.67789	PISD	hg38_genes_promoters	0.2265953081181355	0.5713215862786136	0
chr22	29883102	29883159	-0.023528	14	0.011857	0.035385	MTMR3	hg38_genes_promoters	1.981468942358818e-06	4.587235315977497	0
chr22	26026878	26027104	0.013111	10	0.8119	0.79879	MYO18B	hg38_genes_promoters	0.0956506908378234	0.8705090348202877	0
chr22	25955090	25955350	0.015399	12	0.86158	0.84618	MYO18B	hg38_genes_promoters	0.0197566628365667	1.402211398973589	0
chr22	25741551	25742030	-0.014864	12	0.79325	0.80811	MYO18B	hg38_genes_promoters	0.1513650967875663	0.7151106628945056	0
chr22	25563744	25563974	-0.011203	10	0.0059	0.017103	GRK3	hg38_genes_promoters	0.0658533609825443	0.9939045637943266	0
chr22	25360314	25360689	-0.017921	12	0.8305	0.84842	LRP5L	hg38_genes_promoters	0.0030201532948656	2.0260015520383274	0
chr22	25358257	25358674	0.020621	10	0.5232	0.50258	LRP5L	hg38_genes_promoters	0.335955920554313	0.43282533959819836	0
chr22	25199846	25200021	0.030511	10	0.8003	0.76979	CRYBB3	hg38_genes_promoters	0.0201442069481316	1.3957876773547186	0
chr22	25039940	25040315	-0.021111	10	0.8461	0.86721	KIAA1671	hg38_genes_promoters	0.002077582786233	2.154799918230997	0
chr22	26347634	26347843	-0.014863	10	0.8064	0.82126	SEZ6L	hg38_genes_promoters	0.088494555905705	0.8952382018306166	0
chr22	24582962	24583479	0.032946	10	0.8268	0.79385	GGT1	hg38_genes_promoters	0.0092435218944915	1.656184827992425	0
chr22	24494600	24494742	-0.015491	12	0.055167	0.070658	UPB1	hg38_genes_promoters	0.0044357564195293	1.896669506873939	0
chr22	24427446	24427643	0.013569	10	0.1479	0.13433	ADORA2A	hg38_genes_promoters	0.5903355580460026	0.21810989968172084	0
chr22	24424365	24424412	0.011469	10	0.0208	0.0093308	ADORA2A	hg38_genes_promoters	8.878963324814239e-05	3.236538805946945	0
chr22	24421341	24421950	0.015427	14	0.64229	0.62686	ADORA2A	hg38_genes_promoters	0.2836163425472611	0.49182237094957554	0
chr22	24417031	24417289	0.010732	10	0.8801	0.86937	ADORA2A	hg38_genes_promoters	0.2684662880670924	0.5114849697761872	0
chr22	30080116	30080463	-0.015302	30	0.0904	0.1057	HORMAD2-AS1	hg38_genes_promoters	0.0047725917071347	1.8734833707350962	0
chr22	24251403	24251530	0.025055	14	0.8032	0.77814	POM121L9P	hg38_genes_promoters	0.3190438689909447	0.45090971011582204	0
chr22	24226051	24226486	-0.014023	14	0.85286	0.86688	GGT5	hg38_genes_promoters	0.0064316321925305	1.7775336321665738	0
chr22	24519315	24520213	-0.022557	10	0.5561	0.57866	UPB1	hg38_genes_promoters	0.4430586857383304	0.3292973935131957	0
chr22	26479532	26480017	-0.010197	11	0.099182	0.10938	HPS4	hg38_genes_promoters	0.6014584289264256	0.21077511053673115	0
chr22	25069275	25070020	-0.020691	15	0.45387	0.47456	KIAA1671	hg38_genes_promoters	0.3875186420765598	0.3801764572768108	0
chr22	26499413	26499562	0.014121	10	0.8777	0.86358	TFIP11	hg38_genes_promoters	0.0218904101053051	1.3677720044931383	0
chr22	29719358	29719711	0.013589	10	0.4478	0.43421	CABP7	hg38_genes_promoters	0.5650420664523914	0.23535858806851392	0
chr22	29370633	29371417	0.027358	10	0.7691	0.74174	AP1B1	hg38_genes_promoters	0.0912082125922107	0.8854791509802475	0
chr22	26489845	26490395	-0.030307	10	0.8303	0.86061	SRRD	hg38_genes_promoters	6.798570625055699e-05	3.3299270601366717	0
chr22	29825686	29825826	0.029016	10	0.8177	0.78868	ASCC2	hg38_genes_promoters	0.00355011664401	1.972420752203525	0
chr22	29332702	29333331	0.018242	10	0.8084	0.79016	SNORD125	hg38_genes_promoters	0.3752002118346191	0.39194266629191443	0
chr22	29332702	29333331	0.018242	10	0.8084	0.79016	AP1B1	hg38_genes_promoters	0.3752002118346191	0.39194266629191443	0
chr22	29140992	29142089	-0.030485	18	0.59744	0.62793	KREMEN1	hg38_genes_promoters	0.1086157611439841	0.828046028733437	0
chr22	29031720	29031898	-0.060111	10	0.2521	0.31221	ZNRF3-AS1	hg38_genes_promoters	0.0002367440169929	2.901203231652709	0
chr22	27992057	27992479	-0.011963	10	0.7773	0.78926	TTC28-AS1	hg38_genes_promoters	0.3955144665663801	0.3726359513122066	0
chr22	29205191	29205598	-0.057187	15	0.33747	0.39465	EMID1	hg38_genes_promoters	0.0104303357077996	1.6166398470141918	0
chr22	26671503	26672073	-0.015816	10	0.3515	0.36732	MIATNB	hg38_genes_promoters	0.6008689855214783	0.21114584899243244	0
chr22	27990646	27990729	0.027332	10	0.8047	0.77737	TTC28	hg38_genes_promoters	0.0018626631460415	2.1908283346842863	0
chr22	27435754	27436062	-0.051544	13	0.48154	0.53308	LOC105372980	hg38_genes_promoters	0.0113553910610745	1.587525728470158	0
chr22	27224839	27225513	-0.039737	10	0.4537	0.49344	LINC01638	hg38_genes_promoters	0.474616076749402	0.3028744767544613	0
chr22	27060775	27061411	-0.024026	10	0.6835	0.70753	LOC284898	hg38_genes_promoters	0.1710404560190112	0.6722461059031637	0
chr22	27990646	27990729	0.027332	10	0.8047	0.77737	TTC28-AS1	hg38_genes_promoters	0.0018626631460415	2.1908283346842863	0
chr22	26646398	26647302	-0.012085	13	0.78423	0.79632	MIAT	hg38_genes_promoters	0.1973347124205448	0.62022750475985	0
chr22	26541353	26541424	-0.029047	10	0.7549	0.78395	TPST2	hg38_genes_promoters	0.0683626361099087	0.9817888764150212	0
chr3	129565890	129566138	-0.015178	10	0.8481	0.86328	PLXND1	hg38_genes_promoters	0.0015663855054986	2.2476129821805633	0
chr3	129060474	129060758	-0.013732	10	0.1379	0.15163	GP9	hg38_genes_promoters	0.1355351518819785	0.753042469375991	0
chr3	129314527	129314761	-0.014856	10	0.0281	0.042956	H1-10-AS1	hg38_genes_promoters	0.0613343893731578	1.0190206076276869	0
chr3	129421761	129422659	-0.030342	10	0.8177	0.84804	EFCAB12	hg38_genes_promoters	0.0016206142454487	2.2374164120390017	0
chr3	129563234	129563510	-0.019532	10	0.8211	0.84063	PLXND1	hg38_genes_promoters	0.0038124100219676	1.9478788739050272	0
chr3	129557066	129557166	-0.028378	10	0.829	0.85738	PLXND1	hg38_genes_promoters	0.0002839586687058	2.839185458233331	0
chr3	129560362	129560484	0.021295	10	0.8884	0.86711	PLXND1	hg38_genes_promoters	0.0025812187183908	2.0790017386494863	0
chr3	128935087	128935254	0.024216	10	0.7961	0.77188	CFAP92	hg38_genes_promoters	0.0632413771867513	1.0085700794970265	0
chr3	129527428	129528080	0.018406	10	0.8481	0.82969	RHO	hg38_genes_promoters	0.19683705828787	0.6211528880696454	0
chr3	128462983	128463198	-0.015124	11	0.82645	0.84158	DNAJB8-AS1	hg38_genes_promoters	0.0380726443675822	1.179398650587962	0
chr3	127536708	127537282	0.048247	10	0.5082	0.45995	LINC02034	hg38_genes_promoters	0.0768585289197134	0.942821490753681	0
chr3	127677086	127677259	-0.016774	10	0.7937	0.81047	ABTB1	hg38_genes_promoters	0.1231416464902591	0.7848715709634444	0
chr3	127672214	127672336	0.022821	15	0.041933	0.019113	ABTB1	hg38_genes_promoters	1.3583504667416688e-08	6.408928594046472	1
chr3	127629925	127630095	0.039734	10	0.4583	0.41857	LOC107986126	hg38_genes_promoters	0.0464578059813478	1.1119171531257988	0
chr3	127617239	127617706	0.019038	11	0.841	0.82196	MCM2	hg38_genes_promoters	0.0082625670436717	1.6931394632084775	0
chr3	127604865	127604963	0.033432	10	0.8468	0.81337	MCM2	hg38_genes_promoters	0.0002324915015687	2.9054873679137843	0
chr3	127536708	127537282	0.048247	10	0.5082	0.45995	LINC01471	hg38_genes_promoters	0.0768585289197134	0.942821490753681	0
chr3	127192730	127192987	-0.019542	10	0.8203	0.83984	C3orf56	hg38_genes_promoters	0.0075157267101765	1.7233620906596205	0
chr3	126703390	126703736	-0.051447	10	0.5005	0.55195	CHCHD6	hg38_genes_promoters	0.050032071904418	1.0880640844872416	0
chr3	129589403	129589540	0.026718	10	0.8711	0.84438	PLXND1	hg38_genes_promoters	0.0092754179409429	1.655074226123304	0
chr3	126956404	126956985	-0.026715	10	0.6143	0.64101	CHCHD6	hg38_genes_promoters	0.0822332082303564	0.9193384752411119	0
chr3	127791266	127792078	-0.013564	10	0.5221	0.53566	MGLL	hg38_genes_promoters	0.6562252367708039	0.17567337835361113	0
chr3	130263931	130264090	0.017298	15	0.85267	0.83537	COL6A4P2	hg38_genes_promoters	0.0145579799671335	1.5072379575060844	0
chr3	141077076	141077334	-0.018742	13	0.064692	0.083434	SPSB4	hg38_genes_promoters	0.0049209914949374	1.8635794939246246	0
chr3	133038242	133038454	-0.011089	36	0.011528	0.022617	TMEM108	hg38_genes_promoters	3.3941142097000533e-10	7.8055457071957335	-1
chr3	142962172	142962537	0.020674	21	0.85338	0.83271	PAQR9	hg38_genes_promoters	0.0006745686732406	2.5376431177053353	0
chr3	126661630	126662250	-0.010605	10	0.5732	0.58381	NUP210P1	hg38_genes_promoters	0.6997716384954501	0.14940902511749637	0
chr3	142962172	142962537	0.020674	21	0.85338	0.83271	PAQR9-AS1	hg38_genes_promoters	0.0006745686732406	2.5376431177053353	0
chr3	141383810	141384795	-0.022541	10	0.7996	0.82214	ZBTB38	hg38_genes_promoters	0.0029323631655188	2.0349269321717087	0
chr3	141368204	141368555	-0.025972	15	0.49547	0.52144	ZBTB38	hg38_genes_promoters	0.0170031980338563	1.45231803807494	0
chr3	141367147	141367587	-0.014031	12	0.82825	0.84228	ZBTB38	hg38_genes_promoters	0.0153594478323829	1.4889218701533244	0
chr3	141065832	141066069	-0.015374	10	0.8641	0.87947	SPSB4	hg38_genes_promoters	0.0382760341270969	1.1776603821184366	0
chr3	139583796	139583879	-0.026862	12	0.89342	0.92028	NMNAT3	hg38_genes_promoters	2.2111206439786003e-09	7.10273011024607	-1
chr3	139539253	139539356	-0.014132	10	0.0095	0.023632	COPB2-DT	hg38_genes_promoters	2.270622065878823e-06	4.549333953252283	0
chr3	139043853	139045081	0.072222	112	0.56818	0.49596	PRR23C	hg38_genes_promoters	8.236089840360626e-24	20.456266636098444	1
chr3	133037119	133037640	-0.010026	12	0.84858	0.85861	TMEM108	hg38_genes_promoters	0.045263311939096	1.1199938680732133	0
chr3	138472293	138472913	-0.017281	10	0.7354	0.75268	ESYT3	hg38_genes_promoters	0.2273755797731959	0.5701313231230588	0
chr3	138433816	138433995	-0.04051	10	0.3315	0.37201	ESYT3	hg38_genes_promoters	0.086781343189735	0.9016753705140239	0
chr3	138010210	138010408	0.014692	13	0.85623	0.84154	CLDN18	hg38_genes_promoters	0.0356400235640076	1.2013207849300176	0
chr3	135132223	135132803	0.019963	10	0.7947	0.77474	EPHB1	hg38_genes_promoters	0.141904886224305	0.7374818838487762	0
chr3	134483364	134484048	-0.015402	10	0.3759	0.3913	ANAPC13	hg38_genes_promoters	0.348658498341847	0.41894906044894015	0
chr3	133783695	133784118	-0.030003	36	0.55144	0.58145	SRPRB	hg38_genes_promoters	0.0220422582827404	1.365507247115822	0
chr3	133746472	133746542	-0.011058	10	0.0441	0.055158	TF	hg38_genes_promoters	0.0590115741474044	1.0323978057275205	0
chr3	133746022	133746226	-0.021184	14	0.078214	0.099398	TF	hg38_genes_promoters	0.0061224699014781	1.7917449327578672	0
chr3	133471957	133472371	-0.016466	11	0.73318	0.74965	BFSP2	hg38_genes_promoters	0.2882865501778853	0.4861945980064966	0
chr3	133124424	133125033	-0.010507	10	0.2043	0.21481	TMEM108	hg38_genes_promoters	0.4482293657811877	0.3247703145196196	0
chr3	138434014	138434234	-0.07444	11	0.23527	0.30971	ESYT3	hg38_genes_promoters	6.889140123345133e-05	3.326214382629874	0
chr3	126660009	126660695	-0.034205	16	0.65219	0.68639	NUP210P1	hg38_genes_promoters	0.0382765930225475	1.1776603821184366	0
chr3	108091359	108091461	0.0172	10	0.0262	0.009	CD47	hg38_genes_promoters	1.858769193534566e-07	5.4451849261834555	1
chr3	126394284	126394501	0.019952	12	0.82175	0.8018	CFAP100-DT	hg38_genes_promoters	0.0272164522552207	1.2924935291917758	0
chr3	114291033	114291396	0.029585	10	0.2972	0.26761	TIGIT	hg38_genes_promoters	0.1621338359978711	0.690624807742399	0
chr3	114213651	114214328	0.013142	10	0.086	0.072858	LOC107986115	hg38_genes_promoters	0.015173347421271	1.493755126362134	0
chr3	113615180	113616114	-0.013307	10	0.8402	0.85351	SIDT1	hg38_genes_promoters	0.0310835305726022	1.2469113810983217	0
chr3	113441574	113441741	-0.052737	15	0.25087	0.3036	CFAP44	hg38_genes_promoters	0.0008192271604667	2.4729712515415376	0
chr3	112638753	112639152	-0.017143	15	0.8376	0.85474	CCDC80	hg38_genes_promoters	0.0166066017626926	1.4606160716498922	0
chr3	111999348	111999956	-0.028569	24	0.11596	0.14453	TAGLN3	hg38_genes_promoters	1.855568824662467e-05	3.7935374467535374	0
chr3	111952945	111954033	-0.022823	13	0.83669	0.85951	PHLDB2	hg38_genes_promoters	0.0003016219299175	2.818450027450446	0
chr3	111069428	111070585	-0.045953	21	0.30686	0.35281	NECTIN3	hg38_genes_promoters	0.0167300223869667	1.4581213567321745	0
chr3	111069428	111070585	-0.045953	21	0.30686	0.35281	NECTIN3-AS1	hg38_genes_promoters	0.0167300223869667	1.4581213567321745	0
chr3	109118117	109118203	0.01751	13	0.81577	0.79826	C3orf85	hg38_genes_promoters	0.0844470367809964	0.9112022874793746	0
chr3	109118117	109118203	0.01751	13	0.81577	0.79826	MORC1	hg38_genes_promoters	0.0844470367809964	0.9112022874793746	0
chr3	109100432	109101372	-0.02316	10	0.7924	0.81556	MORC1-AS1	hg38_genes_promoters	0.3949192515513019	0.3730591342752827	0
chr3	101677886	101678053	0.013158	10	0.777	0.76384	ZBTB11	hg38_genes_promoters	0.1985507320450076	0.6181842631410134	0
chr3	101513264	101513374	-0.01191	10	0.0005	0.01241	SENP7	hg38_genes_promoters	0.0876722042120002	0.898172275810996	0
chr3	100491685	100492080	-0.029238	10	0.3929	0.42214	TMEM45A	hg38_genes_promoters	0.3834772438324783	0.3841502457533676	0
chr3	99637954	99638425	-0.011561	18	0.017167	0.028728	COL8A1	hg38_genes_promoters	0.0003677684603661	2.7486817958800236	0
chr3	94937984	94938059	-0.025805	10	0.7963	0.82211	LINC00879	hg38_genes_promoters	7.70612458360717e-06	4.1073111522980845	0
chr3	87088709	87088921	0.037132	10	0.1275	0.090368	LINC00506	hg38_genes_promoters	0.0128979801033659	1.5468117758332272	0
chr3	80770575	80770733	0.034836	14	0.81064	0.77581	LINC02050	hg38_genes_promoters	0.0002431386692526	2.8920715058910025	0
chr3	80770443	80770564	0.019057	12	0.75667	0.73761	LINC02050	hg38_genes_promoters	0.0749435626814381	0.9511953421670877	0
chr3	146469135	146469364	-0.022736	10	0.2289	0.25164	PLSCR2	hg38_genes_promoters	0.4126863576858455	0.3563080983619854	0
chr3	114351301	114351489	0.016089	19	0.87379	0.8577	ZBTB20-AS1	hg38_genes_promoters	0.0008799951258944	2.449783839431072	0
chr3	116445187	116445675	-0.010829	10	0.0175	0.028329	LSAMP	hg38_genes_promoters	0.2910906869861255	0.48339034323824953	0
chr3	119146178	119146602	-0.018537	10	0.7822	0.80074	IGSF11	hg38_genes_promoters	0.0800704273611335	0.9283839918971865	0
chr3	119146178	119146602	-0.018537	10	0.7822	0.80074	TEX55	hg38_genes_promoters	0.0800704273611335	0.9283839918971865	0
chr3	126394284	126394501	0.019952	12	0.82175	0.8018	CFAP100	hg38_genes_promoters	0.0272164522552207	1.2924935291917758	0
chr3	126158688	126159535	-0.017759	10	0.6387	0.65646	ALDH1L1	hg38_genes_promoters	0.4323504569504486	0.3383831786290565	0
chr3	125213296	125213869	-0.020077	10	0.8286	0.84868	SLC12A8	hg38_genes_promoters	0.0359770437527839	1.1984532450838974	0
chr3	125154854	125155509	-0.029356	16	0.70206	0.73142	SLC12A8	hg38_genes_promoters	0.0018219707289075	2.1976187487670797	0
chr3	125151230	125151735	-0.016127	11	0.80409	0.82022	SLC12A8	hg38_genes_promoters	0.1413095525863349	0.7390177634704135	0
chr3	125151230	125151735	-0.016127	11	0.80409	0.82022	MIR5092	hg38_genes_promoters	0.1413095525863349	0.7390177634704135	0
chr3	125120730	125121003	0.029051	10	0.7641	0.73505	SLC12A8	hg38_genes_promoters	0.0531369242627066	1.068281799056594	0
chr3	125107823	125108174	-0.014779	10	0.7438	0.75858	SLC12A8	hg38_genes_promoters	0.1116875908316599	0.8188693806727334	0
chr3	124032423	124032808	-0.035264	14	0.36243	0.39769	KALRN	hg38_genes_promoters	0.1509750628823733	0.7159236425104106	0
chr3	123692713	123693058	-0.01207	12	0.75517	0.76724	MYLK	hg38_genes_promoters	0.1035800585305996	0.8435520136874072	0
chr3	126416293	126416587	-0.028247	29	0.23359	0.26183	CFAP100	hg38_genes_promoters	0.0020276704089438	2.16270745827207	0
chr3	123649620	123650143	-0.017217	10	0.7108	0.72802	MYLK	hg38_genes_promoters	0.4474063019748853	0.3255116674055129	0
chr3	123416480	123417103	0.011773	12	0.84258	0.83081	ADCY5	hg38_genes_promoters	0.275294584096896	0.5021180969328599	0
chr3	123405046	123405343	0.0161	10	0.8671	0.851	ADCY5	hg38_genes_promoters	0.1214041878840617	0.7898216181602542	0
chr3	122913181	122913274	-0.025808	15	0.13467	0.16047	SEMA5B	hg38_genes_promoters	0.0892678008773271	0.8929705231089813	0
chr3	122912959	122913084	0.028811	12	0.39175	0.36294	SEMA5B	hg38_genes_promoters	0.1750426200921994	0.6634043640486847	0
chr3	122679685	122680273	-0.045332	12	0.32658	0.37192	PARP14	hg38_genes_promoters	0.034928807501664	1.2078708077565208	0
chr3	122007338	122007998	-0.018547	12	0.87658	0.89513	ILDR1	hg38_genes_promoters	3.5412095728814243e-06	4.392271597881862	0
chr3	121644686	121645322	-0.019742	10	0.8871	0.90684	HCLS1	hg38_genes_promoters	0.0010013214322328	2.404414459633256	0
chr3	120285370	120285446	-0.014698	10	0.0262	0.040898	GPR156	hg38_genes_promoters	0.000301004508348	2.818450027450446	0
chr3	119809852	119810079	0.013326	10	0.0528	0.039474	NR1I2	hg38_genes_promoters	0.3589672918995077	0.4079388265650216	0
chr3	119781386	119782121	-0.015697	10	0.6502	0.6659	NR1I2	hg38_genes_promoters	0.3304766947977247	0.4384263270193177	0
chr3	123419353	123419727	-0.0171	10	0.7789	0.796	ADCY5	hg38_genes_promoters	0.0128027254374059	1.5488190598841403	0
chr3	146921495	146922047	-0.018012	12	0.8335	0.85151	LINC02010	hg38_genes_promoters	0.0405918630353429	1.1570651836400698	0
chr3	194590107	194590964	-0.012285	17	0.85741	0.8697	TMEM44	hg38_genes_promoters	0.0066133154878467	1.7687752641487544	0
chr3	147393713	147393823	-0.012742	10	0.0261	0.038842	ZIC4	hg38_genes_promoters	0.0063241726731928	1.7824698764455411	0
chr3	190322918	190323438	-0.028019	11	0.065091	0.09311	CLDN1	hg38_genes_promoters	0.0009203939761784	2.434396661780319	0
chr3	189099093	189099498	-0.01617	13	0.79723	0.8134	TPRG1	hg38_genes_promoters	0.1722988172027607	0.6695309697556207	0
chr3	187196702	187197514	-0.015122	10	0.7884	0.80352	RTP1	hg38_genes_promoters	0.2016848298200594	0.612816915087936	0
chr3	187025062	187025335	-0.025836	10	0.5091	0.53494	ST6GAL1	hg38_genes_promoters	0.1614223391424634	0.6921285036753064	0
chr3	186825379	186825601	-0.015174	10	0.0445	0.059674	LINC02043	hg38_genes_promoters	0.0174597893708919	1.4442595419014248	0
chr3	186666077	186666410	-0.035765	10	0.8143	0.85007	LOC105374258	hg38_genes_promoters	0.0001297184104922	3.1037574730068034	0
chr3	186243254	186243652	-0.023091	11	0.76782	0.79091	DGKG	hg38_genes_promoters	0.0028585910046471	2.0441329025152455	0
chr3	186242564	186242828	-0.047341	10	0.1394	0.18674	DGKG	hg38_genes_promoters	0.0016737167008977	2.2260334798998507	0
chr3	186078634	186079151	-0.021875	10	0.86	0.88188	ETV5	hg38_genes_promoters	0.000833034317091	2.4681383177589367	0
chr3	185499341	185500053	-0.034018	13	0.60746	0.64148	TMEM41A	hg38_genes_promoters	0.0394849379501696	1.1666896551878738	0
chr3	185282948	185283057	-0.025289	10	0.0145	0.039789	MAP3K13	hg38_genes_promoters	1.4681499352556795e-11	9.075682812814524	-1
chr3	185282948	185283057	-0.025289	10	0.0145	0.039789	EHHADH	hg38_genes_promoters	1.4681499352556795e-11	9.075682812814524	-1
chr3	185153946	185154266	-0.025715	10	0.8142	0.83991	C3orf70	hg38_genes_promoters	0.0138579276811793	1.5234774549345778	0
chr3	184773457	184773581	-0.0232	10	0.7648	0.788	LINC02069	hg38_genes_promoters	0.1360025594163652	0.7517984381619197	0
chr3	184578950	184579539	0.016668	10	0.8313	0.81463	EPHB3	hg38_genes_promoters	0.1971917655032846	0.6204480037502527	0
chr3	184400816	184401618	-0.01985	13	0.80792	0.82777	LINC02054	hg38_genes_promoters	0.0046160426191351	1.884174058925908	0
chr3	184381613	184381740	0.019574	10	0.0541	0.034526	CHRD	hg38_genes_promoters	0.0950458703781773	0.8720890571572424	0
chr3	184378611	184378939	-0.021429	10	0.8002	0.82163	THPO	hg38_genes_promoters	0.1152974446511954	0.8081156123583881	0
chr3	184375853	184376282	-0.02289	10	0.8368	0.85969	THPO	hg38_genes_promoters	0.0038949514233882	1.9406411003408954	0
chr3	184338651	184338854	0.043281	26	0.42919	0.38591	FAM131A	hg38_genes_promoters	0.0006016465198157	2.5770551665244565	0
chr3	184315956	184316184	0.035367	10	0.5042	0.46883	EIF4G1	hg38_genes_promoters	0.0147374657006883	1.5031066082331286	0
chr3	193241042	193241078	-0.017095	10	0.0098	0.026895	PLAAT1	hg38_genes_promoters	4.66375521580544e-07	5.114814657685067	-1
chr3	193592661	193593036	-0.010559	10	0.129	0.13956	OPA1	hg38_genes_promoters	0.3212531510952783	0.44869702416265966	0
chr3	194003730	194004039	-0.020113	13	0.18754	0.20765	LINC02026	hg38_genes_promoters	0.0001951298937469	2.966331014458268	0
chr3	194204392	194204581	-0.013017	12	0.083583	0.0966	LINC02036	hg38_genes_promoters	0.9487245458785338	0.022051672540430646	0
chr3	77039585	77039699	-0.012403	12	0.0035833	0.015986	ROBO2	hg38_genes_promoters	1.1846150857164112e-05	3.9536500153409198	0
chr3	197675432	197675750	-0.019255	10	0.8373	0.85655	MIR922	hg38_genes_promoters	0.0068106179319372	1.7580823166159358	0
chr3	197027792	197027905	0.022305	10	0.8802	0.85789	MELTF	hg38_genes_promoters	0.0001964199911569	2.9644012790896497	0
chr3	197023845	197024134	-0.050056	15	0.46173	0.51179	MELTF	hg38_genes_promoters	0.0240182424719239	1.3361489336751051	0
chr3	196225660	196226007	-0.030041	10	0.8081	0.83814	SLC51A	hg38_genes_promoters	6.209420419113314e-05	3.360880885342851	0
chr3	196211291	196211655	0.016292	10	0.7382	0.72191	SLC51A	hg38_genes_promoters	0.1454304198466642	0.7288841345844171	0
chr3	196211291	196211655	0.016292	10	0.7382	0.72191	ZDHHC19	hg38_genes_promoters	0.1454304198466642	0.7288841345844171	0
chr3	195906893	195907444	0.014642	17	0.046176	0.031534	TNK2-AS1	hg38_genes_promoters	0.0045644644050105	1.8876211454743475	0
chr3	195883168	195883279	0.023731	10	0.856	0.83227	MIR6829	hg38_genes_promoters	0.025738305199248	1.3122676094946988	0
chr3	195877115	195877705	0.012053	12	0.88433	0.87228	TNK2	hg38_genes_promoters	0.1174018541185424	0.8018551458026668	0
chr3	184301891	184302663	-0.021255	12	0.86033	0.88159	PSMD2	hg38_genes_promoters	0.0002610652710823	2.866589806055019	0
chr3	195837876	195838001	0.020253	15	0.86787	0.84761	LINC01983	hg38_genes_promoters	0.0036897660660678	1.9593647956033138	0
chr3	197850709	197851582	-0.034217	13	0.80723	0.84145	LRCH3	hg38_genes_promoters	0.0020394883100564	2.161201273465228	0
chr3	195154593	195155120	-0.031771	10	0.1061	0.13787	XXYLT1	hg38_genes_promoters	0.026353709111422	1.304140436910313	0
chr3	195147697	195148038	-0.015923	13	0.059462	0.075385	XXYLT1-AS2	hg38_genes_promoters	0.0755167381174318	0.9483881528589111	0
chr3	195122378	195122966	-0.025547	10	0.5714	0.59695	XXYLT1	hg38_genes_promoters	0.3422571152375093	0.42600804535193587	0
chr3	195094668	195094986	0.0272	10	0.7242	0.697	XXYLT1	hg38_genes_promoters	0.1063412177033436	0.8341335494374583	0
chr3	194312781	194313252	-0.015729	14	0.062429	0.078158	LINC00887	hg38_genes_promoters	0.0060975898674119	1.792648033421166	0
chr3	194306031	194306612	-0.010426	10	0.1621	0.17253	LINC00887	hg38_genes_promoters	0.2875932696727608	0.48704238989042564	0
chr3	194250616	194250974	-0.014576	10	0.3638	0.37838	LINC02036	hg38_genes_promoters	0.5535031986535295	0.2432096415782233	0
chr3	194247279	194247786	-0.03064	11	0.71318	0.74382	LINC02037	hg38_genes_promoters	0.0611701535491765	1.0197648656507472	0
chr3	194205582	194206674	-0.027027	20	0.1145	0.14153	LINC02036	hg38_genes_promoters	0.000492779280783	2.647587262623031	0
chr3	195543028	195543106	-0.012363	10	0.0099	0.022263	PPP1R2	hg38_genes_promoters	0.0135980430895759	1.5287802834531123	0
chr3	184275340	184275580	0.0324	10	0.8384	0.806	ECE2	hg38_genes_promoters	0.0012054394448282	2.3386293804693388	0
chr3	184243608	184244151	0.022316	10	0.788	0.76568	ALG3	hg38_genes_promoters	0.0401696089737353	1.1607870605073243	0
chr3	184241222	184241434	-0.027737	13	0.65315	0.68089	MIR1224	hg38_genes_promoters	0.006572014572989	1.7701075769073216	0
chr3	169812785	169813487	0.053371	17	0.13965	0.086276	LRRC34	hg38_genes_promoters	3.1220916331921165e-05	3.6068025364162	0
chr3	169664183	169664475	-0.013029	13	0.020615	0.033645	MECOM	hg38_genes_promoters	0.4825530955202942	0.2965743635316243	0
chr3	161372969	161373215	-0.018647	10	0.0828	0.10145	SPTSSB	hg38_genes_promoters	0.0875583674978587	0.8985812741195963	0
chr3	160224371	160224736	-0.012996	14	0.017643	0.030639	C3orf80	hg38_genes_promoters	0.0222962106878275	1.3621671562316915	0
chr3	159839896	159840139	0.016463	19	0.27616	0.2597	SCHIP1	hg38_genes_promoters	0.0253922791926106	1.3170547096873357	0
chr3	158571278	158571438	-0.012521	10	0.0069	0.019421	MLF1	hg38_genes_promoters	0.0037958870888295	1.948767973638844	0
chr3	158571278	158571438	-0.012521	10	0.0069	0.019421	MLF1-DT	hg38_genes_promoters	0.0037958870888295	1.948767973638844	0
chr3	158103099	158103274	-0.018753	10	0.0473	0.066053	SHOX2	hg38_genes_promoters	0.0003735423123098	2.7451683219170526	0
chr3	157542784	157542931	0.021595	13	0.39662	0.37502	SLC66A1L	hg38_genes_promoters	0.132142309793145	0.7614908277914119	0
chr3	157174239	157174640	0.023095	10	0.1276	0.10451	LOC101928236	hg38_genes_promoters	1.491151051711919e-05	3.8710499900931334	0
chr3	170418594	170418697	-0.013812	10	0.0151	0.028912	CLDN11	hg38_genes_promoters	0.0002751071889961	2.8490782294520214	0
chr3	156751468	156751634	-0.030393	10	0.4789	0.50929	LINC00886	hg38_genes_promoters	0.1109868278041694	0.8210905958088203	0
chr3	156120390	156120803	-0.030709	10	0.5616	0.59231	KCNAB1	hg38_genes_promoters	0.2317823129248196	0.5637809843523103	0
chr3	155745325	155745627	0.021631	10	0.1023	0.080669	PLCH1	hg38_genes_promoters	0.0802872490824823	0.9274473347849015	0
chr3	155703945	155704993	-0.029341	10	0.3446	0.37394	PLCH1	hg38_genes_promoters	0.1258228583087155	0.7772410871756948	0
chr3	155079500	155079688	-0.014706	12	0.0038333	0.01854	MME	hg38_genes_promoters	1.4193227483767108e-06	4.714939391906153	0
chr3	151460868	151461282	0.058064	30	0.28443	0.22637	IGSF10	hg38_genes_promoters	2.6117811491894972e-09	7.040374838125629	1
chr3	150050751	150050881	0.018053	13	0.81777	0.79972	PFN2	hg38_genes_promoters	0.1793192583120769	0.6543873223064288	0
chr3	149377387	149377682	-0.111765	10	0.4559	0.56767	TM4SF1-AS1	hg38_genes_promoters	1.5052075238717636e-05	3.8693974216917493	0
chr3	149377387	149377682	-0.111765	10	0.4559	0.56767	TM4SF1	hg38_genes_promoters	1.5052075238717636e-05	3.8693974216917493	0
chr3	147405438	147405785	0.018768	10	0.1284	0.10963	ZIC4	hg38_genes_promoters	0.0665595665783587	0.9905136936500939	0
chr3	147393713	147393823	-0.012742	10	0.0261	0.038842	ZIC1	hg38_genes_promoters	0.0063241726731928	1.7824698764455411	0
chr3	156455702	156456107	-0.013335	10	0.8441	0.85744	KCNAB1	hg38_genes_promoters	0.0075506047158318	1.7217574078929703	0
chr3	147371167	147371846	-0.012007	17	0.061588	0.073595	LOC112268449	hg38_genes_promoters	0.2721150322827309	0.5062392649472082	0
chr3	170421252	170421599	-0.014447	10	0.8295	0.84395	CLDN11	hg38_genes_promoters	0.0954606407916108	0.8708851163062471	0
chr3	170908751	170908854	0.010618	10	0.0239	0.013282	EIF5A2	hg38_genes_promoters	0.0005485071863441	2.610253024385495	0
chr3	184234366	184234760	-0.016905	10	0.6342	0.65111	VWA5B2	hg38_genes_promoters	0.1468628513492048	0.7256627041112986	0
chr3	184189529	184189716	-0.033012	10	0.8378	0.87081	ABCF3	hg38_genes_promoters	6.834530316569646e-05	3.328919848370812	0
chr3	184176680	184177065	0.026695	10	0.6898	0.66311	AP2M1	hg38_genes_promoters	0.0920505394705714	0.8820242035776809	0
chr3	184173760	184174272	-0.023127	11	0.72245	0.74558	AP2M1	hg38_genes_promoters	0.2887599223671308	0.4860911715283359	0
chr3	184164131	184164580	0.017611	13	0.78615	0.76854	DVL3	hg38_genes_promoters	0.1668207260839146	0.6804764802754162	0
chr3	184141968	184142466	-0.020411	10	0.8498	0.87021	EIF2B5	hg38_genes_promoters	0.0006981625631713	2.5252795430299937	0
chr3	183983644	183984475	-0.030064	13	0.86677	0.89683	ABCC5	hg38_genes_promoters	2.607819893425319e-07	5.32281051343122	-1
chr3	183825932	183826106	-0.03686	12	0.10617	0.14303	MAP6D1	hg38_genes_promoters	4.9215351489180605e-05	3.4433151138515767	0
chr3	183809630	183810104	-0.01539	10	0.85	0.86539	YEATS2-AS1	hg38_genes_promoters	0.0035302392714105	1.974212480100516	0
chr3	170467145	170467324	-0.041057	12	0.70175	0.74281	SLC7A14-AS1	hg38_genes_promoters	0.002065536381631	2.1569624368854883	0
chr3	183400506	183400948	-0.037741	10	0.7697	0.80744	MCF2L2	hg38_genes_promoters	0.0003373660260678	2.777053849277516	0
chr3	183163638	183163768	0.020732	10	0.7181	0.69737	LAMP3	hg38_genes_promoters	0.2806751918930845	0.49536993680471053	0
chr3	182980932	182981317	0.011432	10	0.4434	0.43197	DCUN1D1	hg38_genes_promoters	0.2991129813902966	0.47406733241416826	0
chr3	180967803	180968227	-0.030584	11	0.85327	0.88386	FXR1	hg38_genes_promoters	0.000133534739818	3.0957158585617393	0
chr3	180870167	180870236	-0.038995	10	0.1909	0.22989	LOC101928882	hg38_genes_promoters	0.0148833247941167	1.4996314776807462	0
chr3	180601794	180601946	0.02704	10	0.2484	0.22136	TTC14-DT	hg38_genes_promoters	0.0710929423971392	0.9685420450246285	0
chr3	180601794	180601946	0.02704	10	0.2484	0.22136	TTC14	hg38_genes_promoters	0.0710929423971392	0.9685420450246285	0
chr3	179260571	179261009	-0.012296	10	0.8114	0.8237	KCNMB3	hg38_genes_promoters	0.3784673452587257	0.3887006788548803	0
chr3	173141199	173141284	0.016232	10	0.8686	0.85237	SPATA16	hg38_genes_promoters	0.0109471017261254	1.5999838230692272	0
chr3	171810482	171810581	-0.010061	13	0.0034615	0.013522	PLD1	hg38_genes_promoters	4.326668471606294e-07	5.142822230143853	-1
chr3	183556239	183556600	-0.04067	10	0.5502	0.59087	KLHL6	hg38_genes_promoters	0.1629067421545614	0.6888977217276031	0
chr3	75785009	75785169	-0.019732	10	0.0719	0.091632	ZNF717	hg38_genes_promoters	0.1964511350748873	0.6217550351778531	0
chr3	195209996	195210564	-0.022152	16	0.80581	0.82796	XXYLT1	hg38_genes_promoters	0.0071079976150942	1.7428200156878944	0
chr3	73404275	73405214	-0.010885	12	0.82383	0.83472	PDZRN3	hg38_genes_promoters	0.0641731235873304	1.0033850064009449	0
chr3	42702164	42702633	0.018311	10	0.7851	0.76679	HHATL-AS1	hg38_genes_promoters	0.0414352101173475	1.1497145423159212	0
chr3	42702164	42702633	0.018311	10	0.7851	0.76679	HHATL	hg38_genes_promoters	0.0414352101173475	1.1497145423159212	0
chr3	42264673	42264814	-0.012498	13	0.052077	0.064575	CCK	hg38_genes_promoters	0.0190312752660485	1.4147391152604056	0
chr3	42159773	42160168	0.020605	10	0.3474	0.32679	TRAK1	hg38_genes_promoters	0.2233645103506115	0.5763454823483658	0
chr3	42148622	42149218	-0.013677	12	0.73617	0.74984	TRAK1	hg38_genes_promoters	0.0336575908027346	1.219073971905062	0
chr3	42086987	42087267	-0.022099	14	0.86721	0.88931	TRAK1	hg38_genes_promoters	0.0042303338174778	1.9132412835883748	0
chr3	39279869	39280866	-0.014887	10	0.5927	0.60759	CX3CR1	hg38_genes_promoters	0.2827722927358914	0.4928108641433002	0
chr3	39137664	39137918	0.010263	10	0.871	0.86074	MIR6822	hg38_genes_promoters	0.069687664359664	0.975172722519594	0
chr3	39137664	39137918	0.010263	10	0.871	0.86074	TTC21A	hg38_genes_promoters	0.069687664359664	0.975172722519594	0
chr3	38633078	38633555	0.017447	13	0.826	0.80855	SCN5A	hg38_genes_promoters	0.1563981834089436	0.7033463245890522	0
chr3	38132947	38134404	-0.023052	14	0.82986	0.85291	ACAA1	hg38_genes_promoters	0.0103747560550306	1.618432222885419	0
chr3	38038858	38039213	-0.018373	10	0.0233	0.041673	DLEC1	hg38_genes_promoters	0.0548480987134696	1.0578795981995361	0
chr3	38002771	38003288	0.041757	10	0.8293	0.78754	VILL	hg38_genes_promoters	0.0007035124232228	2.5235715537822627	0
chr3	37860854	37861129	-0.010082	20	0.00605	0.016132	ITGA9-AS1	hg38_genes_promoters	4.1608648070162696e-08	5.984595515548415	-1
chr3	37860854	37861129	-0.010082	20	0.00605	0.016132	CTDSPL	hg38_genes_promoters	4.1608648070162696e-08	5.984595515548415	-1
chr3	37682885	37683507	0.013047	10	0.8711	0.85805	ITGA9	hg38_genes_promoters	0.1324890140856444	0.7607824018979873	0
chr3	36856902	36857089	-0.01705	10	0.8523	0.86935	TRANK1	hg38_genes_promoters	0.0044945647579289	1.8929463142239884	0
chr3	35744351	35744603	-0.029311	10	0.6739	0.70321	MIR128-2	hg38_genes_promoters	0.3858089838773972	0.3818251141516507	0
chr3	35679544	35679927	-0.011794	13	0.85423	0.86602	ARPP21	hg38_genes_promoters	0.052877328614684	1.069889006913412	0
chr3	33659072	33659717	-0.01145	12	0.032167	0.043617	CLASP2	hg38_genes_promoters	5.904636281488363e-05	3.379326604123139	0
chr3	33372283	33373220	-0.012794	17	0.39776	0.41056	FBXL2	hg38_genes_promoters	0.5875356804000115	0.2200090146543211	0
chr3	42733691	42734262	0.018105	10	0.839	0.82089	CCDC13	hg38_genes_promoters	0.1294712503099505	0.7675992489329366	0
chr3	42733691	42734262	0.018105	10	0.839	0.82089	HHATL	hg38_genes_promoters	0.1294712503099505	0.7675992489329366	0
chr3	42805400	42805674	0.037744	19	0.504	0.46626	HIGD1A	hg38_genes_promoters	0.0079481376719472	1.7051192663404606	0
chr3	42805400	42805674	0.037744	19	0.504	0.46626	CCDC13	hg38_genes_promoters	0.0079481376719472	1.7051192663404606	0
chr3	46995149	46995461	0.024499	14	0.843	0.8185	NBEAL2	hg38_genes_promoters	0.0234742261771465	1.343922993260436	0
chr3	46976805	46977202	0.013815	10	0.1785	0.16468	CCDC12	hg38_genes_promoters	0.4814351723785719	0.29735619281782877	0
chr3	46902320	46902618	-0.025142	10	0.7427	0.76784	PTH1R	hg38_genes_promoters	0.0972578295426681	0.8643727252255644	0
chr3	46863067	46863968	0.0187	13	0.81931	0.80061	MYL3	hg38_genes_promoters	0.0281727445292688	1.2811947827236536	0
chr3	46750798	46751027	0.048337	20	0.8691	0.82076	PRSS45P	hg38_genes_promoters	1.6153650309113015e-16	13.528416109815675	1
chr3	46718002	46718208	-0.070674	10	0.3818	0.45247	PRSS50	hg38_genes_promoters	0.0033345447806662	1.993279514683451	0
chr3	46677184	46678348	-0.026028	17	0.65112	0.67715	ALS2CL	hg38_genes_promoters	0.1670735877976982	0.6798860261906781	0
chr3	46674518	46675101	-0.012539	10	0.8567	0.86924	ALS2CL	hg38_genes_promoters	0.0434511662589207	1.1341150874289527	0
chr3	46612162	46612687	-0.012959	11	0.72873	0.74169	FAM240A	hg38_genes_promoters	0.4341699847407069	0.336958970939773	0
chr3	32449006	32449350	-0.037663	10	0.3696	0.40726	CMTM7	hg38_genes_promoters	0.2150056969867602	0.5897017045457751	0
chr3	46580016	46580656	0.017873	10	0.8112	0.79333	FAM240A	hg38_genes_promoters	0.3195245528289085	0.450503171449081	0
chr3	46464613	46464711	-0.010116	10	0.0662	0.076316	LTF	hg38_genes_promoters	0.3256449181958565	0.4438721536560972	0
chr3	45915826	45916219	0.031358	10	0.7442	0.71284	LZTFL1	hg38_genes_promoters	0.053299653054639	1.0674729065518405	0
chr3	45884737	45885030	0.026119	12	0.813	0.78688	LZTFL1	hg38_genes_promoters	0.0119696833975175	1.571245055761891	0
chr3	45026050	45026348	-0.015795	10	0.1881	0.20389	CLEC3B	hg38_genes_promoters	0.3612152870667798	0.40587189384141065	0
chr3	44554891	44555064	0.035347	10	0.3154	0.28005	ZKSCAN7	hg38_genes_promoters	0.1324926991512452	0.7607824018979873	0
chr3	44114116	44114400	-0.012153	12	0.41767	0.42982	MIR138-1	hg38_genes_promoters	0.5826637173554241	0.2233491746589682	0
chr3	42978619	42979156	-0.023437	13	0.357	0.38044	GASK1A	hg38_genes_promoters	0.1125870774363282	0.8163355149703904	0
chr3	42936046	42936394	-0.016185	16	0.61006	0.62625	KRBOX1	hg38_genes_promoters	0.2887054145602769	0.4860911715283359	0
chr3	42908035	42908930	-0.01435	14	0.82479	0.83914	ZNF662	hg38_genes_promoters	0.0488160726982692	1.0958671410677772	0
chr3	46580016	46580656	0.017873	10	0.8112	0.79333	LRRC2	hg38_genes_promoters	0.3195245528289085	0.450503171449081	0
chr3	47000009	47000344	0.018781	10	0.8622	0.84342	NBEAL2	hg38_genes_promoters	0.0118611350695125	1.573960293337814	0
chr3	31981628	31981773	-0.010095	10	0.0186	0.028695	OSBPL10	hg38_genes_promoters	0.037519608439091	1.1846505940923393	0
chr3	31829971	31830508	-0.023094	16	0.7315	0.75459	OSBPL10	hg38_genes_promoters	0.0027811428997121	2.054015471304951	0
chr3	10394721	10395331	0.019842	10	0.853	0.83316	MIR885	hg38_genes_promoters	0.0398684131664798	1.1635927631531897	0
chr3	10329792	10329956	-0.029536	10	0.8026	0.83214	MIR378B	hg38_genes_promoters	0.0006836891349533	2.5332257522393786	0
chr3	10292861	10293317	-0.031439	12	0.058167	0.089605	GHRL	hg38_genes_promoters	4.183103562149705e-06	4.328255677445461	0
chr3	10248756	10248879	0.011163	10	0.0149	0.0037368	TATDN2	hg38_genes_promoters	2.2974511271587808e-05	3.7142590619307954	0
chr3	10108188	10108361	0.019588	17	0.77782	0.75824	FANCD2OS	hg38_genes_promoters	0.038725534639844	1.173902103626323	0
chr3	10009643	10010074	-0.024713	12	0.51417	0.53888	EMC3	hg38_genes_promoters	0.4555848200377272	0.31866679015392185	0
chr3	9946646	9947010	0.046763	40	0.51325	0.46649	PRRT3-AS1	hg38_genes_promoters	0.0012569327505903	2.324107170877908	0
chr3	9928335	9928458	0.035716	10	0.8674	0.83168	IL17RC	hg38_genes_promoters	1.668234487466939e-07	5.484818837199364	1
chr3	9923683	9924079	0.015138	12	0.82583	0.8107	IL17RC	hg38_genes_promoters	0.0838611627245768	0.9134181095035374	0
chr3	9923683	9924079	0.015138	12	0.82583	0.8107	CRELD1	hg38_genes_promoters	0.0838611627245768	0.9134181095035374	0
chr3	9744348	9744686	0.023879	10	0.8573	0.83342	BRPF1	hg38_genes_promoters	0.0038883373003973	1.9412207417817386	0
chr3	9552741	9552988	0.042332	10	0.2061	0.16377	LHFPL4	hg38_genes_promoters	0.0028071649608524	2.050824575417174	0
chr3	9447742	9448586	-0.014938	15	0.86493	0.87987	SETD5	hg38_genes_promoters	0.0007683662074059	2.492998081679071	0
chr3	9216456	9216701	-0.016416	10	0.8429	0.85932	SRGAP3-AS3	hg38_genes_promoters	0.0109608380074437	1.5995627195096433	0
chr3	8633981	8634717	-0.013088	10	0.809	0.82209	SSUH2	hg38_genes_promoters	0.0572708354732773	1.0424447801062768	0
chr3	4794292	4794763	-0.0127	10	0.8653	0.878	ITPR1	hg38_genes_promoters	0.0635928878783877	1.0064965384195002	0
chr3	4752307	4752794	-0.022374	10	0.1183	0.14067	EGOT	hg38_genes_promoters	0.1293722038097893	0.7676816201714753	0
chr3	3038642	3038888	0.068384	10	0.7217	0.65332	CNTN4	hg38_genes_promoters	0.0185873704229136	1.4227278484527468	0
chr3	536181	536264	0.053053	10	0.299	0.24595	LINC01266	hg38_genes_promoters	0.003409387290896	1.9852761098809915	0
chr3	73625122	73625286	-0.012353	10	0.0327	0.045053	PDZRN3	hg38_genes_promoters	0.2710131614834458	0.5078163871371743	0
chr3	10449679	10450158	-0.015105	10	0.807	0.82211	ATP2B2	hg38_genes_promoters	0.2202945477495337	0.5811396614323131	0
chr3	10708520	10709091	-0.032396	10	0.4613	0.4937	ATP2B2	hg38_genes_promoters	0.3006373002189608	0.47222204600628764	0
chr3	10764428	10764646	0.038498	15	0.48787	0.44937	LINC00606	hg38_genes_promoters	0.0324196224433298	1.231955723628502	0
chr3	11017108	11017241	0.015649	12	0.8185	0.80285	SLC6A1	hg38_genes_promoters	0.1182304779843616	0.7995236370115697	0
chr3	27369970	27370637	-0.022804	12	0.83617	0.85897	NEK10	hg38_genes_promoters	0.0112796085464256	1.5895751423534061	0
chr3	26621879	26622223	0.018783	15	0.0982	0.079417	LRRC3B	hg38_genes_promoters	0.0523444343057263	1.0733336041159065	0
chr3	24494469	24494594	-0.010249	17	0.0024706	0.01272	THRB-AS1	hg38_genes_promoters	6.847980287000213e-12	9.381523249941162	-1
chr3	21751445	21751925	-0.031744	10	0.2363	0.26804	ZNF385D	hg38_genes_promoters	0.552031427886543	0.2442548577720047	0
chr3	21751110	21751395	-0.016961	17	0.054765	0.071726	ZNF385D	hg38_genes_promoters	0.1501313614059357	0.717823217465106	0
chr3	16605508	16605560	0.027589	10	0.8408	0.81321	DAZL	hg38_genes_promoters	0.0472442431342305	1.1073940222516296	0
chr3	16604959	16605075	0.036705	10	0.9066	0.86989	DAZL	hg38_genes_promoters	5.664900247483555e-07	5.045905555913391	1
chr3	15498963	15499755	-0.02389	10	0.7782	0.80209	COLQ	hg38_genes_promoters	0.0614226714320504	1.018767867076129	0
chr3	15174988	15175496	-0.022305	11	0.80436	0.82667	COL6A4P1	hg38_genes_promoters	0.0597340170510523	1.0282084558071576	0
chr3	15099177	15099242	-0.012126	10	0.0124	0.024526	RBSN	hg38_genes_promoters	0.0028393377730018	2.046557230799552	0
chr3	31981628	31981773	-0.010095	10	0.0186	0.028695	ZNF860	hg38_genes_promoters	0.037519608439091	1.1846505940923393	0
chr3	14820217	14820518	0.023863	15	0.85527	0.8314	FGD5	hg38_genes_promoters	0.0012798772227854	2.317695517835287	0
chr3	13932971	13933034	-0.017456	12	0.0875	0.10496	FGD5P1	hg38_genes_promoters	0.005251834297673	1.8435172502065533	0
chr3	13880034	13880080	-0.020881	10	0.0277	0.048581	WNT7A	hg38_genes_promoters	0.0250789023200512	1.3212914431380318	0
chr3	13650662	13650727	-0.010105	10	0.016	0.026105	LINC00620	hg38_genes_promoters	0.0049168193391152	1.8635794939246246	0
chr3	13481175	13481310	0.018979	10	0.8634	0.84442	HDAC11	hg38_genes_promoters	0.0048030339524582	1.8715630961870466	0
chr3	13420771	13420996	0.037402	10	0.2118	0.1744	NUP210	hg38_genes_promoters	0.0481664021457425	1.100242599283514	0
chr3	12840230	12840731	0.045789	12	0.56325	0.51746	SNORA7A	hg38_genes_promoters	0.0066301182990233	1.7678118251441317	0
chr3	12158783	12159167	-0.046671	20	0.09325	0.13992	TIMP4	hg38_genes_promoters	5.8828079667431245e-09	6.7233231600520975	-1
chr3	11613567	11614078	-0.010867	10	0.8774	0.88827	VGLL4	hg38_genes_promoters	0.0102525996669564	1.6222286690196814	0
chr3	11582325	11582769	-0.025188	10	0.085	0.11019	VGLL4	hg38_genes_promoters	0.0339792358641929	1.2169444478158598	0
chr3	11136984	11137233	-0.015321	10	0.8761	0.89142	HRH1	hg38_genes_promoters	0.0021065116874068	2.1498814791365897	0
chr3	14543075	14543408	0.017138	12	0.85475	0.83761	GRIP2	hg38_genes_promoters	0.1452533650017068	0.7292749679442028	0
chr3	47009728	47009943	-0.015913	20	0.03885	0.054763	NRADDP	hg38_genes_promoters	2.293133845656072e-07	5.366649057554881	-1
chr3	14514364	14514513	0.027874	10	0.8334	0.80553	GRIP2	hg38_genes_promoters	0.0040397415716805	1.9282484561812645	0
chr3	47848945	47849249	0.024031	12	0.86425	0.84022	MIR1226	hg38_genes_promoters	0.001609846595645	2.2388251119366727	0
chr3	55491020	55491939	-0.034297	12	0.65675	0.69105	WNT5A	hg38_genes_promoters	0.0195104452208927	1.4061113031379993	0
chr3	55481382	55481584	-0.01915	14	0.044929	0.064078	WNT5A	hg38_genes_promoters	0.0302056901582692	1.2561725586576982	0
chr3	54928460	54928927	-0.024783	10	0.7429	0.76768	LRTM1	hg38_genes_promoters	0.0241363229225859	1.3343290029125585	0
chr3	53730331	53730646	-0.020401	10	0.8623	0.8827	CACNA1D	hg38_genes_promoters	0.0029439576269576	2.0333899250945433	0
chr3	53666003	53666372	-0.06005	10	0.4028	0.46285	CACNA1D	hg38_genes_promoters	0.0152422567930988	1.4920207604117974	0
chr3	53241794	53242233	0.023823	12	0.83458	0.81076	TKT	hg38_genes_promoters	0.0168639105558239	1.4551075459612033	0
chr3	53235939	53236334	-0.036632	10	0.3924	0.42903	TKT	hg38_genes_promoters	0.2353646273712956	0.5583301935615523	0
chr3	52841358	52841698	0.020789	10	0.881	0.86021	STIMATE-MUSTN1	hg38_genes_promoters	0.0184633325173153	1.4247288616309184	0
chr3	52802395	52802763	0.014526	10	0.831	0.81647	ITIH3	hg38_genes_promoters	0.2452186421781229	0.5441004048643303	0
chr3	52789710	52789852	-0.024447	10	0.8425	0.86695	ITIH1	hg38_genes_promoters	0.0005219411103071	2.6267639485469827	0
chr3	52778509	52779035	-0.016212	10	0.8156	0.83181	ITIH1	hg38_genes_promoters	0.0810889038438481	0.9243194048259546	0
chr3	52704607	52705078	0.024933	11	0.22173	0.19679	GLT8D1	hg38_genes_promoters	0.0140116584855323	1.520312340040983	0
chr3	52704607	52705078	0.024933	11	0.22173	0.19679	SPCS1	hg38_genes_promoters	0.0140116584855323	1.520312340040983	0
chr3	52703536	52704052	-0.039266	10	0.6547	0.69397	GLT8D1	hg38_genes_promoters	0.5447442133626577	0.24958128954154077	0
chr3	52703536	52704052	-0.039266	10	0.6547	0.69397	SPCS1	hg38_genes_promoters	0.5447442133626577	0.24958128954154077	0
chr3	52527686	52528025	0.037205	10	0.8111	0.77389	NT5DC2	hg38_genes_promoters	0.0533497712505957	1.0673240330887428	0
chr3	52522410	52522649	-0.011879	10	0.8417	0.85358	STAB1	hg38_genes_promoters	0.0090277134118454	1.6643966449035874	0
chr3	52521255	52521619	0.02592	11	0.81327	0.78735	STAB1	hg38_genes_promoters	0.1089731569510253	0.826913783038041	0
chr3	52520824	52521177	0.010917	12	0.87092	0.86	STAB1	hg38_genes_promoters	0.0854380570338295	0.9072819736539943	0
chr3	52518277	52518765	0.019426	20	0.8614	0.84197	STAB1	hg38_genes_promoters	7.587619371573412e-05	3.2919501392150017	0
chr3	52517948	52518239	-0.015253	10	0.8618	0.87705	STAB1	hg38_genes_promoters	0.00913361318422	1.660479061468126	0
chr3	56468507	56468558	-0.013596	13	0.011615	0.025211	ERC2	hg38_genes_promoters	1.994578000007115e-05	3.7683421304336266	0
chr3	56775608	56776331	-0.014974	12	0.61983	0.63481	ARHGEF3	hg38_genes_promoters	0.4549672791391966	0.31914240465829075	0
chr3	56938733	56939604	-0.022592	12	0.81992	0.84251	ARHGEF3-AS1	hg38_genes_promoters	0.0194762766738136	1.4067642313423518	0
chr3	57079835	57079988	0.019261	10	0.7715	0.75224	ARHGEF3	hg38_genes_promoters	0.0341492332416957	1.2151837116264328	0
chr3	47404597	47404812	0.017411	10	0.8492	0.83179	PTPN23	hg38_genes_promoters	0.0401943400845117	1.1606122929637817	0
chr3	72907388	72908046	-0.042626	10	0.5029	0.54553	GXYLT2	hg38_genes_promoters	0.218547438100246	0.5839508168987454	0
chr3	72887478	72887960	-0.017311	13	0.023692	0.041003	GXYLT2	hg38_genes_promoters	0.2693668993023951	0.5102157141247382	0
chr3	71542904	71543153	-0.024661	10	0.1066	0.13126	MIR1284	hg38_genes_promoters	0.0127545396024107	1.5499811568051125	0
chr3	71305306	71305971	-0.02103	18	0.0175	0.03853	FOXP1	hg38_genes_promoters	1.4336808076010245e-05	3.882742342571065	0
chr3	71245989	71246533	-0.02941	13	0.78115	0.81056	FOXP1	hg38_genes_promoters	0.0009263949277042	2.432063107717475	0
chr3	69865586	69866298	-0.034824	10	0.7323	0.76712	MITF	hg38_genes_promoters	0.045358158014375	1.1192651790771808	0
chr3	69542560	69542656	-0.011757	10	0.0036	0.015357	FRMD4B	hg38_genes_promoters	1.881343091101904e-05	3.789112983810387	0
chr3	66405157	66405306	-0.011447	14	0.85179	0.86323	LRIG1	hg38_genes_promoters	0.0069638284743559	1.7500731275821444	0
chr3	65597635	65597903	-0.010355	14	0.086357	0.096712	MAGI1	hg38_genes_promoters	0.0296398980981068	1.2631288749066827	0
chr3	52515764	52516257	0.041399	15	0.86047	0.81907	STAB1	hg38_genes_promoters	8.268380911727622e-09	6.599059508693994	1
chr3	64445375	64445426	-0.013595	13	0.0090769	0.022672	PRICKLE2	hg38_genes_promoters	2.3262001553711556e-09	7.082612887254219	-1
chr3	62875678	62876156	-0.024279	17	0.055706	0.079985	CADPS	hg38_genes_promoters	0.0015206164437317	2.257175969697027	0
chr3	62318942	62318992	-0.011053	10	0.016	0.027053	C3orf14	hg38_genes_promoters	0.0001133221996841	3.14896298628124	0
chr3	62318942	62318992	-0.011053	10	0.016	0.027053	PTPRG-AS1	hg38_genes_promoters	0.0001133221996841	3.14896298628124	0
chr3	62216742	62217565	-0.011029	10	0.8349	0.84593	PTPRG	hg38_genes_promoters	0.0242907755537511	1.3317652413336531	0
chr3	58627352	58627761	0.01255	13	0.83315	0.8206	FAM107A	hg38_genes_promoters	0.0449956300102607	1.1216667721834028	0
chr3	58577317	58578180	-0.028149	19	0.57226	0.60041	FAM107A	hg38_genes_promoters	0.1743131317983813	0.6650177587527594	0
chr3	58536961	58537646	-0.036142	10	0.5997	0.63584	ACOX2	hg38_genes_promoters	0.1721109184338369	0.6698041994837172	0
chr3	58155760	58156052	-0.023127	12	0.85358	0.87671	FLNB	hg38_genes_promoters	1.0634294903536764e-06	4.820108469627278	0
chr3	58152792	58152906	-0.010295	10	0.8396	0.84989	FLNB	hg38_genes_promoters	0.0661980045205355	0.9922174984941772	0
chr3	58149576	58149968	-0.017937	10	0.8638	0.88174	FLNB	hg38_genes_promoters	0.0015740398141448	2.2462724907263723	0
chr3	63442463	63443164	-0.026745	10	0.4491	0.47585	SYNPR	hg38_genes_promoters	0.3277106074248929	0.4414827188342551	0
chr3	52494697	52495054	-0.027895	10	0.249	0.27689	STAB1	hg38_genes_promoters	0.1541611826030657	0.7084429657695337	0
chr3	58210854	58211279	-0.017016	10	0.8113	0.82832	DNASE1L3	hg38_genes_promoters	0.0574666248727972	1.0413034315078329	0
chr3	52403722	52404490	0.011654	12	0.85442	0.84276	BAP1	hg38_genes_promoters	0.0523409268570962	1.0733336041159065	0
chr3	49642623	49642923	0.024484	10	0.8478	0.82332	BSN	hg38_genes_promoters	0.0018914868567372	2.1860176733127377	0
chr3	49422278	49422463	-0.010253	10	0.1248	0.13505	AMT	hg38_genes_promoters	0.4644844922633029	0.31117148583345133	0
chr3	49277030	49277128	-0.014813	10	0.0028	0.017613	C3orf62	hg38_genes_promoters	3.200907583359342e-06	4.429613285301128	0
chr3	49199332	49199427	0.068189	10	0.3604	0.29221	IHO1	hg38_genes_promoters	2.9347275080449445e-05	3.62696726063757	0
chr3	49171724	49172051	-0.010789	10	0.0736	0.084389	KLHDC8B	hg38_genes_promoters	0.1379994859815344	0.7470073594159258	0
chr3	49133012	49133507	-0.039216	22	0.2685	0.30772	LAMB2	hg38_genes_promoters	0.0009289477440234	2.431453334257274	0
chr3	49128544	49128974	0.014716	10	0.8444	0.82968	LAMB2	hg38_genes_promoters	0.1798871809311176	0.6534794864968764	0
chr3	49103236	49104126	-0.017554	15	0.7622	0.77975	QARS1	hg38_genes_promoters	0.0864097356519857	0.9032277953428642	0
chr3	49099500	49099925	-0.018079	10	0.8585	0.87658	MIR6890	hg38_genes_promoters	0.0033831877887776	1.9882995602632418	0
chr3	49681803	49682507	-0.019184	12	0.74617	0.76535	APEH	hg38_genes_promoters	0.1482149373122755	0.7223067542045605	0
chr3	49099500	49099925	-0.018079	10	0.8585	0.87658	QARS1	hg38_genes_promoters	0.0033831877887776	1.9882995602632418	0
chr3	48571401	48571614	0.046053	10	0.847	0.80095	COL7A1	hg38_genes_promoters	9.23475648124526e-06	4.039498821547954	0
chr3	48567694	48568344	0.018952	10	0.8353	0.81635	COL7A1	hg38_genes_promoters	0.1224896487625472	0.7868900958009968	0
chr3	48565296	48565635	0.011907	10	0.815	0.80309	COL7A1	hg38_genes_promoters	0.5630343396696498	0.2366273535639622	0
chr3	48561365	48562125	-0.021264	18	0.75789	0.77915	PFKFB4	hg38_genes_promoters	0.0349165594493333	1.2078708077565208	0
chr3	48464025	48464918	0.020034	14	0.8465	0.82647	ATRIP-TREX1	hg38_genes_promoters	0.0170106538826378	1.4522393586762872	0
chr3	48424038	48424247	0.016263	10	0.862	0.84574	PLXNB1	hg38_genes_promoters	0.0540731020506604	1.0628556670245062	0
chr3	48419638	48420408	0.029841	18	0.84583	0.81599	PLXNB1	hg38_genes_promoters	0.0001610429659649	3.0317995214145173	0
chr3	48416060	48416377	0.017279	10	0.8447	0.82742	PLXNB1	hg38_genes_promoters	0.0463206601790399	1.112932389694281	0
chr3	52479615	52480157	0.021226	10	0.6837	0.66247	NISCH	hg38_genes_promoters	0.2392827817727337	0.5523832634196201	0
chr3	48409920	48410038	0.021774	10	0.8693	0.84753	PLXNB1	hg38_genes_promoters	0.0177230751654853	1.4391980749038646	0
chr3	48585000	48585562	0.012018	12	0.79833	0.78632	COL7A1	hg38_genes_promoters	0.2794913934551024	0.4967148671247587	0
chr3	49903748	49903851	0.012532	10	0.0639	0.051368	MST1R	hg38_genes_promoters	0.5611211229772167	0.2377728265830445	0
chr3	49013509	49014013	0.018281	15	0.82867	0.81039	WDR6	hg38_genes_promoters	0.005430802968387	1.8327320397837017	0
chr3	50156340	50157037	-0.029625	10	0.4762	0.50582	SEMA3F-AS1	hg38_genes_promoters	0.2192533372921344	0.5830048473380102	0
chr3	52317792	52317955	0.013616	20	0.14565	0.13203	DNAH1	hg38_genes_promoters	0.6239354531756092	0.1961061855031885	0
chr3	49903748	49903851	0.012532	10	0.0639	0.051368	LOC102724438	hg38_genes_promoters	0.5611211229772167	0.2377728265830445	0
chr3	52289899	52290511	-0.021553	13	0.77392	0.79548	GLYCTK	hg38_genes_promoters	0.1619169913697962	0.6911383456969953	0
chr3	52289899	52290511	-0.021553	13	0.77392	0.79548	GLYCTK-AS1	hg38_genes_promoters	0.1619169913697962	0.6911383456969953	0
chr3	52244863	52245113	-0.023119	10	0.5576	0.58072	PPM1M	hg38_genes_promoters	0.1934350726659272	0.6269660466617126	0
chr3	52229987	52230460	0.020116	10	0.8598	0.83968	TLR9	hg38_genes_promoters	0.0137292880740759	1.5262457628009745	0
chr3	51706919	51707094	0.046269	10	0.3506	0.30433	GRM2	hg38_genes_promoters	0.9221797008779218	0.034268378851397246	0
chr3	52388283	52388849	0.018905	25	0.85156	0.83265	DNAH1	hg38_genes_promoters	0.0023875229392553	2.105212919010381	0
chr3	51500023	51500054	-0.019214	11	0.050181	0.069395	DCAF1	hg38_genes_promoters	0.0405930376535318	1.1570651836400698	0
chr3	50365694	50365904	0.035184	10	0.3345	0.29932	CYB561D2	hg38_genes_promoters	0.1275840687866713	0.7725538573499098	0
chr3	50365694	50365904	0.035184	10	0.3345	0.29932	CACNA2D2	hg38_genes_promoters	0.1275840687866713	0.7725538573499098	0
chr3	50341281	50341649	0.028621	10	0.2922	0.26358	RASSF1	hg38_genes_promoters	0.0888263486089224	0.8942740354233357	0
chr3	51679881	51680885	-0.021234	15	0.73593	0.75717	TEX264	hg38_genes_promoters	0.0449612558708857	1.1219082635279283	0
chr3	50288804	50288891	-0.016053	10	0.863	0.87905	IFRD2	hg38_genes_promoters	0.000904710295592	2.4399206352690967	0
chr3	50288571	50288708	0.0248	10	0.8518	0.827	IFRD2	hg38_genes_promoters	0.0207921732560301	1.38567493653504	0
chr3	50268674	50269134	0.021957	10	0.7619	0.73994	SEMA3B	hg38_genes_promoters	0.0665326394232316	0.9905240751475239	0
chr3	50267544	50267704	-0.012481	13	0.075	0.087481	SEMA3B-AS1	hg38_genes_promoters	0.1975966076176906	0.6198188786490317	0
chr3	50267544	50267704	-0.012481	13	0.075	0.087481	SEMA3B	hg38_genes_promoters	0.1975966076176906	0.6198188786490317	0
chr3	50251105	50251565	0.014884	10	0.8492	0.83432	GNAI2	hg38_genes_promoters	0.2205977358826742	0.5806529092987948	0
chr3	50214115	50214631	0.0174	10	0.8356	0.8182	SLC38A3	hg38_genes_promoters	0.1616896903188299	0.6915452948990775	0
chr3	50322246	50322547	0.042701	17	0.56135	0.51865	HYAL2	hg38_genes_promoters	0.0171968548471751	1.4481810320971642	0
chr3	50182342	50182650	-0.015335	11	0.85136	0.8667	SEMA3F	hg38_genes_promoters	0.0028098621881818	2.0505780352971232	0
chr3	50157896	50158742	-0.015555	18	0.63483	0.65039	SEMA3F	hg38_genes_promoters	0.4702501327414945	0.3064360168329426	0
chr4	108026655	108027202	-0.010104	10	0.8634	0.8735	HADH	hg38_genes_promoters	0.044875289888488	1.1226489990994413	0
chr4	122379391	122379477	0.02788	14	0.82457	0.79669	ADAD1	hg38_genes_promoters	0.0002889380868666	2.8335532147813853	0
chr4	119027204	119027438	-0.026132	10	0.8002	0.82633	SYNPO2	hg38_genes_promoters	0.0064052347871033	1.7784808323882533	0
chr4	118888965	118889536	-0.013922	10	0.2093	0.22322	SYNPO2	hg38_genes_promoters	0.6741548241972006	0.1648962172734708	0
chr4	118766573	118767344	-0.018389	10	0.8404	0.85879	SEC24D	hg38_genes_promoters	0.0188917147950889	1.4171730363822137	0
chr4	118591682	118591782	-0.014128	14	0.082714	0.096842	LOC729218	hg38_genes_promoters	0.0046459888686241	1.8820661859074843	0
chr4	113049460	113049779	-0.01841	12	0.18133	0.19974	ANK2	hg38_genes_promoters	0.2870965227279219	0.4876861716805037	0
chr4	116297159	116297235	-0.010067	18	0.83406	0.84412	LOC105377383	hg38_genes_promoters	0.0036202782781422	1.965828606263837	0
chr4	113335505	113336045	-0.026644	11	0.82764	0.85428	ANK2	hg38_genes_promoters	3.6944248480546486e-05	3.5452189584189613	0
chr4	112514754	112514863	0.016105	10	0.062	0.045895	NEUROG2-AS1	hg38_genes_promoters	0.0011904328162352	2.342428717104285	0
chr4	105146695	105146742	-0.014618	12	0.00775	0.022368	TET2	hg38_genes_promoters	6.603993860593175e-07	4.992758736594179	0
chr4	107824361	107824493	-0.0124	10	0.0086	0.021	SGMS2	hg38_genes_promoters	2.630875687418466e-05	3.6674509355843243	0
chr4	117085593	117085702	-0.012214	15	0.0134	0.025614	TRAM1L1	hg38_genes_promoters	1.0901934368171982e-08	6.496639629364691	-1
chr4	127730335	127730582	0.024899	26	0.85731	0.83241	SLC25A31	hg38_genes_promoters	8.04318393054553e-08	5.735871252359616	1
chr4	143911913	143912154	0.031411	27	0.298	0.26659	LOC105377460	hg38_genes_promoters	0.16357075140464	0.6874388471429106	0
chr4	131726971	131727120	0.038242	10	0.8482	0.80996	SNHG27	hg38_genes_promoters	0.0015319656109271	2.2557053109906056	0
chr4	131747494	131747970	0.022381	15	0.82413	0.80175	SNHG27	hg38_genes_promoters	0.2746358553260224	0.5029123294897844	0
chr4	131749168	131749408	0.030718	12	0.81284	0.78212	SNHG27	hg38_genes_promoters	0.0671872134470847	0.9875932474117789	0
chr4	134327570	134327798	0.022111	10	0.8169	0.79479	PABPC4L	hg38_genes_promoters	0.0016117851029965	2.2387434361462923	0
chr4	138088921	138088996	0.046161	15	0.86027	0.81411	SLC7A11-AS1	hg38_genes_promoters	5.5803160200584196e-11	8.543015060941926	1
chr4	138089003	138089057	0.018763	10	0.8455	0.82674	SLC7A11-AS1	hg38_genes_promoters	0.0826990045673354	0.9173696810042278	0
chr4	140569189	140569274	-0.012095	10	0.0298	0.041895	UCP1	hg38_genes_promoters	0.0205337154808166	1.3898271203310142	0
chr4	143911913	143912154	0.031411	27	0.298	0.26659	LOC101927636	hg38_genes_promoters	0.16357075140464	0.6874388471429106	0
chr4	144645096	144645634	-0.07488	32	0.49831	0.57319	HHIP	hg38_genes_promoters	5.795306089679669e-06	4.212682269452202	0
chr4	145732412	145732856	-0.028831	12	0.43975	0.46858	C4orf51	hg38_genes_promoters	0.2227220813184509	0.57740456453248	0
chr4	145885800	145886391	-0.013962	12	0.72233	0.7363	ZNF827	hg38_genes_promoters	0.2388245032329206	0.5531222457637442	0
chr4	98929719	98929798	0.030926	10	0.0514	0.020474	EIF4E	hg38_genes_promoters	0.0028857061809025	2.0408825409299287	0
chr4	151408128	151408292	0.019073	10	0.0553	0.036227	FHIP1A	hg38_genes_promoters	0.0531877811877865	1.0682033205229666	0
chr4	147945779	147946140	-0.018323	10	0.8374	0.85572	ARHGAP10	hg38_genes_promoters	0.012191260875384	1.565053447384837	0
chr4	128553184	128553553	-0.010207	20	0.0096	0.019807	LOC101927259	hg38_genes_promoters	0.1491893290553374	0.7200759712115766	0
chr4	98143542	98143680	-0.018531	12	0.00875	0.027281	STPG2	hg38_genes_promoters	0.0017178661587629	2.218648840836608	0
chr4	56316332	56316606	-0.040346	14	0.77586	0.8162	CRACD	hg38_genes_promoters	0.0003390693229219	2.7756506401427177	0
chr4	88523541	88523613	-0.012713	13	0.026923	0.039636	PIGY-DT	hg38_genes_promoters	0.003481795380561	1.978267319510309	0
chr4	46909209	46909533	-0.024099	10	0.8242	0.8483	COX7B2	hg38_genes_promoters	0.0002605035544183	2.866694320476429	0
chr4	151701260	151701537	-0.016121	11	0.87045	0.88658	GATB	hg38_genes_promoters	0.0004230626173983	2.7026103288303815	0
chr4	48489895	48490101	-0.011353	10	0.0401	0.051453	ZAR1	hg38_genes_promoters	0.0273843582761494	1.2905110004590135	0
chr4	48985678	48985827	-0.034736	10	0.1889	0.22364	CWH43	hg38_genes_promoters	0.0131869805234759	1.5394822808647672	0
chr4	51908722	51909362	-0.012444	10	0.6936	0.70604	DCUN1D4	hg38_genes_promoters	0.5672919226941937	0.23379896434734174	0
chr4	52861504	52861708	0.051019	14	0.41207	0.36105	RASL11B	hg38_genes_promoters	0.0077906707730667	1.7118019580300818	0
chr4	54276647	54277450	-0.020225	21	0.39643	0.41665	PDGFRA	hg38_genes_promoters	0.4292647508449322	0.3412081719067837	0
chr4	55592206	55592455	-0.015952	12	0.80475	0.8207	PDCL2	hg38_genes_promoters	0.0085988149568088	1.6803258485386978	0
chr4	56316032	56316315	0.02371	15	0.8444	0.82069	CRACD	hg38_genes_promoters	0.0018678235096295	2.1902708694143294	0
chr4	56388173	56388752	-0.02237	14	0.1785	0.20087	AASDH	hg38_genes_promoters	0.2548593262303409	0.5306023028071364	0
chr4	56529990	56530288	-0.074165	10	0.2058	0.27996	THEGL	hg38_genes_promoters	0.0010962617467586	2.3724888274934344	0
chr4	56681174	56681533	0.062992	13	0.367	0.30401	HOPX	hg38_genes_promoters	2.4816737080115504e-05	3.6888282856367467	0
chr4	57065494	57065671	-0.028484	13	0.79492	0.82341	IGFBP7	hg38_genes_promoters	0.0033788811711352	1.9885257171494275	0
chr4	68182282	68182438	-0.023205	10	0.8379	0.86111	FTLP10	hg38_genes_promoters	4.965068522611167e-05	3.44094382103273	0
chr4	92304449	92304730	-0.011838	10	0.0215	0.033338	GRID2	hg38_genes_promoters	0.3545461530429084	0.41267565995852684	0
chr4	72031847	72032292	-0.057168	32	0.10994	0.16711	NPFFR2	hg38_genes_promoters	5.574529652788703e-17	13.949085871827707	-1
chr4	75630684	75630796	0.012026	10	0.0365	0.024474	CDKL2	hg38_genes_promoters	0.0131729479172756	1.5397528545845345	0
chr4	76802107	76802254	-0.051939	12	0.476	0.52794	SHROOM3-AS1	hg38_genes_promoters	0.007624888394806	1.7187215958309314	0
chr4	76802261	76802512	-0.037526	10	0.685	0.72253	SHROOM3-AS1	hg38_genes_promoters	0.1499893401475505	0.7180968977475048	0
chr4	77020177	77020612	-0.018721	12	0.85933	0.87805	SEPTIN11	hg38_genes_promoters	0.0009110111798617	2.4373383802077573	0
chr4	78056167	78056362	-0.011326	10	0.2996	0.31093	FRAS1	hg38_genes_promoters	0.4106955142028412	0.3580635733529601	0
chr4	78417682	78418699	0.019153	10	0.8056	0.78645	FRAS1	hg38_genes_promoters	0.5634299045196218	0.2363777838619897	0
chr4	79964847	79964915	0.037516	10	0.7942	0.75668	ANTXR2	hg38_genes_promoters	0.0048199941840793	1.8701828522976462	0
chr4	80183291	80183541	-0.075368	12	0.312	0.38737	PRDM8	hg38_genes_promoters	0.0001133767599103	3.14896298628124	0
chr4	80197922	80198319	-0.015086	38	0.070421	0.085508	PRDM8-AS1	hg38_genes_promoters	0.0001466544100971	3.063902822048978	0
chr4	80266450	80266558	-0.011147	10	0.0018	0.012947	FGF5	hg38_genes_promoters	1.1698723184489668e-08	6.472253676994618	-1
chr4	84966296	84966336	-0.010024	10	0.0014	0.011424	WDFY3-AS2	hg38_genes_promoters	3.080852116494509e-09	6.977475261114321	-1
chr4	88278243	88278507	-0.01567	10	0.8667	0.88237	PPM1K	hg38_genes_promoters	0.0017152177051133	2.218939948664141	0
chr4	88523541	88523613	-0.012713	13	0.026923	0.039636	HERC3	hg38_genes_promoters	0.003481795380561	1.978267319510309	0
chr4	73620327	73620958	-0.01254	25	0.10632	0.11886	RASSF6	hg38_genes_promoters	0.0004226489086255	2.7027828054996914	0
chr4	151716503	151717163	-0.039276	10	0.834	0.87328	GATB	hg38_genes_promoters	0.0002325069731027	2.9054873679137843	0
chr4	186204151	186204382	0.043664	31	0.64845	0.60479	CYP4V2	hg38_genes_promoters	0.0078173640756034	1.7104506161901307	0
chr4	153152035	153152221	-0.026452	10	0.2148	0.24125	TRIM2	hg38_genes_promoters	0.3120377955453668	0.4585854820070844	0
chr4	184348112	184348846	-0.047643	14	0.50779	0.55543	LINC02363	hg38_genes_promoters	0.016757059150697	1.4575321087886397	0
chr4	184805604	184806431	-0.021479	13	0.75069	0.77217	ACSL1	hg38_genes_promoters	0.0973299656992365	0.8642775731610585	0
chr4	184812203	184812989	-0.041498	10	0.6098	0.6513	ACSL1	hg38_genes_promoters	0.4366556958813441	0.3349359491718708	0
chr4	185470608	185470814	-0.014811	10	0.0454	0.060211	LOC105377590	hg38_genes_promoters	0.0247357489951033	1.3260440238177273	0
chr4	185471961	185472278	-0.013444	14	0.050214	0.063658	CCDC110	hg38_genes_promoters	0.0002086499249199	2.9408376734772816	0
chr4	185657401	185657766	-0.014958	12	0.83525	0.85021	SORBS2	hg38_genes_promoters	0.0118801363129392	1.5735071352596157	0
chr4	185740334	185741213	-0.021698	12	0.81183	0.83353	SORBS2	hg38_genes_promoters	0.0052531679988863	1.8435172502065533	0
chr4	185811682	185811906	0.072376	14	0.41343	0.34105	SORBS2	hg38_genes_promoters	5.294298088922421e-06	4.239243928369841	0
chr4	185956292	185956503	-0.035577	10	0.7625	0.79808	SORBS2	hg38_genes_promoters	0.0022849320092132	2.120502937725072	0
chr4	186143809	186144214	-0.032252	13	0.53315	0.56541	FAM149A	hg38_genes_promoters	0.2311188475096371	0.5647087481267261	0
chr4	186162908	186163620	-0.015605	17	0.72112	0.73672	FAM149A	hg38_genes_promoters	0.2206392464881091	0.5806529092987948	0
chr4	186164105	186164464	-0.025684	10	0.8175	0.84318	FAM149A	hg38_genes_promoters	0.0013437126480245	2.300986983238822	0
chr4	186203380	186203785	0.071407	13	0.74085	0.66944	CYP4V2	hg38_genes_promoters	8.009034746338635e-06	4.09436947793076	0
chr4	186204386	186204542	0.071165	14	0.77714	0.70598	CYP4V2	hg38_genes_promoters	3.3789390774832185e-07	5.2292356300797955	1
chr4	186264717	186265217	-0.027283	11	0.78091	0.80819	F11	hg38_genes_promoters	0.00152365010513	2.2569833859845443	0
chr4	186500956	186501189	0.025571	21	0.70986	0.68429	F11-AS1	hg38_genes_promoters	0.0213951031695112	1.3759153814514584	0
chr4	186555597	186555670	-0.021489	10	0.0403	0.061789	MTNR1A	hg38_genes_promoters	1.140049087822929e-05	3.965729484739148	0
chr4	186555597	186555670	-0.021489	10	0.0403	0.061789	F11-AS1	hg38_genes_promoters	1.140049087822929e-05	3.965729484739148	0
chr4	186597052	186597220	-0.012279	10	0.8473	0.85958	FAT1	hg38_genes_promoters	0.1329935806983111	0.7594773798326424	0
chr4	186597715	186598420	-0.037327	10	0.8465	0.88383	FAT1	hg38_genes_promoters	2.464724661687265e-06	4.522979228268544	0
chr4	186890440	186890542	0.042194	10	0.8335	0.79131	LOC105377599	hg38_genes_promoters	0.0050657750832659	1.8547987686964713	0
chr4	187995318	187995479	-0.025472	19	0.17453	0.2	ZFP42	hg38_genes_promoters	0.0375192422791674	1.1846505940923393	0
chr4	187995494	187995596	-0.012421	12	0.057667	0.070088	ZFP42	hg38_genes_promoters	0.0256443089158788	1.3134487677302642	0
chr4	188106663	188106837	-0.018703	14	0.81821	0.83692	TRIML2	hg38_genes_promoters	0.0003319908963816	2.782693960411727	0
chr4	188138332	188138891	-0.038011	12	0.61792	0.65593	TRIML1	hg38_genes_promoters	0.1478311424677763	0.723135107086754	0
chr4	188159405	188159668	-0.029468	10	0.7519	0.78137	LINC02434	hg38_genes_promoters	0.0134025511311949	1.5340135445334917	0
chr4	188159871	188159995	-0.021074	10	0.8134	0.83447	LINC02434	hg38_genes_promoters	0.0246416555297373	1.3272881377882286	0
chr4	188797186	188797266	-0.021163	10	0.8331	0.85426	LOC101930028	hg38_genes_promoters	0.0005955115185185	2.58098531035496	0
chr4	42396802	42397007	-0.011009	13	0.0066923	0.017701	SHISA3	hg38_genes_promoters	2.629398846499256e-06	4.501392706608195	0
chr4	183987156	183987495	0.029757	13	0.83462	0.80486	STOX2	hg38_genes_promoters	0.0163673693551309	1.4656174507118043	0
chr4	183959469	183960232	-0.021604	10	0.7539	0.7755	STOX2	hg38_genes_promoters	0.705712616351521	0.14588663004144484	0
chr4	183036917	183037242	-0.01835	10	0.8669	0.88525	CIBAR1P2	hg38_genes_promoters	0.0015228543088636	2.2569833859845443	0
chr4	176793156	176793302	-0.019427	13	0.10392	0.12335	VEGFC	hg38_genes_promoters	0.4578900094183207	0.3166450121091852	0
chr4	153152246	153152880	-0.012014	29	0.0095862	0.0216	TRIM2	hg38_genes_promoters	0.0012491346240548	2.326226112328414	0
chr4	153205134	153205474	0.048288	13	0.61715	0.56887	TRIM2	hg38_genes_promoters	0.0095957373922302	1.644546464410909	0
chr4	154492536	154492765	0.035753	10	0.2337	0.19795	DCHS2	hg38_genes_promoters	0.0679497072584342	0.9839271311052261	0
chr4	155208709	155208852	0.010634	10	0.0467	0.036066	NPY2R-AS1	hg38_genes_promoters	0.0019145738946231	2.182229839755457	0
chr4	155208709	155208852	0.010634	10	0.0467	0.036066	NPY2R	hg38_genes_promoters	0.0019145738946231	2.182229839755457	0
chr4	155377051	155377457	-0.031913	12	0.39617	0.42808	MAP9	hg38_genes_promoters	0.4207303610908013	0.3490713133819377	0
chr4	156971757	156971813	-0.011605	10	0.0085	0.020105	PDGFC	hg38_genes_promoters	3.64728325225825e-05	3.548297957320092	0
chr4	157220412	157220475	-0.010952	12	0.023083	0.034035	GRIA2	hg38_genes_promoters	0.0129813514963361	1.5446985854845559	0
chr4	158171283	158171475	-0.012283	13	0.033385	0.045668	GASK1B	hg38_genes_promoters	2.3665349115996903e-05	3.705444971859093	0
chr4	158171283	158171475	-0.012283	13	0.033385	0.045668	GASK1B-AS1	hg38_genes_promoters	2.3665349115996903e-05	3.705444971859093	0
chr4	158182769	158182972	-0.014573	14	0.82171	0.83629	LOC101928007	hg38_genes_promoters	0.0097689094229752	1.6388087456585465	0
chr4	158869238	158869957	-0.023428	16	0.73819	0.76162	FNIP2	hg38_genes_promoters	0.0948922598010096	0.8725307060474958	0
chr4	159102183	159102647	-0.019973	10	0.2388	0.25877	RAPGEF2	hg38_genes_promoters	0.3693053128932656	0.39788822289739045	0
chr4	162164250	162164511	-0.010754	15	0.009	0.019754	FSTL5	hg38_genes_promoters	0.0043763991120638	1.9014412823114433	0
chr4	163331746	163331866	-0.016153	10	0.0219	0.038053	NPY1R	hg38_genes_promoters	0.0077800003666353	1.7122630059435346	0
chr4	163473762	163473863	-0.020353	10	0.7857	0.80605	TKTL2	hg38_genes_promoters	0.0345775865405022	1.2111809809933445	0
chr4	164197715	164197821	-0.022745	10	0.8224	0.84514	ANP32C	hg38_genes_promoters	0.0001299773340419	3.103218126494687	0
chr4	164956863	164957240	-0.020709	34	0.054059	0.074768	FAM218A	hg38_genes_promoters	1.087019473618272e-05	3.981792781849636	0
chr4	164977554	164977750	-0.028642	10	0.1782	0.20684	TRIM61	hg38_genes_promoters	0.0193998826218448	1.4079290770084567	0
chr4	165208483	165208904	-0.052577	10	0.519	0.57158	KLHL2	hg38_genes_promoters	0.0956482776222217	0.8705090348202877	0
chr4	165208483	165208904	-0.052577	10	0.519	0.57158	TMEM192	hg38_genes_promoters	0.0956482776222217	0.8705090348202877	0
chr4	165279574	165279745	0.024337	15	0.85933	0.835	GK3P	hg38_genes_promoters	0.0096494468812004	1.6430116959295902	0
chr4	168711239	168711831	-0.024103	10	0.3255	0.3496	PALLD	hg38_genes_promoters	0.4544733315822419	0.3195574198093525	0
chr4	170743805	170744092	-0.02461	10	0.7956	0.82021	LINC02382	hg38_genes_promoters	0.0015288010747911	2.2562131464076547	0
chr4	173508435	173508787	-0.023078	19	0.022684	0.045762	LOC101928409	hg38_genes_promoters	1.2745327914147613e-07	5.578947703928202	-1
chr4	173529522	173529584	-0.01334	12	0.016083	0.029424	HAND2-AS1	hg38_genes_promoters	7.074758986142647e-05	3.3168741633878227	0
chr4	173529522	173529584	-0.01334	12	0.016083	0.029424	HAND2	hg38_genes_promoters	7.074758986142647e-05	3.3168741633878227	0
chr4	176319954	176319985	-0.012068	10	0.0153	0.027368	SPCS3	hg38_genes_promoters	0.0016785912531136	2.2260334798998507	0
chr4	163331049	163331456	-0.057376	14	0.445	0.50238	NPY1R	hg38_genes_promoters	0.0016399697567552	2.232890871900669	0
chr4	41360780	41360836	-0.015264	12	0.0024167	0.017681	LIMCH1	hg38_genes_promoters	6.509737855378907e-12	9.396941906065228	-1
chr4	30722479	30722566	-0.015298	12	0.042333	0.057632	PCDH7	hg38_genes_promoters	0.0003438769378108	2.7716749077717786	0
chr4	41256772	41256842	-0.011877	12	0.010667	0.022544	UCHL1-DT	hg38_genes_promoters	4.745211028919009e-08	5.934174477281948	-1
chr4	1242878	1243031	-0.035442	10	0.8214	0.85684	CTBP1	hg38_genes_promoters	1.4792449603779445e-07	5.523077084174093	-1
chr4	1297094	1297252	0.019474	10	0.858	0.83853	MAEA	hg38_genes_promoters	0.006660599837459	1.7665120837205666	0
chr4	1356346	1356489	-0.038171	10	0.1789	0.21707	UVSSA	hg38_genes_promoters	0.013191894227401	1.5394822808647672	0
chr4	1406938	1407006	-0.0217	10	0.0413	0.063	NKX1-1	hg38_genes_promoters	0.0001115780103123	3.1538821541414	0
chr4	1645398	1645812	0.024474	10	0.835	0.81053	FAM53A	hg38_genes_promoters	0.0205218820027273	1.3899706235721525	0
chr4	1655363	1655504	0.023139	14	0.85893	0.83579	FAM53A	hg38_genes_promoters	0.0019569247961807	2.175123695872219	0
chr4	1728042	1728116	0.03148	10	0.8421	0.81062	TACC3	hg38_genes_promoters	0.0006751723175117	2.5376431177053353	0
chr4	1792824	1792941	0.024095	10	0.1752	0.15111	FGFR3	hg38_genes_promoters	0.4896762098803948	0.2912772886354801	0
chr4	1801424	1801601	0.022477	17	0.86	0.83752	FGFR3	hg38_genes_promoters	1.679042295789135e-05	3.831015155322068	0
chr4	1804312	1804484	0.019463	10	0.8342	0.81474	FGFR3	hg38_genes_promoters	0.027078101815827	1.2944243698616602	0
chr4	1929943	1930544	-0.01837	10	0.8597	0.87807	NSD2	hg38_genes_promoters	0.0011124584852037	2.3677826103399813	0
chr4	1939656	1940182	-0.023098	10	0.8509	0.874	NSD2	hg38_genes_promoters	0.0039870163764647	1.932550026871872	0
chr4	2077393	2078137	0.019354	15	0.82893	0.80958	POLN	hg38_genes_promoters	0.0317477034570026	1.2391981086240886	0
chr4	2081076	2081809	-0.0108	15	0.8332	0.844	POLN	hg38_genes_promoters	0.0670695832208166	0.9882718212305658	0
chr4	2251134	2251277	0.015925	11	0.85173	0.8358	MIR4800	hg38_genes_promoters	0.1158638422773978	0.8064954421270291	0
chr4	2255028	2255243	-0.026879	10	0.8227	0.84958	MXD4	hg38_genes_promoters	3.664824716867141e-05	3.5466316321571374	0
chr4	2255730	2255998	-0.025434	12	0.79325	0.81868	MXD4	hg38_genes_promoters	0.0001618808488984	3.031002670556958	0
chr4	2271432	2271879	0.0103	10	0.8243	0.814	ZFYVE28	hg38_genes_promoters	0.2564845855169454	0.5283392513684304	0
chr4	2365103	2365410	0.06912	28	0.46221	0.39309	ZFYVE28	hg38_genes_promoters	7.148553003582512e-05	3.313832409465213	0
chr4	2425690	2426148	0.012627	12	0.84175	0.82912	CFAP99	hg38_genes_promoters	0.421155804467627	0.34868964417253084	0
chr4	2489440	2489843	0.01618	12	0.85592	0.83974	RNF4	hg38_genes_promoters	0.0151735552416385	1.493755126362134	0
chr4	2625286	2625415	0.016816	10	0.8715	0.85468	FAM193A	hg38_genes_promoters	0.0365623288404108	1.192892521670067	0
chr4	2744675	2745130	0.011208	21	0.87038	0.85917	TNIP2	hg38_genes_promoters	0.0717518553746888	0.965429929249773	0
chr4	2746739	2747217	-0.017434	12	0.79792	0.81535	TNIP2	hg38_genes_promoters	0.0573437774921794	1.0420624455670444	0
chr4	2792363	2792736	0.022827	10	0.70106	0.67823	SH3BP2	hg38_genes_promoters	0.168254179362585	0.6775293280405652	0
chr4	2797965	2798503	-0.01899	16	0.050187	0.069178	SH3BP2	hg38_genes_promoters	0.0004047395237446	2.7176087262008153	0
chr4	2798623	2798958	0.014366	10	0.0753	0.060934	SH3BP2	hg38_genes_promoters	0.0711096588214185	0.9685213364334563	0
chr4	1241970	1242137	-0.026842	10	0.816	0.84284	CTBP1	hg38_genes_promoters	0.0771432387591645	0.9414553010692022	0
chr4	1241556	1241739	0.011547	10	0.8286	0.81705	CTBP1	hg38_genes_promoters	0.0155927118089115	1.483624610292103	0
chr4	1228832	1228957	0.013447	10	0.8715	0.85805	CTBP1	hg38_genes_promoters	0.0038028574699035	1.9484905685981366	0
chr4	1225601	1225721	-0.013537	10	0.8522	0.86574	CTBP1	hg38_genes_promoters	0.0182139385197853	1.4292073881533078	0
chr4	41256772	41256842	-0.011877	12	0.010667	0.022544	UCHL1	hg38_genes_promoters	4.745211028919009e-08	5.934174477281948	-1
chr4	212549	212709	-0.033784	10	0.1589	0.19268	ZNF876P	hg38_genes_promoters	0.0190233510368127	1.4148111247772182	0
chr4	521578	521847	-0.031153	10	0.8529	0.88405	PIGG	hg38_genes_promoters	1.7139750994510827e-05	3.823017429581443	0
chr4	524313	524566	-0.021379	10	0.865	0.88638	PIGG	hg38_genes_promoters	0.0441678319904319	1.1281007226098414	0
chr4	525064	525423	-0.021536	10	0.8903	0.91184	PIGG	hg38_genes_promoters	0.0004691575390012	2.6649534596490696	0
chr4	577122	577188	-0.012769	10	0.0199	0.032669	TMEM271	hg38_genes_promoters	0.0128967642223323	1.5468117758332272	0
chr4	577122	577188	-0.012769	10	0.0199	0.032669	LOC105374338	hg38_genes_promoters	0.0128967642223323	1.5468117758332272	0
chr4	651162	651284	-0.050938	11	0.426	0.47694	PDE6B	hg38_genes_promoters	0.0339107168415402	1.2172662309712823	0
chr4	654641	654800	0.022084	10	0.8674	0.84532	PDE6B-AS1	hg38_genes_promoters	0.0886456666856597	0.8946942622131577	0
chr4	663764	663905	0.010574	15	0.014133	0.0035595	PDE6B	hg38_genes_promoters	1.4316104511453546e-13	10.901197077607545	1
chr4	684765	685265	0.015082	16	0.76412	0.74904	SLC49A3	hg38_genes_promoters	0.3915838469066111	0.37633832681701646	0
chr4	687650	687831	0.017316	10	0.691	0.67368	SLC49A3	hg38_genes_promoters	0.3508772826367513	0.41672329789398016	0
chr4	704742	704858	0.042477	14	0.84436	0.80188	PCGF3	hg38_genes_promoters	2.1501610002559024e-06	4.565583808843965	0
chr4	804973	805083	-0.031741	12	0.69225	0.72399	CPLX1	hg38_genes_promoters	0.1558008439058339	0.7045991545946921	0
chr4	2820278	2820728	0.014908	12	0.83008	0.81518	SH3BP2	hg38_genes_promoters	0.07315025447085	0.9590734215724344	0
chr4	851990	852131	0.034132	10	0.8675	0.83337	GAK	hg38_genes_promoters	0.0001260253274602	3.1140077310402794	0
chr4	905764	906089	-0.015774	14	0.84257	0.85835	GAK	hg38_genes_promoters	0.003568403767545	1.970835176782554	0
chr4	962481	962589	0.02711	12	0.87825	0.85114	DGKQ	hg38_genes_promoters	3.2356445190415924e-05	3.595688683004258	0
chr4	967971	968086	0.038709	10	0.2671	0.22839	DGKQ	hg38_genes_promoters	0.5347949749002848	0.25663999696498163	0
chr4	973879	973941	0.025191	11	0.13682	0.11163	DGKQ	hg38_genes_promoters	0.0004129362029412	2.7108549107923796	0
chr4	991641	991795	-0.014515	14	0.8065	0.82102	SLC26A1	hg38_genes_promoters	0.131822378693158	0.7619788252054625	0
chr4	991641	991795	-0.014515	14	0.8065	0.82102	IDUA	hg38_genes_promoters	0.131822378693158	0.7619788252054625	0
chr4	1003136	1003191	0.014569	10	0.0325	0.017931	IDUA	hg38_genes_promoters	1.0	-0.0	0
chr4	1058583	1058874	-0.022184	10	0.8185	0.84068	RNF212	hg38_genes_promoters	0.0007874064931017	2.4850879789661864	0
chr4	1113706	1113803	0.040672	12	0.18917	0.14849	RNF212	hg38_genes_promoters	0.0002757614849692	2.8485465662783525	0
chr4	1208907	1209142	-0.017784	10	0.7809	0.79868	LOC100130872	hg38_genes_promoters	0.0500910012782528	1.0878163078547642	0
chr4	1208907	1209142	-0.017784	10	0.7809	0.79868	CTBP1-AS	hg38_genes_promoters	0.0500910012782528	1.0878163078547642	0
chr4	1213402	1213657	0.011272	12	0.85583	0.84456	CTBP1	hg38_genes_promoters	0.2477712446400949	0.5404800955010152	0
chr4	1214931	1215172	0.016311	10	0.8121	0.79579	CTBP1	hg38_genes_promoters	0.1550954899336873	0.7061603370126001	0
chr4	1225347	1225417	0.020163	10	0.8909	0.87074	CTBP1	hg38_genes_promoters	0.0008253937932997	2.4704789506923315	0
chr4	852871	852979	-0.013295	10	0.8546	0.86789	GAK	hg38_genes_promoters	0.0862172262758031	0.9040407080461609	0
chr4	2825333	2825477	-0.036395	10	0.7585	0.79489	SH3BP2	hg38_genes_promoters	4.30178941662285e-05	3.490184685657164	0
chr4	1208907	1209142	-0.017784	10	0.7809	0.79868	SPON2	hg38_genes_promoters	0.0500910012782528	1.0878163078547642	0
chr4	2867158	2868210	-0.032831	10	0.4777	0.51053	ADD1	hg38_genes_promoters	0.3255909243997285	0.4438721536560972	0
chr4	8438863	8439018	-0.021732	10	0.8544	0.87613	TRMT44	hg38_genes_promoters	0.000146443099247	3.063902822048978	0
chr4	11368707	11369102	0.077086	52	0.31748	0.24039	MIR572	hg38_genes_promoters	1.4866013305906775e-24	21.151488514652783	1
chr4	11625000	11625527	-0.014612	11	0.83309	0.8477	LOC107986178	hg38_genes_promoters	0.0064817038766938	1.7747240451823318	0
chr4	13484409	13484484	-0.012607	10	0.0025	0.015107	RAB28	hg38_genes_promoters	0.0089733505840913	1.6663601665216934	0
chr4	13654649	13655080	-0.013584	10	0.1251	0.13868	LINC01182	hg38_genes_promoters	0.2149828353673505	0.5897017045457751	0
chr4	14716747	14717608	-0.026762	11	0.84918	0.87594	LINC00504	hg38_genes_promoters	0.0002696748688675	2.855796537297601	0
chr4	15656067	15656310	-0.042225	12	0.69442	0.73664	FBXL5	hg38_genes_promoters	0.0616567135973599	1.017331903032621	0
chr4	16227520	16227852	-0.018409	13	0.017769	0.036178	TAPT1	hg38_genes_promoters	0.4224464448453269	0.347475289226457	0
chr4	20528035	20528371	-0.023936	10	0.7989	0.82284	MIR218-1	hg38_genes_promoters	0.0162776411932095	1.4675543496477572	0
chr4	24794922	24795385	-0.024619	13	0.68208	0.7067	SOD3	hg38_genes_promoters	0.0219258262944671	1.3674914761363262	0
chr4	25655610	25655696	-0.012411	16	0.013313	0.025724	SLC34A2	hg38_genes_promoters	9.345884138931418e-07	4.865338848997637	0
chr4	25863690	25863825	0.024637	10	0.2869	0.26226	SEL1L3	hg38_genes_promoters	0.2501377161307818	0.5371022187437176	0
chr4	26320469	26320672	-0.010931	10	0.0026	0.013531	RBPJ	hg38_genes_promoters	0.0191288622853022	1.412953030444374	0
chr4	26359595	26359767	0.028945	22	0.83005	0.8011	RBPJ	hg38_genes_promoters	0.0096069088191447	1.6442954205018532	0
chr4	30723113	30723273	-0.012794	12	0.098083	0.11088	PCDH7	hg38_genes_promoters	0.0858837336812874	0.905568065628893	0
chr4	37687045	37687477	-0.030828	10	0.2243	0.25513	RELL1	hg38_genes_promoters	0.4448478102574519	0.3277179157256065	0
chr4	37890415	37890517	-0.010474	10	0.0138	0.024274	TBC1D1	hg38_genes_promoters	0.0014697712714738	2.268407036986208	0
chr4	37890415	37890517	-0.010474	10	0.0138	0.024274	LOC105374407	hg38_genes_promoters	0.0014697712714738	2.268407036986208	0
chr4	37959173	37959926	-0.032459	11	0.80673	0.83919	PTTG2	hg38_genes_promoters	0.0068083179732005	1.758091022691147	0
chr4	38014363	38014631	0.023116	20	0.8858	0.86268	TBC1D1	hg38_genes_promoters	5.901514573378175e-05	3.379326604123139	0
chr4	38049161	38049765	-0.026061	12	0.76358	0.78964	TBC1D1	hg38_genes_promoters	0.0534183529271966	1.0670252529912045	0
chr4	38663045	38663199	-0.017583	10	0.029	0.046583	KLF3	hg38_genes_promoters	0.0155155042602581	1.4854015450371456	0
chr4	39480420	39480534	0.016158	10	0.864	0.84784	LOC401127	hg38_genes_promoters	0.0676553913546178	0.9852228747627166	0
chr4	40192726	40193698	-0.025984	14	0.28007	0.30606	RHOH	hg38_genes_promoters	0.2544320419846024	0.5310819722222923	0
chr4	40196333	40196866	0.03633	10	0.5543	0.51797	RHOH	hg38_genes_promoters	0.0931680760878619	0.8781623712083931	0
chr4	40514573	40514981	-0.054214	12	0.70275	0.75696	RBM47	hg38_genes_promoters	0.01102504664681	1.597766318003194	0
chr4	40630469	40630562	-0.029569	11	0.028273	0.057842	RBM47	hg38_genes_promoters	2.1955297526589407e-06	4.5605806510094915	0
chr4	2831855	2831967	0.012532	10	0.8579	0.84537	SH3BP2	hg38_genes_promoters	0.1066320459796714	0.8333180896208653	0
chr4	40842362	40842786	-0.020171	12	0.7875	0.80767	APBB2	hg38_genes_promoters	0.0383747525667191	1.1770149011659123	0
chr4	8375000	8375172	0.023778	18	0.85822	0.83444	ACOX3	hg38_genes_promoters	0.0006527912067242	2.5484394913846464	0
chr4	8208753	8209237	0.013693	13	0.82954	0.81585	SH3TC1	hg38_genes_promoters	0.1941392165847895	0.6260248321742374	0
chr4	37583637	37584351	-0.039	10	0.4781	0.5171	C4orf19	hg38_genes_promoters	0.331284293955956	0.4376629883469408	0
chr4	8071843	8072010	-0.067373	12	0.33175	0.39912	ABLIM2	hg38_genes_promoters	0.0001135115882037	3.1487836205859976	0
chr4	2941792	2942150	-0.010903	13	0.82138	0.83229	NOP14	hg38_genes_promoters	0.0662931908725956	0.9919244905633491	0
chr4	8198431	8198822	-0.020556	14	0.077	0.097556	SH3TC1	hg38_genes_promoters	0.0014589476523923	2.2706289255188867	0
chr4	3028245	3028517	-0.02349	11	0.76436	0.78785	GRK4	hg38_genes_promoters	0.0370117855374022	1.1887833720728542	0
chr4	3041318	3041502	0.019342	10	0.2635	0.24416	HTT	hg38_genes_promoters	0.4113184527789213	0.35757771247295234	0
chr4	3114555	3115358	-0.02883	10	0.8622	0.89103	HTT	hg38_genes_promoters	1.519955377652495e-05	3.865645781640504	0
chr4	3160138	3160330	-0.01601	11	0.87873	0.89474	HTT	hg38_genes_promoters	0.0002637444899794	2.8629424320483485	0
chr4	3317441	3317610	0.030526	10	0.874	0.84347	RGS12	hg38_genes_promoters	0.0999061722520606	0.8559451537672493	0
chr4	3385479	3385650	-0.011044	12	0.0115	0.022544	RGS12	hg38_genes_promoters	0.0036325797447891	1.9645435376527896	0
chr4	3411856	3412193	-0.021372	19	0.82137	0.84274	RGS12	hg38_genes_promoters	1.3192910529958375e-06	4.744480974136879	0
chr4	3484254	3484426	0.030333	12	0.74367	0.71333	DOK7	hg38_genes_promoters	0.029303917588343	1.2670879035159932	0
chr4	3765345	3765459	0.025242	10	0.1484	0.12316	ADRA2C	hg38_genes_promoters	0.05014229480537	1.087459595477778	0
chr4	4226916	4227069	-0.017988	10	0.1807	0.19869	OTOP1	hg38_genes_promoters	0.0620815839855544	1.0148525300659126	0
chr4	4426170	4426675	0.028263	12	0.80883	0.78057	STX18	hg38_genes_promoters	0.0259336007146826	1.3097991655158405	0
chr4	5050814	5051134	-0.010453	10	0.0066	0.017053	STK32B	hg38_genes_promoters	0.0032316302644382	2.003603029889962	0
chr4	3407210	3407329	-0.012853	10	0.8612	0.87405	RGS12	hg38_genes_promoters	0.0140857567778783	1.518253507620354	0
chr4	2931806	2932021	0.01502	13	0.085385	0.070364	MFSD10	hg38_genes_promoters	0.0612944165688249	1.0192197270610515	0
chr4	7799103	7799495	-0.023712	10	0.8099	0.83361	AFAP1	hg38_genes_promoters	0.0142819628749355	1.5140958253954733	0
chr4	7793919	7794222	-0.076107	10	0.6296	0.70571	AFAP1	hg38_genes_promoters	0.0015276473125838	2.2563336024789593	0
chr4	7779343	7780274	-0.027154	15	0.77807	0.80522	AFAP1	hg38_genes_promoters	0.0015770362662477	2.245834286315935	0
chr4	8041029	8041451	-0.021351	10	0.7789	0.80025	ABLIM2	hg38_genes_promoters	0.112418466303229	0.8167523177180561	0
chr4	7052923	7053492	-0.02681	16	0.18588	0.21269	TADA2B	hg38_genes_promoters	0.052148989400247	1.074523706407311	0
chr4	7041890	7042166	-0.084263	14	0.24314	0.32741	TADA2B	hg38_genes_promoters	1.0230590167123656e-08	6.519496070128792	-1
chr4	8021423	8021756	-0.025011	10	0.7642	0.78921	ABLIM2	hg38_genes_promoters	0.0398816909356122	1.1635407796057116	0
chr4	6604128	6604953	0.01746	14	0.89379	0.87633	MAN2B2	hg38_genes_promoters	0.0038221445611982	1.9469305372083465	0
chr4	6564042	6564143	-0.024445	13	0.038538	0.062983	PPP2R2C	hg38_genes_promoters	2.1193958766896863e-06	4.571161457719538	0
chr4	6421486	6421629	-0.021584	10	0.8261	0.84768	PPP2R2C	hg38_genes_promoters	0.0047264361370573	1.8767335088126285	0
chr4	6222055	6222130	-0.012846	14	0.053357	0.066203	JAKMIP1-DT	hg38_genes_promoters	0.0277232513575657	1.2867766508495886	0
chr4	6194650	6195152	-0.015568	10	0.7848	0.80037	JAKMIP1	hg38_genes_promoters	0.0994349883572167	0.8574724207455169	0
chr4	6954004	6954133	0.027032	10	0.8464	0.81937	TBC1D14	hg38_genes_promoters	0.0041857393581744	1.917066131973589	0
chr4	6070324	6070507	-0.113715	10	0.407	0.52071	JAKMIP1	hg38_genes_promoters	1.9767140368384675e-06	4.587575428247046	0
chr5	150904985	150905615	-0.024163	16	0.15994	0.1841	ZNF300	hg38_genes_promoters	0.2395321725703906	0.5520894787858212	0
chr5	150904856	150904978	-0.020942	10	0.0909	0.11184	ZNF300	hg38_genes_promoters	0.0243013182776135	1.3316800081233477	0
chr5	151087105	151087663	0.025147	12	0.28992	0.26477	TNIP1	hg38_genes_promoters	0.171355890911694	0.6715797679628824	0
chr5	151064588	151065078	-0.024788	13	0.83577	0.86056	TNIP1	hg38_genes_promoters	6.692320605532526e-05	3.335471883311866	0
chr5	153491712	153492314	-0.040158	10	0.321	0.36116	GRIA1	hg38_genes_promoters	0.1091874623821865	0.8261341209787534	0
chr5	154478860	154478988	0.011159	10	0.0847	0.073541	HAND1	hg38_genes_promoters	0.0349226040825216	1.2078708077565208	0
chr5	150946386	150946471	-0.026242	10	0.3456	0.37184	ZNF300P1	hg38_genes_promoters	0.1909469454200024	0.6311409026546239	0
chr5	150660506	150661346	-0.012876	10	0.7948	0.80768	MYOZ3	hg38_genes_promoters	0.132463848442676	0.7607824018979873	0
chr5	150113345	150114131	-0.019872	14	0.72893	0.7488	CSF1R	hg38_genes_promoters	0.3190500457269785	0.45090971011582204	0
chr5	150508010	150508252	-0.025332	10	0.5463	0.57163	NDST1	hg38_genes_promoters	0.3613060133721696	0.4058213522692151	0
chr5	150497460	150497932	-0.014303	12	0.76008	0.77439	NDST1	hg38_genes_promoters	0.1800117393976958	0.6532453256059204	0
chr5	150374331	150374699	-0.011554	10	0.8539	0.86545	TCOF1	hg38_genes_promoters	0.0127204604233718	1.5503621048901752	0
chr5	150303213	150303360	0.025742	10	0.2849	0.25916	ARSI	hg38_genes_promoters	0.2159970201622448	0.5881544586676278	0
chr5	150166776	150166857	0.040425	12	0.31692	0.27649	CDX1	hg38_genes_promoters	0.0065432523673167	1.7714558142502543	0
chr5	150026233	150026953	-0.013846	10	0.8593	0.87315	HMGXB3	hg38_genes_promoters	0.0048837444713104	1.8656794664958647	0
chr5	154753898	154754580	0.015213	10	0.5015	0.48629	LARP1	hg38_genes_promoters	0.7869177072006945	0.10131667615415578	0
chr5	150125475	150125750	0.013868	10	0.8439	0.83003	PDGFRB	hg38_genes_promoters	0.4995714903425459	0.28359956139221265	0
chr5	150601060	150601180	-0.029745	10	0.7937	0.82345	SYNPO	hg38_genes_promoters	0.0017007310718376	2.2209141043307223	0
chr5	150289727	150289925	0.024425	13	0.39977	0.37534	CAMK2A	hg38_genes_promoters	0.3132390058133827	0.4572167940462158	0
chr5	164296650	164297083	0.033154	13	0.32115	0.288	LOC102546299	hg38_genes_promoters	0.1361428888766564	0.7515607849562556	0
chr5	170330527	170331495	-0.014172	14	0.10021	0.11439	LINC01366	hg38_genes_promoters	0.3049021303817183	0.46706914718517845	0
chr5	170267533	170268005	-0.04524	10	0.3741	0.41934	LCP2	hg38_genes_promoters	0.0996698412904821	0.8566733131227859	0
chr5	149959568	149960037	-0.026225	10	0.333	0.35922	SLC26A2	hg38_genes_promoters	0.4694016456586595	0.3071638054454934	0
chr5	170104898	170104943	-0.019296	10	0.7631	0.7824	FOXI1	hg38_genes_promoters	0.0027611163199844	2.056127371196986	0
chr5	168696246	168696712	-0.023048	11	0.81864	0.84168	SLIT3	hg38_genes_promoters	2.097734441479282e-05	3.7496641187059185	0
chr5	164466911	164467434	-0.012921	13	0.81069	0.82361	LOC102546299	hg38_genes_promoters	0.0508588086797788	1.082612202641479	0
chr5	164296650	164297083	0.033154	13	0.32115	0.288	LOC105377703	hg38_genes_promoters	0.1361428888766564	0.7515607849562556	0
chr5	161548376	161548818	-0.012429	14	0.033286	0.045714	GABRB2	hg38_genes_promoters	0.0085367808961677	1.6826854469558685	0
chr5	159310418	159310668	-0.020916	10	0.1404	0.16132	LOC105377683	hg38_genes_promoters	0.2460996395711675	0.5429816868502292	0
chr5	159100515	159100600	-0.017532	10	0.0121	0.029632	LOC107986467	hg38_genes_promoters	5.1236267322928085e-05	3.430541818399652	0
chr5	159100515	159100600	-0.017532	10	0.0121	0.029632	LINC02202	hg38_genes_promoters	5.1236267322928085e-05	3.430541818399652	0
chr5	159100515	159100600	-0.017532	10	0.0121	0.029632	EBF1	hg38_genes_promoters	5.1236267322928085e-05	3.430541818399652	0
chr5	159096612	159096777	-0.037947	10	0.72	0.75795	EBF1	hg38_genes_promoters	0.1700170469833837	0.674383663242103	0
chr5	157652459	157652660	-0.052393	10	0.7226	0.77499	SOX30	hg38_genes_promoters	0.0047255070329723	1.8767335088126285	0
chr5	157058106	157059175	-0.027195	13	0.74562	0.77281	HAVCR1	hg38_genes_promoters	0.0033078960865507	1.9961079285577232	0
chr5	156327145	156327263	-0.069874	10	0.5736	0.64347	SGCD	hg38_genes_promoters	0.0006204446959187	2.5658206601191194	0
chr5	156326605	156327141	-0.023397	10	0.3559	0.3793	SGCD	hg38_genes_promoters	0.5794086822533956	0.22528470923147864	0
chr5	154850466	154850878	-0.012569	10	0.0331	0.045669	FAXDC2	hg38_genes_promoters	0.0419664329178747	1.1458703916871444	0
chr5	149932640	149932920	0.062648	14	0.6195	0.55685	MFFP2	hg38_genes_promoters	1.2287903324772e-06	4.769462525033822	0
chr5	140700119	140700451	-0.011183	13	0.045615	0.056798	ZMAT2	hg38_genes_promoters	0.0004496780927903	2.67963185926091	0
chr5	149362636	149362877	0.018258	10	0.8621	0.84384	PCYOX1L	hg38_genes_promoters	0.0234951843391846	1.3438469295461712	0
chr5	140966434	140966623	-0.01215	12	0.013417	0.025567	PCDHAC2	hg38_genes_promoters	3.1823611396775564e-05	3.60078460452594	0
chr5	140870632	140870762	0.032211	17	0.42388	0.39167	PCDHA11	hg38_genes_promoters	0.0207060005835669	1.3869456578729193	0
chr5	140857391	140857451	0.048733	10	0.652	0.60327	PCDHA10	hg38_genes_promoters	0.0017100950930334	2.219859642313933	0
chr5	140786180	140786483	-0.038198	14	0.146	0.1842	PCDHA1	hg38_genes_promoters	5.769773545807665e-05	3.387071203847605	0
chr5	140725819	140726063	-0.012858	10	0.2183	0.23116	VTRNA1-3	hg38_genes_promoters	0.5936773462961074	0.21598934061172567	0
chr5	140718552	140718952	-0.018895	13	0.76746	0.78636	VTRNA1-2	hg38_genes_promoters	0.0453339968728515	1.1194063915903958	0
chr5	140558395	140558736	-0.020514	10	0.7848	0.80531	SRA1	hg38_genes_promoters	0.1006837412219867	0.8533282060013849	0
chr5	140528407	140529431	-0.02333	14	0.87636	0.89969	ANKHD1-EIF4EBP3	hg38_genes_promoters	2.2834387271386847e-06	4.548696302336101	0
chr5	140528407	140529431	-0.02333	14	0.87636	0.89969	ANKHD1	hg38_genes_promoters	2.2834387271386847e-06	4.548696302336101	0
chr5	139904478	139904569	-0.010779	10	0.0078	0.018579	NRG2	hg38_genes_promoters	0.0006393547143683	2.555367657924546	0
chr5	139872718	139873266	-0.024796	10	0.7024	0.7272	NRG2	hg38_genes_promoters	0.1525035368793509	0.7126595215270621	0
chr5	139871804	139872275	0.014039	10	0.8148	0.80076	NRG2	hg38_genes_promoters	0.0966734726502819	0.8663844797137673	0
chr5	139680899	139681120	0.033961	12	0.85892	0.82496	CXXC5	hg38_genes_promoters	2.8585185154523175e-07	5.289339441852053	1
chr5	139658614	139658899	-0.020469	10	0.1213	0.14177	CXXC5	hg38_genes_promoters	0.1171847690071656	0.8024968005577537	0
chr5	139646778	139647096	-0.018926	10	0.1316	0.15053	CXXC5	hg38_genes_promoters	0.1254501361459673	0.7783092557564716	0
chr5	138873880	138874091	-0.026089	10	0.8665	0.89259	CTNNA1	hg38_genes_promoters	0.0001775063971296	2.9981396268204996	0
chr5	170783311	170784005	0.026167	10	0.8139	0.78773	GABRP	hg38_genes_promoters	0.068270076808406	0.982225808904047	0
chr5	141096437	141096541	0.065526	15	0.43487	0.36934	LOC101926905	hg38_genes_promoters	0.0001943588741321	2.9671941423334123	0
chr5	141121738	141121953	0.016274	12	0.20383	0.18756	PCDHB4	hg38_genes_promoters	0.6024348222186902	0.21023588407482416	0
chr5	141350085	141350479	-0.0312	17	0.22635	0.25755	PCDHGB1	hg38_genes_promoters	0.0684536436187659	0.9814573764644094	0
chr5	141354975	141355234	-0.030264	12	0.11525	0.14551	PCDHGA4	hg38_genes_promoters	0.0030275105648433	2.025615856107252	0
chr5	149271642	149271720	-0.011333	12	0.0033333	0.014666	AFAP1L1	hg38_genes_promoters	1.1900514073449885e-07	5.600867162158021	-1
chr5	149062978	149063436	-0.022402	11	0.47655	0.49895	SH3TC2-DT	hg38_genes_promoters	0.4191415633602814	0.35059987815952476	0
chr5	149062978	149063436	-0.022402	11	0.47655	0.49895	SH3TC2	hg38_genes_promoters	0.4191415633602814	0.35059987815952476	0
chr5	149062978	149063436	-0.022402	11	0.47655	0.49895	MIR584	hg38_genes_promoters	0.4191415633602814	0.35059987815952476	0
chr5	147454218	147454276	-0.010484	10	0.0072	0.017684	DPYSL3	hg38_genes_promoters	0.0004767557828413	2.659215261707026	0
chr5	146922878	146923561	-0.017618	10	0.8361	0.85372	PPP2R2B	hg38_genes_promoters	0.0046765562666052	1.8799432925329476	0
chr5	143191661	143192284	-0.024664	10	0.8566	0.88126	ARHGAP26-IT1	hg38_genes_promoters	0.0001717944367384	3.009594864849078	0
chr5	143133384	143134105	-0.016892	14	0.85171	0.86861	ARHGAP26	hg38_genes_promoters	0.0137712391556628	1.5251541262280237	0
chr5	149732036	149732095	0.011716	10	0.0234	0.011684	MIR378A	hg38_genes_promoters	8.608415724074705e-07	4.895503521060094	0
chr5	142770426	142770487	-0.010516	10	0.0058	0.016316	ARHGAP26	hg38_genes_promoters	1.2098407624388682e-05	3.9465166933332543	0
chr5	141868609	141868753	0.051953	10	0.8789	0.82695	PCDH1	hg38_genes_promoters	2.487356806335018e-11	8.84978436643303	1
chr5	141681007	141681723	-0.019516	10	0.3738	0.39332	ARAP3	hg38_genes_promoters	0.512514495605938	0.2734456407088704	0
chr5	141680322	141680631	0.039974	10	0.8497	0.80973	ARAP3	hg38_genes_promoters	1.4531635658938525e-05	3.8807973139165437	0
chr5	141421193	141421261	-0.020258	10	0.0869	0.10716	PCDHGA11	hg38_genes_promoters	0.0566856715081614	1.0459761296171217	0
chr5	141412943	141413220	0.020411	10	0.1122	0.091789	PCDHGA10	hg38_genes_promoters	0.7237941643377364	0.1357307566633307	0
chr5	141402709	141403131	-0.041372	16	0.17544	0.21681	PCDHGA9	hg38_genes_promoters	0.0020353812448367	2.161894593164626	0
chr5	141389821	141390018	0.059437	10	0.5157	0.45626	PCDHGA8	hg38_genes_promoters	0.0021550127234675	2.1419039073020736	0
chr5	141389372	141389456	0.020389	13	0.39108	0.37069	PCDHGA8	hg38_genes_promoters	0.1683101314325947	0.6775293280405652	0
chr5	142698321	142698929	-0.026898	10	0.7642	0.7911	FGF1	hg38_genes_promoters	0.1324373126629748	0.7607824018979873	0
chr5	170862627	170862716	-0.013993	18	0.011111	0.025104	RANBP17	hg38_genes_promoters	0.0001377910868357	3.084346753278658	0
chr5	179799229	179799562	0.015829	12	0.84758	0.83175	MGAT4B	hg38_genes_promoters	0.0414884806176903	1.149432562721898	0
chr5	171876313	171876463	0.018753	10	0.9057	0.88695	FBXW11	hg38_genes_promoters	0.0142877568784032	1.5140350393777697	0
chr5	179624469	179624518	0.039232	10	0.6376	0.59837	HNRNPH1	hg38_genes_promoters	0.0148163260692077	1.5011625319293465	0
chr5	179605983	179606227	0.015935	13	0.85262	0.83668	RUFY1	hg38_genes_promoters	0.0337860725526545	1.2181911954390443	0
chr5	179559102	179559135	0.036305	10	0.3327	0.29639	RUFY1	hg38_genes_promoters	0.0201890446788038	1.3951442197542754	0
chr5	178986613	178986729	-0.021005	10	0.8101	0.83111	GRM6	hg38_genes_promoters	0.0003906406936534	2.730626330553003	0
chr5	178940915	178941031	-0.014716	10	0.0275	0.042216	ZNF454	hg38_genes_promoters	0.0002882785028763	2.833998779252864	0
chr5	178860641	178860882	-0.055563	21	0.048789	0.10435	ZNF354B	hg38_genes_promoters	1.3843153027503028e-14	11.764912447321866	-1
chr5	178729166	178729353	-0.062014	19	0.615	0.67701	MSANTD5	hg38_genes_promoters	0.000719776187152	2.515703580014613	0
chr5	178232924	178233304	-0.01876	10	0.5879	0.60666	PHYKPL	hg38_genes_promoters	0.1937369949316899	0.6264200740828079	0
chr5	178224432	178224612	0.011511	10	0.8763	0.86479	PHYKPL	hg38_genes_promoters	0.0296760979556607	1.2626978599934136	0
chr5	178222563	178223227	-0.031021	10	0.8224	0.85342	PHYKPL	hg38_genes_promoters	0.0004831279115693	2.6539437434095374	0
chr5	178222232	178222521	0.0153	13	0.88754	0.87224	PHYKPL	hg38_genes_promoters	0.0583242561691663	1.0364003186486077	0
chr5	178154510	178154770	-0.035827	12	0.77783	0.81366	NHP2	hg38_genes_promoters	8.194875911457847e-05	3.2653390169786087	0
chr5	178007442	178007565	-0.034292	10	0.18645	0.22074	FAM153CP	hg38_genes_promoters	0.1075252354213177	0.8313920949506179	0
chr5	177782348	177782492	-0.022941	16	0.33206	0.355	FAM153A	hg38_genes_promoters	0.7057360422056758	0.14588663004144484	0
chr5	177536386	177536731	0.018416	10	0.8801	0.86168	FAM193B	hg38_genes_promoters	0.0656442801907264	0.9949539059545781	0
chr5	177532325	177532727	0.011058	10	0.8719	0.86084	FAM193B	hg38_genes_promoters	0.3178161408930198	0.4522339960752543	0
chr5	177512177	177512426	0.039338	10	0.862	0.82266	DOK3	hg38_genes_promoters	0.0003341934549854	2.7808905708158203	0
chr5	179768491	179769117	-0.047846	12	0.63875	0.6866	MAML1	hg38_genes_promoters	0.0993263099964491	0.8577217974281712	0
chr5	177498364	177498615	-0.02108	10	0.1992	0.22028	PDLIM7	hg38_genes_promoters	0.2322793139525212	0.5631676758983705	0
chr5	179793007	179793544	-0.018756	10	0.1615	0.18026	LTC4S	hg38_genes_promoters	0.1703896024854456	0.6736340269149781	0
chr5	179801214	179801445	0.03481	22	0.85918	0.82437	MGAT4B	hg38_genes_promoters	7.267124243282271e-10	7.526337751395178	1
chr5	138827494	138827677	-0.022744	12	0.87917	0.90191	CTNNA1	hg38_genes_promoters	3.691255329020642e-07	5.197232866215081	-1
chr5	181238990	181239548	-0.01615	13	0.85685	0.873	RACK1	hg38_genes_promoters	0.0050022563780599	1.8590731045602962	0
chr5	181232748	181232878	0.030684	10	0.848	0.81732	TRIM41	hg38_genes_promoters	8.543165076016749e-06	4.0679503541291275	0
chr5	181040043	181040558	-0.023213	10	0.4453	0.46851	BTNL9	hg38_genes_promoters	0.429802375434163	0.3407217435462631	0
chr5	180613255	180613628	0.021881	12	0.84342	0.82154	FLT4	hg38_genes_promoters	0.0043684401979888	1.901621460551747	0
chr5	180331708	180332389	-0.036132	21	0.27657	0.3127	GFPT2	hg38_genes_promoters	0.0415169107095305	1.149318969389815	0
chr5	180324087	180324691	0.019035	10	0.6318	0.61277	GFPT2	hg38_genes_promoters	0.4794082968007088	0.29873718881819283	0
chr5	180137524	180137974	0.01241	17	0.84735	0.83494	RASGEF1C	hg38_genes_promoters	0.1434687343971408	0.7338136440199496	0
chr5	180136909	180137245	0.01484	21	0.82329	0.80845	RASGEF1C	hg38_genes_promoters	0.0089590851861964	1.6669217856690766	0
chr5	180136510	180136656	0.025197	16	0.85437	0.82918	RASGEF1C	hg38_genes_promoters	1.89101675199594e-05	3.7873503451746546	0
chr5	179908571	179908841	0.020662	12	0.79542	0.77475	TBC1D9B	hg38_genes_promoters	0.0429227820028714	1.1379706855343519	0
chr5	179893295	179893436	0.028963	10	0.8717	0.84274	TBC1D9B	hg38_genes_promoters	0.0003031064102836	2.816843353211829	0
chr5	179888462	179888871	0.018426	10	0.8829	0.86447	TBC1D9B	hg38_genes_promoters	0.1639088397454895	0.6867076024714531	0
chr5	179879318	179879519	-0.012853	10	0.8662	0.87905	TBC1D9B	hg38_genes_promoters	0.0084988619998442	1.6841084717616388	0
chr5	179871876	179872360	0.032346	10	0.8549	0.82255	TBC1D9B	hg38_genes_promoters	0.0080223453821405	1.7016171511588514	0
chr5	179805436	179805608	-0.033389	10	0.3064	0.33979	SQSTM1	hg38_genes_promoters	0.0853236462164445	0.9077079061645992	0
chr5	179804270	179804599	-0.040105	10	0.331	0.37111	MGAT4B	hg38_genes_promoters	0.0681138372127616	0.9830437550254155	0
chr5	179799229	179799562	0.015829	12	0.84758	0.83175	MIR1229	hg38_genes_promoters	0.0414884806176903	1.149432562721898	0
chr5	177484795	177485099	-0.040763	10	0.5845	0.62526	PDLIM7	hg38_genes_promoters	0.1318193977622175	0.7619788252054625	0
chr5	177467722	177467940	-0.02443	12	0.75	0.77443	DBN1	hg38_genes_promoters	0.0200936129248346	1.3965574436375856	0
chr5	177444986	177445672	-0.029263	10	0.451	0.48026	PRR7-AS1	hg38_genes_promoters	0.2988962727279318	0.4743216795270001	0
chr5	176175267	176175545	0.015187	10	0.6983	0.68311	LOC643201	hg38_genes_promoters	0.2814978275571596	0.49428277177995467	0
chr5	176061404	176061774	-0.038249	23	0.29526	0.33351	FAM153B	hg38_genes_promoters	0.0044107201654088	1.898511452256511	0
chr5	176035231	176035537	0.034968	13	0.83623	0.80126	THOC3	hg38_genes_promoters	5.163042790192028e-05	3.4283815591731615	0
chr5	175656865	175657299	-0.022088	10	0.6814	0.70349	HRH2	hg38_genes_promoters	0.1204239029209396	0.7924409534808242	0
chr5	174335479	174336390	-0.026317	18	0.73089	0.75721	LINC01411	hg38_genes_promoters	0.0040866509723357	1.9246096583502776	0
chr5	174090259	174090651	0.027974	10	0.8105	0.78253	NSG2	hg38_genes_promoters	0.0050640210470386	1.8547987686964713	0
chr5	173890137	173890685	-0.029198	15	0.6476	0.6768	CPEB4	hg38_genes_promoters	0.146603171770668	0.7262051469411935	0
chr5	173888409	173888546	-0.01161	15	0.00094567	0.012556	CPEB4	hg38_genes_promoters	2.0835386235637534e-07	5.404860429889399	-1
chr5	173328809	173329095	-0.010063	10	0.0202	0.030263	STC2	hg38_genes_promoters	0.0266803387316855	1.299398817646937	0
chr5	173324265	173324556	0.062113	13	0.42908	0.36696	STC2	hg38_genes_promoters	0.0001011700576111	3.1895854637123566	0
chr5	172959948	172960098	-0.011086	15	0.0188	0.029886	LOC100268168	hg38_genes_promoters	0.0185193706096809	1.4237415333967514	0
chr5	172921265	172922179	-0.027537	20	0.7627	0.79024	ERGIC1	hg38_genes_promoters	0.002033790753903	2.161894593164626	0
chr5	172905500	172905702	0.02149	10	0.878	0.85651	ERGIC1	hg38_genes_promoters	0.012679787654247	1.5514620713504548	0
chr5	172762945	172763199	0.014058	12	0.85983	0.84578	LOC105377730	hg38_genes_promoters	0.1509801859692036	0.7159236425104106	0
chr5	172697684	172697975	-0.012789	10	0.055	0.067789	LOC107986479	hg38_genes_promoters	0.0040445931495282	1.9282484561812645	0
chr5	172114801	172115017	-0.024804	10	0.0683	0.093104	STK10	hg38_genes_promoters	0.3891746482625619	0.3785559847557581	0
chr5	172107301	172107674	0.02272	10	0.6446	0.62188	STK10	hg38_genes_promoters	0.7188551661214351	0.13854117734750324	0
chr5	176491499	176492245	-0.024081	14	0.73493	0.75901	FAF2	hg38_genes_promoters	0.0127294701089259	1.5502404491732171	0
chr5	176548513	176549172	0.017654	12	0.56542	0.54776	CDHR2	hg38_genes_promoters	0.4288746225681918	0.34154588800072333	0
chr5	176861408	176861792	0.028784	10	0.7791	0.75032	UNC5A	hg38_genes_promoters	0.0204370808113384	1.391021154541575	0
chr5	176862096	176862787	0.026418	24	0.71008	0.68367	UNC5A	hg38_genes_promoters	0.0117965600554062	1.5756043089675167	0
chr5	177444986	177445672	-0.029263	10	0.451	0.48026	PRR7	hg38_genes_promoters	0.2988962727279318	0.4743216795270001	0
chr5	177430885	177431191	0.045289	12	0.6615	0.61621	GRK6	hg38_genes_promoters	0.0080799156884612	1.6994443551838356	0
chr5	177404555	177404813	0.014306	13	0.078975	0.064669	F12	hg38_genes_promoters	0.0011378312807649	2.359168680009949	0
chr5	177370783	177370998	-0.129883	16	0.17445	0.30433	RGS14	hg38_genes_promoters	3.805883181173609e-07	5.186720655292199	-1
chr5	177312398	177312517	-0.011185	10	0.0016	0.012785	RAB24	hg38_genes_promoters	0.0007926162118464	2.4837601120319235	0
chr5	177312398	177312517	-0.011185	10	0.0016	0.012785	MXD3	hg38_genes_promoters	0.0007926162118464	2.4837601120319235	0
chr5	177308822	177309055	-0.041047	10	0.6859	0.72695	RAB24	hg38_genes_promoters	0.0270153325185775	1.2951932355858788	0
chr5	177303969	177304065	-0.026377	10	0.0182	0.044577	RAB24	hg38_genes_promoters	2.828922096244988e-06	4.474913220747514	0
chr5	171773067	171773563	0.026835	10	0.8321	0.80527	SMIM23	hg38_genes_promoters	0.0049908402568065	1.8596990000483726	0
chr5	177303969	177304065	-0.026377	10	0.0182	0.044577	PRELID1	hg38_genes_promoters	2.828922096244988e-06	4.474913220747514	0
chr5	177096472	177096687	0.039933	10	0.8138	0.77387	FGFR4	hg38_genes_promoters	0.0070429433712014	1.7457163888240894	0
chr5	177092453	177092744	-0.016548	12	0.85442	0.87096	FGFR4	hg38_genes_promoters	0.000366850156111	2.749115034688285	0
chr5	177087412	177087919	-0.016079	12	0.30058	0.31666	FGFR4	hg38_genes_promoters	0.267557079590583	0.5128347614512132	0
chr5	177022601	177022686	-0.011495	10	0.0164	0.027895	ZNF346	hg38_genes_promoters	0.0669522530396466	0.9889497690012016	0
chr5	177022601	177022686	-0.011495	10	0.0164	0.027895	UIMC1	hg38_genes_promoters	0.0669522530396466	0.9889497690012016	0
chr5	176969003	176969699	-0.03456	10	0.6454	0.67996	UIMC1	hg38_genes_promoters	0.0585268389491442	1.0349793236286418	0
chr5	176899254	176899951	-0.022511	12	0.22363	0.24614	HK3	hg38_genes_promoters	0.2319259085813076	0.5635754153085737	0
chr5	176889459	176889548	0.013958	10	0.8908	0.87684	HK3	hg38_genes_promoters	0.0036768896296888	1.9604021767570454	0
chr5	177266509	177266596	0.021147	10	0.8892	0.86805	NSD1	hg38_genes_promoters	0.000104025281335	3.1802407620030144	0
chr5	138443969	138445037	0.011374	23	0.85483	0.84345	REEP2	hg38_genes_promoters	0.1296898884053571	0.7672213191657739	0
chr5	138953326	138954415	-0.016666	19	0.26974	0.2864	SIL1	hg38_genes_promoters	0.2894152844782219	0.4852891909128033	0
chr5	137889214	137889345	0.01513	11	0.050455	0.035325	PKD2L2-DT	hg38_genes_promoters	0.0251767639326057	1.3199163235200009	0
chr5	35617532	35617767	0.011083	10	0.0662	0.055117	SPEF2	hg38_genes_promoters	0.6541541677399556	0.17688194762670004	0
chr5	34929349	34929444	-0.013739	10	0.0013444	0.015084	DNAJC21	hg38_genes_promoters	7.603674229877584e-09	6.63216635717294	-1
chr5	34838332	34838832	-0.021831	10	0.4834	0.50523	TTC23L	hg38_genes_promoters	0.363425774947168	0.40369028035255444	0
chr5	34189478	34189641	0.041006	10	0.8123	0.77129	C1QTNF3	hg38_genes_promoters	0.0039332184401282	1.937028392645471	0
chr5	34189478	34189641	0.041006	10	0.8123	0.77129	LOC646652	hg38_genes_promoters	0.0039332184401282	1.937028392645471	0
chr5	34189278	34189465	0.010074	10	0.8296	0.81953	LOC646652	hg38_genes_promoters	0.1369457253699628	0.7494274155799855	0
chr5	31854779	31854905	-0.010758	10	0.0054	0.016158	PDZD2	hg38_genes_promoters	0.0044085866238825	1.8985673823078988	0
chr5	31692489	31692890	-0.024101	10	0.812	0.8361	PDZD2	hg38_genes_promoters	0.0206627396093554	1.3877154352111503	0
chr5	31193751	31193864	-0.010124	17	0.0082353	0.018359	CDH6	hg38_genes_promoters	0.0006428629422886	2.554161428456245	0
chr5	28926613	28926769	0.028684	10	0.808	0.77932	LSP1P3	hg38_genes_promoters	0.0061996522435795	1.7882879924705262	0
chr5	25190562	25190630	-0.030989	10	0.7528	0.78379	LINC02228	hg38_genes_promoters	0.0534122570884122	1.0670252529912045	0
chr5	25190562	25190630	-0.030989	10	0.7528	0.78379	LINC02211	hg38_genes_promoters	0.0534122570884122	1.0670252529912045	0
chr5	23507348	23507497	0.038516	10	0.6112	0.57268	PRDM9	hg38_genes_promoters	0.0828385398451645	0.9169366586213691	0
chr5	22212675	22212845	-0.024284	12	0.28942	0.3137	CDH12	hg38_genes_promoters	0.257139951476984	0.5272931341454581	0
chr5	20305547	20305679	0.05066	14	0.76207	0.71141	CDH18-AS1	hg38_genes_promoters	8.993174367146192e-06	4.0499455013906696	0
chr5	17443914	17444240	-0.016618	11	0.31755	0.33416	LINC02218	hg38_genes_promoters	0.4644534818990964	0.31117148583345133	0
chr5	16179779	16179834	-0.021512	10	0.015662	0.037175	MARCHF11-DT	hg38_genes_promoters	0.0053422080577409	1.8379772090100317	0
chr5	36679635	36680476	-0.016968	15	0.7278	0.74477	SLC1A3	hg38_genes_promoters	0.2307296958727096	0.5653771568287917	0
chr5	37811008	37811481	0.03159	11	0.78818	0.75659	GDNF-AS1	hg38_genes_promoters	0.0208155530046243	1.3854207444484266	0
chr5	38846152	38846242	-0.020128	14	0.013143	0.033271	OSMR-DT	hg38_genes_promoters	3.964041859245051e-07	5.172710701283193	-1
chr5	38846152	38846242	-0.020128	14	0.013143	0.033271	LINC01265	hg38_genes_promoters	3.964041859245051e-07	5.172710701283193	-1
chr5	61304626	61304821	-0.015872	10	0.7975	0.81337	LINC02057	hg38_genes_promoters	0.1514351629913641	0.7150687218567864	0
chr5	60487801	60488769	-0.014115	20	0.8611	0.87521	PDE4D	hg38_genes_promoters	0.0001842777238438	2.985159268566714	0
chr5	60487801	60488769	-0.014115	20	0.8611	0.87521	PART1	hg38_genes_promoters	0.0001842777238438	2.985159268566714	0
chr5	59356813	59357122	-0.050104	10	0.1484	0.1985	PDE4D	hg38_genes_promoters	0.000184302662837	2.985159268566714	0
chr5	57482301	57482859	-0.018768	10	0.8185	0.83727	ACTBL2	hg38_genes_promoters	0.0225416620622763	1.358086923490881	0
chr5	56233006	56233699	-0.01978	10	0.7533	0.77308	ANKRD55	hg38_genes_promoters	0.1312798196326161	0.7631337724780592	0
chr5	55738139	55738320	0.023595	10	0.8677	0.84411	DDX4	hg38_genes_promoters	0.0048381186931479	1.8690043756744337	0
chr5	55530795	55530896	0.0199	10	0.8139	0.794	RNF138P1	hg38_genes_promoters	0.0587067869593898	1.034070154378865	0
chr5	16179779	16179834	-0.021512	10	0.015662	0.037175	MARCHF11	hg38_genes_promoters	0.0053422080577409	1.8379772090100317	0
chr5	55227664	55227865	-0.011305	10	0.0128	0.024105	MCIDAS	hg38_genes_promoters	0.1045625681915906	0.8402707160353455	0
chr5	54517563	54517619	-0.010122	10	0.0075	0.017622	SNX18	hg38_genes_promoters	0.0115337800582202	1.5828344186965915	0
chr5	45696681	45697091	-0.024085	10	0.7611	0.78519	HCN1	hg38_genes_promoters	0.0210738355016652	1.381213832758147	0
chr5	45696226	45696273	-0.011337	10	0.0094	0.020737	HCN1	hg38_genes_promoters	5.488254517395658e-06	4.227120468734611	0
chr5	43603718	43604120	0.015974	22	0.020136	0.0041627	NNT-AS1	hg38_genes_promoters	3.8575131720446465e-11	8.680112961171606	1
chr5	43603718	43604120	0.015974	22	0.020136	0.0041627	NNT	hg38_genes_promoters	3.8575131720446465e-11	8.680112961171606	1
chr5	41869390	41869647	-0.041383	14	0.14629	0.18767	OXCT1-AS1	hg38_genes_promoters	0.0003572021615451	2.7593803646281616	0
chr5	40681184	40681383	0.012184	12	0.039333	0.027149	PTGER4	hg38_genes_promoters	0.0029563140520324	2.031909411444474	0
chr5	39074696	39074804	-0.011168	10	0.0012	0.012368	RICTOR	hg38_genes_promoters	2.4161671152515035e-09	7.068041988304674	-1
chr5	54985335	54985744	-0.061293	21	0.31457	0.37586	ESM1	hg38_genes_promoters	1.3796546998806066e-05	3.895471758747836	0
chr5	62306332	62306371	0.012653	10	0.0156	0.0029474	KIF2A	hg38_genes_promoters	0.437844857455134	0.33386882857046507	0
chr5	14497551	14498102	-0.025432	10	0.8552	0.88063	TRIO	hg38_genes_promoters	0.0003091151849447	2.8099396466633104	0
chr5	14464710	14464909	-0.035281	12	0.39675	0.43203	TRIO	hg38_genes_promoters	0.0742247622264644	0.9540322709651659	0
chr5	1524764	1524916	-0.025698	10	0.8072	0.8329	LPCAT1	hg38_genes_promoters	0.002326757772395	2.1147618005968836	0
chr5	1295738	1295854	0.051411	10	0.5682	0.51679	TERT	hg38_genes_promoters	0.0018352322546224	2.1954052924137093	0
chr5	1201066	1201342	0.027075	12	0.50475	0.47768	SLC6A19	hg38_genes_promoters	0.2643158196711593	0.5173861958302611	0
chr5	915797	916039	0.012346	12	0.86375	0.8514	TRIP13	hg38_genes_promoters	0.267355779060013	0.513099859398269	0
chr5	891770	891962	0.027295	10	0.5754	0.54811	BRD9	hg38_genes_promoters	0.1433712060808478	0.7340397126209645	0
chr5	891770	891962	0.027295	10	0.5754	0.54811	TRIP13	hg38_genes_promoters	0.1433712060808478	0.7340397126209645	0
chr5	876222	876320	0.028216	10	0.8959	0.86768	BRD9	hg38_genes_promoters	0.0023243706405898	2.1150299308551923	0
chr5	851470	851826	-0.024991	15	0.7724	0.79739	ZDHHC11	hg38_genes_promoters	0.0676575118957526	0.9852228747627166	0
chr5	850571	850753	0.067879	10	0.7373	0.66942	ZDHHC11	hg38_genes_promoters	7.874774752623317e-05	3.2797813405479634	0
chr5	844241	844416	0.029947	10	0.81	0.78005	ZDHHC11	hg38_genes_promoters	0.0112544243878342	1.5904230790657246	0
chr5	476687	477073	0.036815	13	0.818	0.78118	SLC9A3-AS1	hg38_genes_promoters	0.0007974831847006	2.481547187294743	0
chr5	442419	442605	-0.038221	10	0.2072	0.24542	EXOC3	hg38_genes_promoters	0.0229624805742918	1.3515173844235826	0
chr5	427677	427880	-0.020732	10	0.8009	0.82163	AHRR	hg38_genes_promoters	0.0464685962003754	1.1119058322888302	0
chr5	421986	422153	0.025537	10	0.8788	0.85326	AHRR	hg38_genes_promoters	0.0005559424951118	2.6061226888804834	0
chr5	343408	343712	0.032525	31	0.78074	0.74822	AHRR	hg38_genes_promoters	2.590338375595727e-05	3.6724311286675757	0
chr5	322437	322546	0.057416	10	0.2171	0.15968	AHRR	hg38_genes_promoters	0.009422390008557	1.650168580876595	0
chr5	138274521	138274631	0.017619	16	0.036437	0.018819	GFRA3	hg38_genes_promoters	4.185394514346613e-05	3.4988473174750023	0
chr5	1594543	1594605	0.015598	10	0.070485	0.054887	SDHAP3	hg38_genes_promoters	0.2119597022314616	0.5944793178623653	0
chr5	1856963	1857134	0.05483	18	0.59767	0.54284	LINC02116	hg38_genes_promoters	0.0027256161712816	2.0605464828009894	0
chr5	1881900	1881979	-0.031907	13	0.11623	0.14814	IRX4	hg38_genes_promoters	0.0012583318092911	2.323852708563077	0
chr5	1930608	1930724	-0.017762	10	0.0369	0.054662	LOC105374618	hg38_genes_promoters	0.0198135451565919	1.4013613833143594	0
chr5	14441002	14441114	0.024285	19	0.83647	0.81219	TRIO	hg38_genes_promoters	0.0010683188963885	2.381572091443004	0
chr5	14419303	14419853	-0.021363	10	0.8589	0.88026	TRIO	hg38_genes_promoters	0.0006551023924081	2.5471377798943595	0
chr5	14405907	14406424	-0.039994	12	0.80508	0.84508	TRIO	hg38_genes_promoters	9.171709018860276e-07	4.871935441437622	0
chr5	10248586	10249061	0.015091	10	0.7782	0.76311	CCT5	hg38_genes_promoters	0.2114853436008917	0.5953231083212475	0
chr5	9546326	9546446	-0.010079	10	0.0081	0.018179	SEMA5A	hg38_genes_promoters	0.0100195103836263	1.6298288941807704	0
chr5	8457728	8457857	0.043786	14	0.3245	0.28071	LINC02226	hg38_genes_promoters	0.0805300820054444	0.9265862309448861	0
chr5	6749132	6749295	-0.030526	10	0.83	0.86053	TENT4A	hg38_genes_promoters	1.6453857234525584e-07	5.488826963083067	-1
chr5	6745077	6745654	-0.023687	12	0.78625	0.80994	TENT4A	hg38_genes_promoters	0.020819655024364	1.3854207444484266	0
chr5	14487782	14488032	0.042861	36	0.85856	0.81569	TRIO	hg38_genes_promoters	4.318387252381507e-13	10.457912525256033	1
chr5	6707608	6708123	-0.052911	10	0.6763	0.72921	LINC02102	hg38_genes_promoters	0.0563917980871913	1.0476253313078825	0
chr5	4866767	4867072	0.024421	16	0.85287	0.82845	LOC107986400	hg38_genes_promoters	0.0006998888694715	2.5248113733705666	0
chr5	4866332	4866458	-0.025274	15	0.8062	0.83147	LOC105374629	hg38_genes_promoters	0.0002343570734439	2.903768677221636	0
chr5	4866332	4866458	-0.025274	15	0.8062	0.83147	LOC107986400	hg38_genes_promoters	0.0002343570734439	2.903768677221636	0
chr5	4866235	4866329	-0.016398	14	0.81586	0.83226	LOC105374629	hg38_genes_promoters	0.005391773640609	1.8349894293218705	0
chr5	4866235	4866329	-0.016398	14	0.81586	0.83226	LOC107986400	hg38_genes_promoters	0.005391773640609	1.8349894293218705	0
chr5	3594777	3594833	-0.010316	10	0.015	0.025316	IRX1	hg38_genes_promoters	0.0001600341921752	3.0335955361219304	0
chr5	2751187	2751339	-0.010639	29	0.019379	0.030018	C5orf38	hg38_genes_promoters	2.0301482400873985e-08	6.2525739798452875	-1
chr5	1930608	1930724	-0.017762	10	0.0369	0.054662	LOC105374616	hg38_genes_promoters	0.0198135451565919	1.4013613833143594	0
chr5	5033617	5034254	-0.016358	10	0.7328	0.74916	LINC01020	hg38_genes_promoters	0.2454808858439092	0.5438306007474568	0
chr5	66209820	66210480	-0.04568	10	0.6926	0.73828	LINC02065	hg38_genes_promoters	0.008413749156056	1.6868900747868365	0
chr5	1881999	1882094	-0.0296	10	0.1154	0.145	IRX4	hg38_genes_promoters	0.0053991485450781	1.8345417610898258	0
chr5	66958793	66959260	-0.077569	10	0.4481	0.52567	MAST4	hg38_genes_promoters	0.0017494708069322	2.2114884057596575	0
chr5	132073022	132073903	0.023134	13	0.70815	0.68502	CSF2	hg38_genes_promoters	0.037325699385151	1.1859676367155911	0
chr5	131974977	131975436	0.029795	10	0.7849	0.75511	ACSL6	hg38_genes_promoters	0.0208910481305921	1.3841468812030384	0
chr5	131945604	131945729	0.016255	13	0.83269	0.81644	MEIKIN	hg38_genes_promoters	0.1885294252437507	0.6356846666781227	0
chr5	128538123	128538228	-0.011235	15	0.0060667	0.017301	FBN2	hg38_genes_promoters	5.51806317235637e-09	6.745899123187132	-1
chr5	127966572	127966689	-0.065316	10	0.7988	0.86412	LINC01184	hg38_genes_promoters	2.5891793780091542e-14	11.560885563397916	-1
chr5	127290612	127290696	-0.0123	10	0.0147	0.027	LOC105379199	hg38_genes_promoters	0.0072003283295583	1.7381723379893976	0
chr5	127290612	127290696	-0.0123	10	0.0147	0.027	MEGF10	hg38_genes_promoters	0.0072003283295583	1.7381723379893976	0
chr5	127073460	127073535	-0.015603	11	0.052818	0.068421	C5orf63	hg38_genes_promoters	0.593759070311945	0.21598469892709463	0
chr5	126593799	126594382	-0.02829	13	0.59131	0.6196	ALDH7A1	hg38_genes_promoters	0.5994706610127198	0.21204750502901262	0
chr5	124749028	124749573	-0.011206	13	0.047462	0.058667	ZNF608	hg38_genes_promoters	0.9839400912105508	0.006546609719529867	0
chr5	124394891	124395388	-0.038403	10	0.7084	0.7468	LINC01170	hg38_genes_promoters	0.0274672778063124	1.2897011284355009	0
chr5	123099266	123099454	-0.010968	10	0.0214	0.032368	PRDM6	hg38_genes_promoters	0.0100826588322557	1.6279813715105476	0
chr5	122310857	122311199	-0.026479	10	0.7091	0.73558	SNCAIP	hg38_genes_promoters	0.0635168009148929	1.006849657924224	0
chr5	118973671	118973750	0.040899	13	0.89446	0.85356	MIR1244-2	hg38_genes_promoters	0.0007828463841902	2.4871353695409577	0
chr5	116573823	116573936	-0.010519	15	0.011867	0.022386	SEMA6A-AS2	hg38_genes_promoters	0.0001184220676567	3.135744647777359	0
chr5	116495395	116495968	-0.041189	10	0.7006	0.74179	SEMA6A	hg38_genes_promoters	0.0028492679644283	2.045381485358068	0
chr5	116446502	116446829	0.020698	19	0.88147	0.86078	SEMA6A-AS1	hg38_genes_promoters	0.0008012403852297	2.480173522660801	0
chr5	132386703	132387259	-0.045231	10	0.2917	0.33693	SLC22A5	hg38_genes_promoters	0.3750377930188336	0.3919561161277866	0
chr5	115841961	115842070	0.014154	13	0.26	0.24585	AP3S1	hg38_genes_promoters	0.0702316901591653	0.9726126227081516	0
chr5	132387806	132388814	-0.025186	10	0.516	0.54119	SLC22A5	hg38_genes_promoters	0.2510933909245794	0.5356959630690783	0
chr5	132761357	132761590	0.012768	10	0.8344	0.82163	SEPTIN8	hg38_genes_promoters	0.515574116100477	0.27114039077479735	0
chr5	66788736	66788810	0.015363	10	0.8341	0.81874	MAST4	hg38_genes_promoters	0.132864616185436	0.7598282935598619	0
chr5	137889214	137889345	0.01513	11	0.050455	0.035325	PKD2L2	hg38_genes_promoters	0.0251767639326057	1.3199163235200009	0
chr5	137735693	137736099	-0.0122	10	0.0228	0.035	KLHL3	hg38_genes_promoters	0.0035932202758674	1.968309038323894	0
chr5	137629102	137630149	-0.019889	10	0.3429	0.36279	KLHL3	hg38_genes_promoters	0.5162371817551988	0.2707005503522626	0
chr5	137598878	137599097	-0.014132	10	0.7905	0.80463	SPOCK1	hg38_genes_promoters	0.1308446811423591	0.7641510019536149	0
chr5	137498549	137498605	0.011874	10	0.0514	0.039526	SPOCK1	hg38_genes_promoters	0.0581166090746039	1.0377370649508963	0
chr5	136079901	136080957	-0.097934	55	0.32107	0.41901	VTRNA2-1	hg38_genes_promoters	3.616418815627815e-14	11.421446115492301	-1
chr5	135654327	135655074	0.018795	10	0.8249	0.80611	SLC25A48-AS1	hg38_genes_promoters	0.3252268505047966	0.44401347598150753	0
chr5	135399963	135400997	-0.012753	22	0.35845	0.37121	MACROH2A1	hg38_genes_promoters	0.4102988637956848	0.35842574539374605	0
chr5	135399749	135399959	0.017997	10	0.084	0.066003	MACROH2A1	hg38_genes_promoters	0.2224844551018988	0.5776933604229753	0
chr5	135350834	135351058	-0.019036	10	0.8518	0.87084	MACROH2A1	hg38_genes_promoters	0.003279506672151	1.9983930634221614	0
chr5	135040022	135040557	-0.012956	24	0.046625	0.059581	EPIST	hg38_genes_promoters	0.0003706446051687	2.746732763907024	0
chr5	134460532	134461126	-0.012836	10	0.81	0.82284	LOC102546229	hg38_genes_promoters	0.2425488353442412	0.5476720799750903	0
chr5	134139710	134140248	0.011174	10	0.8707	0.85953	TCF7	hg38_genes_promoters	0.1388874825624815	0.7447103601511272	0
chr5	133251901	133252853	-0.016512	17	0.67653	0.69304	FSTL4	hg38_genes_promoters	0.159031955575101	0.6974544155065426	0
chr5	132934280	132934887	-0.019076	14	0.85636	0.87543	AFF4	hg38_genes_promoters	0.0004111548488061	2.7122248045310466	0
chr5	132777781	132777845	-0.011716	10	0.0216	0.033316	SEPTIN8	hg38_genes_promoters	0.0073297047530535	1.732074433422585	0
chr5	132673418	132674313	-0.021464	10	0.7473	0.76876	IL4	hg38_genes_promoters	0.0493768960198879	1.0924837251132615	0
chr5	115841961	115842070	0.014154	13	0.26	0.24585	ATG12	hg38_genes_promoters	0.0702316901591653	0.9726126227081516	0
chr5	135389020	135389258	-0.016675	10	0.7872	0.80388	MACROH2A1	hg38_genes_promoters	0.0354130799143355	1.2033208797646118	0
chr5	115602629	115602943	-0.023397	10	0.3042	0.3276	TICAM2	hg38_genes_promoters	0.4813185633192612	0.29740501303402417	0
chr5	79068990	79069505	-0.042384	10	0.2328	0.27518	BHMT2	hg38_genes_promoters	0.0297591914313087	1.2616816107149513	0
chr5	77957783	77958256	-0.015304	33	0.03303	0.048334	LOC101929154	hg38_genes_promoters	9.951239412995e-06	4.013911466122842	0
chr5	77957568	77957772	-0.030136	12	0.090083	0.12022	LOC101929154	hg38_genes_promoters	0.0026085035255477	2.0754770069640447	0
chr5	77639385	77639502	-0.015116	10	0.0732	0.088316	OTP	hg38_genes_promoters	0.0551258721821936	1.0560291535140174	0
chr5	77087623	77088196	-0.021162	10	0.0363	0.057462	ZBED3-AS1	hg38_genes_promoters	0.0278073395762255	1.2860637718659509	0
chr5	77087623	77088196	-0.021162	10	0.0363	0.057462	ZBED3	hg38_genes_promoters	0.0278073395762255	1.2860637718659509	0
chr5	76083186	76083223	-0.010805	10	0.0123	0.023105	SV2C	hg38_genes_promoters	0.0007123145608449	2.5188584964438565	0
chr5	75685262	75685393	-0.025353	10	0.8627	0.88805	POC5	hg38_genes_promoters	0.0002873285701091	2.8348845654177848	0
chr5	74866882	74867136	-0.023384	10	0.0923	0.11568	FAM169A	hg38_genes_promoters	0.0792559548446322	0.9317923741958061	0
chr5	74865328	74865434	-0.04599	10	0.2911	0.33709	LOC441086	hg38_genes_promoters	0.0064983075498469	1.7737524570439585	0
chr5	73812587	73813603	-0.019948	15	0.6416	0.66155	ARHGEF28	hg38_genes_promoters	0.4550959755134605	0.3190763105057806	0
chr5	115814113	115814954	-0.034141	13	0.67262	0.70676	CDO1	hg38_genes_promoters	0.0580584123795596	1.0380447474087855	0
chr5	73150506	73152026	-0.042591	20	0.6982	0.74079	LOC105379030	hg38_genes_promoters	0.0277090325999414	1.2867996420497536	0
chr5	71719368	71719598	-0.018954	16	0.076375	0.095329	CARTPT	hg38_genes_promoters	0.0001916929724351	2.971995920987813	0
chr5	79069525	79069629	-0.020767	14	0.0095714	0.030338	BHMT2	hg38_genes_promoters	4.185114298585519e-06	4.328255677445461	0
chr5	79069525	79069629	-0.020767	14	0.0095714	0.030338	DMGDH	hg38_genes_promoters	4.185114298585519e-06	4.328255677445461	0
chr5	75611461	75611534	-0.019295	10	0.0406	0.059895	ANKDD1B	hg38_genes_promoters	0.0024752350830238	2.0935436651243404	0
chr5	102498657	102498782	0.0132	10	0.8622	0.849	SLCO6A1	hg38_genes_promoters	0.0625740749373298	1.0120907013947795	0
chr5	110726626	110727079	-0.07548	14	0.27521	0.35069	TMEM232	hg38_genes_promoters	0.0010676362702563	2.381619543083787	0
chr5	103562448	103563191	0.028705	33	0.069818	0.041113	NUDT12	hg38_genes_promoters	5.624769491562474e-10	7.626430609818301	1
chr5	96433226	96433367	-0.020005	10	0.0671	0.087105	PCSK1	hg38_genes_promoters	0.070104752575749	0.9730716218609029	0
chr5	113488813	113489089	-0.044053	10	0.322	0.36605	MCC	hg38_genes_promoters	0.0839123436188869	0.9132314812311989	0
chr5	95962249	95962490	0.014358	12	0.036917	0.022559	ELL2	hg38_genes_promoters	0.0001087717024899	3.1639281539630963	0
chr5	95861410	95861772	-0.021992	12	0.02075	0.042742	LOC105379091	hg38_genes_promoters	0.0857115061795696	0.9061854309407902	0
chr5	115602629	115602943	-0.023397	10	0.3042	0.3276	TICAM2-AS1	hg38_genes_promoters	0.4813185633192612	0.29740501303402417	0
chr5	113203430	113203607	-0.017508	10	0.8055	0.82301	MCC	hg38_genes_promoters	0.0189313336251641	1.4165901957385114	0
chr5	93583003	93583255	-0.012049	12	0.04725	0.059299	NR2F1	hg38_genes_promoters	0.2931823045438828	0.4811255463582462	0
chr5	91380024	91380116	0.011253	10	0.0117	0.00044665	ARRDC3	hg38_genes_promoters	1.1293631445339837e-20	17.471764263686573	1
chr5	88883219	88883251	-0.016053	10	0.0039	0.019953	MEF2C	hg38_genes_promoters	1.8845439977909889e-07	5.441277119631493	-1
chr5	88883219	88883251	-0.016053	10	0.0039	0.019953	MEF2C-AS1	hg38_genes_promoters	1.8845439977909889e-07	5.441277119631493	-1
chr5	81344574	81344992	-0.025507	10	0.8429	0.86841	ACOT12	hg38_genes_promoters	0.0003829603006387	2.736937925335945	0
chr5	81254827	81255035	-0.015432	10	0.8562	0.87163	CKMT2	hg38_genes_promoters	0.0198639469385892	1.400581362169958	0
chr5	81233306	81233619	-0.028632	17	0.072824	0.10146	CKMT2	hg38_genes_promoters	2.454182384856072e-08	6.181893771462755	-1
chr5	80078011	80078244	0.011215	12	0.87275	0.86154	THBS4	hg38_genes_promoters	0.0982503540205057	0.8615291896904808	0
chr5	80035040	80035174	-0.013965	10	0.0362	0.050165	THBS4	hg38_genes_promoters	0.0012268049803841	2.3328381835056073	0
chr5	91380024	91380116	0.011253	10	0.0117	0.00044665	ARRDC3-AS1	hg38_genes_promoters	1.1293631445339837e-20	17.471764263686573	1
chr5	79111802	79111943	-0.01921	13	0.087385	0.10659	BHMT	hg38_genes_promoters	0.0353769464367487	1.2035738386630157	0
chr6	138107364	138107430	-0.012873	12	0.042917	0.055789	PERP	hg38_genes_promoters	0.0543104890739567	1.061383701496919	0
chr6	136526233	136526609	-0.030763	12	0.037417	0.06818	MAP7	hg38_genes_promoters	2.6304884277529507e-05	3.6674509355843243	0
chr6	134177829	134178203	-0.015709	10	0.1545	0.17021	SGK1	hg38_genes_promoters	0.1338277791770379	0.7575357433614326	0
chr6	134176091	134176549	-0.019917	32	0.015094	0.035011	SGK1	hg38_genes_promoters	9.403243401378344e-17	13.732740289285157	-1
chr6	151341618	151341727	0.03714	12	0.8635	0.82636	AKAP12	hg38_genes_promoters	2.0191355393592688e-08	6.253451488917458	1
chr6	133889405	133889559	-0.01478	10	0.0571	0.07188	TARID	hg38_genes_promoters	0.0238382933055096	1.3388979206550848	0
chr6	131250205	131250529	-0.014514	10	0.0167	0.031214	AKAP7	hg38_genes_promoters	0.0011021248107892	2.370941771198136	0
chr6	130869364	130869999	-0.011264	14	0.83321	0.84448	EPB41L2	hg38_genes_promoters	0.0202774426194667	1.3938903660270692	0
chr6	127519295	127519503	0.011628	12	0.045417	0.033788	C6orf58	hg38_genes_promoters	0.0019259844148766	2.1805722534453693	0
chr6	138691545	138692012	-0.116447	13	0.31092	0.42737	FLJ46906	hg38_genes_promoters	9.230874354161649e-06	4.039498821547954	0
chr6	127519295	127519503	0.011628	12	0.045417	0.033788	SOGA3	hg38_genes_promoters	0.0019259844148766	2.1805722534453693	0
chr6	127518390	127518741	-0.011443	12	0.088167	0.09961	C6orf58	hg38_genes_promoters	0.3911981474445047	0.37670851170843117	0
chr6	133892938	133893009	-0.015021	10	0.0584	0.073421	TARID	hg38_genes_promoters	0.1094918499948992	0.8251457593365835	0
chr6	138795830	138795943	-0.017747	10	0.1122	0.12995	ECT2L	hg38_genes_promoters	0.1171433365699961	0.8025229820926572	0
chr6	146598988	146599135	-0.018368	10	0.023	0.041368	ADGB	hg38_genes_promoters	4.848626857215932e-05	3.449008032844029	0
chr6	139473347	139473691	-0.023981	11	0.58927	0.61325	LINC01625	hg38_genes_promoters	0.2396417095143993	0.5519981692975852	0
chr6	142301347	142301517	-0.010345	12	0.0044167	0.014762	ADGRG6	hg38_genes_promoters	0.0001362063672224	3.088081760384862	0
chr6	144008229	144008427	-0.035786	27	0.42622	0.46201	PLAGL1	hg38_genes_promoters	4.806160439172264e-07	5.1051627950614815	-1
chr6	144008229	144008427	-0.035786	27	0.42622	0.46201	HYMAI	hg38_genes_promoters	4.806160439172264e-07	5.1051627950614815	-1
chr6	144096222	144096357	-0.026105	10	0.062	0.088105	SF3B5	hg38_genes_promoters	0.0595569359514816	1.0292648831143982	0
chr6	146598988	146599135	-0.018368	10	0.023	0.041368	ADGB-DT	hg38_genes_promoters	4.848626857215932e-05	3.449008032844029	0
chr6	149032416	149033241	-0.026925	10	0.551	0.57793	UST-AS2	hg38_genes_promoters	0.5971385949709476	0.21368518602308045	0
chr6	149749512	149749591	0.017826	10	0.0403	0.022474	PCMT1	hg38_genes_promoters	9.626282159686883e-05	3.2063379615316383	0
chr6	150025749	150026012	0.015349	20	0.039	0.023651	RAET1L	hg38_genes_promoters	8.154746517937694e-07	4.9150209095852375	0
chr6	150069543	150069821	-0.02612	10	0.1555	0.18162	ULBP3	hg38_genes_promoters	0.0072518705613335	1.7357571257561883	0
chr6	150368781	150369245	-0.018359	10	0.7754	0.79376	IYD	hg38_genes_promoters	0.091080762226805	0.8858261923383756	0
chr6	124963386	124963753	-0.020732	11	0.018182	0.038914	RNF217-AS1	hg38_genes_promoters	5.3753369476561874e-06	4.234984690448525	0
chr6	151325401	151325626	-0.017083	16	0.020812	0.037896	AKAP12	hg38_genes_promoters	0.3728910759272544	0.3940997683488333	0
chr6	139262601	139263083	0.038092	10	0.6215	0.58341	TXLNB	hg38_genes_promoters	0.2025520616326025	0.6112788187776584	0
chr6	122779043	122779581	0.03749	12	0.65592	0.61843	FABP7	hg38_genes_promoters	0.0902237586491495	0.8891922989455742	0
chr6	104940450	104940493	-0.023574	10	0.0839	0.10747	LIN28B	hg38_genes_promoters	0.0014127959823457	2.2820094055061126	0
chr6	116876516	116876731	0.015405	10	0.0633	0.047895	RFX6	hg38_genes_promoters	0.0061062321341445	1.7926141499741903	0
chr6	79947738	79947875	-0.018143	12	0.025	0.043143	ELOVL4	hg38_genes_promoters	0.0001593669920353	3.034819388870102	0
chr6	151803477	151804033	-0.026999	10	0.8288	0.8558	ESR1	hg38_genes_promoters	0.0002251859592412	2.9170734947389083	0
chr6	85678677	85678772	-0.01089	10	0.0012679	0.012158	SNHG5	hg38_genes_promoters	2.353124284933409e-07	5.362070681522136	-1
chr6	85678677	85678772	-0.01089	10	0.0012679	0.012158	SNORD50A	hg38_genes_promoters	2.353124284933409e-07	5.362070681522136	-1
chr6	85678677	85678772	-0.01089	10	0.0012679	0.012158	SNX14	hg38_genes_promoters	2.353124284933409e-07	5.362070681522136	-1
chr6	87152053	87152105	-0.010522	12	0.0015833	0.012105	ZNF292	hg38_genes_promoters	4.7159395952487885e-14	11.322755863712247	-1
chr6	88047649	88047898	0.038386	40	0.57367	0.53529	SPACA1	hg38_genes_promoters	1.503799056192507e-07	5.520156524409158	1
chr6	89118101	89118214	0.011631	13	0.026825	0.015195	SRSF12	hg38_genes_promoters	0.0363755457984979	1.1949935589587737	0
chr6	89217728	89218276	-0.024899	10	0.5	0.5249	GABRR1	hg38_genes_promoters	0.2822675665008231	0.4934030912006892	0
chr6	89504157	89504414	-0.01023	12	0.89333	0.90356	ANKRD6	hg38_genes_promoters	0.0027211621011222	2.0609130429671954	0
chr6	89562455	89562773	0.011747	10	0.8288	0.81705	ANKRD6	hg38_genes_promoters	0.4566811332559768	0.31773640238369283	0
chr6	90297682	90298236	-0.027523	10	0.7514	0.77892	BACH2	hg38_genes_promoters	0.0232268874306258	1.3473791503066324	0
chr6	93417438	93417634	-0.011295	10	0.0066	0.017895	EPHA7	hg38_genes_promoters	0.0048798901468639	1.865872156591936	0
chr6	104940450	104940493	-0.023574	10	0.0839	0.10747	LIN28B-AS1	hg38_genes_promoters	0.0014127959823457	2.2820094055061126	0
chr6	105137408	105137550	-0.011479	13	0.018769	0.030248	BVES	hg38_genes_promoters	0.9896370765318296	0.004200946604768871	0
chr6	105137408	105137550	-0.011479	13	0.018769	0.030248	BVES-AS1	hg38_genes_promoters	0.9896370765318296	0.004200946604768871	0
chr6	105137573	105137887	-0.021295	23	0.13978	0.16108	BVES-AS1	hg38_genes_promoters	0.0112494024532874	1.5904230790657246	0
chr6	105137573	105137887	-0.021295	23	0.13978	0.16108	BVES	hg38_genes_promoters	0.0112494024532874	1.5904230790657246	0
chr6	107745035	107745444	-0.013633	12	0.86183	0.87547	SCML4	hg38_genes_promoters	0.0061519598559507	1.7903408631669966	0
chr6	108847776	108848015	-0.014483	10	0.192	0.20648	ARMC2	hg38_genes_promoters	0.5796453799420197	0.22516262871924694	0
chr6	108924565	108924957	-0.016884	10	0.8578	0.87468	ARMC2-AS1	hg38_genes_promoters	0.0063090763883001	1.7827651915691358	0
chr6	109236474	109236747	-0.050631	10	0.3741	0.42473	CCDC162P	hg38_genes_promoters	0.0307553040250888	1.250146414777172	0
chr6	109465874	109466443	-0.017633	10	0.8615	0.87913	MICAL1	hg38_genes_promoters	0.0114129626097173	1.586064069048624	0
chr6	110179210	110179266	-0.017329	10	0.004	0.021329	CDC40	hg38_genes_promoters	3.3416990154829698e-06	4.414984797710406	0
chr6	110476794	110476912	-0.025149	13	0.10977	0.13492	SLC22A16	hg38_genes_promoters	0.0736455910116462	0.9567889029735873	0
chr6	111759472	111759785	-0.042992	10	0.4845	0.52749	FYN	hg38_genes_promoters	0.0825787678074233	0.9178324739328864	0
chr6	111760286	111760891	-0.021986	11	0.46136	0.48335	FYN	hg38_genes_promoters	0.4150981600208296	0.3540644255397061	0
chr6	116462154	116462292	0.013064	23	0.022652	0.0095881	CALHM6	hg38_genes_promoters	1.7001607809729158e-07	5.478694168391777	1
chr6	116462300	116462467	0.022656	23	0.040609	0.017953	CALHM6	hg38_genes_promoters	1.3069532134255134e-07	5.570260136582289	1
chr6	118574403	118574883	-0.02127	12	0.879	0.90027	CEP85L	hg38_genes_promoters	0.0001461316920489	3.063940396818041	0
chr6	154832357	154833033	-0.024201	16	0.839	0.8632	TIAM2	hg38_genes_promoters	0.0001410270480525	3.075995625766634	0
chr6	168001422	168001720	0.038208	14	0.79914	0.76094	KIF25	hg38_genes_promoters	0.006052391772	1.7948943752364832	0
chr6	157148644	157149008	-0.018786	14	0.82693	0.84571	ARID1B	hg38_genes_promoters	0.0004216017254184	2.703354890382461	0
chr6	167383455	167383704	0.021879	10	0.7753	0.75342	TCP10L3	hg38_genes_promoters	0.0545062380613686	1.0603371999878837	0
chr6	167931807	167932571	-0.017187	12	0.80992	0.8271	AFDN	hg38_genes_promoters	0.030689206767089	1.2507649961593823	0
chr6	167996679	167997127	-0.059414	18	0.35703	0.41645	KIF25	hg38_genes_promoters	0.0263855354322172	1.3038190251336024	0
chr6	167996679	167997127	-0.059414	18	0.35703	0.41645	KIF25-AS1	hg38_genes_promoters	0.0263855354322172	1.3038190251336024	0
chr6	168029644	168030141	-0.022979	10	0.5126	0.53558	KIF25	hg38_genes_promoters	0.536985046306978	0.25522417103455264	0
chr6	168035123	168035230	0.025884	10	0.5102	0.48432	KIF25	hg38_genes_promoters	0.4134582014317898	0.355668836320848	0
chr6	168075760	168075888	-0.014642	10	0.8622	0.87684	FRMD1	hg38_genes_promoters	0.0178012261122878	1.4376185493819085	0
chr6	168101544	168101597	-0.025555	10	0.0234	0.048955	FRMD1	hg38_genes_promoters	0.0002417231590527	2.8940392033398394	0
chr6	168241905	168242707	-0.014662	12	0.82358	0.83825	LOC101929420	hg38_genes_promoters	0.0765396683892701	0.9441473637512524	0
chr6	168302711	168303416	-0.018114	10	0.7361	0.75421	LOC105378138	hg38_genes_promoters	0.2306533831940544	0.565393871717411	0
chr6	168320663	168321082	-0.016594	11	0.80155	0.81814	DACT2	hg38_genes_promoters	0.7200101423491334	0.13789838769090204	0
chr6	169066985	169067445	-0.025138	10	0.7888	0.81394	LOC102724357	hg38_genes_promoters	0.0899732967826038	0.8900914607988492	0
chr6	169162827	169163250	0.015453	10	0.8174	0.80195	LINC01615	hg38_genes_promoters	0.1687570011226072	0.6766751722094371	0
chr6	169214350	169214452	-0.019742	10	0.8511	0.87084	LOC101929523	hg38_genes_promoters	0.0079443841383889	1.7051192663404606	0
chr6	169237841	169238404	-0.017519	12	0.78625	0.80377	THBS2	hg38_genes_promoters	0.0022066446569807	2.1324188425788053	0
chr6	169252056	169252472	0.053351	12	0.30133	0.24798	THBS2	hg38_genes_promoters	0.0275323793269407	1.2888741128655987	0
chr6	169252610	169252918	-0.029055	10	0.0765	0.10556	THBS2	hg38_genes_promoters	0.0849835193362109	0.9092084582777142	0
chr6	169253766	169253857	-0.026116	10	0.0522	0.078316	THBS2	hg38_genes_promoters	0.0263486627185025	1.304140436910313	0
chr6	169254507	169254779	-0.033034	14	0.11621	0.14925	THBS2	hg38_genes_promoters	0.0131306220129972	1.5409146282891246	0
chr6	169388968	169389630	-0.01628	12	0.77992	0.7962	LINC02519	hg38_genes_promoters	0.0586528076290266	1.034300080266519	0
chr6	169661023	169661490	0.010469	12	0.84025	0.82978	WDR27	hg38_genes_promoters	0.278778734922541	0.4975167195018054	0
chr6	169667716	169667848	0.020026	10	0.8455	0.82547	WDR27	hg38_genes_promoters	0.0315897727183255	1.2411683823726918	0
chr6	169670919	169671567	-0.017837	10	0.8559	0.87374	WDR27	hg38_genes_promoters	0.004630650179824	1.8831982493697461	0
chr6	170160521	170160627	0.024789	10	0.7135	0.68871	LOC102724511	hg38_genes_promoters	0.0419896312244019	1.1458703916871444	0
chr6	170160521	170160627	0.024789	10	0.7135	0.68871	LOC105378153	hg38_genes_promoters	0.0419896312244019	1.1458703916871444	0
chr6	170262498	170262706	0.075272	15	0.48707	0.41179	LOC154449	hg38_genes_promoters	2.589221493116328e-05	3.6724311286675757	0
chr6	170271975	170272277	-0.01393	19	0.054947	0.068877	LINC01624	hg38_genes_promoters	0.0001453568754519	3.065931182900562	0
chr6	73452165	73452340	0.010405	10	0.0163	0.0058947	CGAS	hg38_genes_promoters	2.507672777861418e-06	4.517437474153765	0
chr6	167375872	167376127	-0.013301	10	0.7631	0.7764	TCP10L3	hg38_genes_promoters	0.3740601410801115	0.3929644981191048	0
chr6	167290977	167291798	-0.040449	10	0.41	0.45045	UNC93A	hg38_genes_promoters	0.2250504657235725	0.5736546654074243	0
chr6	167241796	167241986	-0.058665	13	0.56838	0.62705	LOC102725048	hg38_genes_promoters	0.00080539697594	2.478814941507689	0
chr6	167241021	167241302	0.022884	10	0.8412	0.81832	LOC102725048	hg38_genes_promoters	0.004775376270416	1.8734833707350962	0
chr6	157541592	157542126	-0.021879	10	0.7657	0.78758	ZDHHC14	hg38_genes_promoters	0.0215138484933234	1.3742168439956366	0
chr6	157592483	157592920	0.028364	14	0.82943	0.80106	ZDHHC14	hg38_genes_promoters	0.0048441552591175	1.8686132451712802	0
chr6	157592923	157593142	0.017061	13	0.85123	0.83417	ZDHHC14	hg38_genes_promoters	0.0178670469006767	1.436346747826287	0
chr6	157629337	157629675	-0.039708	10	0.0827	0.12241	ZDHHC14	hg38_genes_promoters	0.0020351683623213	2.161894593164626	0
chr6	158017039	158017353	0.014484	15	0.8228	0.80832	SYNJ2	hg38_genes_promoters	0.0702918874715929	0.9723221642734876	0
chr6	158648942	158649624	0.011403	10	0.7436	0.7322	SYTL3	hg38_genes_promoters	0.3177944116404745	0.4522339960752543	0
chr6	158765658	158765860	-0.023948	10	0.8381	0.86205	MIR3918	hg38_genes_promoters	0.0054183261617475	1.8334394693847578	0
chr6	158819781	158820429	-0.020816	10	0.6215	0.64232	EZR	hg38_genes_promoters	0.2348282497731598	0.5591243108082287	0
chr6	158869015	158869406	0.017614	10	0.5225	0.50489	LINC02901	hg38_genes_promoters	0.6588449455027872	0.17405255112037954	0
chr6	159168668	159168842	-0.0121	10	0.0689	0.081	FNDC1	hg38_genes_promoters	0.3360640078698377	0.43274477621134694	0
chr6	159761151	159761493	0.010563	12	0.13592	0.12535	ACAT2	hg38_genes_promoters	0.5024776020785051	0.2814191051029167	0
chr6	160060384	160060676	-0.017629	12	0.86675	0.88438	IGF2R	hg38_genes_promoters	0.0432618820809308	1.1353738531643618	0
chr6	160096428	160096575	0.030216	10	0.8712	0.84098	IGF2R	hg38_genes_promoters	0.0005066641290812	2.6375697607256217	0
chr6	160277562	160277819	-0.034669	14	0.79229	0.82695	SLC22A2	hg38_genes_promoters	5.868089989055685e-07	5.034808860410392	-1
chr6	155216766	155217037	-0.041484	10	0.4702	0.51168	TIAM2	hg38_genes_promoters	0.1088988688087637	0.8270627535730375	0
chr6	160347416	160347632	0.074996	13	0.74585	0.67085	SLC22A3	hg38_genes_promoters	1.616401970851392e-09	7.217123199076079	1
chr6	160737659	160738326	-0.01436	10	0.7038	0.71816	PLG	hg38_genes_promoters	0.3139881130442432	0.4565390882554838	0
chr6	160926162	160926334	0.016274	10	0.8188	0.80253	LOC105378093	hg38_genes_promoters	0.1318725446992787	0.7619548395340123	0
chr6	160926162	160926334	0.016274	10	0.8188	0.80253	LOC102724087	hg38_genes_promoters	0.1318725446992787	0.7619548395340123	0
chr6	162728109	162728440	-0.033836	10	0.3763	0.41014	PRKN	hg38_genes_promoters	0.2214040154455874	0.5794064028001574	0
chr6	163054110	163054762	0.015555	12	0.8305	0.81495	PACRG-AS2	hg38_genes_promoters	0.3893829646141677	0.37842552044766176	0
chr6	165988890	165989024	-0.011179	10	0.0254	0.036579	PDE10A	hg38_genes_promoters	0.0389421102586377	1.1719454757526082	0
chr6	165988890	165989024	-0.011179	10	0.0254	0.036579	LINC00473	hg38_genes_promoters	0.0389421102586377	1.1719454757526082	0
chr6	166460153	166460742	-0.029378	10	0.8082	0.83758	RPS6KA2	hg38_genes_promoters	0.0806609054560005	0.926222461313098	0
chr6	166757825	166758163	-0.020407	10	0.2938	0.31421	RPS6KA2	hg38_genes_promoters	0.2692433424851924	0.5102915010317008	0
chr6	166758281	166758689	-0.036497	12	0.64992	0.68641	RPS6KA2	hg38_genes_promoters	0.0229139786189444	1.3522269375694653	0
chr6	166903120	166903548	-0.013249	11	0.84264	0.85589	RPS6KA2-AS1	hg38_genes_promoters	0.0733879967484736	0.9582298752995733	0
chr6	166903594	166903797	-0.03372	10	0.8072	0.84092	RPS6KA2-AS1	hg38_genes_promoters	0.0003390811322992	2.7756506401427177	0
chr6	167241021	167241302	0.022884	10	0.8412	0.81832	LOC102724220	hg38_genes_promoters	0.004775376270416	1.8734833707350962	0
chr6	160730012	160730461	-0.012342	10	0.7634	0.77574	PLG	hg38_genes_promoters	0.105235694405871	0.8380041331651343	0
chr6	73394977	73395213	0.019734	17	0.69624	0.6765	OOEP	hg38_genes_promoters	0.1148771167192529	0.809176225817781	0
chr6	106098500	106099003	0.032357	13	0.427	0.39464	PRDM1	hg38_genes_promoters	0.2493246639725228	0.538380538297434	0
chr6	70280564	70280817	-0.016026	10	0.4797	0.49573	COL9A1	hg38_genes_promoters	0.553886449135729	0.24302012328228773	0
chr6	18122836	18123074	-0.060095	10	0.5888	0.64889	NHLRC1	hg38_genes_promoters	0.0001074303887553	3.167957637540886	0
chr6	19804907	19804976	-0.016745	13	0.002	0.018745	LOC105374959	hg38_genes_promoters	5.517581922173373e-10	7.632518687647894	-1
chr6	19804907	19804976	-0.016745	13	0.002	0.018745	LOC107986575	hg38_genes_promoters	5.517581922173373e-10	7.632518687647894	-1
chr6	19804907	19804976	-0.016745	13	0.002	0.018745	LNC-LBCS	hg38_genes_promoters	5.517581922173373e-10	7.632518687647894	-1
chr6	19804979	19805173	-0.014107	22	0.0070909	0.021198	LOC105374959	hg38_genes_promoters	0.254065881553969	0.5315205408926421	0
chr6	19804979	19805173	-0.014107	22	0.0070909	0.021198	LNC-LBCS	hg38_genes_promoters	0.254065881553969	0.5315205408926421	0
chr6	19804979	19805173	-0.014107	22	0.0070909	0.021198	LOC107986575	hg38_genes_promoters	0.254065881553969	0.5315205408926421	0
chr6	24357587	24357663	-0.039747	10	0.1462	0.18595	DCDC2	hg38_genes_promoters	4.89089717036054e-05	3.445632897424392	0
chr6	25652176	25652445	-0.011509	24	0.056583	0.068092	SCGN	hg38_genes_promoters	0.0233439177406076	1.3455087509875723	0
chr6	25726310	25726475	-0.030752	12	0.81542	0.84617	H2BC1	hg38_genes_promoters	0.0009591056647585	2.420358683390312	0
chr6	25881979	25882566	0.104837	32	0.53772	0.43288	SLC17A3	hg38_genes_promoters	1.389378363852483e-13	10.90945497125674	1
chr6	26107529	26108144	0.010621	18	0.87528	0.86466	H1-6	hg38_genes_promoters	0.0668646922058382	0.9891881044232278	0
chr6	26422612	26423558	-0.014108	17	0.85847	0.87258	BTN2A3P	hg38_genes_promoters	7.930950102842552e-05	3.2777696937805967	0
chr6	26448242	26448754	-0.016643	10	0.8462	0.86284	BTN3A3	hg38_genes_promoters	0.0200554431995571	1.397168161292471	0
chr6	26659580	26659703	-0.0369	10	0.0351	0.072	ZNF322	hg38_genes_promoters	8.559718177265121e-09	6.585656281019901	-1
chr6	27146674	27146769	-0.062005	10	0.1231	0.18511	H2AC12	hg38_genes_promoters	0.0015801291804569	2.2455643697179175	0
chr6	27146674	27146769	-0.062005	10	0.1231	0.18511	MIR3143	hg38_genes_promoters	0.0015801291804569	2.2455643697179175	0
chr6	27472179	27472465	0.016995	10	0.0561	0.039105	LOC105375001	hg38_genes_promoters	0.0151581533203049	1.493755126362134	0
chr6	27864371	27864468	0.034667	10	0.1339	0.099233	H2AC16	hg38_genes_promoters	0.0084090170686241	1.6868900747868365	0
chr6	28091051	28091140	-0.032884	10	0.1688	0.20168	ZSCAN12P1	hg38_genes_promoters	0.1697770291585774	0.674662020725302	0
chr6	33746853	33747341	-0.056089	10	0.6107	0.66679	IP6K3	hg38_genes_promoters	0.0017826831077523	2.2048308909445122	0
chr6	33786973	33787763	-0.016739	10	0.6542	0.67094	LEMD2	hg38_genes_promoters	0.8050638593549131	0.09174057177777778	0
chr6	33804588	33805029	0.02525	12	0.61608	0.59083	MLN	hg38_genes_promoters	0.1939285843536274	0.6262534179111482	0
chr6	33892961	33893134	0.039496	10	0.8397	0.8002	LOC105375026	hg38_genes_promoters	0.325567371352322	0.4438721536560972	0
chr6	33892961	33893134	0.039496	10	0.8397	0.8002	LINC01016	hg38_genes_promoters	0.325567371352322	0.4438721536560972	0
chr6	34056424	34056518	-0.044805	10	0.3933	0.43811	GRM4	hg38_genes_promoters	0.0972232568985926	0.8644514918391898	0
chr6	17987602	17987782	-0.01167	12	0.0038897	0.01556	KIF13A	hg38_genes_promoters	0.0027302589665105	2.059979097747343	0
chr6	17289322	17290033	-0.019361	15	0.82533	0.84469	RBM24	hg38_genes_promoters	0.0509727575429648	1.0817277544392825	0
chr6	15500895	15501250	0.019411	16	0.85681	0.8374	JARID2	hg38_genes_promoters	0.0022986617124658	2.1184363323372186	0
chr6	13712018	13712141	-0.010477	15	0.0066667	0.017144	RANBP9	hg38_genes_promoters	4.673428318856292e-06	4.2869213847209755	0
chr6	70394544	70394812	-0.045532	10	0.6851	0.73063	EVADR	hg38_genes_promoters	0.1070977552600053	0.8322179261329216	0
chr6	291948	292050	0.047338	19	0.27426	0.22693	LOC102723922	hg38_genes_promoters	0.0032780800874966	1.9983951702996046	0
chr6	291948	292050	0.047338	19	0.27426	0.22693	DUSP22	hg38_genes_promoters	0.0032780800874966	1.9983951702996046	0
chr6	761132	761291	0.046231	12	0.82817	0.78194	LOC105374873	hg38_genes_promoters	0.0048223209829369	1.870123813473508	0
chr6	2876317	2876977	0.029628	17	0.14147	0.11184	SERPINB9P1	hg38_genes_promoters	0.1430853305499771	0.7346986940253529	0
chr6	2904133	2904633	-0.028684	10	0.8292	0.85788	SERPINB9	hg38_genes_promoters	0.0007926058589354	2.4837601120319235	0
chr6	2958451	2958624	-0.034547	13	0.091692	0.12624	SERPINB6	hg38_genes_promoters	6.775670203381559e-07	4.982441154726938	0
chr6	3023785	3023962	-0.026542	12	0.025417	0.051958	HTATSF1P2	hg38_genes_promoters	0.007206215255179	1.7379539997539903	0
chr6	3094017	3094171	0.040956	10	0.8469	0.80594	RIPK1	hg38_genes_promoters	4.371001460868521e-06	4.311190356390086	0
chr6	3139425	3139707	-0.037032	10	0.0206	0.057632	BPHL	hg38_genes_promoters	1.1101402348306018e-10	8.26796435541876	-1
chr6	3848972	3849157	-0.035825	12	0.464	0.49982	FAM50B	hg38_genes_promoters	0.0100765448610515	1.6279813715105476	0
chr6	4078346	4078736	-0.012494	17	0.81335	0.82585	C6orf201	hg38_genes_promoters	0.1851446334184332	0.6427592083525147	0
chr6	4079269	4079357	0.040614	12	0.67583	0.63522	FAM217A	hg38_genes_promoters	0.0729697730426783	0.9598227102743134	0
chr6	4889844	4890365	-0.042107	10	0.4226	0.46471	CDYL	hg38_genes_promoters	0.1693251024120995	0.6755512721127358	0
chr6	34132987	34133244	0.033874	17	0.78776	0.75389	GRM4	hg38_genes_promoters	0.0016767720473748	2.2260334798998507	0
chr6	7230495	7230763	0.033631	22	0.85432	0.82069	RREB1	hg38_genes_promoters	1.6389830285037053e-13	10.851787507538717	1
chr6	7986413	7986511	0.013247	10	0.8593	0.84605	PIP5K1P1	hg38_genes_promoters	0.2025007814871933	0.6113237348914935	0
chr6	9040923	9041050	0.026448	14	0.85343	0.82698	LOC105374914	hg38_genes_promoters	0.0291662296305704	1.2688352566854555	0
chr6	10404162	10404215	-0.022958	10	0.0242	0.047158	TFAP2A-AS2	hg38_genes_promoters	0.0241289875051153	1.3343577192870053	0
chr6	10409965	10410306	-0.022079	19	0.094474	0.11655	TFAP2A	hg38_genes_promoters	0.0084680326660519	1.6852446551791957	0
chr6	10410377	10410518	-0.019654	10	0.0478	0.067454	TFAP2A	hg38_genes_promoters	0.1661128373179965	0.6820538358144821	0
chr6	10412710	10412770	-0.011184	10	0.0125	0.023684	TFAP2A	hg38_genes_promoters	0.0004058938863993	2.7173094668180675	0
chr6	10417492	10417690	-0.024386	12	0.098333	0.12272	TFAP2A	hg38_genes_promoters	0.0025870833522987	2.078189945267623	0
chr6	10491624	10491709	0.051622	17	0.88212	0.8305	GCNT2	hg38_genes_promoters	3.8641189869328733e-13	10.501818813976735	1
chr6	10528764	10529709	-0.015704	16	0.072375	0.088079	GCNT2	hg38_genes_promoters	0.1987609954635014	0.6178449291190986	0
chr6	10555873	10556144	0.022019	10	0.7	0.67798	GCNT2	hg38_genes_promoters	0.1409710254687005	0.739557968629216	0
chr6	11806808	11807335	0.031133	10	0.8172	0.78607	ADTRP	hg38_genes_promoters	0.0621105181543756	1.0147339509777646	0
chr6	13272625	13272861	-0.069129	10	0.1228	0.19193	PHACTR1	hg38_genes_promoters	6.715114368387631e-06	4.157148625674093	0
chr6	13488467	13488559	0.013574	12	0.036167	0.022592	GFOD1	hg38_genes_promoters	0.0469333566163902	1.1098265662407407	0
chr6	13615513	13615602	-0.01128	10	0.0106	0.02188	NOL7	hg38_genes_promoters	0.000312784580882	2.805623142037518	0
chr6	7911475	7912186	-0.026995	19	0.81763	0.84463	TXNDC5	hg38_genes_promoters	4.492808869977102e-05	3.4765459921869257	0
chr6	34238330	34238500	0.014092	10	0.0589	0.044808	HMGA1	hg38_genes_promoters	0.4230363020300918	0.34698379557301307	0
chr6	6723926	6724522	-0.02992	16	0.025062	0.054982	LOC101928047	hg38_genes_promoters	7.493799242525173e-09	6.636833347533032	-1
chr6	34757613	34757789	0.010662	10	0.0156	0.0049379	SNRPC	hg38_genes_promoters	0.0001370500120019	3.0860449247505226	0
chr6	43203132	43203672	0.020681	16	0.86456	0.84388	CUL9	hg38_genes_promoters	0.0050682504101712	1.8547987686964713	0
chr6	43204767	43205115	0.019325	12	0.8795	0.86018	CUL9	hg38_genes_promoters	0.0247073170992569	1.3263380140764904	0
chr6	43213562	43213811	0.035558	10	0.8604	0.82484	CUL9	hg38_genes_promoters	0.0001401980509386	3.077468826041202	0
chr6	43220490	43220736	-0.016218	10	0.8444	0.86062	CUL9	hg38_genes_promoters	0.0081927434230895	1.6959809792325058	0
chr6	43222977	43223333	0.028467	10	0.8372	0.80873	CUL9	hg38_genes_promoters	0.0040398924598292	1.9282484561812645	0
chr6	43229859	43230281	-0.01687	10	0.8249	0.84177	DNPH1	hg38_genes_promoters	0.1056733890218791	0.8364985727856721	0
chr6	43297600	43298500	-0.013674	10	0.6628	0.67647	SLC22A7	hg38_genes_promoters	0.7076364501486218	0.14477324067806835	0
chr6	43445716	43445920	0.01987	10	0.8844	0.86453	ABCC10	hg38_genes_promoters	0.0018583074427233	2.191472465190082	0
chr6	43495751	43496492	0.016479	12	0.82825	0.81177	TJAP1	hg38_genes_promoters	0.0453704860146909	1.1192373252624206	0
chr6	43510734	43510993	0.029028	15	0.7158	0.68677	LRRC73	hg38_genes_promoters	0.0750676023282436	0.9506576071723591	0
chr6	43624617	43625047	-0.022642	10	0.8252	0.84784	GTPBP2	hg38_genes_promoters	0.0016753746300355	2.2260334798998507	0
chr6	43777339	43777599	-0.033189	10	0.8096	0.84279	VEGFA	hg38_genes_promoters	0.0103280594543287	1.6200451952526775	0
chr6	43999878	44000643	0.012606	12	0.43392	0.42131	C6orf223	hg38_genes_promoters	0.7429952877632842	0.12522945087694368	0
chr6	44137988	44138978	-0.015558	10	0.7726	0.78816	TMEM63B	hg38_genes_promoters	0.2365255534818464	0.5566919110467342	0
chr6	44228624	44229356	-0.036088	12	0.73233	0.76842	SLC29A1	hg38_genes_promoters	0.0046014294056509	1.8848813318826474	0
chr6	44273135	44273378	0.011333	12	0.83217	0.82083	SPATS1	hg38_genes_promoters	0.1728665143150115	0.6682361022655733	0
chr6	44286255	44286504	0.012538	14	0.82893	0.81639	TCTE1	hg38_genes_promoters	0.1900683532457269	0.6329460248349986	0
chr6	44342648	44342732	0.010205	10	0.0291	0.018895	SPATS1	hg38_genes_promoters	0.0240110428970767	1.336175768358009	0
chr6	44727626	44727878	0.030597	23	0.83865	0.80805	LOC101929770	hg38_genes_promoters	1.6192965764187632e-07	5.492488429334169	1
chr6	46688054	46688122	0.018053	12	0.81533	0.79728	LOC101926934	hg38_genes_promoters	0.0025762945684683	2.079657134904505	0
chr6	46688135	46688194	0.034016	10	0.7657	0.73168	LOC101926934	hg38_genes_promoters	0.0017098797062211	2.219859642313933	0
chr6	49713766	49714029	0.027417	10	0.7343	0.70688	LOC101927020	hg38_genes_promoters	0.3322367388686709	0.43677191589435704	0
chr6	49713766	49714029	0.027417	10	0.7343	0.70688	CRISP2	hg38_genes_promoters	0.3322367388686709	0.43677191589435704	0
chr6	50821217	50821709	-0.01889	10	0.0553	0.07419	TFAP2B	hg38_genes_promoters	0.3794755875619422	0.3877195610851897	0
chr6	52995630	52995800	-0.030843	16	0.098375	0.12922	GSTA4	hg38_genes_promoters	0.0018663894090274	2.190332700813922	0
chr6	53665704	53665871	-0.032899	10	0.5673	0.6002	KLHL31	hg38_genes_promoters	0.1184107489989941	0.7989341860812302	0
chr6	54846748	54846810	-0.010815	10	0.0251	0.035915	FAM83B	hg38_genes_promoters	0.1322687351877895	0.7611460634010415	0
chr6	34514620	34514783	0.026595	13	0.38392	0.35733	PACSIN1	hg38_genes_promoters	0.2486575426166138	0.5393047231577365	0
chr6	55174227	55174584	-0.01894	19	0.027789	0.046729	HCRTR2	hg38_genes_promoters	0.0001747175550655	3.0034916446800435	0
chr6	43141770	43141964	-0.014083	10	0.8378	0.85188	PTK7	hg38_genes_promoters	0.0130948685979532	1.541744690558855	0
chr6	43130117	43130660	0.020268	12	0.84242	0.82215	PTK7	hg38_genes_promoters	0.0194274624899781	1.4076373737830554	0
chr6	46688242	46688299	0.0124	10	0.8464	0.834	LOC101926934	hg38_genes_promoters	0.0462539403927318	1.113289508548747	0
chr6	43061359	43061691	-0.026147	10	0.7938	0.81995	KLC4	hg38_genes_promoters	0.0853428423385775	0.9076882288486863	0
chr6	35805727	35805840	-0.016337	10	0.8444	0.86074	LHFPL5	hg38_genes_promoters	0.0222391158042484	1.3630120205403637	0
chr6	43129631	43129916	-0.021579	10	0.455	0.47658	PTK7	hg38_genes_promoters	0.4343472793348435	0.33683872687758387	0
chr6	35512648	35512978	0.020983	12	0.84033	0.81935	TULP1	hg38_genes_promoters	0.0983079375936727	0.8614448369744506	0
chr6	35810899	35811229	-0.020904	11	0.688	0.7089	LHFPL5	hg38_genes_promoters	0.2456141269444264	0.5437140026444285	0
chr6	36195674	36196160	-0.013684	10	0.0844	0.098084	BRPF3	hg38_genes_promoters	0.3984429448055383	0.36989358511166914	0
chr6	36211179	36211413	0.019807	12	0.88783	0.86803	BRPF3	hg38_genes_promoters	0.0065877592258781	1.7692961042363182	0
chr6	36674831	36675248	-0.015771	10	0.8333	0.84907	PANDAR	hg38_genes_promoters	0.0136930782591403	1.5270268712007427	0
chr6	36962136	36962317	-0.059239	16	0.30487	0.36411	PI16	hg38_genes_promoters	1.6283650218702028e-05	3.8419531230579547	0
chr6	36962767	36963055	-0.036441	10	0.2086	0.24504	PI16	hg38_genes_promoters	0.0237261986456231	1.3404970186304566	0
chr6	36977717	36978212	0.014978	12	0.86542	0.85044	MTCH1	hg38_genes_promoters	0.1552466761160905	0.7058737231392694	0
chr6	39725537	39725642	-0.010126	10	0.0084	0.018526	KIF6	hg38_genes_promoters	0.0559138240075046	1.0508034272521616	0
chr6	39932434	39933088	-0.016095	10	0.8088	0.82489	MOCS1	hg38_genes_promoters	0.0323690592283046	1.232438891884792	0
chr6	40715700	40716138	-0.014357	10	0.0966	0.11096	LOC101929535	hg38_genes_promoters	0.2013499469231744	0.6132781821539128	0
chr6	41033901	41034163	0.022247	13	0.85269	0.83045	UNC5CL	hg38_genes_promoters	0.0070755416637066	1.7442897634367382	0
chr6	41100838	41101030	0.041115	17	0.83	0.78889	ADCY10P1	hg38_genes_promoters	2.5328267203895016e-05	3.6812976386498635	0
chr6	36388047	36388410	0.042308	19	0.12189	0.079586	ETV7	hg38_genes_promoters	0.0007262953174404	2.5125563030489104	0
chr6	43040594	43040893	0.012951	12	0.84708	0.83413	CUL7	hg38_genes_promoters	0.3317906890495349	0.4371182517156774	0
chr6	43048056	43048527	-0.016163	10	0.8581	0.87426	CUL7	hg38_genes_promoters	0.0063915113490894	1.779269126754771	0
chr6	43055741	43056322	0.019066	12	0.80692	0.78785	MRPL2	hg38_genes_promoters	0.1096718846641081	0.8246527937412875	0
chr6	43040594	43040893	0.012951	12	0.84708	0.83413	KLC4	hg38_genes_promoters	0.3317906890495349	0.4371182517156774	0
chr6	43051017	43051171	-0.014011	10	0.8422	0.85621	CUL7	hg38_genes_promoters	0.1075439850535107	0.8313920949506179	0
chr6	43006728	43007038	0.027149	10	0.8436	0.81645	PPP2R5D	hg38_genes_promoters	0.0024223730780454	2.1004574911466993	0
chr6	42727151	42727198	0.027838	10	0.075	0.047162	ATP6V0CP3	hg38_genes_promoters	0.6868067663846167	0.15731261304029015	0
chr6	42049458	42049635	0.024621	10	0.7862	0.76158	TAF8	hg38_genes_promoters	0.03295701596803	1.2260792676955379	0
chr6	42049458	42049635	0.024621	10	0.7862	0.76158	CCND3	hg38_genes_promoters	0.03295701596803	1.2260792676955379	0
chr6	41805737	41805873	0.014679	10	0.8751	0.86042	USP49	hg38_genes_promoters	0.1021936712741147	0.8480609845791386	0
chr6	41691270	41691859	-0.026616	10	0.8257	0.85232	TFEB	hg38_genes_promoters	0.0001474480553378	3.0628977595209306	0
chr6	41645426	41645894	0.010778	19	0.79942	0.78864	MDFI	hg38_genes_promoters	0.0612336416971115	1.0195665268103433	0
chr6	41636972	41637061	0.043316	10	0.692	0.64868	MDFI	hg38_genes_promoters	0.0004929705899227	2.647587262623031	0
chr6	41586788	41586885	0.025439	10	0.8414	0.81596	FOXP4	hg38_genes_promoters	0.0078800606379596	1.7081868396376063	0
chr6	41569666	41569806	0.030264	10	0.8498	0.81954	FOXP4	hg38_genes_promoters	0.0005373014165134	2.617080577852111	0
chr7	105623969	105624281	0.020607	15	0.88913	0.86853	ATXN7L1	hg38_genes_promoters	0.0026175806067745	2.0744405954032694	0
chr7	105204163	105204700	-0.012957	10	0.8561	0.86906	SRPK2	hg38_genes_promoters	0.0025131790973251	2.087812448687789	0
chr7	105132748	105132884	0.010442	10	0.8726	0.86216	SRPK2	hg38_genes_promoters	0.3828446759128862	0.3847512956399157	0
chr7	101211624	101211898	0.028585	17	0.861	0.83241	PLOD3	hg38_genes_promoters	0.0004153846602787	2.7087944735924903	0
chr7	106113073	106113373	-0.025833	10	0.798	0.82383	SYPL1	hg38_genes_promoters	0.0482316621804517	1.0997432905722786	0
chr7	108003374	108003446	-0.016353	14	0.0085714	0.024925	LAMB1	hg38_genes_promoters	7.388297401384616e-12	9.355023510163784	-1
chr7	111740857	111741444	-0.014918	10	0.8428	0.85772	DOCK4	hg38_genes_promoters	0.1119802871739764	0.817952085925312	0
chr7	112622296	112622597	0.037906	18	0.73867	0.70076	LOC101928012	hg38_genes_promoters	0.0015750761463451	2.2461805743896535	0
chr7	114087588	114087631	-0.012283	13	0.027231	0.039514	FOXP2	hg38_genes_promoters	0.0014325889432792	2.277358277076276	0
chr7	105678713	105679011	-0.019953	10	0.0191	0.039053	ATXN7L1	hg38_genes_promoters	3.4824057746124915e-06	4.398310061171168	0
chr7	103540161	103540547	-0.016734	12	0.81583	0.83257	RELN	hg38_genes_promoters	0.0775517676500555	0.939640293343853	0
chr7	102273435	102273868	0.042647	10	0.8277	0.78505	CUX1	hg38_genes_promoters	0.0497557561381243	1.0899418654575181	0
chr7	103445231	103445400	-0.033018	12	0.13733	0.17035	SLC26A5-AS1	hg38_genes_promoters	0.0005804031436487	2.590291023064632	0
chr7	103075303	103075393	-0.02754	15	0.065933	0.093474	FBXL13	hg38_genes_promoters	0.0033060299761909	1.9961079285577232	0
chr7	102284681	102285269	-0.027566	12	0.17458	0.20215	SH2B2	hg38_genes_promoters	0.0844878113795688	0.9112022874793746	0
chr7	101362484	101362763	-0.032433	18	0.22511	0.25754	COL26A1	hg38_genes_promoters	0.0049565248195744	1.8619143503553202	0
chr7	101322218	101322538	-0.037283	12	0.22492	0.2622	IFT22	hg38_genes_promoters	0.0897234368527839	0.8911450522461162	0
chr7	101237831	101238561	-0.033967	23	0.20583	0.23979	CLDN15	hg38_genes_promoters	0.0065386441027837	1.7716225218761603	0
chr7	101218587	101218933	-0.014015	10	0.068	0.082015	PLOD3	hg38_genes_promoters	0.3963012634005803	0.37194772133813014	0
chr7	101216403	101216735	0.017831	12	0.1425	0.12467	PLOD3	hg38_genes_promoters	0.0799322610365114	0.9288961359797582	0
chr7	116699048	116699551	-0.011316	10	0.852	0.86332	MET	hg38_genes_promoters	0.0103650700771136	1.6186166767277526	0
chr7	101213142	101213449	0.015909	12	0.88858	0.87267	PLOD3	hg38_genes_promoters	0.0446895855545009	1.1240880270035132	0
chr7	103447167	103447475	-0.012416	10	0.0238	0.036216	SLC26A5	hg38_genes_promoters	0.0134300618313957	1.533357822380847	0
chr7	117020158	117020412	-0.011195	10	0.8277	0.83889	MIR6132	hg38_genes_promoters	0.0687686267394525	0.9798737315180618	0
chr7	128910663	128910758	0.058482	13	0.34269	0.28421	KCP	hg38_genes_promoters	0.0004618002636518	2.6705753652250905	0
chr7	117427440	117427518	-0.011763	12	0.69683	0.7086	ASZ1	hg38_genes_promoters	0.2017564215181173	0.6127278689394706	0
chr7	130485914	130486135	-0.03604	10	0.2727	0.30874	MEST	hg38_genes_promoters	0.076639098615881	0.9438637828562858	0
chr7	101210465	101210629	0.016284	10	0.8666	0.85032	PLOD3	hg38_genes_promoters	0.0403139708492033	1.1596915454631687	0
chr7	130384175	130384613	-0.024676	13	0.29808	0.32275	CPA1	hg38_genes_promoters	0.1071970225534464	0.8321331747819924	0
chr7	130380102	130380524	-0.020004	15	0.75873	0.77874	CPA1	hg38_genes_promoters	0.0172833865687402	1.4472786613787059	0
chr7	130205733	130206364	-0.016502	16	0.65225	0.66875	SSMEM1	hg38_genes_promoters	0.0844859078246204	0.9112022874793746	0
chr7	130205733	130206364	-0.016502	16	0.65225	0.66875	TMEM209	hg38_genes_promoters	0.0844859078246204	0.9112022874793746	0
chr7	130141256	130141738	0.010376	30	0.064567	0.05419	LOC100128325	hg38_genes_promoters	0.5493821398318584	0.24606621167065632	0
chr7	129952812	129952890	-0.010721	10	0.0087	0.019421	UBE2H	hg38_genes_promoters	6.737283011841858e-05	3.3333062144651886	0
chr7	129770586	129771359	-0.013035	13	0.36592	0.37896	MIR182	hg38_genes_promoters	0.3778587498562427	0.3892833634923722	0
chr7	129161713	129162520	0.026436	10	0.8579	0.83146	TSPAN33	hg38_genes_promoters	0.026278931742668	1.3049686900773083	0
chr7	129056109	129056386	-0.030661	10	0.7568	0.78746	TNPO3	hg38_genes_promoters	0.087084679405924	0.9005275228559896	0
chr7	128940085	128940956	-0.02079	27	0.093074	0.11386	IRF5	hg38_genes_promoters	0.0013005487052233	2.3125547638999957	0
chr7	128841179	128841304	0.020711	10	0.7915	0.77079	FLNC	hg38_genes_promoters	0.0993579221318531	0.8576587944760538	0
chr7	128805678	128806732	0.01568	12	0.82375	0.80807	CCDC136	hg38_genes_promoters	0.1102928852749362	0.8226589721646529	0
chr7	128359623	128360506	0.015456	12	0.5355	0.52004	PRRT4	hg38_genes_promoters	0.5689625216498955	0.23263266571174665	0
chr7	128241206	128241387	0.027947	14	0.24829	0.22034	LEP	hg38_genes_promoters	0.0696242345936462	0.9753183945800606	0
chr7	128032004	128032060	0.033447	10	0.0685	0.035053	LRRC4	hg38_genes_promoters	5.1356357203396704e-05	3.4301471401067483	0
chr7	127591076	127591365	-0.012037	10	0.8677	0.87974	FSCN3	hg38_genes_promoters	0.0033174071029805	1.9953533210251508	0
chr7	122302735	122303300	0.014192	13	0.121	0.10681	FEZF1-AS1	hg38_genes_promoters	0.5018404497642914	0.28182487755585195	0
chr7	120989583	120989750	-0.021242	10	0.0786	0.099842	CPED1	hg38_genes_promoters	0.0835944012794889	0.9141373057652334	0
chr7	118224132	118224684	-0.02119	11	0.85218	0.87337	ANKRD7	hg38_genes_promoters	4.382358623547999e-05	3.483680330433884	0
chr7	118214003	118214153	-0.065432	10	0.4652	0.53063	ANKRD7	hg38_genes_promoters	0.0005720878930008	2.595842741482003	0
chr7	117791729	117792720	-0.014086	24	0.35429	0.36838	CTTNBP2	hg38_genes_promoters	0.3154670676496749	0.4550970454014181	0
chr7	117020158	117020412	-0.011195	10	0.8277	0.83889	ST7	hg38_genes_promoters	0.0687686267394525	0.9798737315180618	0
chr7	100967863	100968265	-0.023315	10	0.1649	0.18822	LOC105375431	hg38_genes_promoters	0.2908641207697453	0.4836677399374254	0
chr7	99453548	99453866	0.022342	10	0.7985	0.77616	CPSF4	hg38_genes_promoters	0.0505146397521439	1.0850357692224701	0
chr7	100886053	100886312	-0.013376	14	0.83629	0.84966	SRRT	hg38_genes_promoters	0.0109661914131504	1.5994741234250571	0
chr7	99498684	99498917	0.028517	10	0.7144	0.68588	ZNF394	hg38_genes_promoters	0.1258685154977126	0.7772410871756948	0
chr7	99450312	99450728	0.01589	12	0.87225	0.85636	CPSF4	hg38_genes_promoters	0.0641156774268221	1.0036074579314493	0
chr7	99405210	99405799	-0.014443	10	0.7856	0.80004	PDAP1	hg38_genes_promoters	0.1798125273026387	0.6535877975712201	0
chr7	99393097	99393156	0.054789	10	0.092	0.037211	ARPC1B	hg38_genes_promoters	1.3704621576447955e-10	8.18425376713683	1
chr7	99391057	99391216	0.016241	10	0.8005	0.78426	ARPC1B	hg38_genes_promoters	0.1677594872156976	0.6784432670944888	0
chr7	99373903	99374078	-0.029874	10	0.3976	0.42747	ARPC1B	hg38_genes_promoters	0.148938373893605	0.7207323091285001	0
chr7	99013503	99013645	0.012153	10	0.8701	0.85795	LOC101927550	hg38_genes_promoters	0.2136476316101681	0.5918736277078468	0
chr7	98870931	98871423	0.027101	15	0.79887	0.77177	TMEM130	hg38_genes_promoters	0.0099786671934227	1.6309724380889101	0
chr7	98245949	98246169	-0.011829	12	0.79058	0.80241	TECPR1	hg38_genes_promoters	0.1326287984919826	0.760529356099087	0
chr7	98231853	98232453	0.014308	24	0.86625	0.85194	TECPR1	hg38_genes_promoters	0.0130667807412059	1.5425591365686668	0
chr7	99598046	99598174	-0.026877	12	0.629	0.65588	TMEM225B	hg38_genes_promoters	0.2469170372785284	0.541666890489381	0
chr7	98228998	98229137	0.026616	10	0.8703	0.84368	TECPR1	hg38_genes_promoters	0.0001053794744306	3.1756475102159456	0
chr7	98217952	98218128	-0.088761	13	0.45031	0.53907	TECPR1	hg38_genes_promoters	0.0002419625855577	2.893893379238452	0
chr7	98210602	98210659	0.023541	10	0.288	0.26446	BHLHA15	hg38_genes_promoters	0.1605377295948526	0.6941083170328888	0
chr7	98125900	98126407	-0.047297	10	0.2318	0.2791	LMTK2	hg38_genes_promoters	0.0318749157374062	1.2381450760712238	0
chr7	97024885	97025260	0.011947	13	0.066	0.054053	DLX5	hg38_genes_promoters	0.0095995097004246	1.6445029206697803	0
chr7	95595862	95596268	-0.036316	18	0.20122	0.23754	PDK4-AS1	hg38_genes_promoters	0.0027969650933666	2.051722610346087	0
chr7	95396725	95396869	-0.014081	12	0.096	0.11008	PON3	hg38_genes_promoters	0.2966638836658436	0.4767308049669012	0
chr7	95324469	95324577	0.083405	10	0.5193	0.43589	PON1	hg38_genes_promoters	2.261010830549455e-06	4.549333953252283	0
chr7	95318707	95319509	-0.023152	10	0.8162	0.83935	PON1	hg38_genes_promoters	0.0082110293080719	1.6953000252377843	0
chr7	94425075	94425896	-0.017031	16	0.81819	0.83522	COL1A2	hg38_genes_promoters	0.0014192995767437	2.280611478510557	0
chr7	130492106	130492269	0.046299	24	0.48608	0.43978	MEST	hg38_genes_promoters	2.862357365461018e-15	12.368904015785507	1
chr7	98222734	98223079	0.010888	16	0.87063	0.85974	TECPR1	hg38_genes_promoters	0.0475622363872576	1.1049253060438375	0
chr7	99619631	99619903	-0.022002	10	0.8442	0.8662	ZSCAN25	hg38_genes_promoters	0.0058791306703224	1.8047899211644851	0
chr7	100175393	100175808	0.016357	12	0.85933	0.84298	GPC2	hg38_genes_promoters	0.0248896184811292	1.323966724537295	0
chr7	100211446	100212142	-0.020651	12	0.6	0.62065	STAG3	hg38_genes_promoters	0.50477778027469	0.2796596776068997	0
chr7	100882164	100882917	0.020844	18	0.86239	0.84154	SRRT	hg38_genes_promoters	0.0022501660844993	2.1251936747462445	0
chr7	100856910	100857227	0.015461	12	0.86183	0.84637	SLC12A9	hg38_genes_promoters	0.0548021751322568	1.0580715517998673	0
chr7	100826617	100826810	-0.015197	10	0.0359	0.051097	SLC12A9	hg38_genes_promoters	0.0440332378388867	1.1291538702854904	0
chr7	100813723	100814252	0.021358	10	0.4822	0.46084	EPHB4	hg38_genes_promoters	0.3117236450556676	0.45896292274579803	0
chr7	100687402	100687531	0.025935	10	0.8857	0.85977	GIGYF1	hg38_genes_promoters	0.0008385066054316	2.465953909560445	0
chr7	100684137	100684889	0.019389	22	0.86623	0.84684	GIGYF1	hg38_genes_promoters	0.0001538641635431	3.0471166575744815	0
chr7	100676790	100676917	0.046432	10	0.8038	0.75737	GNB2	hg38_genes_promoters	2.261098307041301e-06	4.549333953252283	0
chr7	100656197	100656291	-0.010548	12	0.079583	0.090132	ACTL6B	hg38_genes_promoters	0.0412635523213281	1.1509649371697033	0
chr7	100634169	100634574	-0.037974	10	0.662	0.69997	TFR2	hg38_genes_promoters	0.0402614068786376	1.1600895871833707	0
chr7	100633311	100633476	0.033316	21	0.072095	0.038779	TFR2	hg38_genes_promoters	0.0094258143508933	1.650138603268725	0
chr7	100627593	100628124	0.016821	10	0.8494	0.83258	TFR2	hg38_genes_promoters	0.0975369868162891	0.8637005658790791	0
chr7	100602973	100603626	-0.032267	17	0.703	0.73527	PCOLCE	hg38_genes_promoters	0.0619600145128055	1.01543532803969	0
chr7	100583205	100583557	-0.01113	12	0.07125	0.08238	LRCH4	hg38_genes_promoters	0.112235500601684	0.8172557214349134	0
chr7	100583205	100583557	-0.01113	12	0.07125	0.08238	FBXO24	hg38_genes_promoters	0.112235500601684	0.8172557214349134	0
chr7	100577542	100577802	0.025084	10	0.8754	0.85032	LRCH4	hg38_genes_promoters	0.0001313393597683	3.0999950451110085	0
chr7	100573861	100573926	-0.024	14	0.77743	0.80143	SAP25	hg38_genes_promoters	0.0151558402276693	1.493755126362134	0
chr7	100490662	100490782	0.018647	10	0.8597	0.84105	NYAP1	hg38_genes_promoters	0.0135488442698411	1.5298855714781738	0
chr7	100486779	100486899	-0.010378	11	0.86536	0.87574	NYAP1	hg38_genes_promoters	0.1180903099532168	0.7998220519690945	0
chr7	100477457	100477782	0.020339	18	0.10202	0.081684	TSC22D4	hg38_genes_promoters	0.8661184615350332	0.060750782990892066	0
chr7	100372553	100373156	0.038397	10	0.3182	0.2798	PILRA	hg38_genes_promoters	0.114975827515166	0.8090381552629662	0
chr7	100353121	100353595	-0.030408	10	0.8414	0.87181	STAG3L5P-PVRIG2P-PILRB	hg38_genes_promoters	0.0083059986194974	1.691170138161909	0
chr7	100307084	100307708	-0.024131	10	0.8583	0.88243	SPDYE3	hg38_genes_promoters	0.0018481204810634	2.1931135408964924	0
chr7	100211446	100212142	-0.020651	12	0.6	0.62065	CASTOR3	hg38_genes_promoters	0.50477778027469	0.2796596776068997	0
chr7	100949175	100949478	-0.015795	10	0.1231	0.13889	MUC3A	hg38_genes_promoters	0.2014215589017078	0.6132539915099797	0
chr7	130493609	130493841	-0.0409	10	0.2175	0.2584	MEST	hg38_genes_promoters	0.0138336023715495	1.5236582149067166	0
chr7	151115194	151115374	0.024493	32	0.054125	0.029632	AGAP3	hg38_genes_promoters	2.7159145182206056e-08	6.145039440275437	1
chr7	131506599	131506754	-0.020358	10	0.7068	0.72716	PODXL	hg38_genes_promoters	0.1125766128779305	0.8163355149703904	0
chr7	152162334	152163432	-0.018527	16	0.85888	0.8774	KMT2C	hg38_genes_promoters	0.0001735927704712	3.005990820464087	0
chr7	151790857	151791238	-0.020846	12	0.84608	0.86693	PRKAG2	hg38_genes_promoters	7.96950516174152e-05	3.2763790321413873	0
chr7	151736048	151736308	0.029161	15	0.80793	0.77877	PRKAG2	hg38_genes_promoters	0.0007335713811308	2.509733664067216	0
chr7	151632977	151633202	-0.01368	15	0.0292	0.04288	PRKAG2	hg38_genes_promoters	0.0005241970697427	2.625377741992692	0
chr7	151472668	151473114	-0.037134	10	0.2504	0.28753	RHEB	hg38_genes_promoters	0.1413303115544943	0.7390177634704135	0
chr7	151436120	151436322	0.029787	12	0.86525	0.83546	CRYGN	hg38_genes_promoters	0.0001200384640456	3.1311849763497923	0
chr7	151275121	151275433	0.026142	10	0.8253	0.79916	SMARCD3	hg38_genes_promoters	0.0099997093708783	1.6304359587487178	0
chr7	151249381	151249724	-0.012109	14	0.070857	0.082966	SMARCD3	hg38_genes_promoters	0.0033899266163685	1.9875987901759342	0
chr7	151237622	151237737	0.017526	10	0.857	0.83947	MIR671	hg38_genes_promoters	0.0384753075716607	1.176105200175627	0
chr7	151174783	151174975	-0.044008	21	0.38995	0.43396	GBX1	hg38_genes_promoters	0.000482689513057	2.6540907586176483	0
chr7	153412210	153412481	0.022279	13	0.79362	0.77134	LINC01287	hg38_genes_promoters	0.2322048394886821	0.563180197923283	0
chr7	151134024	151134420	0.015566	12	0.87842	0.86285	AGAP3	hg38_genes_promoters	0.0320658689046502	1.2360388061278842	0
chr7	151119332	151119942	0.019692	13	0.86585	0.84615	AGAP3	hg38_genes_promoters	0.0422198385464273	1.1442282525596192	0
chr7	151114517	151114569	0.027047	10	0.8531	0.82605	AGAP3	hg38_genes_promoters	0.0007020025694257	2.5242753834164353	0
chr7	151111384	151111706	0.032695	10	0.7055	0.6728	AGAP3	hg38_genes_promoters	0.136442289673825	0.7507468430001807	0
chr7	151088913	151089263	-0.040683	13	0.014538	0.055221	AGAP3	hg38_genes_promoters	2.0229013096474016e-12	9.866440660943727	-1
chr7	151079615	151079729	0.0299	10	0.8479	0.818	FASTK	hg38_genes_promoters	9.665289789504394e-05	3.2052765403607073	0
chr7	151070746	151070882	0.023253	10	0.8572	0.83395	SLC4A2	hg38_genes_promoters	0.0018115323927041	2.199551360849153	0
chr7	151061854	151062037	0.039523	16	0.87031	0.83079	SLC4A2	hg38_genes_promoters	2.2564473538626757e-08	6.214025169271277	1
chr7	151049241	151049339	0.040421	10	0.807	0.76658	ASIC3	hg38_genes_promoters	0.0002777376796167	2.846604035651259	0
chr7	159016983	159017246	-0.030626	10	0.7969	0.82753	LINC00689	hg38_genes_promoters	0.0002910989649397	2.830863628884755	0
chr7	151008648	151008915	-0.023211	17	0.30059	0.3238	NOS3	hg38_genes_promoters	0.1471529338039113	0.7248746649765314	0
chr7	151122954	151123036	0.021184	10	0.8465	0.82532	AGAP3	hg38_genes_promoters	0.005167267210519	1.8483205204418294	0
chr7	154051778	154051887	-0.019188	10	0.020249	0.039437	DPP6	hg38_genes_promoters	0.0027430147627615	2.0586411552888912	0
chr7	154057480	154057697	-0.012834	10	0.8085	0.82133	LOC101929998	hg38_genes_promoters	0.2103746683674019	0.5968303018640447	0
chr7	154304909	154304984	-0.01286	12	0.049333	0.062193	DPP6	hg38_genes_promoters	0.0261969759909201	1.305715841203049	0
chr7	92725659	92725897	-0.037899	12	0.63958	0.67748	CDK6	hg38_genes_promoters	0.0136751768975264	1.5272599756255218	0
chr7	158879596	158880067	-0.026526	17	0.85871	0.88523	DYNC2I1	hg38_genes_promoters	3.358103413373656e-07	5.229897875959426	-1
chr7	158869079	158869490	-0.017211	10	0.658	0.67521	DYNC2I1	hg38_genes_promoters	0.3307612973403868	0.4381711709293475	0
chr7	158588360	158588478	-0.010653	10	0.0664	0.077053	PTPRN2	hg38_genes_promoters	0.0881342226591506	0.896355104726814	0
chr7	157621643	157621895	-0.015564	13	0.84215	0.85772	PTPRN2	hg38_genes_promoters	0.0014125188583918	2.2820094055061126	0
chr7	157613339	157613494	-0.014486	21	0.16429	0.17877	LOC105375614	hg38_genes_promoters	0.0005337976413938	2.6191954652771656	0
chr7	157501049	157501175	0.016921	13	0.86846	0.85154	LOC105375610	hg38_genes_promoters	0.0010966286479522	2.3724888274934344	0
chr7	157377507	157377988	-0.015798	11	0.74773	0.76353	DNAJB6	hg38_genes_promoters	0.1984759689141003	0.618217190487803	0
chr7	156968406	156968541	0.034021	10	0.8726	0.83858	NOM1	hg38_genes_promoters	9.549786239311068e-06	4.027583617055348	0
chr7	156965370	156965644	-0.019216	10	0.8551	0.87432	NOM1	hg38_genes_promoters	0.0004710636407866	2.663688627932387	0
chr7	156948753	156948851	0.092937	10	0.3942	0.30126	NOM1	hg38_genes_promoters	6.7152947832559455e-06	4.157148625674093	0
chr7	156603783	156604370	-0.020686	12	0.83133	0.85202	LINC01006	hg38_genes_promoters	0.0021217529400117	2.1472825750812534	0
chr7	156436473	156437053	-0.020851	10	0.7896	0.81045	LOC105375599	hg38_genes_promoters	0.1214736277403303	0.789717138429837	0
chr7	155961745	155961983	0.038032	10	0.7124	0.67437	LOC389602	hg38_genes_promoters	0.0011065118681495	2.369839714240128	0
chr7	155555325	155555496	0.049163	20	0.8461	0.79694	CNPY1	hg38_genes_promoters	3.2866610134412655e-11	8.737847199480825	1
chr7	155412282	155412608	-0.038249	10	0.6653	0.70355	LOC105375594	hg38_genes_promoters	0.0940160558063545	0.8755258113102479	0
chr7	155381907	155382003	-0.010397	13	0.0090769	0.019474	LOC100286906	hg38_genes_promoters	2.3351828338605343e-08	6.202034475725119	-1
chr7	155300590	155301192	-0.038796	13	0.66046	0.69926	INSIG1	hg38_genes_promoters	0.0362718599059216	1.1956482952500718	0
chr7	155266420	155266835	-0.013379	10	0.8272	0.84058	LOC105375589	hg38_genes_promoters	0.1788148753654838	0.6554109821415312	0
chr7	155071296	155071514	-0.082103	20	0.46095	0.54305	HTR5A	hg38_genes_promoters	8.652569422392369e-13	10.182534641861139	-1
chr7	155070556	155070707	-0.010384	10	0.0843	0.094684	HTR5A	hg38_genes_promoters	0.0742492420861765	0.9539711004541653	0
chr7	154872432	154872728	0.016905	10	0.8358	0.81889	DPP6	hg38_genes_promoters	0.1078807291331415	0.8304055321908648	0
chr7	154305111	154305162	-0.020108	10	0.0278	0.047908	DPP6	hg38_genes_promoters	0.0009517619058374	2.4230567408229033	0
chr7	150993429	150993731	0.02526	10	0.8206	0.79534	NOS3	hg38_genes_promoters	0.0539161314726739	1.0637012589548946	0
chr7	150956126	150956758	0.026352	10	0.6207	0.59435	KCNH2	hg38_genes_promoters	0.1528336650950009	0.7117888077248149	0
chr7	150952802	150952996	0.011639	10	0.8286	0.81696	KCNH2	hg38_genes_promoters	0.2751658797691959	0.502198101662885	0
chr7	150951751	150951829	-0.022838	12	0.82808	0.85092	KCNH2	hg38_genes_promoters	0.0001216126228523	3.1265201814263084	0
chr7	143408017	143408302	-0.029284	10	0.0724	0.10168	EPHA1	hg38_genes_promoters	0.0398021884402924	1.163972609300277	0
chr7	143397315	143397574	0.013437	10	0.8717	0.85826	EPHA1	hg38_genes_promoters	0.0684711177031666	0.9814285872250238	0
chr7	143395532	143395821	-0.031342	10	0.4365	0.46784	EPHA1	hg38_genes_promoters	0.2503666366878219	0.5367674186416572	0
chr7	143321082	143321360	0.021953	10	0.8699	0.84795	CLCN1	hg38_genes_promoters	0.0002179568408669	2.926590059631836	0
chr7	143285007	143285613	0.015837	11	0.797	0.78116	TMEM139	hg38_genes_promoters	0.1131360824118909	0.814733473084472	0
chr7	141973498	141974103	-0.018164	11	0.82064	0.8388	TAS2R38	hg38_genes_promoters	0.0439516594818504	1.1297775767884	0
chr7	140351443	140352129	-0.022963	14	0.82064	0.84361	SLC37A3	hg38_genes_promoters	0.0084128207480031	1.6868900747868365	0
chr7	140027443	140028363	-0.01812	16	0.853	0.87112	PARP12	hg38_genes_promoters	0.0002909629907483	2.830863628884755	0
chr7	139080024	139080228	0.022952	11	0.87755	0.85459	ZC3HAV1	hg38_genes_promoters	0.0013321004158313	2.304355598876986	0
chr7	138797634	138798081	-0.019563	10	0.4727	0.49226	TMEM213	hg38_genes_promoters	0.3655862516429249	0.40146681207152396	0
chr7	138664001	138664770	-0.082113	58	0.26772	0.34984	SVOPL	hg38_genes_promoters	7.285930283508834e-23	19.573171779966067	-1
chr7	137164086	137164396	-0.013737	13	0.84254	0.85628	LOC349160	hg38_genes_promoters	0.0074594992447036	1.7255386762290739	0
chr7	135171765	135171929	-0.043821	10	0.3586	0.40242	CYREN	hg38_genes_promoters	0.1076181477710763	0.8312426331913616	0
chr7	135168257	135168893	0.024146	10	0.5763	0.55215	CYREN	hg38_genes_promoters	0.1055838551987063	0.8367924611292352	0
chr7	134779371	134779714	-0.015195	10	0.3847	0.39989	CALD1	hg38_genes_promoters	0.4675467901815432	0.3087136982390401	0
chr7	134535983	134537014	-0.013838	10	0.8208	0.83464	AKR1B10	hg38_genes_promoters	0.1838614623917064	0.6452498374329644	0
chr7	132648228	132649270	-0.010469	11	0.87518	0.88565	FLJ40288	hg38_genes_promoters	0.0125892967404791	1.5538565146519194	0
chr7	132648228	132649270	-0.010469	11	0.87518	0.88565	PLXNA4	hg38_genes_promoters	0.0125892967404791	1.5538565146519194	0
chr7	132146358	132146688	-0.028295	10	0.8264	0.8547	PLXNA4	hg38_genes_promoters	0.0001148685962359	3.1456377982367396	0
chr7	132145229	132145844	-0.024732	10	0.7704	0.79513	PLXNA4	hg38_genes_promoters	0.0087821893220922	1.6731955062903576	0
chr7	131909355	131909405	0.023136	10	0.1006	0.077464	LOC101928782	hg38_genes_promoters	0.1015812009794028	0.8504473750294312	0
chr7	131509321	131509601	-0.026179	10	0.8194	0.84558	PODXL	hg38_genes_promoters	0.0018090478091903	2.1999596987619157	0
chr7	131507884	131508154	-0.067677	10	0.2372	0.30488	PODXL	hg38_genes_promoters	9.758124404845966e-06	4.021373269445888	0
chr7	143885428	143885537	-0.010574	10	0.0659	0.076474	TCAF1	hg38_genes_promoters	0.0804233341587392	0.9268702823939861	0
chr7	130734152	130734218	-0.011859	16	0.022812	0.034671	KLF14	hg38_genes_promoters	0.0010168790633608	2.3989879150949163	0
chr7	144403607	144403736	0.037446	12	0.88275	0.8453	NOBOX	hg38_genes_promoters	1.988402163051469e-05	3.76878078634463	0
chr7	149206052	149206347	-0.011721	10	0.8407	0.85242	ZNF282	hg38_genes_promoters	0.1064781642177839	0.8337970535749188	0
chr7	150857826	150858065	-0.018702	12	0.85867	0.87737	AOC1	hg38_genes_promoters	0.0002260881802848	2.9156261847682075	0
chr7	150851233	150851799	-0.022746	10	0.5621	0.58485	AOC1	hg38_genes_promoters	0.4498456997302655	0.32349121561610844	0
chr7	150824226	150824716	-0.021644	10	0.7951	0.81674	AOC1	hg38_genes_promoters	0.0074974934187233	1.7238749559137245	0
chr7	150800604	150800800	-0.012003	10	0.0054	0.017403	TMEM176A	hg38_genes_promoters	0.0105956154256947	1.611430824177259	0
chr7	150800604	150800800	-0.012003	10	0.0054	0.017403	TMEM176B	hg38_genes_promoters	0.0105956154256947	1.611430824177259	0
chr7	150736988	150737701	-0.010636	12	0.20575	0.21639	GIMAP5	hg38_genes_promoters	0.3305624286590071	0.4383730249749249	0
chr7	150513924	150514510	0.014636	15	0.80347	0.78883	GIMAP7	hg38_genes_promoters	0.2114088640535112	0.595415558885916	0
chr7	150382802	150384164	0.017857	26	0.83938	0.82153	ZNF775-AS1	hg38_genes_promoters	0.0028957345495336	2.0397153279685996	0
chr7	150322931	150322986	-0.011305	10	0.1178	0.12911	LRRC61	hg38_genes_promoters	0.0714421991070731	0.9670644702655002	0
chr7	150041322	150041538	-0.011603	10	0.834	0.8456	LOC100134040	hg38_genes_promoters	0.0358524091292965	1.199770851587594	0
chr7	150033585	150033832	0.016984	10	0.8038	0.78682	LOC100134040	hg38_genes_promoters	0.4396962943433876	0.3323211529743779	0
chr7	149847806	149848072	-0.015084	10	0.6586	0.67368	ZNF862	hg38_genes_promoters	0.3773687013295294	0.3897888350031261	0
chr7	149785695	149786311	0.011911	13	0.82831	0.8164	SSPOP	hg38_genes_promoters	0.0885869083641164	0.8949048338594474	0
chr7	149783007	149783292	-0.019016	10	0.6503	0.66932	SSPOP	hg38_genes_promoters	0.3188120727920756	0.4511142701738778	0
chr7	149782130	149782483	-0.012779	10	0.8568	0.86958	SSPOP	hg38_genes_promoters	0.0713087864437608	0.967499992123174	0
chr7	149775005	149775459	-0.014138	10	0.7088	0.72294	SSPOP	hg38_genes_promoters	0.408532605278884	0.360126871552109	0
chr7	149729293	149729732	0.022368	10	0.815	0.79263	KRBA1	hg38_genes_promoters	0.0615045138722321	1.0183213879076745	0
chr7	149722656	149722906	-0.044605	10	0.7315	0.77611	KRBA1	hg38_genes_promoters	0.0007905401544384	2.4841281694611013	0
chr7	149720598	149720923	0.016521	10	0.8041	0.78758	KRBA1	hg38_genes_promoters	0.0146494460233807	1.5050195858987654	0
chr7	149713852	149713923	0.033816	10	0.6525	0.61868	KRBA1	hg38_genes_promoters	0.0207994628232401	1.3856292130883996	0
chr7	149713719	149713846	0.016834	11	0.76973	0.75289	KRBA1	hg38_genes_promoters	0.2273839383086392	0.5701313231230588	0
chr7	149625681	149625948	-0.014429	13	0.30831	0.32274	ZNF767P	hg38_genes_promoters	0.7132250344870352	0.1415203409064746	0
chr7	149621423	149621796	-0.04471	10	0.74101	0.78572	ZNF767P	hg38_genes_promoters	0.0015298391568301	2.256113497792719	0
chr7	149006528	149006933	0.023376	10	0.8459	0.82252	PDIA4	hg38_genes_promoters	0.005533875635402	1.8263114324268674	0
chr7	91881006	91881133	-0.015174	10	0.0803	0.095474	MTERF1	hg38_genes_promoters	0.7324272761451062	0.1312337449979242	0
chr7	4815873	4816104	0.016579	10	0.862	0.84542	RADIL	hg38_genes_promoters	0.0062553590243244	1.7853915584252271	0
chr7	87876455	87876544	0.012257	16	0.023375	0.011118	DBF4	hg38_genes_promoters	1.2691197865176257e-07	5.579681096649737	1
chr7	26363633	26364182	-0.018224	12	0.83392	0.85214	SNX10	hg38_genes_promoters	0.0939151356633499	0.8758397040776108	0
chr7	25949794	25950439	-0.021757	29	0.014966	0.036722	MIR148A	hg38_genes_promoters	1.7217102855903244e-12	9.929156043792313	-1
chr7	24757920	24758220	-0.031249	10	0.3382	0.36945	GSDME	hg38_genes_promoters	0.2809441378990965	0.49507656856112964	0
chr7	24717253	24717493	0.010979	11	0.82691	0.81593	GSDME	hg38_genes_promoters	0.0492083651019507	1.0933367835462144	0
chr7	24283480	24284118	0.012705	42	0.027881	0.015176	NPY	hg38_genes_promoters	1.1746134500915476e-06	4.784538390429649	0
chr7	23710019	23710143	0.017026	10	0.8545	0.83747	STK31	hg38_genes_promoters	0.2140649183883083	0.5913485073729533	0
chr7	22727543	22727695	-0.033337	10	0.3304	0.36374	IL6-AS1	hg38_genes_promoters	0.1108353575503221	0.8213907110653798	0
chr7	22727543	22727695	-0.033337	10	0.3304	0.36374	IL6	hg38_genes_promoters	0.1108353575503221	0.8213907110653798	0
chr7	22665750	22666091	0.030775	15	0.79913	0.76836	LOC401312	hg38_genes_promoters	0.0204376255720044	1.391021154541575	0
chr7	22665618	22665714	0.02082	12	0.79442	0.7736	LOC401312	hg38_genes_promoters	0.2769950301040057	0.49999722483145603	0
chr7	26550765	26551248	-0.040413	12	0.37992	0.42033	LOC100506289	hg38_genes_promoters	0.1412928727490744	0.7390177634704135	0
chr7	22193430	22194016	0.01536	25	0.82328	0.80792	RAPGEF5	hg38_genes_promoters	0.0151422924558579	1.493755126362134	0
chr7	15397349	15397465	-0.024824	12	0.826	0.85082	AGMO	hg38_genes_promoters	0.0128377303450866	1.5478708216542947	0
chr7	15397300	15397346	0.016737	10	0.886	0.86926	AGMO	hg38_genes_promoters	0.0061499453978463	1.7903408631669966	0
chr7	12686463	12686594	0.025226	10	0.1187	0.093474	ARL4A	hg38_genes_promoters	0.8272584343257919	0.08025436466442078	0
chr7	9621751	9621798	-0.027342	10	0.7996	0.82694	LOC105375148	hg38_genes_promoters	0.1866502785058286	0.63957248446175	0
chr7	6599980	6600268	0.018027	12	0.85458	0.83656	C7orf26	hg38_genes_promoters	0.0631745810070713	1.0089455661261633	0
chr7	6348814	6348881	-0.014317	10	0.0052	0.019517	FAM220A	hg38_genes_promoters	0.000301798867229	2.818450027450446	0
chr7	6170761	6170818	0.037021	10	0.8186	0.78158	CYTH3	hg38_genes_promoters	6.201920413139801e-07	5.017545644955843	1
chr7	5501550	5501652	0.011285	12	0.84225	0.83096	FBXL18	hg38_genes_promoters	0.359560079006205	0.4073394565429008	0
chr7	5501163	5501284	0.018405	10	0.8723	0.85389	FBXL18	hg38_genes_promoters	0.0015458551196499	2.2525648921213572	0
chr7	5429860	5429980	0.012921	10	0.0475	0.034579	LOC100129484	hg38_genes_promoters	0.0020075600656402	2.1656802470359757	0
chr7	20835340	20835593	-0.02715	10	0.7846	0.81175	LINC01162	hg38_genes_promoters	0.0332476834434871	1.2234287890828173	0
chr7	26857545	26857903	-0.016538	13	0.067308	0.083846	SKAP2	hg38_genes_promoters	0.031476937586489	1.2424289354301419	0
chr7	27131007	27131432	-0.074057	22	0.34345	0.41751	HOXA4	hg38_genes_promoters	5.427325884661931e-07	5.061078747259864	-1
chr7	27139911	27140295	0.026066	10	0.8428	0.81673	HOXA3	hg38_genes_promoters	0.0002807378122803	2.843315329227055	0
chr7	36985841	36986205	-0.031505	10	0.7716	0.80311	ELMO1	hg38_genes_promoters	0.0116651380727695	1.5787690725374854	0
chr7	36280591	36281172	0.012432	15	0.7778	0.76537	EEPD1	hg38_genes_promoters	0.2187091331746715	0.5838275411721187	0
chr7	36094583	36095196	0.035866	10	0.6403	0.60443	LOC101928618	hg38_genes_promoters	0.41092135382992	0.35788228776029885	0
chr7	36028296	36028771	-0.0259	10	0.7326	0.7585	LOC107986734	hg38_genes_promoters	0.0933861008267448	0.8775295239295418	0
chr7	36028296	36028771	-0.0259	10	0.7326	0.7585	LOC105375233	hg38_genes_promoters	0.0933861008267448	0.8775295239295418	0
chr7	32070254	32070596	-0.016178	29	0.05531	0.071488	PDE1C	hg38_genes_promoters	0.0002128884559436	2.9341683558547174	0
chr7	31687039	31687298	-0.041284	10	0.4864	0.52768	PPP1R17	hg38_genes_promoters	0.1047502001293733	0.8395664553231683	0
chr7	31056925	31057227	-0.045081	10	0.5219	0.56698	ADCYAP1R1	hg38_genes_promoters	0.0056804124353055	1.8171320728871225	0
chr7	30938534	30938740	0.020348	10	0.3663	0.34595	GHRHR	hg38_genes_promoters	0.3980324611460849	0.37022592982633357	0
chr7	30910597	30911123	0.029527	10	0.8129	0.78337	AQP1	hg38_genes_promoters	0.0012773327998218	2.3183573426876096	0
chr7	30136328	30136458	-0.013021	12	0.053083	0.066105	MTURN	hg38_genes_promoters	0.0052147796616617	1.8455200057822676	0
chr7	29990100	29990196	-0.012789	10	0.049	0.061789	SCRN1	hg38_genes_promoters	0.0147123248594168	1.5036186884042178	0
chr7	28570371	28570535	0.0285	10	0.8555	0.827	CREB5	hg38_genes_promoters	0.0041407511667299	1.9205121032132904	0
chr7	28490942	28491173	0.026684	10	0.864	0.83732	CREB5	hg38_genes_promoters	9.301818297266996e-05	3.2194866391114862	0
chr7	27198536	27198791	-0.019953	10	0.0681	0.088053	HOTTIP	hg38_genes_promoters	0.0082566266667734	1.693231166644242	0
chr7	27175706	27175991	0.016312	14	0.80079	0.78447	HOXA9	hg38_genes_promoters	0.0027682764039691	2.0554001519189353	0
chr7	27168398	27168582	-0.025237	10	0.0355	0.060737	HOXA10-AS	hg38_genes_promoters	4.0693792375061245e-06	4.337404157306829	0
chr7	27152929	27153075	-0.019353	10	0.0537	0.073053	HOXA3	hg38_genes_promoters	0.0227106518829182	1.3555755382614272	0
chr7	27149186	27149660	-0.024461	12	0.147	0.17146	HOXA-AS3	hg38_genes_promoters	0.2445873705221144	0.5449689315875034	0
chr7	27143880	27143952	0.040368	10	0.686	0.64563	HOXA5	hg38_genes_promoters	5.48114954112072e-05	3.406671559102157	0
chr7	27143430	27143557	0.040585	12	0.67692	0.63633	HOXA5	hg38_genes_promoters	0.0015219033823776	2.2570043304486846	0
chr7	27139911	27140295	0.026066	10	0.8428	0.81673	HOXA-AS3	hg38_genes_promoters	0.0002807378122803	2.843315329227055	0
chr7	5332987	5333068	0.030541	10	0.8708	0.84026	TNRC18	hg38_genes_promoters	2.0416644672370712e-06	4.5825902894493264	0
chr7	37197375	37197943	-0.039915	10	0.8135	0.85341	ELMO1	hg38_genes_promoters	0.0004751103353172	2.660469221538185	0
chr7	5299226	5299370	0.041765	13	0.85031	0.80854	SLC29A4	hg38_genes_promoters	7.484603455489004e-09	6.636833347533032	1
chr7	5283013	5283095	-0.013234	14	0.015884	0.029118	SLC29A4	hg38_genes_promoters	3.117159739176546e-05	3.6068025364162	0
chr7	1536842	1536995	0.017105	10	0.777	0.75989	MAFK	hg38_genes_promoters	0.1083011404548407	0.8292322082910165	0
chr7	1501632	1501855	-0.019174	10	0.8323	0.85147	INTS1	hg38_genes_promoters	0.0259434649334271	1.3097357031613721	0
chr7	1477034	1477168	0.026537	10	0.8548	0.82826	INTS1	hg38_genes_promoters	0.0017063393478495	2.21991918601911	0
chr7	1473731	1473991	-0.012021	10	0.7824	0.79442	INTS1	hg38_genes_promoters	0.1983391300322637	0.6184513852619867	0
chr7	1451463	1451729	-0.013937	12	0.84817	0.8621	MICALL2	hg38_genes_promoters	0.0283850998080974	1.2785330924879699	0
chr7	1448833	1448987	0.033489	10	0.8537	0.82021	MICALL2	hg38_genes_promoters	7.984420355368461e-05	3.275924292235497	0
chr7	1442020	1442160	0.047047	10	0.6891	0.64205	MICALL2	hg38_genes_promoters	0.0008047797631997	2.478925913727333	0
chr7	1438132	1438236	0.010984	10	0.8453	0.83432	MICALL2	hg38_genes_promoters	0.1261439019440521	0.7766284323537751	0
chr7	1043640	1043859	-0.029117	13	0.17554	0.20466	GPR146	hg38_genes_promoters	0.02751290944848	1.2890807957053005	0
chr7	946002	946148	0.026384	10	0.8497	0.82332	ADAP1	hg38_genes_promoters	0.0006728322011045	2.5376431177053353	0
chr7	1537265	1537380	0.021842	10	0.765	0.74316	MAFK	hg38_genes_promoters	0.0620268498929963	1.0150679771807847	0
chr7	936015	936125	-0.022342	10	0.8045	0.82684	ADAP1	hg38_genes_promoters	0.1102332410127914	0.822802854177605	0
chr7	891760	892009	0.030895	14	0.87729	0.84639	GET4	hg38_genes_promoters	0.0001029028975025	3.183859520453074	0
chr7	887121	887483	0.013418	18	0.85672	0.8433	GET4	hg38_genes_promoters	0.0370923630035125	1.1879330637233791	0
chr7	882612	882676	0.058089	10	0.7633	0.70521	GET4	hg38_genes_promoters	5.232956457202139e-06	4.242543351239479	0
chr7	842023	842206	-0.013189	10	0.8606	0.87379	SUN1	hg38_genes_promoters	0.0022627485897771	2.1239231158981395	0
chr7	830770	831116	0.011758	10	0.8366	0.82484	SUN1	hg38_genes_promoters	0.1857077241028105	0.6415727152046666	0
chr7	767930	768022	-0.019389	10	0.8094	0.82879	DNAAF5	hg38_genes_promoters	0.0012161094327847	2.3356203877410153	0
chr7	520942	521053	-0.014616	10	0.0337	0.048316	PDGFA	hg38_genes_promoters	0.0202100051117764	1.3950067179374286	0
chr7	256057	256203	0.026821	10	0.8774	0.85058	FAM20C	hg38_genes_promoters	0.0003901817132276	2.730880605138282	0
chr7	255129	255242	0.013979	10	0.8734	0.85942	FAM20C	hg38_genes_promoters	0.0346529021510609	1.2104546809379406	0
chr7	87876455	87876544	0.012257	16	0.023375	0.011118	SLC25A40	hg38_genes_promoters	1.2691197865176257e-07	5.579681096649737	1
chr7	905016	905197	0.041225	10	0.72656	0.68534	ADAP1	hg38_genes_promoters	0.0031851891297092	2.0084001768657544	0
chr7	1538398	1538536	0.015028	11	0.76809	0.75306	MAFK	hg38_genes_promoters	0.2971143934362367	0.4761928491813139	0
chr7	1838081	1838319	-0.035668	10	0.8377	0.87337	LOC100127955	hg38_genes_promoters	5.24606777682007e-08	5.898445020317495	-1
chr7	1843845	1844410	0.027251	15	0.52213	0.49488	MIR4655	hg38_genes_promoters	0.0485788828988644	1.09742559845864	0
chr7	5072090	5072315	-0.01391	17	0.10606	0.11997	RBAKDN	hg38_genes_promoters	0.0096769900083099	1.6420275738320167	0
chr7	4883195	4883289	0.01098	10	0.0197	0.0087199	RADIL	hg38_genes_promoters	7.69225231498009e-06	4.1073111522980845	0
chr7	4788806	4789057	0.013505	10	0.8614	0.84789	MIR4656	hg38_genes_promoters	0.0186624936330437	1.421383002946829	0
chr7	4788806	4789057	0.013505	10	0.8614	0.84789	AP5Z1	hg38_genes_promoters	0.0186624936330437	1.421383002946829	0
chr7	4784969	4785087	-0.010926	10	0.8416	0.85253	AP5Z1	hg38_genes_promoters	0.0917327915208258	0.8833724438550066	0
chr7	4784392	4784596	-0.030161	10	0.8322	0.86236	AP5Z1	hg38_genes_promoters	0.0035031385091074	1.976262910512608	0
chr7	4774865	4775019	-0.018892	10	0.0496	0.068492	AP5Z1	hg38_genes_promoters	0.3096752980787024	0.4613456900503657	0
chr7	2944023	2944276	0.0111	10	0.8645	0.8534	CARD11-AS1	hg38_genes_promoters	0.3827836713615494	0.38476252462557803	0
chr7	2760561	2761067	-0.016987	12	0.35442	0.3714	GNA12	hg38_genes_promoters	0.450843014870771	0.32269985531981715	0
chr7	2679416	2679489	0.038063	10	0.8148	0.77674	AMZ1	hg38_genes_promoters	6.928406179410417e-05	3.3248506677029717	0
chr7	2652130	2652450	0.012121	10	0.8777	0.86558	TTYH3	hg38_genes_promoters	0.2201111809199262	0.5814371989310514	0
chr7	2647541	2648029	0.024484	17	0.83647	0.81199	TTYH3	hg38_genes_promoters	6.712824807988201e-05	3.334514659135935	0
chr7	2526899	2527065	0.016979	10	0.8594	0.84242	MIR4648	hg38_genes_promoters	0.0046160189817109	1.884174058925908	0
chr7	2524040	2524175	-0.022111	10	0.3601	0.38221	LFNG	hg38_genes_promoters	0.2446599932702102	0.5449027459653154	0
chr7	2477461	2477636	-0.017968	10	0.1784	0.19637	GRIFIN	hg38_genes_promoters	0.3206520590187629	0.4493314567536817	0
chr7	2476664	2476931	0.02699	10	0.8239	0.79691	GRIFIN	hg38_genes_promoters	0.0151828351975991	1.4936033924128365	0
chr7	2377449	2377677	-0.025975	10	0.8136	0.83958	EIF3B	hg38_genes_promoters	0.0129007451286	1.5468117758332272	0
chr7	2374953	2375368	-0.022542	10	0.7203	0.74284	EIF3B	hg38_genes_promoters	0.0801093750083018	0.9283313254421229	0
chr7	2362436	2362705	-0.014471	14	0.84464	0.85911	EIF3B	hg38_genes_promoters	0.0377395320664817	1.1822998996296135	0
chr7	2258615	2258783	0.031138	10	0.8219	0.79076	SNX8	hg38_genes_promoters	0.0018682546827658	2.1902708694143294	0
chr7	2257423	2257581	0.028486	13	0.86108	0.83259	MIR6836	hg38_genes_promoters	1.616389715668143e-05	3.844682870220978	0
chr7	2218117	2218426	0.02055	10	0.8547	0.83415	MAD1L1	hg38_genes_promoters	0.0420190477963282	1.1457494535709152	0
chr7	2109390	2109657	-0.040286	10	0.4058	0.44609	MAD1L1	hg38_genes_promoters	0.1843871159905443	0.6442749512469029	0
chr7	5298068	5298379	0.032822	10	0.7819	0.74908	SLC29A4	hg38_genes_promoters	0.0215966545034538	1.3727951066080795	0
chr7	37342668	37343010	-0.010677	14	0.054071	0.064749	ELMO1	hg38_genes_promoters	0.9859462295174708	0.005715921765970559	0
chr7	1843845	1844410	0.027251	15	0.52213	0.49488	LOC100127955	hg38_genes_promoters	0.0485788828988644	1.09742559845864	0
chr7	38746635	38746989	-0.0202	10	0.8318	0.852	VPS41	hg38_genes_promoters	0.001728970882222	2.216229120995468	0
chr7	73543767	73544191	-0.019185	10	0.841	0.86018	BCL7B	hg38_genes_promoters	0.0066115930693647	1.7687752641487544	0
chr7	73327721	73327858	-0.028789	10	0.8114	0.84019	FKBP6	hg38_genes_promoters	0.0003692852368695	2.7478595976352733	0
chr7	72969694	72969827	0.028376	10	0.5766	0.54822	LOC100101148	hg38_genes_promoters	0.1921389743574165	0.6291625779039642	0
chr7	72969694	72969827	0.028376	10	0.5766	0.54822	TRIM74	hg38_genes_promoters	0.1921389743574165	0.6291625779039642	0
chr7	72412960	72413640	-0.02154	11	0.84273	0.86427	CALN1	hg38_genes_promoters	0.000147990081805	3.0616199341104005	0
chr7	70764221	70764610	0.035752	10	0.7174	0.68165	AUTS2	hg38_genes_promoters	0.0703980761277894	0.9719113665644238	0
chr7	70728902	70729242	-0.028229	10	0.7316	0.75983	AUTS2	hg38_genes_promoters	0.0869674363682818	0.9009654288181946	0
chr7	66901864	66902117	0.020272	12	0.89233	0.87206	LINC02604	hg38_genes_promoters	0.0044645024331907	1.8950939939214415	0
chr7	66088897	66089017	0.019721	10	0.8843	0.86458	ASL	hg38_genes_promoters	0.0006418391879507	2.5546197844698284	0
chr7	66086481	66086965	0.013933	16	0.86362	0.84969	ASL	hg38_genes_promoters	0.1072162875520638	0.8321290358106489	0
chr7	73735373	73735776	-0.016153	12	0.77242	0.78857	ABHD11-AS1	hg38_genes_promoters	0.1601401558659144	0.6949816907808165	0
chr7	65979684	65979964	0.029862	10	0.846	0.81614	GUSB	hg38_genes_promoters	0.0189091933172516	1.4169894343341494	0
chr7	64206951	64207216	-0.027237	10	0.7964	0.82364	ZNF735	hg38_genes_promoters	0.0023297589074693	2.11437958229368	0
chr7	63900275	63901158	-0.025377	50	0.06336	0.088737	LINC02848	hg38_genes_promoters	0.0092045410680516	1.6577630313324825	0
chr7	57404636	57404788	-0.059178	13	0.33208	0.39126	MIR3147	hg38_genes_promoters	0.0008741223061588	2.4524747017213957	0
chr7	57404636	57404788	-0.059178	13	0.33208	0.39126	LOC100653233	hg38_genes_promoters	0.0008741223061588	2.4524747017213957	0
chr7	56882332	56882458	-0.057639	16	0.533	0.59064	LOC100130849	hg38_genes_promoters	8.631292579899425e-05	3.2460028347964016	0
chr7	56538742	56538951	-0.053221	10	0.3802	0.43342	LOC101928401	hg38_genes_promoters	0.0049953471737924	1.8594559532743855	0
chr7	56537967	56538181	-0.038446	12	0.16742	0.20586	LOC101928401	hg38_genes_promoters	0.0056461812951944	1.819468267763158	0
chr7	56483795	56483959	0.038149	12	0.63017	0.59202	LOC100240728	hg38_genes_promoters	0.0172312784469523	1.447787877495115	0
chr7	56483192	56483759	-0.039539	28	0.51196	0.5515	LOC100240728	hg38_genes_promoters	0.0107168619668229	1.6073585841884868	0
chr7	56448135	56448391	-0.065938	16	0.26531	0.33125	LOC650226	hg38_genes_promoters	1.528251933531586e-06	4.690076095152486	0
chr7	64582613	64582713	-0.070436	14	0.74393	0.81436	LOC641746	hg38_genes_promoters	9.936609306571352e-13	10.149074339631882	-1
chr7	74027729	74028150	-0.014178	12	0.047667	0.061845	ELN	hg38_genes_promoters	0.2366516534284986	0.5565235916750142	0
chr7	74042381	74042924	0.036056	15	0.70053	0.66448	ELN	hg38_genes_promoters	0.0001154444327276	3.143801092503508	0
chr7	74046012	74046641	0.029051	10	0.8003	0.77125	ELN	hg38_genes_promoters	0.0362593460977654	1.1956482952500718	0
chr7	86786559	86786626	0.018753	10	0.8477	0.82895	GRM3-AS1	hg38_genes_promoters	0.0054711788700185	1.8300975324646538	0
chr7	38631400	38631476	-0.012746	10	0.0204	0.033146	AMPH	hg38_genes_promoters	0.1263192446817593	0.7762792023198639	0
chr7	82950649	82951439	-0.016698	12	0.7305	0.7472	PCLO	hg38_genes_promoters	0.2892471917763913	0.48541980063203066	0
chr7	77416670	77416965	-0.041074	10	0.3074	0.34847	LOC101927243	hg38_genes_promoters	0.2437764822838151	0.5460972892136442	0
chr7	77416670	77416965	-0.041074	10	0.3074	0.34847	GSAP	hg38_genes_promoters	0.2437764822838151	0.5460972892136442	0
chr7	77326900	77327669	-0.017956	10	0.1782	0.19616	GSAP	hg38_genes_promoters	0.3039948626404919	0.4681223882051523	0
chr7	77199456	77199955	-0.011035	12	0.042917	0.053952	FGL2	hg38_genes_promoters	0.3893952901881786	0.37842552044766176	0
chr7	76980681	76980865	0.010605	10	0.8305	0.81989	DTX2P1-UPK3BP1-PMS2P11	hg38_genes_promoters	0.6231883454887199	0.19657159765227192	0
chr7	76500675	76501051	-0.026137	10	0.8009	0.82704	DTX2	hg38_genes_promoters	0.013782111467086	1.5249280246848576	0
chr7	75987479	75987666	0.018494	11	0.87018	0.85169	TMEM120A	hg38_genes_promoters	0.0175114380033207	1.4437519606218938	0
chr7	75984945	75985016	0.048947	10	0.864	0.81505	POR	hg38_genes_promoters	1.450357033328553e-06	4.707560715180337	0
chr7	75979824	75980188	-0.030642	10	0.8092	0.83984	POR	hg38_genes_promoters	0.0059284517397295	1.8021652319057895	0
chr7	75967353	75967750	-0.017745	10	0.1583	0.17604	POR	hg38_genes_promoters	0.2337613085568261	0.560848900080565	0
chr7	75920573	75920925	-0.014542	10	0.8293	0.84384	POR	hg38_genes_promoters	0.1599222239854693	0.6954373998866049	0
chr7	75611755	75612100	-0.073655	10	0.5447	0.61836	HIP1	hg38_genes_promoters	1.2196654893464145e-05	3.944009482373268	0
chr7	75438050	75438622	-0.026843	10	0.8471	0.87394	POM121C	hg38_genes_promoters	0.0001365531648473	3.0872999360910502	0
chr7	75421932	75422032	0.025537	10	0.8608	0.83526	POM121C	hg38_genes_promoters	0.0001183255837334	3.135744647777359	0
chr7	75395401	75395498	-0.031099	10	0.4949	0.526	TRIM73	hg38_genes_promoters	0.2771131855404505	0.4999349013393497	0
chr7	75395401	75395498	-0.031099	10	0.4949	0.526	LOC541473	hg38_genes_promoters	0.2771131855404505	0.4999349013393497	0
chr7	74505236	74505559	0.027774	10	0.8433	0.81553	GTF2IRD1	hg38_genes_promoters	0.0024491176819366	2.0976169257012853	0
chr7	74400311	74400627	0.014149	20	0.8137	0.79955	CLIP2	hg38_genes_promoters	0.0299412091566027	1.2595282124972862	0
chr7	74375900	74376015	-0.0137	10	0.8463	0.86	CLIP2	hg38_genes_promoters	0.031811236279363	1.2386417817266562	0
chr7	74063213	74063549	0.026913	10	0.8757	0.84879	ELN-AS1	hg38_genes_promoters	0.0360027365453881	1.1982379379926613	0
chr7	56092888	56093200	-0.041255	10	0.4451	0.48636	PHKG1	hg38_genes_promoters	0.0338839678376745	1.217512676715651	0
chr7	55689166	55689639	-0.015095	10	0.1168	0.13189	FKBP9P1	hg38_genes_promoters	0.5018787931047408	0.28182487755585195	0
chr7	75881444	75882091	-0.018639	22	0.78368	0.80232	RHBDD2	hg38_genes_promoters	0.0063175677075607	1.7826383391666687	0
chr7	55522052	55522738	-0.021757	13	0.83831	0.86006	VOPP1	hg38_genes_promoters	0.0004855304125559	2.652530339927361	0
chr7	44796345	44796413	-0.010639	12	0.0025	0.013139	LOC105375260	hg38_genes_promoters	3.5266809838528297e-07	5.213320887270763	-1
chr7	44796345	44796413	-0.010639	12	0.0025	0.013139	PPIA	hg38_genes_promoters	3.5266809838528297e-07	5.213320887270763	-1
chr7	44765466	44765753	-0.035877	10	0.7875	0.82338	ZMIZ2	hg38_genes_promoters	0.0028198807967461	2.0492027841044953	0
chr7	44226281	44226665	-0.051714	17	0.65376	0.70548	CAMK2B	hg38_genes_promoters	0.000914006948689	2.436566118829715	0
chr7	44220950	44221442	-0.021554	15	0.69153	0.71309	CAMK2B	hg38_genes_promoters	0.1882240418419631	0.6363019715074176	0
chr7	44116911	44117209	-0.015747	10	0.8402	0.85595	POLD2	hg38_genes_promoters	0.007832119864261	1.7100338161196915	0
chr7	44110003	44110173	-0.011	10	0.853	0.864	AEBP1	hg38_genes_promoters	0.0312113392632598	1.245619437330232	0
chr7	44110003	44110173	-0.011	10	0.853	0.864	MIR4649	hg38_genes_promoters	0.0312113392632598	1.245619437330232	0
chr7	44104896	44105343	0.059471	20	0.53515	0.47568	AEBP1	hg38_genes_promoters	0.0015930455469715	2.2429953729464978	0
chr7	44074042	44074579	-0.015977	22	0.16386	0.17984	POLM	hg38_genes_promoters	0.4006942634432302	0.36787662452079806	0
chr7	44074042	44074579	-0.015977	22	0.16386	0.17984	MIR6838	hg38_genes_promoters	0.4006942634432302	0.36787662452079806	0
chr7	44058415	44058918	0.0425	12	0.79583	0.75333	DBNL	hg38_genes_promoters	0.0001958776358333	2.965006780828498	0
chr7	44039228	44039494	-0.014667	10	0.0126	0.027267	LINC00957	hg38_genes_promoters	0.4936843273362526	0.2880766156317488	0
chr7	44039228	44039494	-0.014667	10	0.0126	0.027267	RASA4CP	hg38_genes_promoters	0.4936843273362526	0.2880766156317488	0
chr7	42237619	42237714	-0.011479	10	0.0031	0.014579	GLI3	hg38_genes_promoters	6.158661142928849e-07	5.018915158973872	-1
chr7	41978143	41978623	-0.018794	12	0.79458	0.81338	GLI3	hg38_genes_promoters	0.0744196761078495	0.9533767552108013	0
chr7	41706113	41706513	-0.022125	12	0.70433	0.72646	INHBA	hg38_genes_promoters	0.1877563052005513	0.6371388420019434	0
chr7	40135334	40135414	-0.013035	12	0.048324	0.06136	MPLKIP	hg38_genes_promoters	0.0081945293290339	1.6959809792325058	0
chr7	39569743	39570227	-0.019584	10	0.8411	0.86068	YAE1	hg38_genes_promoters	0.0059329896903619	1.8019871509975456	0
chr7	39405940	39406459	-0.034715	10	0.805	0.83971	POU6F2	hg38_genes_promoters	0.0097890398726288	1.638167816409521	0
chr7	55552662	55552948	-0.029663	10	0.0931	0.12276	VOPP1	hg38_genes_promoters	0.005290877585168	1.840998108124703	0
chr7	39033749	39034313	-0.029691	10	0.7814	0.81109	POU6F2	hg38_genes_promoters	0.1443610750050175	0.7314669379398132	0
chr7	39405940	39406459	-0.034715	10	0.805	0.83971	POU6F2-AS1	hg38_genes_promoters	0.0097890398726288	1.638167816409521	0
chr7	44975184	44976072	0.013641	16	0.84581	0.83217	MYO1G	hg38_genes_promoters	0.0539625790552615	1.0635719489979218	0
chr7	44979052	44979862	-0.015723	21	0.16119	0.17691	MYO1G	hg38_genes_promoters	0.1752541832863396	0.6629465238982818	0
chr7	43248396	43249262	0.01937	23	0.77678	0.75741	HECW1	hg38_genes_promoters	0.0502626367843277	1.0867694784733153	0
chr7	45068251	45068811	0.018417	10	0.8575	0.83908	CCM2	hg38_genes_promoters	0.0139428252331802	1.5219660972087612	0
chr7	53811683	53811957	-0.017234	16	0.78994	0.80717	LINC01446	hg38_genes_promoters	0.2922275910738977	0.48230458646239105	0
chr7	54759699	54759894	-0.036095	10	0.0938	0.1299	SEC61G	hg38_genes_promoters	0.0365678494650005	1.192892521670067	0
chr7	55188720	55189074	-0.042185	10	0.6052	0.64739	EGFR-AS1	hg38_genes_promoters	0.0462902157303613	1.1130386870777806	0
chr7	53035520	53035659	0.019847	10	0.8279	0.80805	POM121L12	hg38_genes_promoters	0.0541458599824802	1.0624277848708428	0
chr7	51471362	51472112	0.062252	32	0.25034	0.18809	LOC105375278	hg38_genes_promoters	3.741885974991388e-07	5.193164468306203	1
chr7	51471056	51471357	0.014611	10	0.2055	0.19089	LOC105375278	hg38_genes_promoters	0.6144563498820829	0.20237016510278086	0
chr7	50755923	50757131	-0.015252	20	0.81205	0.8273	GRB10	hg38_genes_promoters	0.0626608344869936	1.0115726199414028	0
chr7	50606345	50606555	-0.016027	10	0.8601	0.87613	GRB10	hg38_genes_promoters	0.0092860220000354	1.6547064000044702	0
chr7	50564043	50564592	-0.023639	10	0.8357	0.85934	DDC	hg38_genes_promoters	0.0747137518392361	0.952066445113015	0
chr7	50543929	50544251	0.012969	12	0.84442	0.83145	DDC	hg38_genes_promoters	0.2247519454483123	0.5741034256396288	0
chr7	50450774	50450890	-0.020443	12	0.075083	0.095526	FIGNL1	hg38_genes_promoters	0.018572541753353	1.4229344305722924	0
chr7	50782506	50782561	-0.044016	10	0.4073	0.45132	GRB10	hg38_genes_promoters	1.414810395056603e-05	3.8865247434805643	0
chr7	48009208	48010066	-0.012135	11	0.76791	0.78004	SUN3	hg38_genes_promoters	0.2508905852263157	0.5359219753057862	0
chr7	50303344	50303434	0.037316	10	0.797	0.75968	IKZF1	hg38_genes_promoters	0.0002443598590711	2.8910296040814933	0
chr7	45917366	45917510	0.012148	10	0.7218	0.70965	IGFBP3	hg38_genes_promoters	0.5798864231858465	0.22503735905479028	0
chr7	45104552	45105003	0.017237	10	0.8725	0.85526	TBRG4	hg38_genes_promoters	0.0052372323905892	1.8443957122394352	0
chr7	46969296	46970048	-0.027911	11	0.79009	0.818	LOC105375267	hg38_genes_promoters	0.0114854920679671	1.5841081115708868	0
chr7	45104552	45105003	0.017237	10	0.8725	0.85526	SNORA5A	hg38_genes_promoters	0.0052372323905892	1.8443957122394352	0
chr7	45969057	45969769	-0.0223	13	0.79185	0.81415	LOC102723446	hg38_genes_promoters	0.0004329559120875	2.694082773640943	0
chr7	47453723	47453944	-0.011937	10	0.0168	0.028737	TNS3	hg38_genes_promoters	0.0007816805003062	2.487558604931937	0
chr7	47482065	47482549	-0.030862	10	0.2342	0.26506	TNS3	hg38_genes_promoters	0.2265690422831709	0.5713215862786136	0
chr7	45103114	45103440	0.031347	10	0.8522	0.82085	TBRG4	hg38_genes_promoters	0.0063630272222426	1.7807919054638308	0
chr7	47400503	47400953	-0.030899	12	0.83917	0.87007	TNS3	hg38_genes_promoters	1.104267245386554e-05	3.9759874947060094	0
chr8	109361915	109362354	-0.022514	10	0.5007	0.52321	PKHD1L1	hg38_genes_promoters	0.1425982612181562	0.7357635842963113	0
chr8	106447780	106448027	0.015841	10	0.7063	0.69046	OXR1	hg38_genes_promoters	0.5605925652047545	0.23807112299655284	0
chr8	105318855	105318899	-0.013315	11	0.0055455	0.01886	ZFPM2	hg38_genes_promoters	3.9767231432238526e-07	5.172710701283193	-1
chr8	104497026	104497966	-0.023966	14	0.84764	0.87161	LRP12	hg38_genes_promoters	8.366033626062847e-05	3.257328282089799	0
chr8	104418932	104419654	-0.012147	12	0.80058	0.81273	DPYS	hg38_genes_promoters	0.5260390604256826	0.26325153238603755	0
chr8	104348542	104349218	-0.02539	13	0.74715	0.77254	DCSTAMP	hg38_genes_promoters	0.0141251525518403	1.5173880277068599	0
chr8	103141419	103141657	-0.017689	10	0.0296	0.047289	BAALC-AS2	hg38_genes_promoters	0.0183635663740615	1.42664313167247	0
chr8	103152216	103152903	-0.012304	13	0.35454	0.36684	BAALC	hg38_genes_promoters	0.8063851306398602	0.09108251948104204	0
chr8	102528650	102528891	-0.031351	13	0.17562	0.20697	LOC107986898	hg38_genes_promoters	0.1082808219810571	0.8292400413842923	0
chr8	102528281	102528616	-0.045647	12	0.40767	0.45331	LOC107986898	hg38_genes_promoters	0.0033600680355076	1.990295767008956	0
chr8	101694702	101695380	-0.015	10	0.8438	0.8588	NCALD	hg38_genes_promoters	0.0128417450852603	1.5478537668853838	0
chr8	109644089	109644255	-0.013401	13	0.044154	0.057555	SYBU-AS1	hg38_genes_promoters	0.0037976398693957	1.948767973638844	0
chr8	100663123	100663503	-0.020328	10	0.8367	0.85703	SNX31	hg38_genes_promoters	0.1292473114886343	0.7678538215337156	0
chr8	100650267	100650611	-0.018544	11	0.79827	0.81682	SNX31	hg38_genes_promoters	0.0163631169827766	1.4656177140804159	0
chr8	103500342	103500409	-0.010732	10	0.0049	0.015632	RIMS2	hg38_genes_promoters	2.0346208993495917e-06	4.583401254705955	0
chr8	109644089	109644255	-0.013401	13	0.044154	0.057555	SYBU	hg38_genes_promoters	0.0037976398693957	1.948767973638844	0
chr8	124558609	124558874	0.010898	14	0.85507	0.84417	MTSS1	hg38_genes_promoters	0.0516556568944071	1.0780426665156746	0
chr8	118110454	118110734	-0.013306	10	0.0676	0.080906	EXT1	hg38_genes_promoters	0.5069556036663938	0.2779019829466906	0
chr8	127794815	127795218	0.02402	10	0.1044	0.08038	MIR1204	hg38_genes_promoters	0.0762422126053023	0.9453582999586027	0
chr8	100336170	100336296	0.031079	10	0.7455	0.71442	RNF19A	hg38_genes_promoters	0.1010005691237329	0.8524131549501639	0
chr8	127218857	127219451	-0.026394	12	0.6425	0.66889	LOC105375752	hg38_genes_promoters	0.3610819756111394	0.40591512947420294	0
chr8	127218857	127219451	-0.026394	12	0.6425	0.66889	CCAT1	hg38_genes_promoters	0.3610819756111394	0.40591512947420294	0
chr8	127218857	127219451	-0.026394	12	0.6425	0.66889	CASC19	hg38_genes_promoters	0.3610819756111394	0.40591512947420294	0
chr8	126556676	126556885	0.027537	29	0.075414	0.047877	LOC105375751	hg38_genes_promoters	1.3741309314420515e-26	22.955205994843695	1
chr8	126556676	126556885	0.027537	29	0.075414	0.047877	LRATD2	hg38_genes_promoters	1.3741309314420515e-26	22.955205994843695	1
chr8	125429264	125429365	-0.010199	10	0.0077	0.017899	TRIB1	hg38_genes_promoters	0.002060335235981	2.1578757966469055	0
chr8	124619393	124619877	-0.02892	10	0.7221	0.75102	MTSS1	hg38_genes_promoters	0.1920320868383214	0.629272620191393	0
chr8	127794815	127795218	0.02402	10	0.1044	0.08038	PVT1	hg38_genes_promoters	0.0762422126053023	0.9453582999586027	0
chr8	123182848	123183010	0.013168	10	0.5748	0.56163	FAM83A	hg38_genes_promoters	0.7913775908264565	0.09902473041034877	0
chr8	122862812	122863015	0.022474	12	0.80467	0.78219	ZHX2	hg38_genes_promoters	0.0325348097877488	1.2308045571865216	0
chr8	122694206	122694613	-0.025576	12	0.42117	0.44674	LINC01151	hg38_genes_promoters	0.2868694316695349	0.48790782111474634	0
chr8	121639435	121639519	-0.012632	10	0.012	0.024632	HAS2-AS1	hg38_genes_promoters	8.38156967150866e-05	3.2569799569434736	0
chr8	120811692	120811792	-0.014437	10	0.0053	0.019737	SNTB1	hg38_genes_promoters	5.36020426029445e-07	5.064756488018141	-1
chr8	119673561	119674693	-0.025096	10	0.8189	0.844	ENPP2	hg38_genes_promoters	0.0046880841788572	1.8792117228587435	0
chr8	118620647	118621251	-0.019601	13	0.044615	0.064217	SAMD12-AS1	hg38_genes_promoters	0.0011030141096274	2.370799328650418	0
chr8	116949766	116949811	0.0385	10	0.7985	0.76	SLC30A8	hg38_genes_promoters	0.0018351127868408	2.1954052924137093	0
chr8	98943245	98943466	-0.020227	11	0.11264	0.13286	OSR2	hg38_genes_promoters	0.133097255629201	0.7594205561501626	0
chr8	76683833	76683970	-0.020517	11	0.055182	0.075699	LOC107986952	hg38_genes_promoters	0.005031100153936	1.8571027045358546	0
chr8	98027178	98027781	-0.014672	10	0.863	0.87767	MATN2	hg38_genes_promoters	0.2883903980164608	0.48609913205894184	0
chr8	76683833	76683970	-0.020517	11	0.055182	0.075699	ZFHX4-AS1	hg38_genes_promoters	0.005031100153936	1.8571027045358546	0
chr8	75406912	75407242	-0.014307	12	0.019583	0.03389	HNF4G	hg38_genes_promoters	0.0123430326364712	1.5611249213721357	0
chr8	74362285	74362657	-0.025021	10	0.8204	0.84542	GDAP1	hg38_genes_promoters	0.0014061808086591	2.2834501742505022	0
chr8	74244677	74245064	-0.013466	15	0.83747	0.85093	JPH1	hg38_genes_promoters	0.0396975243351689	1.1649020962078946	0
chr8	73370449	73370764	-0.087283	17	0.24712	0.3344	LOC105375899	hg38_genes_promoters	2.6477001713442845e-05	3.6651222515085444	0
chr8	73356411	73356776	0.041731	12	0.7655	0.72377	RDH10-AS1	hg38_genes_promoters	0.001974833467744	2.171718372099691	0
chr8	71547781	71547822	-0.019413	10	0.0046	0.024013	EYA1	hg38_genes_promoters	1.1882370154345443e-09	7.337713504898131	-1
chr8	76706421	76706736	-0.013229	12	0.81125	0.82448	ZFHX4	hg38_genes_promoters	0.0491778974541047	1.0934292562009125	0
chr8	70404513	70404765	-0.014988	10	0.0287	0.043688	NCOA2	hg38_genes_promoters	0.1175803525456998	0.8013400360136173	0
chr8	69562751	69563250	-0.020482	14	0.17179	0.19227	SULF1	hg38_genes_promoters	0.3683228741193287	0.3986367241209369	0
chr8	69492544	69492693	-0.019174	10	0.0203	0.039474	SULF1	hg38_genes_promoters	9.589328691760347e-06	4.026317722879631	0
chr8	68332150	68332275	-0.010968	10	0.0284	0.039368	C8orf34-AS1	hg38_genes_promoters	0.1081153532123872	0.8296831800622	0
chr8	66871146	66871498	-0.032797	10	0.7579	0.7907	MCMDC2	hg38_genes_promoters	0.1686097432866435	0.6768935731861812	0
chr8	127853937	127854357	-0.020638	17	0.79094	0.81158	PVT1	hg38_genes_promoters	0.0062837663073864	1.7837057834744374	0
chr8	66870915	66871046	-0.058502	10	0.0415	0.1	MCMDC2	hg38_genes_promoters	0.0005191322394776	2.6285391475582567	0
chr8	70071681	70071790	-0.014877	12	0.055167	0.070044	PRDM14	hg38_genes_promoters	0.0210034567229577	1.3822416964901885	0
chr8	79767512	79767564	-0.035837	10	0.0179	0.053737	HEY1	hg38_genes_promoters	8.792719607403512e-13	10.182534641861139	-1
chr8	79767512	79767564	-0.035837	10	0.0179	0.053737	LINC01607	hg38_genes_promoters	8.792719607403512e-13	10.182534641861139	-1
chr8	80042928	80043619	-0.012575	10	0.7322	0.74478	TPD52	hg38_genes_promoters	0.4374367790819625	0.3342167889135755	0
chr8	96644215	96644844	-0.061742	10	0.5855	0.64724	CPQ	hg38_genes_promoters	0.0765761848691809	0.9441001463292947	0
chr8	95133649	95133707	-0.010926	10	0.0047	0.015626	PLEKHF2	hg38_genes_promoters	0.0040423073719374	1.9282484561812645	0
chr8	95073057	95073289	0.062445	26	0.19815	0.13571	MIR3150B	hg38_genes_promoters	2.909412432044668e-09	7.000496682468843	1
chr8	95073057	95073289	0.062445	26	0.19815	0.13571	MIR3150BHG	hg38_genes_promoters	2.909412432044668e-09	7.000496682468843	1
chr8	94217296	94217742	-0.014701	11	0.129	0.1437	CDH17	hg38_genes_promoters	0.5108499436376184	0.2747465125262942	0
chr8	90646637	90647128	-0.01687	10	0.1217	0.13857	TMEM64	hg38_genes_promoters	0.0951077569814649	0.8719584070989443	0
chr8	90606514	90606627	0.019252	13	0.85746	0.83821	LINC01030	hg38_genes_promoters	0.0537795066407236	1.064444227056041	0
chr8	90082747	90082886	-0.011091	15	0.034733	0.045825	CALB1	hg38_genes_promoters	0.0173885146864787	1.4454814718728133	0
chr8	86657823	86658249	-0.027769	11	0.75055	0.77831	CNGB3	hg38_genes_promoters	0.0087950204587077	1.6728737320602023	0
chr8	86515017	86515223	0.020594	10	0.3004	0.27981	RMDN1	hg38_genes_promoters	0.3789640674723915	0.3881891708867912	0
chr8	85438659	85438846	-0.015004	14	0.0365	0.051504	CA3	hg38_genes_promoters	0.000427930522234	2.698649946135135	0
chr8	85350229	85351033	-0.02111	11	0.81491	0.83602	CA1	hg38_genes_promoters	0.0171280637735987	1.4498102428621846	0
chr8	84184524	84184600	-0.019405	10	0.0947	0.11411	RALYL	hg38_genes_promoters	0.0342289585761563	1.2142670123746173	0
chr8	81279933	81280153	-0.020237	10	0.2035	0.22374	FABP5	hg38_genes_promoters	0.3488242682914293	0.4188604037139203	0
chr8	81279339	81279795	-0.038378	10	0.4215	0.45988	FABP5	hg38_genes_promoters	0.2329198889106346	0.5621616856220524	0
chr8	80673338	80674148	-0.020301	10	0.8495	0.8698	ZNF704	hg38_genes_promoters	0.0046170207160998	1.884174058925908	0
chr8	80172252	80172647	-0.024869	10	0.8529	0.87777	TPD52	hg38_genes_promoters	0.0009629598927766	2.419043137076054	0
chr8	98943245	98943466	-0.020227	11	0.11264	0.13286	STK3	hg38_genes_promoters	0.133097255629201	0.7594205561501626	0
chr8	130341060	130341916	-0.021958	11	0.73045	0.75241	ASAP1	hg38_genes_promoters	0.015146839818947	1.493755126362134	0
chr8	143953875	143953958	-0.011726	10	0.0168	0.028526	PLEC	hg38_genes_promoters	0.0030725763003394	2.021038726291547	0
chr8	132447668	132448436	-0.033196	10	0.513	0.5462	KCNQ3	hg38_genes_promoters	0.5141030402528148	0.2721575766999555	0
chr8	144063947	144064363	-0.015348	13	0.82292	0.83827	OPLAH	hg38_genes_promoters	0.1185908930970254	0.7984905983364149	0
chr8	144058362	144058553	0.02332	12	0.83442	0.8111	MIR6846	hg38_genes_promoters	0.0008727964879918	2.4526991852850357	0
chr8	144048946	144049053	0.020121	13	0.069231	0.049109	SMPD5	hg38_genes_promoters	0.0003097932360242	2.8092577196678095	0
chr8	143988975	143989352	0.043078	15	0.80973	0.76666	PARP10	hg38_genes_promoters	1.447932467206402e-05	3.881754234970759	0
chr8	143988975	143989352	0.043078	15	0.80973	0.76666	GRINA	hg38_genes_promoters	1.447932467206402e-05	3.881754234970759	0
chr8	143986737	143987254	0.019242	12	0.67975	0.66051	PARP10	hg38_genes_promoters	0.3328392935765929	0.43610349351494815	0
chr8	143984246	143984640	0.029889	12	0.87058	0.84069	PARP10	hg38_genes_promoters	0.0001128137833236	3.150112915076678	0
chr8	144109625	144109762	0.07173	22	0.58805	0.51632	WDR97	hg38_genes_promoters	2.065831711191358e-06	4.580228428639406	0
chr8	143973723	143973811	0.019326	16	0.030937	0.011612	PLEC	hg38_genes_promoters	3.193186261761368e-08	6.081770247374527	1
chr8	143946417	143946815	0.043818	10	0.4719	0.42808	PLEC	hg38_genes_promoters	0.0601723737943773	1.0253911340041577	0
chr8	143944731	143944873	-0.017738	10	0.7403	0.75804	PLEC	hg38_genes_promoters	0.2960686815766543	0.47754247155418095	0
chr8	143879171	143879829	-0.046779	13	0.61323	0.66001	EPPK1	hg38_genes_promoters	0.0040082814894811	1.9307126634474596	0
chr8	143841587	143841731	-0.032645	10	0.5944	0.62705	NRBP2	hg38_genes_promoters	0.0857155837704787	0.9061854309407902	0
chr8	143838870	143839163	0.028076	18	0.85822	0.83015	NRBP2	hg38_genes_promoters	2.7460853035500505e-06	4.486389860839161	0
chr8	143411674	143412501	-0.014349	16	0.80637	0.82072	LOC107986984	hg38_genes_promoters	0.0371586859039728	1.1873454688081164	0
chr8	143379000	143379086	0.035063	10	0.8638	0.82874	RHPN1	hg38_genes_promoters	0.0002240571416269	2.918387132593412	0
chr8	143959424	143959734	-0.028078	16	0.73244	0.76052	PLEC	hg38_genes_promoters	0.0417782081718077	1.1472372489474139	0
chr8	143367599	143367879	0.027601	13	0.77954	0.75194	RHPN1	hg38_genes_promoters	0.0060965575229864	1.792648033421166	0
chr8	144160057	144160881	-0.038753	12	0.84392	0.88267	MROH1	hg38_genes_promoters	0.000288528868703	2.8338953356299266	0
chr8	144310237	144310580	0.023319	16	0.87006	0.84674	HSF1	hg38_genes_promoters	2.5959279327333883e-05	3.672377709396603	0
chr8	144527518	144527602	0.023134	13	0.80123	0.7781	LRRC24	hg38_genes_promoters	0.0018777641981556	2.188623277815185	0
chr8	144513565	144513724	0.023326	13	0.831	0.80767	RECQL4	hg38_genes_promoters	0.0006443978456341	2.5533594204249996	0
chr8	144501141	144501267	-0.010955	14	0.018071	0.029027	LOC101928953	hg38_genes_promoters	0.0008261430079636	2.4704789506923315	0
chr8	144490044	144490244	-0.032307	12	0.83892	0.87122	PPP1R16A	hg38_genes_promoters	0.0001010966249888	3.1895854637123566	0
chr8	144489484	144489996	0.015609	10	0.828	0.81239	PPP1R16A	hg38_genes_promoters	0.1009912297499511	0.8524131549501639	0
chr8	144468361	144468850	-0.011798	12	0.81933	0.83113	KIFC2	hg38_genes_promoters	0.2082841782770665	0.6006526319206419	0
chr8	144238656	144238800	0.012621	10	0.8622	0.84958	MROH1	hg38_genes_promoters	0.0786392310415604	0.9345488060617758	0
chr8	144463218	144464214	-0.030998	18	0.52818	0.55918	CYHR1	hg38_genes_promoters	0.070087948355743	0.9730940320019095	0
chr8	144435616	144435964	0.043715	17	0.84941	0.8057	MIR6893	hg38_genes_promoters	9.2908416049576e-07	4.8671181321244275	0
chr8	144429199	144429328	-0.029205	10	0.2499	0.27911	VPS28	hg38_genes_promoters	0.0823045611201316	0.9190406180535674	0
chr8	144413266	144414040	0.034813	52	0.15592	0.12111	SLC39A4	hg38_genes_promoters	0.4977358591932569	0.28492002666477756	0
chr8	144399237	144399461	0.023028	13	0.83377	0.81074	CPSF1	hg38_genes_promoters	0.0022579003808832	2.1244201301569063	0
chr8	144396958	144397738	0.031693	22	0.8715	0.83981	CPSF1	hg38_genes_promoters	9.039230036224565e-09	6.566854951718649	1
chr8	144353857	144353957	-0.031405	10	0.6397	0.67111	SLC52A2	hg38_genes_promoters	0.0394922452341847	1.1666896551878738	0
chr8	144327323	144327399	0.011132	10	0.0251	0.013968	DGAT1	hg38_genes_promoters	6.876396977233307e-05	3.3266496325644135	0
chr8	144443092	144443373	0.017627	12	0.75258	0.73496	TONSL	hg38_genes_promoters	0.352790515623731	0.41453791555881286	0
chr8	143360099	143360184	0.037425	12	0.81642	0.77899	TOP1MT	hg38_genes_promoters	1.897358782221779e-05	3.786360497361943	0
chr8	143355720	143356181	-0.035222	12	0.13067	0.16589	TOP1MT	hg38_genes_promoters	0.0031292262504395	2.0147703182653873	0
chr8	143345443	143345950	-0.017708	10	0.1251	0.14281	TOP1MT	hg38_genes_promoters	0.0883776860484935	0.8956990135027146	0
chr8	140687036	140687446	-0.021108	10	0.8701	0.89121	PTK2	hg38_genes_promoters	0.0049602995917134	1.8617866723721093	0
chr8	140662678	140663495	-0.018593	10	0.7618	0.78039	PTK2	hg38_genes_promoters	0.043168543272468	1.1358561079425875	0
chr8	140542053	140542236	-0.013984	10	0.1087	0.12268	AGO2	hg38_genes_promoters	0.2213436417715485	0.579460803710895	0
chr8	140450916	140451073	0.010858	13	0.88062	0.86976	TRAPPC9	hg38_genes_promoters	0.4311491463739926	0.3395344451422651	0
chr8	140238519	140238758	-0.016084	12	0.85958	0.87567	TRAPPC9	hg38_genes_promoters	0.0010926938573314	2.3734248787457144	0
chr8	139806890	139807259	-0.035442	10	0.7974	0.83284	TRAPPC9	hg38_genes_promoters	0.0011001614728362	2.371508172708393	0
chr8	139654584	139654911	-0.022007	10	0.7918	0.81381	KCNK9	hg38_genes_promoters	0.0129055783237549	1.5467675495339526	0
chr8	140718052	140718508	-0.040274	10	0.777	0.81727	PTK2	hg38_genes_promoters	0.0013520073677914	2.2987147859992034	0
chr8	138497371	138497451	-0.011654	12	0.025583	0.037237	FAM135B	hg38_genes_promoters	0.0081659208615144	1.6965234184271931	0
chr8	134597570	134598056	-0.018765	11	0.86345	0.88222	ZFAT-AS1	hg38_genes_promoters	0.0005831485118978	2.5887178075389037	0
chr8	133250143	133250525	-0.024637	10	0.8041	0.82874	NDRG1	hg38_genes_promoters	0.0121465776427373	1.5660467087398893	0
chr8	133249582	133249886	-0.042037	10	0.4907	0.53274	NDRG1	hg38_genes_promoters	0.0928635519611924	0.8791250415483245	0
chr8	133190700	133191520	-0.027319	16	0.75544	0.78276	CCN4	hg38_genes_promoters	0.0009721145969992	2.41514681346219	0
chr8	133102552	133103290	0.016332	15	0.77553	0.7592	SLA	hg38_genes_promoters	0.1409330232909729	0.739557968629216	0
chr8	132897574	132897745	-0.011184	10	0.8735	0.88468	TG	hg38_genes_promoters	0.040093954470003	1.1615132210395083	0
chr8	134639993	134640701	-0.020072	11	0.86682	0.88689	ZFAT	hg38_genes_promoters	9.664922219610908e-05	3.2052765403607073	0
chr8	141001259	141001305	-0.017058	12	0.010003	0.027061	PTK2	hg38_genes_promoters	1.7978960744106737e-07	5.457562856922631	-1
chr8	141140209	141140433	-0.054405	10	0.3517	0.40611	DENND3	hg38_genes_promoters	0.0429206422806822	1.1379706855343519	0
chr8	141172253	141172691	-0.034062	10	0.5987	0.63276	DENND3	hg38_genes_promoters	0.2396520839972152	0.5519981692975852	0
chr8	143329554	143329741	0.023232	10	0.8706	0.84737	TOP1MT	hg38_genes_promoters	0.1229969550556611	0.7853104243055387	0
chr8	143291343	143291401	-0.012316	10	0.006	0.018316	ZNF696	hg38_genes_promoters	5.73225453013952e-05	3.38913855412757	0
chr8	143245933	143246054	0.014033	10	0.0773	0.063267	ZFP41	hg38_genes_promoters	0.2587467524186225	0.525204398762272	0
chr8	143212403	143212972	0.014431	13	0.73985	0.72541	GPIHBP1	hg38_genes_promoters	0.1807204322760276	0.6518046020550037	0
chr8	142917579	142917958	0.014379	10	0.7868	0.77242	CYP11B2	hg38_genes_promoters	0.2431905764997342	0.5468412948216329	0
chr8	142834600	142834834	0.016436	14	0.82486	0.80842	GML	hg38_genes_promoters	0.0108094217672185	1.6043674136569244	0
chr8	142785611	142785967	0.036638	10	0.6787	0.64206	LY6D	hg38_genes_promoters	0.0590312502432089	1.032354143723435	0
chr8	142777082	142777165	0.039616	10	0.1933	0.15368	LYNX1	hg38_genes_promoters	0.0036840972826206	1.9598723116363674	0
chr8	142742483	142743190	0.024995	10	0.8231	0.79811	SLURP1	hg38_genes_promoters	0.0412120699117163	1.1514149643514207	0
chr8	142726301	142726456	-0.083572	10	0.2045	0.28807	THEM6	hg38_genes_promoters	2.65146214087261e-05	3.6649449716682474	0
chr8	142700448	142700517	0.058934	10	0.5541	0.49517	LY6K	hg38_genes_promoters	0.0038867248694857	1.9412207417817386	0
chr8	142670365	142670561	-0.101874	10	0.2346	0.33647	JRK	hg38_genes_promoters	0.0055070895363092	1.828273562191857	0
chr8	142637953	142638440	0.027703	22	0.83	0.8023	LOC101928087	hg38_genes_promoters	1.5686065049035415e-05	3.855805947313135	0
chr8	142279958	142280085	0.046692	13	0.85669	0.81	TSNARE1	hg38_genes_promoters	4.869102167851824e-08	5.924299162940833	1
chr8	141191150	141191498	-0.016381	10	0.8497	0.86608	DENND3	hg38_genes_promoters	0.0138407154631941	1.5235957207396513	0
chr8	141183888	141184344	0.021203	12	0.81217	0.79096	DENND3	hg38_genes_promoters	0.0729899313867045	0.9597836622227702	0
chr8	141176992	141177165	0.031079	10	0.8605	0.82942	DENND3	hg38_genes_promoters	0.0001032996461029	3.1825968988932236	0
chr8	131041748	131041888	-0.01438	14	0.033214	0.047594	ADCY8	hg38_genes_promoters	0.0002860153507967	2.8364252759658672	0
chr8	66870752	66870809	-0.0278	10	0.0092	0.037	MCMDC2	hg38_genes_promoters	0.0002530139931066	2.8773281895065215	0
chr8	141230526	141230681	0.017724	12	0.86242	0.84469	SLC45A4	hg38_genes_promoters	0.0062867809230894	1.7836384181881797	0
chr8	64798396	64798450	-0.012532	10	0.0061	0.018632	LOC105375879	hg38_genes_promoters	0.00142376607667	2.279445627056283	0
chr8	22669239	22670048	-0.012915	10	0.33931	0.35222	BIN3	hg38_genes_promoters	0.6322849961317486	0.19093673157307375	0
chr8	22600768	22601006	-0.016432	10	0.8062	0.82263	C8orf58	hg38_genes_promoters	0.066846631923947	0.9892228820899003	0
chr8	22598578	22598970	0.01244	39	0.029068	0.016627	C8orf58	hg38_genes_promoters	0.7812202651099258	0.10436413664618403	0
chr8	22577414	22577999	0.020011	10	0.8628	0.84279	PDLIM2	hg38_genes_promoters	0.0562763828376554	1.0483599264142827	0
chr8	22572192	22572764	-0.017969	19	0.20568	0.22365	SORBS3	hg38_genes_promoters	0.0892109208136261	0.893170177146481	0
chr8	22570676	22571033	0.024167	18	0.86361	0.83944	SORBS3	hg38_genes_promoters	9.48576119939359e-06	4.029975775595981	0
chr8	22564883	22565088	-0.013838	12	0.019583	0.033421	SORBS3	hg38_genes_promoters	0.0118938725241703	1.573247158936151	0
chr8	22703602	22703800	-0.020541	25	0.06188	0.082421	LOC107986926	hg38_genes_promoters	1.2151822353295564e-06	4.772768830871387	0
chr8	22560817	22560889	0.033337	10	0.7706	0.73726	SORBS3	hg38_genes_promoters	0.0003203730011689	2.795481731240304	0
chr8	22392571	22392939	0.012947	11	0.79036	0.77742	SLC39A14	hg38_genes_promoters	0.0796831246026962	0.9296962606795892	0
chr8	22392150	22392544	-0.022084	17	0.80488	0.82697	SLC39A14	hg38_genes_promoters	0.0090455759571084	1.6637829541992866	0
chr8	22275579	22275771	0.042247	10	0.8093	0.76705	PIWIL2-DT	hg38_genes_promoters	6.177756650989657e-05	3.3623452015829676	0
chr8	22227650	22227937	-0.043384	17	0.25506	0.29844	PHYHIP	hg38_genes_promoters	0.0014775114974363	2.2663232839305874	0
chr8	22191332	22191714	0.01373	10	0.8703	0.85657	BMP1	hg38_genes_promoters	0.1487283052666412	0.721082199768252	0
chr8	22118770	22118979	-0.032105	13	0.43508	0.46718	HR	hg38_genes_promoters	0.0353888179330872	1.2035233349424141	0
chr8	22109421	22109454	-0.012637	10	0.0091	0.021737	NUDT18	hg38_genes_promoters	4.553699430553843e-06	4.295806369781392	0
chr8	22440397	22440606	0.018147	10	0.0842	0.066053	PPP3CC	hg38_genes_promoters	0.0055503367391696	1.8253116045976387	0
chr8	22058683	22059504	-0.041706	19	0.514	0.55571	DMTN	hg38_genes_promoters	0.0153958075673478	1.4881223189813086	0
chr8	22744450	22744664	0.028174	10	0.8097	0.78153	LOC107986925	hg38_genes_promoters	0.084092968967312	0.9124542898478932	0
chr8	23006767	23006967	0.013825	12	0.87733	0.86351	RHOBTB2	hg38_genes_promoters	0.0439685841277754	1.12970120150435	0
chr8	27325715	27326035	0.014055	13	0.062077	0.048022	PTK2B	hg38_genes_promoters	0.0402382015310865	1.160231145614421	0
chr8	23727666	23727813	0.013889	10	0.1495	0.13561	LOC101929258	hg38_genes_promoters	0.3969377853341524	0.3713643157897706	0
chr8	23566384	23566543	0.01045	13	0.87354	0.86309	SLC25A37	hg38_genes_promoters	0.3566950068773219	0.41046214331877917	0
chr8	23540879	23541785	-0.016176	23	0.28878	0.30496	SLC25A37	hg38_genes_promoters	0.2825320905239395	0.49305751165758666	0
chr8	23540421	23540839	-0.042815	10	0.4739	0.51671	SLC25A37	hg38_genes_promoters	0.1076851134375657	0.8310462419055483	0
chr8	23440894	23441120	-0.026773	10	0.8552	0.88197	ENTPD4	hg38_genes_promoters	1.0230367834383638e-05	4.002943885128374	0
chr8	23436914	23437647	-0.015581	18	0.84211	0.85769	ENTPD4	hg38_genes_promoters	0.000364304054372	2.751878193928866	0
chr8	22986846	22987499	-0.013661	10	0.7573	0.77096	RHOBTB2	hg38_genes_promoters	0.2093157241376007	0.5987662616095665	0
chr8	23424988	23425295	-0.010521	10	0.8589	0.86942	LOXL2	hg38_genes_promoters	0.0272217131345515	1.2924935291917758	0
chr8	23333435	23333674	-0.037599	10	0.8391	0.8767	LOXL2	hg38_genes_promoters	0.0006706589899529	2.5385739664650067	0
chr8	23328916	23329960	-0.015344	11	0.82518	0.84053	LOXL2	hg38_genes_promoters	0.0190767784656409	1.4139196067066733	0
chr8	23225981	23226086	0.022374	10	0.8469	0.82453	TNFRSF10A	hg38_genes_promoters	0.0101922474819118	1.6243042242782733	0
chr8	23102582	23102884	-0.013805	10	0.0613	0.075105	TNFRSF10C	hg38_genes_promoters	0.0760490057711063	0.9459795704918589	0
chr8	23083445	23084143	0.017996	15	0.72007	0.70207	LOC254896	hg38_genes_promoters	0.1819520810640437	0.6494532539516242	0
chr8	23049919	23050250	-0.026139	10	0.7059	0.73204	TNFRSF10B	hg38_genes_promoters	0.0985252113198493	0.8605613734848985	0
chr8	23027731	23028577	0.019939	12	0.82308	0.80314	TNFRSF10B	hg38_genes_promoters	0.0948993958051186	0.8725307060474958	0
chr8	23335743	23336191	-0.022221	10	0.1962	0.21842	LOC100507156	hg38_genes_promoters	0.0579939055640474	1.0382726535650377	0
chr8	22054936	22055300	0.028929	12	0.30167	0.27274	DMTN	hg38_genes_promoters	0.1598022115943502	0.6956955607376724	0
chr8	22047960	22048183	0.027713	20	0.32665	0.29894	DMTN	hg38_genes_promoters	0.0594114093440005	1.02990470365832	0
chr8	22043914	22044405	0.023936	10	0.2202	0.19626	FGF17	hg38_genes_promoters	0.3004840988172695	0.4723830492290785	0
chr8	10731309	10731385	-0.021444	10	0.054	0.075444	SOX7	hg38_genes_promoters	0.0007784341801983	2.489141834101015	0
chr8	10730818	10731094	-0.013517	22	0.026864	0.040381	SOX7	hg38_genes_promoters	0.0005417701792767	2.613967091138354	0
chr8	10729134	10729280	-0.031521	10	0.1139	0.14542	LOC102723313	hg38_genes_promoters	0.0048354608158851	1.8690925688784599	0
chr8	10671770	10672196	0.013005	10	0.7489	0.73589	C8orf74	hg38_genes_promoters	0.2323907043175008	0.5630228173998822	0
chr8	9324657	9325039	-0.035261	10	0.67	0.70526	LOC157273	hg38_genes_promoters	0.008829938290415	1.6714128186074424	0
chr8	9188698	9188970	-0.015663	10	0.8882	0.90386	LOC101929128	hg38_genes_promoters	0.0017030470732938	2.220513369647974	0
chr8	9151451	9151556	0.013833	18	0.018833	0.005	LOC101929128	hg38_genes_promoters	3.788898574907045e-08	6.0193906000199835	1
chr8	11283845	11284083	-0.029421	10	0.175	0.20442	MTMR9	hg38_genes_promoters	0.0841961900010801	0.9120322134690897	0
chr8	9151451	9151556	0.013833	18	0.018833	0.005	LOC102724880	hg38_genes_promoters	3.788898574907045e-08	6.0193906000199835	1
chr8	8822138	8823052	0.019418	16	0.87213	0.85271	MFHAS1	hg38_genes_promoters	0.0016785410150369	2.2260334798998507	0
chr8	8235635	8235931	-0.01144	10	0.8353	0.84674	FAM86B3P	hg38_genes_promoters	0.0218824324571312	1.3678248561040065	0
chr8	6939029	6939533	-0.022394	10	0.1886	0.21099	DEFA4	hg38_genes_promoters	0.2291647706762404	0.5676341134699588	0
chr8	1816552	1816684	-0.05008	17	0.48401	0.53409	MIR596	hg38_genes_promoters	0.0288046058670278	1.2734578345433663	0
chr8	673495	673599	-0.061658	10	0.6625	0.72416	ERICH1	hg38_genes_promoters	2.838608374742708e-07	5.291406644724855	-1
chr8	546018	546082	-0.018858	10	0.0873	0.10616	TDRP	hg38_genes_promoters	0.0700773526926289	0.9730940320019095	0
chr8	66870607	66870748	-0.016301	14	0.0097143	0.026016	MCMDC2	hg38_genes_promoters	0.029006300240429	1.2707260205163486	0
chr8	9151451	9151556	0.013833	18	0.018833	0.005	PPP1R3B	hg38_genes_promoters	3.788898574907045e-08	6.0193906000199835	1
chr8	11444286	11444493	0.020618	12	0.82575	0.80513	FAM167A	hg38_genes_promoters	0.0683786593099922	0.981769201096479	0
chr8	11703060	11703247	0.012026	10	0.0525	0.040474	GATA4	hg38_genes_promoters	0.0245469373207454	1.3284447145003728	0
chr8	11807987	11808278	-0.013224	10	0.0286	0.041824	FDFT1	hg38_genes_promoters	0.0534381742719304	1.0669504835696189	0
chr8	20972503	20973239	-0.013163	10	0.2341	0.24726	LINC02153	hg38_genes_promoters	0.1597701303570787	0.6957148716408208	0
chr8	19682884	19683298	-0.04211	12	0.41425	0.45636	CSGALNACT1	hg38_genes_promoters	0.0168212508193722	1.4560956034872223	0
chr8	19602394	19602485	-0.065531	12	0.17592	0.24145	CSGALNACT1	hg38_genes_promoters	7.975262599400232e-06	4.095663486877179	0
chr8	19013954	19014024	-0.013651	12	0.0014167	0.015068	PSD3	hg38_genes_promoters	9.82031472606812e-08	5.671651643857232	-1
chr8	18808786	18809088	-0.016774	11	0.84209	0.85887	PSD3	hg38_genes_promoters	0.0036477306859929	1.9631689795795586	0
chr8	17735215	17735659	-0.014691	12	0.82183	0.83652	MTUS1	hg38_genes_promoters	0.0577528763141995	1.0394009461034435	0
chr8	17692920	17693896	-0.019005	15	0.86393	0.88294	MTUS1	hg38_genes_promoters	0.0030814046122698	2.0201059727416815	0
chr8	17676094	17676488	-0.060395	13	0.42854	0.48893	MTUS1	hg38_genes_promoters	0.0040719279920237	1.9259137901909102	0
chr8	17576078	17576477	0.019419	14	0.079429	0.06001	PDGFRL	hg38_genes_promoters	0.0289095398861998	1.2719781437946194	0
chr8	17349161	17350270	-0.015873	20	0.6	0.61587	MTMR7	hg38_genes_promoters	0.1637874270711865	0.6869618497168121	0
chr8	16567649	16568304	-0.017467	10	0.7927	0.81017	LOC101929028	hg38_genes_promoters	0.0557188539223464	1.0520685418031668	0
chr8	16567649	16568304	-0.017467	10	0.7927	0.81017	MSR1	hg38_genes_promoters	0.0557188539223464	1.0520685418031668	0
chr8	13133749	13133915	-0.012203	10	0.0231	0.035303	DLC1	hg38_genes_promoters	0.138049028231066	0.7469213134171885	0
chr8	12811643	12812126	-0.016658	10	0.8255	0.84216	LOC340357	hg38_genes_promoters	0.1895814595172801	0.6338621031350423	0
chr8	11853916	11854237	0.030853	10	0.8018	0.77095	CTSB	hg38_genes_promoters	0.0081668501150305	1.6965234184271931	0
chr8	11848945	11849158	-0.011121	10	0.8363	0.84742	CTSB	hg38_genes_promoters	0.015387789565908	1.4882349096206402	0
chr8	27422118	27422512	0.017916	10	0.8592	0.84128	PTK2B	hg38_genes_promoters	0.0251821706218672	1.3199163235200009	0
chr8	27605111	27605638	-0.013463	15	0.84047	0.85393	CLU	hg38_genes_promoters	0.0022537278879061	2.1249595409375326	0
chr8	17413512	17413610	-0.026459	12	0.07025	0.096709	MTMR7	hg38_genes_promoters	0.0001430815117957	3.0708700469458825	0
chr8	27610648	27612727	-0.016353	39	0.19364	0.20999	MIR6843	hg38_genes_promoters	0.0003075077544907	2.8119340826092785	0
chr8	52409949	52410082	0.014263	10	0.829	0.81474	ST18	hg38_genes_promoters	0.2911735769603558	0.48332744588498616	0
chr8	52254384	52255239	-0.023934	13	0.66354	0.68747	ST18	hg38_genes_promoters	0.062291816444163	1.0136356277035703	0
chr8	52132971	52133432	-0.018524	10	0.8371	0.85562	ST18	hg38_genes_promoters	0.006153662811473	1.7903408631669966	0
chr8	51409432	51409555	0.080389	10	0.6626	0.58221	PXDNL	hg38_genes_promoters	3.131625657749676e-07	5.258329745833955	1
chr8	49910414	49910613	-0.025753	10	0.0503	0.076053	SNTG1	hg38_genes_promoters	0.0559144804382781	1.0508034272521616	0
chr8	49909710	49909808	-0.011718	14	0.026214	0.037932	SNTG1	hg38_genes_promoters	0.0035642881837229	1.9711749973865722	0
chr8	48735424	48735928	-0.025625	23	0.046	0.071625	EFCAB1	hg38_genes_promoters	1.36746117724009e-06	4.730373798433962	0
chr8	53945134	53945415	-0.04064	10	0.2905	0.33114	RGS20	hg38_genes_promoters	0.0732386032228807	0.9587108980086275	0
chr8	48620314	48620616	-0.011338	10	0.8126	0.82394	LOC101929217	hg38_genes_promoters	0.0741038141885825	0.9544985996010829	0
chr8	47659616	47660024	-0.030717	13	0.346	0.37672	SPIDR	hg38_genes_promoters	0.0155337182098094	1.4850440542577144	0
chr8	46836726	46836837	-0.030318	10	0.8317	0.86202	LINC00293	hg38_genes_promoters	0.0001304440976645	3.1019877330130807	0
chr8	46617678	46617905	-0.04788	17	0.36306	0.41094	ASNSP1	hg38_genes_promoters	0.0030001504447143	2.0277878106570886	0
chr8	46617525	46617654	-0.082917	12	0.30042	0.38333	ASNSP1	hg38_genes_promoters	2.485016087233254e-07	5.340369426133444	-1
chr8	43292071	43292116	0.011095	10	0.8282	0.81711	POTEA	hg38_genes_promoters	0.1297785370948228	0.7670664181414693	0
chr8	42501227	42502268	-0.034207	12	0.80733	0.84154	SLC20A2	hg38_genes_promoters	0.0203312072406258	1.3929546875714482	0
chr8	42316264	42317126	-0.017149	14	0.755	0.77215	IKBKB	hg38_genes_promoters	0.1149530976694698	0.8090513412759656	0
chr8	47970673	47970907	-0.030037	10	0.8617	0.89174	MCM4	hg38_genes_promoters	9.415751477984916e-08	5.687592507410548	-1
chr8	42196345	42196703	0.020007	16	0.82612	0.80612	PLAT	hg38_genes_promoters	0.0012947265036295	2.3136964825521655	0
chr8	55101704	55101777	-0.017526	10	0.02	0.037526	XKR4	hg38_genes_promoters	3.592859425571955e-07	5.2071107657196265	-1
chr8	55520970	55521263	0.010126	20	0.047	0.036874	LOC105375843	hg38_genes_promoters	0.0245718597375869	1.32821143502223	0
chr8	64377779	64377891	-0.013211	11	0.021	0.034211	MIR124-2HG	hg38_genes_promoters	0.0001908047293158	2.9737133609381536	0
chr8	27610648	27612727	-0.016353	39	0.19364	0.20999	CLU	hg38_genes_promoters	0.0003075077544907	2.8119340826092785	0
chr8	64376920	64377088	-0.012311	10	0.0489	0.061211	MIR124-2HG	hg38_genes_promoters	0.0413868115968519	1.1500380166760475	0
chr8	64369557	64369618	-0.019784	10	0.0129	0.032684	LINC01414	hg38_genes_promoters	2.715890414988168e-06	4.489910536778252	0
chr8	63168491	63168591	-0.012898	12	0.01675	0.029648	YTHDF3	hg38_genes_promoters	0.0005913376011009	2.5835610438127015	0
chr8	63168491	63168591	-0.012898	12	0.01675	0.029648	YTHDF3-DT	hg38_genes_promoters	0.0005913376011009	2.5835610438127015	0
chr8	60908706	60909144	-0.025581	13	0.10492	0.1305	CLVS1	hg38_genes_promoters	0.462936361183656	0.3122249760104427	0
chr8	55455186	55455318	0.026126	18	0.8775	0.85137	SBF1P1	hg38_genes_promoters	5.6634498550751724e-06	4.218674846396925	0
chr8	60741520	60741941	-0.020631	12	0.87433	0.89496	CHD7	hg38_genes_promoters	0.0002160728969113	2.9295211308216147	0
chr8	58594478	58595633	-0.037924	10	0.3275	0.36542	NSMAF	hg38_genes_promoters	0.1674109293473971	0.6790773450501809	0
chr8	58030861	58031332	-0.041295	10	0.681	0.72229	FAM110B	hg38_genes_promoters	0.0163161520580543	1.4666407487835524	0
chr8	57142596	57142909	0.062151	30	0.2178	0.15565	LINC01606	hg38_genes_promoters	0.0002455364253283	2.889226561448414	0
chr8	56445803	56445960	-0.010876	17	0.021941	0.032817	PENK	hg38_genes_promoters	5.983873414561768e-07	5.029742255852357	-1
chr8	56445803	56445960	-0.010876	17	0.021941	0.032817	PENK-AS1	hg38_genes_promoters	5.983873414561768e-07	5.029742255852357	-1
chr8	56320638	56321041	0.06557	10	0.5868	0.52123	SDR16C5	hg38_genes_promoters	0.0043649987184151	1.9018017291302198	0
chr8	55939730	55940088	-0.026399	10	0.0602	0.086599	LYN	hg38_genes_promoters	0.0840715008057491	0.9124868606328256	0
chr8	60413319	60413574	0.024835	10	0.5532	0.52836	LINC01301	hg38_genes_promoters	0.2644652647875497	0.5172656084933038	0
chr8	42188007	42188590	0.032568	10	0.8298	0.79723	PLAT	hg38_genes_promoters	0.078598742460495	0.9346928745013245	0
chr8	56113919	56114042	-0.020158	11	0.053	0.073158	MOS	hg38_genes_promoters	0.0008269244450865	2.4704549042442223	0
chr8	41797686	41797741	0.014584	10	0.0329	0.018316	ANK1	hg38_genes_promoters	1.7337967148258389e-06	4.6424043058794355	0
chr8	32647688	32647913	0.022142	10	0.7333	0.71116	NRG1	hg38_genes_promoters	0.3077573079793477	0.4636177019613302	0
chr8	32547653	32547890	-0.011091	10	0.0244	0.035491	NRG1	hg38_genes_promoters	0.0378622699930407	1.1812645582725105	0
chr8	30727446	30727529	-0.010213	10	0.0023	0.012513	GSR	hg38_genes_promoters	8.485262074405485e-05	3.2523502678602045	0
chr8	30563226	30563877	-0.014917	12	0.84592	0.86083	RBPMS	hg38_genes_promoters	0.0023020444723177	2.1181093868254686	0
chr8	30555838	30556094	-0.04397	14	0.18614	0.23011	RBPMS	hg38_genes_promoters	1.747395014061315e-05	3.816044719304101	0
chr8	30442499	30442741	-0.023641	17	0.80741	0.83105	RBPMS	hg38_genes_promoters	0.0011312238064004	2.361491058118994	0
chr8	30082852	30083055	-0.025314	27	0.0015476	0.026862	SARAF	hg38_genes_promoters	2.6954914082371934e-08	6.146895997934159	-1
chr8	33599879	33600120	-0.01006	15	0.011067	0.021127	DUSP26	hg38_genes_promoters	9.637412493538636e-06	4.025010611507186	0
chr8	29108178	29109131	-0.018713	13	0.83046	0.84917	KIF13B	hg38_genes_promoters	0.0285061408988202	1.2768847663333787	0
chr8	28702973	28703707	-0.022166	14	0.78586	0.80802	EXTL3-AS1	hg38_genes_promoters	0.0632969541913945	1.0082720317560139	0
chr8	28386788	28387288	-0.019487	10	0.0521	0.071587	ZNF395	hg38_genes_promoters	0.8800815972762124	0.05402123269342299	0
chr8	28338064	28338518	-0.012487	12	0.80642	0.8189	PNOC	hg38_genes_promoters	0.0359589668127939	1.198576762783817	0
chr8	28317224	28317411	0.028783	13	0.324	0.29522	PNOC	hg38_genes_promoters	0.0164676357893811	1.4638158801339707	0
chr8	27992657	27992779	-0.010189	10	0.0406	0.050789	SCARA5	hg38_genes_promoters	0.079862415440383	0.9291171172993583	0
chr8	41896751	41896936	-0.010342	10	0.0070392	0.017381	ANK1	hg38_genes_promoters	0.0004352979927809	2.6924935490178252	0
chr8	27770965	27771686	-0.014513	14	0.85779	0.8723	ESCO2	hg38_genes_promoters	0.004777671987147	1.8734833707350962	0
chr8	28709202	28709825	-0.013741	10	0.8386	0.85234	EXTL3	hg38_genes_promoters	0.0576945129792592	1.0397549223276685	0
chr8	35235561	35235623	-0.020274	10	0.0682	0.088474	UNC5D	hg38_genes_promoters	0.0028032392063585	2.051091058823061	0
chr8	28716530	28716802	-0.020116	15	0.86707	0.88718	EXTL3	hg38_genes_promoters	0.0022155857365843	2.1312018463852915	0
chr8	37331747	37332148	-0.024014	10	0.817	0.84101	LOC100507403	hg38_genes_promoters	0.0004008038690944	2.7207511265675848	0
chr8	41694923	41695252	0.021005	10	0.8529	0.83189	ANK1	hg38_genes_promoters	0.0395234802379358	1.1666247841566713	0
chr8	41694683	41694920	-0.036158	10	0.8039	0.84006	ANK1	hg38_genes_promoters	0.0001356395152284	3.0892471502238394	0
chr8	36783627	36784429	-0.017918	13	0.81069	0.82861	KCNU1	hg38_genes_promoters	0.0074922753419446	1.7240417086759965	0
chr8	41693815	41693961	-0.012598	10	0.8129	0.8255	ANK1	hg38_genes_promoters	0.1108082377963546	0.8213907110653798	0
chr8	41690193	41690397	0.022045	10	0.8734	0.85136	ANK1	hg38_genes_promoters	0.009835646323252	1.6363579481588029	0
chr8	41665917	41666388	0.018982	10	0.8458	0.82682	ANK1	hg38_genes_promoters	0.3202781199013235	0.44969077332720436	0
chr8	41660290	41660611	0.014022	12	0.82442	0.81039	MIR486-1	hg38_genes_promoters	0.0336862363754336	1.21889761186862	0
chr8	41660290	41660611	0.014022	12	0.82442	0.81039	MIR486-2	hg38_genes_promoters	0.0336862363754336	1.21889761186862	0
chr8	41650851	41650923	0.054021	10	0.8486	0.79458	NKX6-3	hg38_genes_promoters	1.1388098638312733e-05	3.965729484739148	0
chr8	27748560	27749026	-0.018644	10	0.4554	0.47404	CCDC25	hg38_genes_promoters	0.2381672682160386	0.5542559797271432	0
chr8	37716667	37717812	-0.013338	13	0.48231	0.49565	LOC101929622	hg38_genes_promoters	0.675438857101417	0.16417905150853632	0
chr8	41618523	41618839	-0.017753	10	0.8575	0.87525	GPAT4	hg38_genes_promoters	0.0117619187493553	1.576128944576218	0
chr8	38728600	38728768	-0.018541	10	0.1359	0.15444	TACC1	hg38_genes_promoters	0.0468281261104662	1.1102562924134376	0
chr8	38429817	38430527	-0.078356	24	0.40625	0.48461	FGFR1	hg38_genes_promoters	8.482084698605973e-08	5.716181503600894	-1
chr8	38177092	38177331	-0.010279	10	0.0103	0.020579	LSM1	hg38_genes_promoters	0.008286759951115	1.6920452499222616	0
chr8	41647243	41647433	0.047737	10	0.651	0.60326	NKX6-3	hg38_genes_promoters	0.0006127459052535	2.5705354219874352	0
chr8	37747765	37748080	-0.044887	22	0.43932	0.48421	LOC728024	hg38_genes_promoters	0.0131298778671899	1.5409146282891246	0
chr8	38029935	38030155	-0.012898	10	0.0187	0.031598	EIF4EBP1	hg38_genes_promoters	0.0460830786129444	1.114371889905	0
chr9	129874789	129874932	-0.011535	12	0.855	0.86654	USP20	hg38_genes_promoters	0.0033121851827014	1.9957093403207709	0
chr9	129878416	129878939	-0.033874	10	0.6846	0.71847	USP20	hg38_genes_promoters	0.0184088339922593	1.4259030150379992	0
chr9	130383510	130383952	0.010821	10	0.7944	0.78358	HMCN2	hg38_genes_promoters	0.7206920539121251	0.1375416875545448	0
chr9	131149080	131149807	-0.031896	10	0.6432	0.6751	NUP214	hg38_genes_promoters	0.2653736052039399	0.5160227144956805	0
chr9	129868325	129868440	-0.012032	10	0.7856	0.79763	USP20	hg38_genes_promoters	0.0015676564977981	2.24745500276259	0
chr9	130634545	130634871	-0.017853	10	0.8482	0.86605	FUBP3	hg38_genes_promoters	0.0024353159908659	2.0991998799387988	0
chr9	130933446	130933719	0.049304	10	0.5116	0.4623	FIBCD1-AS1	hg38_genes_promoters	0.0287109818585196	1.274597020770036	0
chr9	130936428	130936711	0.052737	10	0.409	0.35626	FIBCD1	hg38_genes_promoters	0.0219926271356108	1.3663809521131214	0
chr9	130937360	130937676	0.035636	10	0.4916	0.45596	FIBCD1	hg38_genes_promoters	0.4338340792892511	0.33718094991483866	0
chr9	130452039	130452366	-0.019678	15	0.51593	0.53561	ASS1	hg38_genes_promoters	0.4500446568498545	0.3234127942308977	0
chr9	130479307	130479800	0.023359	18	0.78839	0.76503	ASS1	hg38_genes_promoters	0.0660935728238693	0.9926547389875182	0
chr9	129486576	129486967	-0.037139	10	0.7685	0.80564	LINC00963	hg38_genes_promoters	0.0100342883821576	1.629314789259861	0
chr9	129497727	129498448	-0.026947	10	0.7354	0.76235	LINC00963	hg38_genes_promoters	0.0487955607630915	1.095935289263726	0
chr9	129490425	129491226	-0.040825	13	0.66877	0.70959	LINC00963	hg38_genes_promoters	0.0071921883600111	1.7383902724452542	0
chr9	129483318	129483490	-0.027087	12	0.041046	0.068134	LINC00963	hg38_genes_promoters	3.64149035341648e-06	4.383213295365483	0
chr9	129340845	129341020	-0.031159	10	0.7196	0.75076	LINC01503	hg38_genes_promoters	0.0030230722417359	2.0258966392341455	0
chr9	129282090	129282566	-0.050855	10	0.0947	0.14555	LOC107987133	hg38_genes_promoters	0.0002545851062969	2.875203756153339	0
chr9	129178620	129178739	-0.011321	17	0.015	0.026321	IER5L	hg38_genes_promoters	0.0001127637671084	3.150112915076678	0
chr9	129109794	129110263	-0.034142	10	0.262	0.29614	PTPA	hg38_genes_promoters	0.1898768593073966	0.6332518930843403	0
chr9	129068077	129068331	-0.012309	16	0.847	0.85931	MIGA2	hg38_genes_promoters	0.0014175982624804	2.280753182308926	0
chr9	129067212	129067379	0.011599	10	0.8719	0.8603	MIGA2	hg38_genes_promoters	0.1566186622548523	0.7028026594395362	0
chr9	129060015	129060298	0.032647	10	0.8637	0.83105	MIGA2	hg38_genes_promoters	0.0003726078104514	2.745478097264039	0
chr9	129608743	129609186	0.019798	18	0.78828	0.76848	NTMT1	hg38_genes_promoters	0.0046079410047959	1.884419649495315	0
chr9	129282090	129282566	-0.050855	10	0.0947	0.14555	LOC101929331	hg38_genes_promoters	0.0002545851062969	2.875203756153339	0
chr9	133534832	133534929	-0.010806	10	0.0201	0.030906	ADAMTSL2	hg38_genes_promoters	0.0385761977431104	1.175156496008093	0
chr9	131289112	131289424	0.036489	10	0.8457	0.80921	PLPP7	hg38_genes_promoters	4.289067952104329e-05	3.4906606544294925	0
chr9	133939617	133939775	-0.016268	10	0.6561	0.67237	VAV2	hg38_genes_promoters	0.262584115822269	0.5198694980515952	0
chr9	128940205	128940676	0.021447	12	0.79333	0.77189	NUP188	hg38_genes_promoters	0.0057273505992171	1.8145676577133547	0
chr9	133738953	133739480	-0.023675	12	0.79483	0.81851	SARDH	hg38_genes_promoters	0.0067040066892394	1.7639676078975035	0
chr9	133667677	133668105	-0.017818	15	0.68787	0.70568	SARDH	hg38_genes_promoters	0.2007613170948683	0.6142238875185592	0
chr9	133635732	133636185	-0.011184	12	0.81333	0.82452	DBH	hg38_genes_promoters	0.114900813340473	0.809176225817781	0
chr9	133609424	133609455	0.017932	10	0.1333	0.11537	FAM163B	hg38_genes_promoters	0.0433098800800525	1.135074451671807	0
chr9	133586863	133587225	0.036495	12	0.85742	0.82092	FAM163B	hg38_genes_promoters	6.639572120341394e-06	4.160395720308738	0
chr9	133580181	133580522	0.020518	13	0.68092	0.6604	FAM163B	hg38_genes_promoters	0.0176647181745152	1.4402988765454234	0
chr9	133531199	133531922	0.012536	17	0.80241	0.78988	ADAMTSL2	hg38_genes_promoters	0.2413603142674033	0.5494173385485288	0
chr9	133524835	133525062	-0.014986	10	0.8234	0.83839	MYMK	hg38_genes_promoters	0.0070788282614557	1.7442897634367382	0
chr9	131289112	131289424	0.036489	10	0.8457	0.80921	LOC105376299	hg38_genes_promoters	4.289067952104329e-05	3.4906606544294925	0
chr9	133455390	133455564	0.023274	10	0.8528	0.82953	ADAMTS13	hg38_genes_promoters	0.0055910810610742	1.8228595763504138	0
chr9	133336451	133336666	0.042623	10	0.2837	0.24108	SURF6	hg38_genes_promoters	0.08382477666182	0.9134181095035374	0
chr9	133105169	133105629	0.010746	12	0.86083	0.85009	RALGDS	hg38_genes_promoters	0.1096419668773409	0.8246977793131365	0
chr9	133101508	133101733	0.04701	16	0.87556	0.82855	RALGDS	hg38_genes_promoters	5.185196520672924e-14	11.28695390839561	1
chr9	133061090	133061534	-0.020854	10	0.2782	0.29905	CEL	hg38_genes_promoters	0.2605136590583849	0.5227497490329518	0
chr9	132985816	132986244	-0.010477	10	0.5102	0.52068	GFI1B	hg38_genes_promoters	0.630550908071598	0.1920197405293252	0
chr9	132079701	132079850	-0.025205	10	0.0309	0.056105	MED27	hg38_genes_promoters	2.087947880810887e-06	4.5762881821100745	0
chr9	131529119	131529283	-0.010081	13	0.82231	0.83239	UCK1	hg38_genes_promoters	0.0761683610807591	0.945458786044424	0
chr9	131522833	131523095	0.015179	15	0.86027	0.84509	POMT1	hg38_genes_promoters	0.0696010664210968	0.9753183945800606	0
chr9	131485385	131485785	0.014542	10	0.8397	0.82516	SNORD62A	hg38_genes_promoters	0.1048865384243401	0.8391502441639633	0
chr9	131446422	131446571	0.014605	10	0.8665	0.85189	PRRC2B	hg38_genes_promoters	0.0591399666454027	1.0317242994694296	0
chr9	133393744	133394657	0.01836	12	0.77117	0.75281	STKLD1	hg38_genes_promoters	0.2617417396165956	0.5210791438841773	0
chr9	128940205	128940676	0.021447	12	0.79333	0.77189	PHYHD1	hg38_genes_promoters	0.0057273505992171	1.8145676577133547	0
chr9	127724789	127725008	0.054509	18	0.31039	0.25588	PTRH1	hg38_genes_promoters	0.0002434965788655	2.891988345157925	0
chr9	128826229	128826584	0.011437	10	0.8597	0.84826	SPOUT1	hg38_genes_promoters	0.1408897267743456	0.7396089661328713	0
chr9	127938478	127938644	-0.042368	10	0.701	0.74337	DPM2	hg38_genes_promoters	0.0308850177086998	1.2486136550302418	0
chr9	127873330	127873653	0.038211	16	0.79837	0.76016	AK1	hg38_genes_promoters	0.0002579968008206	2.869985715809478	0
chr9	127825084	127825433	0.013917	24	0.83104	0.81712	ENG	hg38_genes_promoters	0.0008264591379752	2.4704789506923315	0
chr9	127809978	127810084	-0.028906	11	0.68818	0.71709	FPGS	hg38_genes_promoters	0.2350446233115949	0.5587875884761789	0
chr9	127809560	127809807	0.056874	23	0.73999	0.68312	FPGS	hg38_genes_promoters	0.0001108908142199	3.155887667894614	0
chr9	127806757	127807070	0.013452	12	0.85608	0.84263	FPGS	hg38_genes_promoters	0.0443432393772098	1.1267156583269906	0
chr9	127802645	127802753	-0.015766	10	0.0048	0.020566	FPGS	hg38_genes_promoters	6.929403623798009e-07	4.977161763322103	0
chr9	127787854	127788384	-0.013493	14	0.72157	0.73506	CDK9	hg38_genes_promoters	0.2587494959818939	0.525204398762272	0
chr9	127762599	127762802	-0.032542	10	0.1063	0.13884	SH2D3C	hg38_genes_promoters	4.673839574060909e-05	3.4612794343020252	0
chr9	127678434	127678510	-0.030311	10	0.8629	0.89321	STXBP1	hg38_genes_promoters	2.011350790581915e-07	5.418600909391625	-1
chr9	127947908	127948322	0.010142	10	0.8633	0.85316	FAM102A	hg38_genes_promoters	0.1216850162099344	0.7892218762671789	0
chr9	127579529	127580011	-0.02269	10	0.5694	0.59209	NIBAN2	hg38_genes_promoters	0.2075735397629222	0.601812700373451	0
chr9	127517256	127517861	0.014911	13	0.84823	0.83332	NIBAN2	hg38_genes_promoters	0.1485662499786323	0.7214121293440503	0
chr9	127402596	127402799	0.060179	10	0.5066	0.44642	SLC2A8	hg38_genes_promoters	0.0003961165755389	2.7256044734464626	0
chr9	127386749	127387167	0.018897	10	0.8607	0.8418	GARNL3	hg38_genes_promoters	0.0437327270984605	1.131673695818812	0
chr9	127263040	127263572	-0.01651	12	0.85375	0.87026	GARNL3	hg38_genes_promoters	0.0043532215490155	1.9028204435971199	0
chr9	127108229	127108349	0.028926	10	0.8814	0.85247	ANGPTL2	hg38_genes_promoters	5.738990783623593e-06	4.215004579270677	0
chr9	126515940	126516406	0.023823	13	0.69346	0.66964	LOC105376276	hg38_genes_promoters	0.2211818176457748	0.579650321648652	0
chr9	126480136	126480369	-0.014877	12	0.80517	0.82004	MVB12B	hg38_genes_promoters	0.1293832108595004	0.7676816201714753	0
chr9	125585562	125585933	-0.020618	10	0.8507	0.87132	MAPKAP1	hg38_genes_promoters	0.008212387988432	1.6953000252377843	0
chr9	125425406	125425691	0.024462	10	0.8562	0.83174	LOC112268055	hg38_genes_promoters	0.2737579479213489	0.5040564906955468	0
chr9	134050457	134050568	-0.014826	10	0.8537	0.86853	BRD3	hg38_genes_promoters	0.0195630214527499	1.405332166568565	0
chr9	127527305	127527718	0.021979	10	0.8164	0.79442	NIBAN2	hg38_genes_promoters	0.0085398229516047	1.6826616251984403	0
chr9	128063710	128063862	0.036611	10	0.8644	0.82779	NAIF1	hg38_genes_promoters	5.366031026700661e-05	3.413186543595341	0
chr9	128069079	128069664	0.042736	13	0.32108	0.27834	NAIF1	hg38_genes_promoters	0.0002245507029465	2.917721324366141	0
chr9	128091509	128091949	0.027133	10	0.5888	0.56167	SLC25A25	hg38_genes_promoters	0.0514445752797897	1.0794043709785808	0
chr9	128714318	128714699	0.019739	10	0.863	0.84326	PKN3	hg38_genes_promoters	0.0173866167843	1.4454814718728133	0
chr9	128701579	128701857	-0.022429	10	0.8124	0.83483	PKN3	hg38_genes_promoters	0.0170203971930603	1.452102362914474	0
chr9	128637356	128637974	-0.024454	16	0.74919	0.77364	DYNC2I2	hg38_genes_promoters	0.0084570394764106	1.6854315485270288	0
chr9	128456299	128456419	-0.011483	21	0.0039524	0.015436	ODF2	hg38_genes_promoters	1.0906643701321952e-11	9.192263551798126	-1
chr9	128454964	128455322	-0.015229	14	0.81671	0.83194	ODF2	hg38_genes_promoters	0.0771283444564537	0.9414593042870762	0
chr9	128424322	128424546	0.022292	10	0.8717	0.84941	CERCAM	hg38_genes_promoters	0.0007714145359166	2.4919534144348434	0
chr9	128418839	128418903	0.043919	10	0.8273	0.78338	CERCAM	hg38_genes_promoters	0.0156883801203932	1.481647806165807	0
chr9	128392309	128392408	0.016523	14	0.80607	0.78955	MIR219B	hg38_genes_promoters	0.0610670367111283	1.0201611232394212	0
chr9	128322568	128322825	-0.010156	28	0.0024643	0.01262	COQ4	hg38_genes_promoters	9.105984421436837e-19	15.625268901313884	-1
chr9	128322568	128322825	-0.010156	28	0.0024643	0.01262	TRUB2	hg38_genes_promoters	9.105984421436837e-19	15.625268901313884	-1
chr9	128276192	128276258	0.01089	10	0.057318	0.046429	SWI5	hg38_genes_promoters	0.0660482100971408	0.992870074316398	0
chr9	128276192	128276258	0.01089	10	0.057318	0.046429	GOLGA2	hg38_genes_promoters	0.0660482100971408	0.992870074316398	0
chr9	128267253	128267636	-0.018615	10	0.8354	0.85402	GOLGA2	hg38_genes_promoters	0.0089355945748958	1.6678031791852805	0
chr9	128260459	128260588	0.013395	10	0.8492	0.8358	GOLGA2	hg38_genes_promoters	0.1071482742528357	0.8322179261329216	0
chr9	128260040	128260439	0.038303	10	0.8572	0.8189	GOLGA2	hg38_genes_promoters	7.569550054278795e-05	3.2926208633786036	0
chr9	128250250	128250339	0.0174	10	0.0424	0.025	DNM1	hg38_genes_promoters	0.0065982789594847	1.769070182315559	0
chr9	128222298	128222549	0.024584	10	0.7809	0.75632	DNM1	hg38_genes_promoters	0.0302974337735738	1.2551822276029552	0
chr9	128178879	128179358	0.01543	10	0.8706	0.85517	CIZ1	hg38_genes_promoters	0.0697970861130634	0.9745731197915349	0
chr9	128178154	128178854	-0.024258	10	0.8476	0.87186	CIZ1	hg38_genes_promoters	0.0002346256227643	2.9035861932466176	0
chr9	128150956	128151376	-0.035355	12	0.69758	0.73294	LCN2	hg38_genes_promoters	0.0174940288752389	1.4440732701408232	0
chr9	128148419	128149298	-0.033793	15	0.64407	0.67786	LCN2	hg38_genes_promoters	0.0291323969316716	1.2692399365427838	0
chr9	128119264	128119575	0.014568	10	0.8072	0.79263	SLC25A25-AS1	hg38_genes_promoters	0.0432065615852932	1.1356561571057504	0
chr9	128098052	128098650	-0.028402	17	0.072	0.1004	SLC25A25	hg38_genes_promoters	0.0003047858879698	2.8147142925336754	0
chr9	128921591	128921981	-0.011242	10	0.7726	0.78384	PHYHD1	hg38_genes_promoters	0.502270361838816	0.28154221945114827	0
chr9	134053405	134053633	0.049977	18	0.73767	0.68769	LOC100130548	hg38_genes_promoters	5.827907148824567e-08	5.859200403599587	1
chr9	137254386	137254662	-0.026201	10	0.5186	0.5448	NELFB	hg38_genes_promoters	0.2435837037452671	0.5463152559340769	0
chr9	134379187	134379530	-0.02064	10	0.7891	0.80974	RXRA	hg38_genes_promoters	0.1135527886905784	0.8135739409155783	0
chr9	137227001	137227188	0.033561	10	0.6603	0.62674	RNF224	hg38_genes_promoters	0.0139192436568863	1.5224900754142958	0
chr9	137225152	137225518	-0.032083	10	0.4231	0.45518	CYSRT1	hg38_genes_promoters	0.2622880016830926	0.5202975935583344	0
chr9	137196105	137196566	-0.03208	10	0.8143	0.84638	TPRN	hg38_genes_promoters	0.0089298599729811	1.6678031791852805	0
chr9	137183950	137184336	0.015898	15	0.85393	0.83804	ANAPC2	hg38_genes_promoters	0.0148192205977889	1.5011625319293465	0
chr9	137180824	137181001	0.021326	10	0.8408	0.81947	ANAPC2	hg38_genes_promoters	0.0382616533412221	1.1776603821184366	0
chr9	137162100	137162188	-0.03419	12	0.034208	0.068398	GRIN1	hg38_genes_promoters	1.0530531893247724e-05	3.9924702781506896	0
chr9	137148204	137148310	-0.044747	10	0.5642	0.60895	GRIN1	hg38_genes_promoters	0.0050954910411871	1.8530638865411138	0
chr9	137139436	137139480	0.043579	10	0.2	0.15642	GRIN1	hg38_genes_promoters	0.0041154597750908	1.92223521103389	0
chr9	137113373	137113629	0.038416	11	0.79327	0.75486	DPP7	hg38_genes_promoters	0.0045311433060213	1.890038703795697	0
chr9	137106344	137106483	0.047301	10	0.8425	0.7952	MAN1B1	hg38_genes_promoters	0.0003125059024344	2.8057409234627086	0
chr9	137230408	137230800	-0.027558	13	0.503	0.53056	SLC34A3	hg38_genes_promoters	0.2546236489561344	0.5309253115739169	0
chr9	137101579	137101915	-0.010274	14	0.8605	0.87077	MAN1B1	hg38_genes_promoters	0.0042245835661927	1.9136766069560045	0
chr9	137039786	137040239	0.037874	19	0.82263	0.78476	NPDC1	hg38_genes_promoters	2.3190164914755388e-05	3.712907399779961	0
chr9	137019085	137019276	0.025904	12	0.81117	0.78526	ABCA2	hg38_genes_promoters	0.0007709800627642	2.491973236723956	0
chr9	137018819	137018984	0.015329	12	0.86208	0.84675	ABCA2	hg38_genes_promoters	0.0224328584747438	1.3599787917580222	0
chr9	137013159	137013382	0.032748	25	0.862	0.82925	ABCA2	hg38_genes_promoters	2.1514251037262336e-09	7.112690396722629	1
chr9	137008707	137008966	0.0436	15	0.83927	0.79567	ABCA2	hg38_genes_promoters	8.367996546998977e-05	3.257328282089799	0
chr9	136982860	136983380	0.02636	10	0.8198	0.79344	LCNL1	hg38_genes_promoters	0.0018924770954879	2.1859757670867195	0
chr9	136977785	136977941	-0.04695	17	0.31186	0.35881	PTGDS	hg38_genes_promoters	0.0057530179267877	1.8129136933160712	0
chr9	136968511	136969207	0.02619	13	0.84931	0.82312	LINC02692	hg38_genes_promoters	0.000216584536291	2.9290405657760923	0
chr9	136952952	136953106	0.031359	11	0.85418	0.82282	LCN12	hg38_genes_promoters	1.994637475331875e-05	3.7683421304336266	0
chr9	136942612	136942760	0.034898	15	0.82227	0.78737	FBXW5	hg38_genes_promoters	1.3691377700123446e-07	5.551179509453313	1
chr9	137054437	137054942	-0.02983	27	0.49567	0.5255	ENTPD2	hg38_genes_promoters	0.1293050572162792	0.7678019452364311	0
chr9	124800552	124800820	-0.031147	10	0.1328	0.16395	OLFML2A	hg38_genes_promoters	0.0455072648748713	1.1183805826301454	0
chr9	137254386	137254662	-0.026201	10	0.5186	0.5448	STPG3-AS1	hg38_genes_promoters	0.2435837037452671	0.5463152559340769	0
chr9	137354694	137354839	0.044247	10	0.8583	0.81405	EXD3	hg38_genes_promoters	4.2967911390130544e-05	3.490284652064318	0
chr9	138074711	138074874	0.011456	12	0.8515	0.84004	CACNA1B	hg38_genes_promoters	0.0713954418119371	0.9671862029703688	0
chr9	137877906	137877984	-0.011612	12	0.033447	0.045058	CACNA1B	hg38_genes_promoters	0.0611287308593928	1.0198067315055797	0
chr9	137832269	137832522	0.033787	15	0.87547	0.84168	EHMT1	hg38_genes_promoters	2.103637280213593e-06	4.5737203674233955	0
chr9	137814661	137815135	0.024467	16	0.88012	0.85566	EHMT1	hg38_genes_promoters	0.0072837905141323	1.7345311829506647	0
chr9	137812644	137813236	-0.012477	15	0.8524	0.86488	EHMT1	hg38_genes_promoters	0.0074549224491249	1.7256694398661625	0
chr9	137788629	137788725	0.018642	10	0.8488	0.83016	LOC651337	hg38_genes_promoters	0.0029637434344581	2.0311576098251694	0
chr9	137788629	137788725	0.018642	10	0.8488	0.83016	EHMT1	hg38_genes_promoters	0.0029637434344581	2.0311576098251694	0
chr9	137781329	137781696	-0.013074	16	0.8575	0.87057	EHMT1	hg38_genes_promoters	0.0055007392759551	1.8286294627432274	0
chr9	137753382	137753591	0.010253	10	0.8612	0.85095	EHMT1	hg38_genes_promoters	0.3341421179684386	0.4347622120523275	0
chr9	137753152	137753313	-0.010052	10	0.8624	0.87245	EHMT1	hg38_genes_promoters	0.1105290667572103	0.8222260104031011	0
chr9	137742938	137743563	-0.021209	12	0.83433	0.85554	EHMT1	hg38_genes_promoters	0.0040871227200906	1.9246096583502776	0
chr9	137716850	137717052	-0.019902	10	0.84554	0.86544	EHMT1	hg38_genes_promoters	0.0044079935918584	1.8985673823078988	0
chr9	137611665	137612354	0.022109	14	0.31564	0.29353	ARRDC1	hg38_genes_promoters	0.3100973200288233	0.46103283161906905	0
chr9	137610942	137611552	-0.025213	10	0.7175	0.74271	ARRDC1	hg38_genes_promoters	0.0920989112795525	0.881872769002363	0
chr9	137579219	137579335	-0.041945	10	0.23053	0.27247	DPH7	hg38_genes_promoters	0.0553539905056506	1.0544931029274143	0
chr9	137574578	137575298	0.01661	12	0.82733	0.81072	DPH7	hg38_genes_promoters	0.1197692714192887	0.7944851940549095	0
chr9	137550076	137550554	-0.014539	12	0.092253	0.10679	PNPLA7	hg38_genes_promoters	0.3562544108571568	0.410764264531922	0
chr9	137480789	137481128	0.014	21	0.86305	0.84905	PNPLA7	hg38_genes_promoters	0.0044535354117996	1.8953938929285232	0
chr9	137464886	137465209	-0.010526	12	0.84917	0.85969	PNPLA7	hg38_genes_promoters	0.0317416193358657	1.2391981086240886	0
chr9	137455217	137455367	-0.049259	13	0.65746	0.70672	NSMF	hg38_genes_promoters	0.0010034556875331	2.4039132680374484	0
chr9	137453496	137453838	0.049501	28	0.41661	0.36711	NSMF	hg38_genes_promoters	0.0188878742513028	1.4171730363822137	0
chr9	137438484	137438602	0.012721	10	0.8623	0.84958	ENTPD8	hg38_genes_promoters	0.1657341434462987	0.6829102537073389	0
chr9	136908077	136908235	0.035095	15	0.86053	0.82544	TRAF2	hg38_genes_promoters	5.20647114750889e-07	5.074791190061109	1
chr9	136901739	136902177	0.053632	18	0.65822	0.60459	TRAF2	hg38_genes_promoters	0.0033026971471961	1.9961337603580138	0
chr9	136855465	136855606	0.028287	10	0.8127	0.78441	MAMDC4	hg38_genes_promoters	0.0346990399756526	1.2103549739057757	0
chr9	136821600	136821654	-0.0264	10	0.115	0.1414	RABL6	hg38_genes_promoters	0.0001837913015675	2.985159268566714	0
chr9	136225018	136225522	0.033273	15	0.44953	0.41626	QSOX2	hg38_genes_promoters	0.1030032489052291	0.845380786404412	0
chr9	136203123	136203193	-0.026127	10	0.0298	0.055927	LHX3	hg38_genes_promoters	5.383324876970669e-05	3.4125632769815417	0
chr9	135946331	135946880	-0.011842	14	0.86029	0.87213	UBAC1	hg38_genes_promoters	0.0137237494334731	1.5263042701798104	0
chr9	135882713	135882892	0.015591	13	0.86377	0.84818	CAMSAP1	hg38_genes_promoters	0.0828393208216857	0.9169366586213691	0
chr9	135819191	135819301	-0.018674	10	0.8738	0.89247	CAMSAP1	hg38_genes_promoters	0.0002112536632351	2.936632608750014	0
chr9	135770236	135770371	0.033079	10	0.7595	0.72642	KCNT1	hg38_genes_promoters	0.0069093371478282	1.7529347199739385	0
chr9	135712472	135712847	0.012189	10	0.7403	0.72811	KCNT1	hg38_genes_promoters	0.4886224959688172	0.2919904499190976	0
chr9	135613117	135613680	0.012798	12	0.74317	0.73037	LOC102723971	hg38_genes_promoters	0.2219400249946416	0.5785905026217563	0
chr9	135583311	135583647	-0.029168	10	0.7222	0.75137	LINC01502	hg38_genes_promoters	0.0951749492073751	0.8718036768644567	0
chr9	135561599	135561943	0.03196	10	0.7885	0.75654	PAEP	hg38_genes_promoters	0.0208301306447692	1.3853087114190064	0
chr9	135544828	135545204	-0.016621	10	0.7928	0.80942	OBP2A	hg38_genes_promoters	0.108262322656671	0.8292405796944083	0
chr9	135075173	135075333	-0.011689	15	0.0118	0.023489	OLFM1	hg38_genes_promoters	1.1780912613968476e-05	3.9555424637262697	0
chr9	134936122	134936364	0.016	10	0.823	0.807	LOC105376314	hg38_genes_promoters	0.1086656207978416	0.8279203411934439	0
chr9	134850276	134850674	-0.038104	10	0.8065	0.8446	MIR3689C	hg38_genes_promoters	5.649039497760781e-06	4.219206450779362	0
chr9	134850276	134850674	-0.038104	10	0.8065	0.8446	MIR3689D1	hg38_genes_promoters	5.649039497760781e-06	4.219206450779362	0
chr9	134850276	134850674	-0.038104	10	0.8065	0.8446	MIR3689E	hg38_genes_promoters	5.649039497760781e-06	4.219206450779362	0
chr9	134850276	134850674	-0.038104	10	0.8065	0.8446	MIR3689B	hg38_genes_promoters	5.649039497760781e-06	4.219206450779362	0
chr9	134850276	134850674	-0.038104	10	0.8065	0.8446	MIR3689D2	hg38_genes_promoters	5.649039497760781e-06	4.219206450779362	0
chr9	134850276	134850674	-0.038104	10	0.8065	0.8446	MIR3689A	hg38_genes_promoters	5.649039497760781e-06	4.219206450779362	0
chr9	134824648	134825001	0.018097	24	0.85771	0.83961	COL5A1	hg38_genes_promoters	0.0083969401837772	1.687363702299706	0
chr9	134652086	134652419	-0.013317	13	0.80146	0.81478	COL5A1	hg38_genes_promoters	0.1308790400397549	0.7641077811923529	0
chr9	134526048	134526279	0.035968	10	0.7919	0.75593	LOC100506532	hg38_genes_promoters	2.5294490161987e-05	3.681434255997502	0
chr9	134379187	134379530	-0.02064	10	0.7891	0.80974	MIR4669	hg38_genes_promoters	0.1135527886905784	0.8135739409155783	0
chr9	136352148	136352312	0.041226	10	0.73518	0.69396	GPSM1	hg38_genes_promoters	0.0087832455275234	1.6731955062903576	0
chr9	134371772	134371885	-0.049137	10	0.3396	0.38874	RXRA	hg38_genes_promoters	0.0061194134318113	1.7918197537614113	0
chr9	136354798	136355053	-0.022237	10	0.74508	0.76732	GPSM1	hg38_genes_promoters	0.0981092297810433	0.8619467276399458	0
chr9	136367760	136367926	0.013095	15	0.8432	0.83011	CARD9	hg38_genes_promoters	0.1077244253108982	0.8309614788899345	0
chr9	136798957	136799256	0.056651	10	0.5106	0.45395	CCDC183	hg38_genes_promoters	0.0073412999279189	1.7315240256556292	0
chr9	136756964	136757241	-0.025474	13	0.83938	0.86486	LCN8	hg38_genes_promoters	1.1178109536511866e-06	4.801501857666637	0
chr9	136745956	136746196	-0.023286	12	0.60717	0.63045	LCN6	hg38_genes_promoters	0.1571028768400576	0.7017344875297853	0
chr9	136743254	136743539	0.031326	10	0.8428	0.81147	LCN10	hg38_genes_promoters	0.001027529426599	2.39530706268755	0
chr9	136727407	136727825	-0.014063	10	0.003984	0.018047	SNHG7	hg38_genes_promoters	9.000215434019508e-05	3.232055258547396	0
chr9	136727407	136727825	-0.014063	10	0.003984	0.018047	SNORA17A	hg38_genes_promoters	9.000215434019508e-05	3.232055258547396	0
chr9	136688043	136688210	-0.075037	10	0.3207	0.39574	AGPAT2	hg38_genes_promoters	0.0001377224089085	3.084346753278658	0
chr9	136677106	136677456	0.018691	16	0.85229	0.8336	AGPAT2	hg38_genes_promoters	0.027777234971299	1.2862335458256664	0
chr9	136664918	136665198	-0.018832	10	0.1998	0.21863	EGFL7	hg38_genes_promoters	0.2524765583770345	0.533747067903762	0
chr9	136662603	136662843	-0.025077	10	0.1761	0.20118	EGFL7	hg38_genes_promoters	0.0588490599597216	1.03335789797708	0
chr9	136512789	136513684	0.015518	27	0.86003	0.84451	NOTCH1	hg38_genes_promoters	0.1377301637278815	0.7477160524949503	0
chr9	136508767	136509046	0.028517	17	0.87335	0.84484	NOTCH1	hg38_genes_promoters	1.271019333579224e-06	4.757720055013687	0
chr9	136484267	136484363	-0.012816	10	0.1175	0.13032	SEC16A	hg38_genes_promoters	0.2745189531594625	0.5030004026114652	0
chr9	136477474	136477636	-0.018832	10	0.8618	0.88063	SEC16A	hg38_genes_promoters	0.0024402246108896	2.0986770529732723	0
chr9	136466676	136467225	-0.010636	12	0.86208	0.87272	SEC16A	hg38_genes_promoters	0.0330604178243833	1.2252037864840137	0
chr9	136463411	136463826	-0.013729	13	0.85777	0.8715	SEC16A	hg38_genes_promoters	0.0077704188338166	1.7122630059435346	0
chr9	136448709	136449204	-0.026577	10	0.8564	0.88298	SEC16A	hg38_genes_promoters	6.484033132059098e-05	3.3459645573674957	0
chr9	136444865	136445106	0.027633	18	0.80556	0.77792	SEC16A	hg38_genes_promoters	0.0062458978827238	1.7857667272499669	0
chr9	136416425	136416846	-0.020127	10	0.8774	0.89753	PMPCA	hg38_genes_promoters	0.0061668011942693	1.78974631313889	0
chr9	136409605	136409914	0.033444	15	0.27747	0.24402	PMPCA	hg38_genes_promoters	0.049514302422717	1.0915265134681187	0
chr9	136407353	136407507	-0.02327	10	0.8474	0.87067	ENTR1	hg38_genes_promoters	0.0016208167991645	2.2374164120390017	0
chr9	136374571	136375013	0.015059	15	0.85273	0.83767	CARD9	hg38_genes_promoters	0.0115460924169054	1.5827367764800124	0
chr9	136371789	136371975	0.042582	10	0.83348	0.7909	CARD9	hg38_genes_promoters	1.6411757948264e-05	3.8399744810545533	0
chr9	136364423	136364609	0.080958	19	0.57101	0.49005	DNLZ	hg38_genes_promoters	3.559298311047855e-06	4.390674422997898	0
chr9	124776960	124777049	0.012692	12	0.020833	0.0081417	OLFML2A	hg38_genes_promoters	0.0015725970711161	2.246476730172498	0
chr9	96027945	96028081	-0.051243	10	0.24	0.29124	LOC105376159	hg38_genes_promoters	0.0008888849213254	2.446286288583484	0
chr9	124468378	124468727	0.019728	12	0.576	0.55627	ADGRD2	hg38_genes_promoters	0.3753681425543502	0.39188102350827936	0
chr9	64888840	64889242	0.040954	28	0.77914	0.73819	LOC100132154	hg38_genes_promoters	1.5699532915980185e-06	4.6805360698278395	0
chr9	64016898	64016966	0.03815	11	0.60736	0.56921	FLJ43315	hg38_genes_promoters	0.0642611002850818	1.0030167853801049	0
chr9	63859980	63860150	-0.024088	12	0.47517	0.49925	FRG1JP	hg38_genes_promoters	0.1943366895550379	0.625668486444993	0
chr9	62897911	62898078	0.077	12	0.11992	0.042917	LERFS	hg38_genes_promoters	0.0009004605078848	2.4417493767857956	0
chr9	62837990	62838193	-0.014499	14	0.033643	0.048142	PTGER4P2-CDK2AP2P2	hg38_genes_promoters	0.0053812153322189	1.8354025446268798	0
chr9	62801727	62801844	-0.022011	10	0.0492	0.071211	LINC01410	hg38_genes_promoters	0.0004579226254569	2.6725624537962673	0
chr9	61854026	61854108	-0.018467	12	0.039333	0.0578	LOC107987007	hg38_genes_promoters	0.3284416461733075	0.440871463704933	0
chr9	61854026	61854108	-0.018467	12	0.039333	0.0578	LOC107987008	hg38_genes_promoters	0.3284416461733075	0.440871463704933	0
chr9	61854026	61854108	-0.018467	12	0.039333	0.0578	FAM27C	hg38_genes_promoters	0.3284416461733075	0.440871463704933	0
chr9	61854026	61854108	-0.018467	12	0.039333	0.0578	LOC101930026	hg38_genes_promoters	0.3284416461733075	0.440871463704933	0
chr9	69175509	69176207	-0.029924	10	0.2801	0.31002	TJP2	hg38_genes_promoters	0.184538011033111	0.6440069963114682	0
chr9	42851171	42851911	-0.098696	46	0.22728	0.32598	LOC112268044	hg38_genes_promoters	9.227919390626173e-22	18.508341560032175	-1
chr9	41655134	41655391	0.016972	13	0.21623	0.19926	LOC101928906	hg38_genes_promoters	0.2488589048442843	0.539015703845465	0
chr9	41074843	41074898	-0.013674	10	0.0388	0.052474	PGM5P2	hg38_genes_promoters	0.0335419591612981	1.2202787527084635	0
chr9	40768406	40768559	-0.032379	10	0.7152	0.74758	LOC100132004	hg38_genes_promoters	0.1285608439210124	0.769597599131126	0
chr9	40222969	40223143	0.015593	23	0.036256	0.020663	ANKRD20A2P	hg38_genes_promoters	0.0013058895266514	2.3112004919850477	0
chr9	39809742	39809985	0.045522	16	0.11156	0.066041	GLIDR	hg38_genes_promoters	0.4188268191468492	0.3507542278982157	0
chr9	38620555	38620638	0.022996	12	0.033917	0.010921	ANKRD18A	hg38_genes_promoters	3.0278459287364145e-08	6.103462031880957	1
chr9	38620555	38620638	0.022996	12	0.033917	0.010921	FAM201A	hg38_genes_promoters	3.0278459287364145e-08	6.103462031880957	1
chr9	37904944	37905133	0.051842	14	0.66071	0.60887	SLC25A51	hg38_genes_promoters	0.0024116955607295	2.1020232401964623	0
chr9	37428823	37429221	-0.0185	12	0.85067	0.86917	GRHPR	hg38_genes_promoters	0.0014948709546679	2.262235914929466	0
chr9	37426931	37427564	-0.019359	12	0.80592	0.82528	GRHPR	hg38_genes_promoters	0.0379684767414323	1.180235308963347	0
chr9	41699132	41699523	0.026588	10	0.8458	0.81921	FAM242F	hg38_genes_promoters	0.0878713173914842	0.8974198670744269	0
chr9	69221240	69221369	-0.017234	18	0.84856	0.86579	TJP2	hg38_genes_promoters	4.671979676562635e-07	5.114814657685067	-1
chr9	71121550	71121756	-0.010779	10	0.0438	0.054579	TRPM3	hg38_genes_promoters	0.2512556300607419	0.5354778817119761	0
chr9	71446769	71446853	-0.013821	10	0.0166	0.030421	TRPM3	hg38_genes_promoters	3.4344771028235814e-05	3.571053182408668	0
chr9	91118082	91118794	-0.036338	31	0.10645	0.14279	LOC100507103	hg38_genes_promoters	8.083346789038672e-08	5.735871252359616	-1
chr9	91118082	91118794	-0.036338	31	0.10645	0.14279	LINC00484	hg38_genes_promoters	8.083346789038672e-08	5.735871252359616	-1
chr9	90582894	90583400	-0.022261	10	0.8578	0.88006	LINC01501	hg38_genes_promoters	0.0001334226448104	3.095757080957709	0
chr9	90433100	90433775	-0.038829	13	0.40962	0.44844	LINC01508	hg38_genes_promoters	0.1020691037887568	0.8485159413568674	0
chr9	89661930	89662410	-0.0569	15	0.1056	0.1625	LOC100129066	hg38_genes_promoters	9.903108080515196e-10	7.4028139610280705	-1
chr9	89437339	89437601	0.042545	10	0.3794	0.33686	SEMA4D	hg38_genes_promoters	0.164144967451427	0.6862671901117434	0
chr9	89418623	89419168	-0.043778	14	0.39871	0.44249	SEMA4D	hg38_genes_promoters	0.0541478732311801	1.0624277848708428	0
chr9	89387545	89387659	0.035711	10	0.8795	0.84379	SEMA4D	hg38_genes_promoters	0.0008591186354766	2.4580340472806923	0
chr9	89042918	89043360	0.013628	12	0.84667	0.83304	SHC3	hg38_genes_promoters	0.1297151820820236	0.7672075602829777	0
chr9	88533985	88534131	-0.012105	10	0.017	0.029105	NXNL2	hg38_genes_promoters	0.0036140766966036	1.966278691035024	0
chr9	88077092	88077228	-0.023584	10	0.0651	0.088684	LOC102724156	hg38_genes_promoters	0.005573634459669	1.8236374368737394	0
chr9	87974532	87974665	-0.010021	12	0.018917	0.028938	CDK20	hg38_genes_promoters	0.0244016756020777	1.3304059203067837	0
chr9	87771312	87771522	0.038137	13	0.36608	0.32794	CTSL3P	hg38_genes_promoters	0.1263283669946465	0.7762792023198639	0
chr9	87649824	87650085	-0.010167	10	0.8521	0.86227	DAPK1	hg38_genes_promoters	0.1459620239709501	0.7276448790598282	0
chr9	87085799	87086129	0.015605	10	0.7695	0.75389	NFYCP2	hg38_genes_promoters	0.6797811178414629	0.1616143714259275	0
chr9	87011766	87012073	0.021541	14	0.81143	0.78989	LINC02893	hg38_genes_promoters	0.0067688941703658	1.7603370361544475	0
chr9	86078380	86078847	-0.047881	10	0.7692	0.81708	GOLM1	hg38_genes_promoters	0.0160171278059505	1.4736587493912914	0
chr9	84669765	84669856	-0.013168	10	0.0122	0.025368	NTRK2	hg38_genes_promoters	6.392091562960573e-05	3.3504220089522914	0
chr9	83219170	83219300	-0.018266	14	0.0315	0.049766	FRMD3-AS1	hg38_genes_promoters	0.0643783059075793	1.0024237664585198	0
chr9	83062776	83062816	-0.012284	10	0.0244	0.036684	LOC112268037	hg38_genes_promoters	0.0001494300896622	3.0580452709900157	0
chr9	76710318	76710964	0.017205	10	0.8561	0.83889	PRUNE2	hg38_genes_promoters	0.1009214615502987	0.8525287901099875	0
chr9	74887762	74888047	-0.020833	10	0.1218	0.14263	TRPM6	hg38_genes_promoters	0.0909495455305095	0.8863282652418903	0
chr9	36966502	36966917	-0.023548	17	0.74976	0.77331	PAX5	hg38_genes_promoters	0.0530122868895694	1.0690419004825098	0
chr9	91948313	91948703	-0.041342	17	0.29476	0.33611	ROR2	hg38_genes_promoters	0.0172567947567136	1.447561241655378	0
chr9	36864839	36865006	0.029115	12	0.81575	0.78664	MIR4540	hg38_genes_promoters	0.0060942678344786	1.792648033421166	0
chr9	35905610	35905965	-0.044505	10	0.3366	0.38111	HRCT1	hg38_genes_promoters	0.0586959919682271	1.034070154378865	0
chr9	16727831	16728685	-0.031077	10	0.6441	0.67518	BNC2	hg38_genes_promoters	0.1580254870564148	0.6998038890597138	0
chr9	16276371	16277014	-0.016896	13	0.81623	0.83313	C9orf92	hg38_genes_promoters	0.0235666464007823	1.3428392857399787	0
chr9	15233185	15233326	0.02165	10	0.8679	0.84625	TTC39B	hg38_genes_promoters	0.0157119194812725	1.4811321233023096	0
chr9	14779489	14780247	-0.03188	14	0.76786	0.79974	FREM1	hg38_genes_promoters	2.8362309597896857e-06	4.474913220747514	0
chr9	10612945	10612996	-0.030095	10	0.0438	0.073895	PTPRD-DT	hg38_genes_promoters	1.011224172575388e-06	4.838895062755784	0
chr9	10612945	10612996	-0.030095	10	0.0438	0.073895	PTPRD	hg38_genes_promoters	1.011224172575388e-06	4.838895062755784	0
chr9	8858691	8859050	-0.020823	14	0.36681	0.38763	PTPRD	hg38_genes_promoters	0.2368232954148973	0.5562718618819766	0
chr9	8858594	8858676	-0.033405	10	0.0537	0.087105	PTPRD	hg38_genes_promoters	0.0001626331892982	3.0293920394906535	0
chr9	8857299	8857486	-0.012148	10	0.002	0.014148	PTPRD-AS1	hg38_genes_promoters	1.1517522390433926e-06	4.791333511017146	0
chr9	19408927	19408998	-0.019905	10	0.0184	0.038305	ACER2	hg38_genes_promoters	1.0195952443957586e-08	6.519496070128792	-1
chr9	8485614	8486334	-0.023299	13	0.64854	0.67184	PTPRD	hg38_genes_promoters	0.0677528788494182	0.9848580191594855	0
chr9	6703737	6703838	-0.010338	10	0.014	0.024338	LINC02851	hg38_genes_promoters	0.993625989165037	0.002669385794186815	0
chr9	6645294	6645379	-0.04034	13	0.072615	0.11296	GLDC	hg38_genes_promoters	3.9564869025100975e-09	6.8761356197863615	-1
chr9	6412613	6412686	0.016889	10	0.0431	0.026211	UHRF2	hg38_genes_promoters	0.0002237502663082	2.9186923499155464	0
chr9	5896373	5897017	-0.010332	10	0.8043	0.81463	MLANA	hg38_genes_promoters	0.3023189060885866	0.47016161392050765	0
chr9	5185669	5185859	0.037318	20	0.82995	0.79263	INSL6	hg38_genes_promoters	1.1222980920058568e-07	5.621765095843284	1
chr9	4489474	4489877	-0.024966	11	0.14873	0.17369	SLC1A1	hg38_genes_promoters	0.6624713112446359	0.17194223087207736	0
chr9	4117849	4118116	0.076363	21	0.70338	0.62702	GLIS3	hg38_genes_promoters	3.8557155591294654e-16	13.17922698041962	1
chr9	503410	503890	-0.018613	11	0.52518	0.5438	KANK1	hg38_genes_promoters	0.4557754129583439	0.3185418643186124	0
chr9	311813	312050	-0.030397	10	0.8357	0.8661	DOCK8	hg38_genes_promoters	5.710056687047801e-05	3.3904401175508165	0
chr9	138150066	138150210	0.016327	19	0.052789	0.036462	TUBBP5	hg38_genes_promoters	6.54944163306431e-06	4.165770794969562	0
chr9	6716453	6716595	0.067442	10	0.5366	0.46916	KDM4C	hg38_genes_promoters	0.0009267277206313	2.432063107717475	0
chr9	21031794	21031957	0.023595	10	0.2117	0.18811	HACD4	hg38_genes_promoters	0.1920193167689762	0.629272620191393	0
chr9	21970774	21970963	-0.013163	10	0.1041	0.11726	CDKN2A	hg38_genes_promoters	0.0926301791780191	0.8799880633259968	0
chr9	21974958	21975085	-0.010621	10	0.0068	0.017421	CDKN2A	hg38_genes_promoters	0.0051023064185294	1.8528805257452596	0
chr9	35791627	35791668	-0.018116	10	0.0443	0.062416	NPR2	hg38_genes_promoters	0.0588460169623564	1.03335789797708	0
chr9	35790838	35790948	0.031145	10	0.7646	0.73346	NPR2	hg38_genes_promoters	0.0041128077137475	1.9223586925202734	0
chr9	35673309	35674083	-0.017911	11	0.77236	0.79028	CA9	hg38_genes_promoters	0.0976062592445631	0.8635409853254992	0
chr9	35662876	35663379	-0.014158	10	0.781	0.79516	ARHGEF39	hg38_genes_promoters	0.1103583852401078	0.8225378067133584	0
chr9	35650452	35651146	0.019052	20	0.7296	0.71055	SIT1	hg38_genes_promoters	0.1965207197772611	0.621666691546015	0
chr9	35563835	35564124	-0.025079	12	0.43483	0.45991	FAM166B	hg38_genes_promoters	0.2947420817347047	0.47900815861843893	0
chr9	35406766	35406871	-0.04007	10	0.397	0.43707	ATP8B5P	hg38_genes_promoters	0.0155690984287874	1.4841694201410378	0
chr9	35405989	35406607	-0.055547	15	0.51207	0.56761	ATP8B5P	hg38_genes_promoters	0.0041715327677753	1.9179195631906976	0
chr9	35091620	35091821	-0.021234	10	0.8491	0.87033	PIGO	hg38_genes_promoters	0.0045117352996226	1.8915967250033145	0
chr9	34988542	34988781	-0.049195	10	0.2736	0.32279	DNAJB5	hg38_genes_promoters	0.0067598142570898	1.7607818850550079	0
chr9	34652815	34653583	-0.019596	12	0.59108	0.61068	IL11RA	hg38_genes_promoters	0.4150400173502208	0.35406787186772365	0
chr9	34652037	34652251	-0.044137	10	0.1781	0.22224	IL11RA	hg38_genes_promoters	0.0109280488795443	1.6006168109384105	0
chr9	34648369	34649052	0.01114	12	0.8625	0.85136	GALT	hg38_genes_promoters	0.0849548199149821	0.9092770713691857	0
chr9	34566926	34567542	-0.030825	10	0.7763	0.80712	CNTFR-AS1	hg38_genes_promoters	0.0085717286171061	1.6814345733331093	0
chr9	34566926	34567542	-0.030825	10	0.7763	0.80712	LOC105376023	hg38_genes_promoters	0.0085717286171061	1.6814345733331093	0
chr9	34457793	34457962	-0.014058	10	0.0361	0.050158	DNAI1	hg38_genes_promoters	0.0361748603850931	1.1962612971948239	0
chr9	34380339	34380482	-0.032249	10	0.0533	0.085549	C9orf24	hg38_genes_promoters	0.000458413653213	2.6725258147328783	0
chr9	33749986	33750378	0.025298	12	0.6585	0.6332	PRSS3	hg38_genes_promoters	0.2983361369310101	0.4748945722442392	0
chr9	33523753	33523981	-0.015361	21	0.031857	0.047218	ANKRD18B	hg38_genes_promoters	0.0002080122827349	2.941575244308564	0
chr9	33264924	33265067	-0.011405	14	0.00078571	0.012191	CHMP5	hg38_genes_promoters	3.681083001698884e-10	7.775231766716598	-1
chr9	33264924	33265067	-0.011405	14	0.00078571	0.012191	BAG1	hg38_genes_promoters	3.681083001698884e-10	7.775231766716598	-1
chr9	30574845	30575308	0.012777	12	0.84158	0.82881	LINC01242	hg38_genes_promoters	0.2481876531132355	0.5398759825263492	0
chr9	27108916	27109494	-0.013648	10	0.5335	0.54715	TEK	hg38_genes_promoters	0.4632381182705981	0.3120552849273594	0
chr9	36135959	36136214	-0.010958	10	0.0562	0.067158	GLIPR2	hg38_genes_promoters	0.1394988257932011	0.7432213096863498	0
chr9	124507408	124508044	0.02433	23	0.84013	0.8158	NR5A1	hg38_genes_promoters	0.0001688426555901	3.01527895000952	0
chr9	92151825	92152294	-0.016	12	0.58233	0.59833	LINC00475	hg38_genes_promoters	0.4132946455104102	0.35578326405587396	0
chr9	93106902	93107842	-0.022207	17	0.75994	0.78215	CARD19	hg38_genes_promoters	0.1606773043622691	0.6937987074550257	0
chr9	120843840	120844201	0.026436	10	0.8149	0.78846	PSMD5	hg38_genes_promoters	0.0813509974080639	0.923154948145927	0
chr9	120843840	120844201	0.026436	10	0.8149	0.78846	CUTALP	hg38_genes_promoters	0.0813509974080639	0.923154948145927	0
chr9	120843432	120843775	0.076852	13	0.59446	0.51761	PSMD5	hg38_genes_promoters	0.10688974287038	0.8324920397415592	0
chr9	120843432	120843775	0.076852	13	0.59446	0.51761	CUTALP	hg38_genes_promoters	0.10688974287038	0.8324920397415592	0
chr9	120539907	120540202	-0.031887	10	0.85	0.88189	CDK5RAP2	hg38_genes_promoters	1.5481302158621216e-05	3.8600752025346785	0
chr9	120448214	120448681	-0.020603	10	0.8932	0.9138	CDK5RAP2	hg38_genes_promoters	0.0001287728281905	3.1066079514413554	0
chr9	120390331	120391105	-0.020316	17	0.84306	0.86337	CDK5RAP2	hg38_genes_promoters	0.0030424996525381	2.024140935339278	0
chr9	117214528	117214730	0.013923	17	0.85253	0.83861	ASTN2	hg38_genes_promoters	0.0066751142876122	1.7657050526824782	0
chr9	114930478	114930730	0.012479	10	0.0799	0.067421	TNFSF8	hg38_genes_promoters	0.1732989428983038	0.6673515535217	0
chr9	114657673	114658181	-0.022486	10	0.8285	0.85099	TEX53	hg38_genes_promoters	0.0003244413738013	2.7914426779149815	0
chr9	120869093	120869235	-0.011233	11	0.0076023	0.018835	PHF19	hg38_genes_promoters	0.0467207653836313	1.1108070062511475	0
chr9	114610440	114610694	-0.017725	11	0.85373	0.87145	TMEM268	hg38_genes_promoters	0.0211533861510514	1.3800314531756168	0
chr9	114426126	114426302	0.014289	10	0.8275	0.81321	WHRN	hg38_genes_promoters	0.183760069893858	0.6454231310428128	0
chr9	114394392	114395441	-0.019267	13	0.40531	0.42457	AKNA	hg38_genes_promoters	0.3319754677104308	0.43699503334774253	0
chr9	114323685	114324087	-0.027039	10	0.7464	0.77344	ORM1	hg38_genes_promoters	0.6704604070292958	0.1671188325206191	0
chr9	114305558	114305879	-0.015574	10	0.2569	0.27247	COL27A1	hg38_genes_promoters	0.6650742302655601	0.17034855252421477	0
chr9	114299499	114300041	-0.014477	10	0.7888	0.80328	COL27A1	hg38_genes_promoters	0.2246725990539277	0.5741929138318811	0
chr9	114168346	114168673	0.011171	12	0.84608	0.83491	COL27A1	hg38_genes_promoters	0.1458859465002811	0.7277331860820556	0
chr9	114168050	114168341	0.027032	10	0.8334	0.80637	COL27A1	hg38_genes_promoters	0.0027770553320782	2.0544832940423725	0
chr9	114098893	114099022	0.021579	10	0.442	0.42042	KIF12	hg38_genes_promoters	0.3722999303867796	0.39467227667618104	0
chr9	113593971	113594301	-0.037652	12	0.081583	0.11924	RGS3	hg38_genes_promoters	0.0010155961099503	2.399324907949741	0
chr9	113463705	113463952	0.012343	23	0.79596	0.78361	RGS3	hg38_genes_promoters	0.0154081414850084	1.4878881507775201	0
chr9	114504961	114505011	-0.016484	10	0.0482	0.064684	WHRN	hg38_genes_promoters	0.002965358873042	2.031089973813576	0
chr9	120869245	120869342	-0.015872	10	0.0164	0.032272	PHF19	hg38_genes_promoters	0.0566550163309283	1.0461158510924484	0
chr9	120927738	120928296	0.029768	10	0.5906	0.56083	TRAF1	hg38_genes_promoters	0.4019344854135349	0.36668052054219047	0
chr9	121267395	121267599	-0.074815	10	0.4856	0.56042	GSN	hg38_genes_promoters	0.0007418803182297	2.505975235609427	0
chr9	124453128	124453200	0.043346	12	0.49558	0.45224	ADGRD2	hg38_genes_promoters	0.0132714338524256	1.5372249188912774	0
chr9	124290873	124291248	-0.018123	12	0.26808	0.28621	NEK6	hg38_genes_promoters	0.1806388526166336	0.651934281787685	0
chr9	124284983	124285703	-0.025585	15	0.65913	0.68472	NEK6	hg38_genes_promoters	0.0531660608712823	1.0682033205229666	0
chr9	124260790	124262004	-0.013543	19	0.14189	0.15544	NEK6	hg38_genes_promoters	0.1395642750169054	0.7431569734237458	0
chr9	124260790	124262004	-0.013543	19	0.14189	0.15544	LOC613206	hg38_genes_promoters	0.1395642750169054	0.7431569734237458	0
chr9	124015352	124015404	-0.010668	10	0.0407	0.051368	LHX2	hg38_genes_promoters	0.0178746479506833	1.43627232533126	0
chr9	123609669	123610222	-0.02232	10	0.8674	0.88972	DENND1A	hg38_genes_promoters	0.00060467328835	2.5755860034025737	0
chr9	123122260	123123172	-0.021926	12	0.81075	0.83268	STRBP	hg38_genes_promoters	0.2672025489156944	0.5132870571028496	0
chr9	123111208	123111721	-0.014877	10	0.7253	0.74018	MIR600	hg38_genes_promoters	0.190415503676041	0.6322194680517075	0
chr9	122375128	122375368	-0.02503	10	0.2369	0.26193	PTGS1	hg38_genes_promoters	0.1489404556805084	0.7207323091285001	0
chr9	122227152	122227636	-0.064287	37	0.53011	0.5944	LHX6	hg38_genes_promoters	9.99419337071696e-05	3.1925265710970536	0
chr9	122221581	122222267	-0.018032	12	0.60117	0.6192	LHX6	hg38_genes_promoters	0.4484795661674717	0.3245870875725095	0
chr9	122213986	122214073	-0.011962	10	0.0241	0.036062	LHX6	hg38_genes_promoters	0.0199376061730056	1.3992969911960698	0
chr9	122169074	122169655	-0.01569	10	0.7834	0.79909	MORN5	hg38_genes_promoters	0.0340374072299901	1.2163199811239305	0
chr9	121759463	121760128	0.013166	27	0.85133	0.83817	DAB2IP	hg38_genes_promoters	0.08982655494567	0.890723287030069	0
chr9	121736428	121736503	0.025112	10	0.0544	0.029288	DAB2IP	hg38_genes_promoters	6.219257554404953e-06	4.185986293267379	0
chr9	121699336	121699479	0.02491	19	0.052474	0.027563	DAB2IP	hg38_genes_promoters	9.959126419244777e-07	4.843200892208487	0
chr9	121566448	121566920	0.027049	13	0.81915	0.79211	DAB2IP	hg38_genes_promoters	0.0084823950251942	1.6846747975197083	0
chr9	121500230	121500525	-0.024774	10	0.1957	0.22047	GGTA1	hg38_genes_promoters	0.1928034872306592	0.6281235325589933	0
chr9	121370697	121370816	-0.035153	10	0.4699	0.50505	STOM	hg38_genes_promoters	0.1152017392773205	0.8084036279099314	0
chr9	121311034	121311552	-0.023247	10	0.8383	0.86155	GSN	hg38_genes_promoters	0.0023220285934072	2.115112206740297	0
chr9	121310724	121311024	0.012863	10	0.8356	0.82274	GSN	hg38_genes_promoters	0.1736466717034673	0.6665478129214838	0
chr9	113299481	113300744	-0.012761	23	0.61617	0.62894	RNF183	hg38_genes_promoters	0.2777395904474601	0.49901573349635386	0
chr9	92974531	92975153	0.021772	12	0.863	0.84123	FGD3	hg38_genes_promoters	0.0035840675185026	1.9692555193168366	0
chr9	113012220	113012334	-0.019138	11	0.022091	0.041229	ZNF883	hg38_genes_promoters	0.0450054398969487	1.1216624914787123	0
chr9	110207905	110208843	-0.016187	16	0.78894	0.80512	C9orf152	hg38_genes_promoters	0.0383181599696201	1.1773758037977602	0
chr9	95480418	95480652	-0.036319	10	0.8152	0.85152	PTCH1	hg38_genes_promoters	0.0007269994570241	2.5125059523563844	0
chr9	95449803	95449970	-0.019392	10	0.8433	0.86269	PTCH1	hg38_genes_promoters	0.0014476762822596	2.273403200997389	0
chr9	95127709	95127847	0.012485	14	0.026357	0.013872	FANCC	hg38_genes_promoters	5.672512900659283e-06	4.218554497711095	0
chr9	95086172	95086330	0.024142	10	0.8583	0.83416	MIR3074	hg38_genes_promoters	0.0017313246227527	2.2158274886134848	0
chr9	95084390	95084491	-0.014674	10	0.8628	0.87747	MIR27B	hg38_genes_promoters	0.005579851966388	1.823443061724569	0
chr9	95084390	95084491	-0.014674	10	0.8628	0.87747	MIR23B	hg38_genes_promoters	0.005579851966388	1.823443061724569	0
chr9	95055493	95056334	-0.022102	14	0.663	0.6851	AOPEP	hg38_genes_promoters	0.0705609684763612	0.971315297677143	0
chr9	95018342	95018925	-0.056334	10	0.3741	0.43043	AOPEP	hg38_genes_promoters	0.0312360028496546	1.2453743454602761	0
chr9	94920374	94921371	-0.012059	20	0.857	0.86906	AOPEP	hg38_genes_promoters	0.0191646496907791	1.4125760150153115	0
chr9	94759923	94760550	-0.01948	10	0.846	0.86548	AOPEP	hg38_genes_promoters	0.0005955759393746	2.58098531035496	0
chr9	95606099	95606574	-0.01774	10	0.8157	0.83344	LOC105376158	hg38_genes_promoters	0.1313541245119843	0.7629587674423978	0
chr9	94640165	94640478	-0.052004	10	0.2683	0.3203	FBP1	hg38_genes_promoters	0.0466947143470988	1.1108070062511475	0
chr9	93955513	93955591	-0.012955	10	0.0145	0.027455	BARX1-DT	hg38_genes_promoters	0.0210710593468123	1.381213832758147	0
chr9	93955513	93955591	-0.012955	10	0.0145	0.027455	BARX1	hg38_genes_promoters	0.0210710593468123	1.381213832758147	0
chr9	93346542	93346709	-0.010549	23	0.014783	0.025332	C9orf129	hg38_genes_promoters	3.547196364341665e-07	5.211734796503793	-1
chr9	93308432	93308577	-0.033896	10	0.8282	0.8621	WNK2	hg38_genes_promoters	5.615768130196585e-07	5.048832901912849	-1
chr9	93292911	93293129	0.014696	18	0.84033	0.82564	WNK2	hg38_genes_promoters	0.018393566506744	1.4261536652451832	0
chr9	93288116	93288659	-0.010772	10	0.7377	0.74847	WNK2	hg38_genes_promoters	0.6294084289398009	0.19269760176897135	0
chr9	93256258	93256396	0.023816	10	0.8825	0.85868	WNK2	hg38_genes_promoters	0.0170830054874615	1.4508426616632204	0
chr9	93234387	93234866	0.012607	19	0.83416	0.82155	WNK2	hg38_genes_promoters	0.1006101803180682	0.8535706739642694	0
chr9	93126511	93126602	0.011763	10	0.8205	0.80874	NINJ1	hg38_genes_promoters	0.2485366200859601	0.539453434670876	0
chr9	93108548	93109072	-0.027053	10	0.7343	0.76135	CARD19	hg38_genes_promoters	0.017729511515739	1.4391508495537908	0
chr9	94554669	94554851	-0.033304	10	0.5743	0.6076	PCAT7	hg38_genes_promoters	0.1200108989414499	0.7938262847889679	0
chr9	95771723	95772176	0.059716	13	0.40531	0.34559	LOC105376161	hg38_genes_promoters	0.0063506462273892	1.7810768434510877	0
chr9	96027945	96028081	-0.051243	10	0.24	0.29124	LINC00092	hg38_genes_promoters	0.0008888849213254	2.446286288583484	0
chr9	97121215	97121447	0.028962	37	0.84789	0.81893	FAM220CP	hg38_genes_promoters	5.7887084196400035e-08	5.860852134191522	1
chr9	110125095	110125623	-0.018391	16	0.77225	0.79064	PALM2AKAP2	hg38_genes_promoters	0.130726133611491	0.7644030100180278	0
chr9	110048166	110048331	0.014817	10	0.0399	0.025083	PALM2AKAP2	hg38_genes_promoters	0.9913067526413954	0.003576565019734646	0
chr9	109779699	109779889	-0.012795	10	0.1501	0.16289	PALM2AKAP2	hg38_genes_promoters	0.1949576062825933	0.6246108971708035	0
chr9	109640055	109640285	-0.010907	13	0.011846	0.022753	PALM2AKAP2	hg38_genes_promoters	0.002550904156235	2.0827393161542425	0
chr9	109166998	109167042	-0.015946	10	0.0165	0.032446	FRRS1L	hg38_genes_promoters	0.0001085255270266	3.164572751381453	0
chr9	109039049	109040049	-0.041867	10	0.8422	0.88407	TMEM245	hg38_genes_promoters	1.4565984585796525e-05	3.8802591188015905	0
chr9	107491449	107491560	-0.012864	14	0.013214	0.026079	KLF4	hg38_genes_promoters	0.0001721759207816	3.008937927074264	0
chr9	106931692	106932396	0.023989	10	0.8302	0.80621	ZNF462	hg38_genes_promoters	0.0301243102846429	1.2571133310505767	0
chr9	106929164	106929673	-0.021114	18	0.83117	0.85228	ZNF462	hg38_genes_promoters	7.92388187835125e-05	3.2777987374213398	0
chr9	106926590	106926777	-0.027205	10	0.8499	0.87711	ZNF462	hg38_genes_promoters	7.2016921252197146e-06	4.133976042761198	0
chr9	105519840	105519964	0.030822	16	0.72875	0.69793	RALGAPA1P1	hg38_genes_promoters	0.0001545993255705	3.045789745730045	0
chr9	103999392	103999514	-0.031705	10	0.8294	0.86111	LOC101928523	hg38_genes_promoters	9.440945980141933e-08	5.687592507410548	-1
chr9	101595436	101595998	-0.020339	13	0.79662	0.81695	PPP3R2	hg38_genes_promoters	0.0340935522293001	1.2157228069225028	0
chr9	100441949	100442383	0.019086	20	0.79065	0.77156	MSANTD3	hg38_genes_promoters	0.0117691609499847	1.576128944576218	0
chr9	100441949	100442383	0.019086	20	0.79065	0.77156	MSANTD3-TMEFF1	hg38_genes_promoters	0.0117691609499847	1.576128944576218	0
chr9	99368882	99369443	-0.019916	12	0.43242	0.45233	NAMA	hg38_genes_promoters	0.1096926130971993	0.8246442089722126	0
chr9	98777419	98778437	-0.010374	15	0.84033	0.85071	ANKS6	hg38_genes_promoters	0.0043340549697811	1.9045821078216776	0
chr9	98173324	98173504	-0.031895	10	0.81	0.84189	CORO2A	hg38_genes_promoters	4.55091057289238e-05	3.471764704281412	0
chr9	98088040	98088166	0.06616	14	0.279	0.21284	TRIM14	hg38_genes_promoters	2.1186081980009207e-05	3.746276362635577	0
chr9	98087696	98088028	0.098233	46	0.42378	0.32555	TRIM14	hg38_genes_promoters	1.3437012661680288e-29	25.44205263877924	1
chr9	97555134	97555465	-0.047237	12	0.7275	0.77474	TMOD1	hg38_genes_promoters	0.1904697651442943	0.6321616546625276	0
chr9	97237574	97237696	0.075411	10	0.7712	0.69579	SUGT1P4-STRA6LP-CCDC180	hg38_genes_promoters	1.0276182161681772e-05	4.002047317642711	0
chr9	97237574	97237696	0.075411	10	0.7712	0.69579	SUGT1P4-STRA6LP	hg38_genes_promoters	1.0276182161681772e-05	4.002047317642711	0
chr9	111794767	111795264	0.035787	26	0.85965	0.82387	SHOC1	hg38_genes_promoters	5.943527036153044e-07	5.030152986871841	1
chr9	138220873	138221031	0.064166	16	0.53908	0.47492	FAM157B	hg38_genes_promoters	0.0007951552459703	2.4825940210637754	0
